info: OAM.Api[0]
      Clients HTTP chargés depuis C:\OAM\src\OAM.Api\http-clients.Development.yml
dbug: Microsoft.EntityFrameworkCore.Infrastructure[10401]
      An 'IServiceProvider' was created for internal use by Entity Framework.
dbug: Microsoft.EntityFrameworkCore.Model[10601]
      The index {'InstanceWorkflowId'} was not created on entity type 'ExecutionTache' as the properties are already covered by the index {'InstanceWorkflowId', 'NomTache'}.
dbug: Microsoft.EntityFrameworkCore.Infrastructure[10403]
      Entity Framework Core 10.0.5 initialized 'OamDbContext' using provider 'Microsoft.EntityFrameworkCore.Sqlite:10.0.5' with options: None
dbug: Microsoft.EntityFrameworkCore.Database.Connection[20005]
      Creating DbConnection.
dbug: Microsoft.EntityFrameworkCore.Database.Connection[20006]
      Created DbConnection. (8ms).
dbug: Microsoft.EntityFrameworkCore.Database.Connection[20000]
      Opening connection to database 'main' on server 'oam_dev.db'.
dbug: Microsoft.EntityFrameworkCore.Database.Connection[20001]
      Opened connection to database 'main' on server 'C:\OAM\src\OAM.Api\oam_dev.db'.
dbug: Microsoft.EntityFrameworkCore.Database.Connection[20007]
      Disposing connection to database 'main' on server 'oam_dev.db'.
dbug: Microsoft.EntityFrameworkCore.Database.Connection[20008]
      Disposed connection to database 'main' on server 'oam_dev.db' (1ms).
dbug: Microsoft.EntityFrameworkCore.Database.Command[20103]
      Creating DbCommand for 'ExecuteScalar'.
dbug: Microsoft.EntityFrameworkCore.Database.Connection[20005]
      Creating DbConnection.
dbug: Microsoft.EntityFrameworkCore.Database.Connection[20006]
      Created DbConnection. (1ms).
dbug: Microsoft.EntityFrameworkCore.Database.Command[20104]
      Created DbCommand for 'ExecuteScalar' (8ms).
dbug: Microsoft.EntityFrameworkCore.Database.Command[20106]
      Initialized DbCommand for 'ExecuteScalar' (14ms).
dbug: Microsoft.EntityFrameworkCore.Database.Connection[20000]
      Opening connection to database 'main' on server 'oam_dev.db'.
dbug: Microsoft.EntityFrameworkCore.Database.Connection[20001]
      Opened connection to database 'main' on server 'C:\OAM\src\OAM.Api\oam_dev.db'.
dbug: Microsoft.EntityFrameworkCore.Database.Command[20100]
      Executing DbCommand [Parameters=[], CommandType='Text', CommandTimeout='30']
      SELECT COUNT(*) FROM "sqlite_master" WHERE "type" = 'table' AND "rootpage" IS NOT NULL;
info: Microsoft.EntityFrameworkCore.Database.Command[20101]
      Executed DbCommand (14ms) [Parameters=[], CommandType='Text', CommandTimeout='30']
      SELECT COUNT(*) FROM "sqlite_master" WHERE "type" = 'table' AND "rootpage" IS NOT NULL;
dbug: Microsoft.EntityFrameworkCore.Database.Connection[20002]
      Closing connection to database 'main' on server 'C:\OAM\src\OAM.Api\oam_dev.db'.
dbug: Microsoft.EntityFrameworkCore.Database.Connection[20003]
      Closed connection to database 'main' on server 'oam_dev.db' (2ms).
dbug: Microsoft.EntityFrameworkCore.Infrastructure[10407]
      'OamDbContext' disposed.
dbug: Microsoft.EntityFrameworkCore.Database.Connection[20007]
      Disposing connection to database 'main' on server 'oam_dev.db'.
dbug: Microsoft.EntityFrameworkCore.Database.Connection[20008]
      Disposed connection to database 'main' on server 'oam_dev.db' (0ms).
warn: Microsoft.AspNetCore.StaticFiles.StaticFileMiddleware[16]
      The WebRootPath was not found: C:\OAM\src\OAM.Api\wwwroot. Static files may be unavailable.
dbug: Microsoft.Extensions.Hosting.Internal.Host[1]
      Hosting starting
info: Microsoft.AspNetCore.DataProtection.KeyManagement.XmlKeyManager[63]
      User profile is available. Using 'C:\Users\infol\AppData\Local\ASP.NET\DataProtection-Keys' as key repository and Windows DPAPI to encrypt keys at rest.
info: Microsoft.AspNetCore.Authentication.Negotiate.NegotiateHandler[8]
      Deferring to the server's implementation of Windows Authentication.
warn: Microsoft.AspNetCore.StaticFiles.StaticFileMiddleware[16]
      The WebRootPath was not found: C:\OAM\src\OAM.Api\wwwroot. Static files may be unavailable.
info: Microsoft.AspNetCore.Mvc.Infrastructure.DefaultActionDescriptorCollectionProvider[1]
      No action descriptors found. This may indicate an incorrectly configured application or missing application parts. To learn more, visit https://aka.ms/aspnet/mvc/app-parts
info: Microsoft.AspNetCore.Hosting.Diagnostics[1]
      Request starting HTTP/1.1 GET http://localhost:5000/api/instances - application/json -
info: Microsoft.AspNetCore.Hosting.Diagnostics[1]
      Request starting HTTP/1.1 GET http://localhost:5000/api/definitions - application/json -
info: Microsoft.AspNetCore.Hosting.Diagnostics[1]
      Request starting HTTP/1.1 GET http://localhost:5000/api/definitions - application/json -
info: Microsoft.AspNetCore.Hosting.Diagnostics[1]
      Request starting HTTP/1.1 GET http://localhost:5000/api/definitions - application/json -
info: Microsoft.AspNetCore.Hosting.Diagnostics[1]
      Request starting HTTP/1.1 POST http://localhost:5173/hubs/workflow/negotiate?negotiateVersion=1 - - 0
info: Microsoft.AspNetCore.Hosting.Diagnostics[1]
      Request starting HTTP/1.1 POST http://localhost:5173/hubs/workflow/negotiate?negotiateVersion=1 - - 0
info: Microsoft.AspNetCore.Hosting.Diagnostics[1]
      Request starting HTTP/1.1 GET http://localhost:5000/api/instances - application/json -
info: Microsoft.AspNetCore.Hosting.Diagnostics[1]
      Request starting HTTP/1.1 POST http://localhost:5173/hubs/workflow/negotiate?negotiateVersion=1 - - 0
info: Microsoft.AspNetCore.Hosting.Diagnostics[1]
      Request starting HTTP/1.1 GET http://localhost:5000/api/definitions - application/json -
info: Microsoft.AspNetCore.Hosting.Diagnostics[1]
      Request starting HTTP/1.1 GET http://localhost:5000/api/instances - application/json -
info: Microsoft.AspNetCore.Hosting.Diagnostics[1]
      Request starting HTTP/1.1 GET http://localhost:5000/api/instances/erreurs - application/json -
info: Microsoft.AspNetCore.Hosting.Diagnostics[1]
      Request starting HTTP/1.1 GET http://localhost:5000/api/definitions - application/json -
info: Microsoft.AspNetCore.Hosting.Diagnostics[1]
      Request starting HTTP/1.1 GET http://localhost:5000/api/instances/erreurs - application/json -
info: Microsoft.AspNetCore.Hosting.Diagnostics[1]
      Request starting HTTP/1.1 GET http://localhost:5000/api/instances - application/json -
info: Microsoft.AspNetCore.Hosting.Diagnostics[1]
      Request starting HTTP/1.1 POST http://localhost:5173/hubs/workflow/negotiate?negotiateVersion=1 - - 0
info: Microsoft.AspNetCore.Hosting.Diagnostics[1]
      Request starting HTTP/1.1 POST http://localhost:5173/hubs/workflow/negotiate?negotiateVersion=1 - - 0
info: Microsoft.AspNetCore.Hosting.Diagnostics[1]
      Request starting HTTP/1.1 GET http://localhost:5000/api/instances - application/json -
info: Microsoft.AspNetCore.Hosting.Diagnostics[1]
      Request starting HTTP/1.1 POST http://localhost:5173/hubs/workflow/negotiate?negotiateVersion=1 - - 0
info: Microsoft.AspNetCore.Hosting.Diagnostics[1]
      Request starting HTTP/1.1 GET http://localhost:5000/api/instances/erreurs - application/json -
info: Microsoft.AspNetCore.Hosting.Diagnostics[1]
      Request starting HTTP/1.1 POST http://localhost:5173/hubs/workflow/negotiate?negotiateVersion=1 - - 0
info: Microsoft.AspNetCore.Hosting.Diagnostics[1]
      Request starting HTTP/1.1 GET http://localhost:5000/api/instances/erreurs - application/json -
info: Microsoft.AspNetCore.Hosting.Diagnostics[1]
      Request starting HTTP/1.1 GET http://localhost:5000/api/instances/erreurs - application/json -
info: Microsoft.AspNetCore.Hosting.Diagnostics[1]
      Request starting HTTP/1.1 GET http://localhost:5000/api/instances/erreurs - application/json -
info: Microsoft.AspNetCore.Hosting.Diagnostics[1]
      Request starting HTTP/1.1 GET http://localhost:5000/api/instances/erreurs - application/json -
info: Microsoft.AspNetCore.Hosting.Diagnostics[1]
      Request starting HTTP/1.1 GET http://localhost:5000/api/instances - application/json -
info: Microsoft.AspNetCore.Hosting.Diagnostics[1]
      Request starting HTTP/1.1 POST http://localhost:5173/hubs/workflow/negotiate?negotiateVersion=1 - - 0
info: Microsoft.AspNetCore.Hosting.Diagnostics[1]
      Request starting HTTP/1.1 GET http://localhost:5000/api/instances/erreurs - application/json -
info: Microsoft.AspNetCore.Hosting.Diagnostics[1]
      Request starting HTTP/1.1 GET http://localhost:5000/api/definitions - application/json -
info: Microsoft.AspNetCore.Hosting.Diagnostics[1]
      Request starting HTTP/1.1 GET http://localhost:5000/api/definitions - application/json -
info: Microsoft.AspNetCore.Hosting.Diagnostics[1]
      Request starting HTTP/1.1 GET http://localhost:5000/api/instances - application/json -
info: Microsoft.AspNetCore.Hosting.Diagnostics[1]
      Request starting HTTP/1.1 GET http://localhost:5000/api/instances - application/json -
info: Microsoft.AspNetCore.Hosting.Diagnostics[1]
      Request starting HTTP/1.1 GET http://localhost:5000/api/definitions - application/json -
info: Microsoft.AspNetCore.Hosting.Diagnostics[1]
      Request starting HTTP/1.1 GET http://localhost:5000/api/instances - application/json -
info: Microsoft.AspNetCore.Hosting.Diagnostics[1]
      Request starting HTTP/1.1 GET http://localhost:5000/api/definitions - application/json -
info: Microsoft.AspNetCore.Hosting.Diagnostics[1]
      Request starting HTTP/1.1 GET http://localhost:5000/api/instances/erreurs - application/json -
info: Microsoft.AspNetCore.Hosting.Diagnostics[1]
      Request starting HTTP/1.1 GET http://localhost:5000/api/instances/erreurs - application/json -
info: Microsoft.AspNetCore.Hosting.Diagnostics[1]
      Request starting HTTP/1.1 GET http://localhost:5000/api/instances - application/json -
info: Microsoft.AspNetCore.Hosting.Diagnostics[1]
      Request starting HTTP/1.1 GET http://localhost:5000/api/definitions - application/json -
info: Microsoft.AspNetCore.Hosting.Diagnostics[1]
      Request starting HTTP/1.1 GET http://localhost:5000/api/instances - application/json -
info: Microsoft.AspNetCore.Hosting.Diagnostics[1]
      Request starting HTTP/1.1 POST http://localhost:5173/hubs/workflow/negotiate?negotiateVersion=1 - - 0
info: Microsoft.AspNetCore.Hosting.Diagnostics[1]
      Request starting HTTP/1.1 POST http://localhost:5173/hubs/workflow/negotiate?negotiateVersion=1 - - 0
info: Microsoft.AspNetCore.Hosting.Diagnostics[1]
      Request starting HTTP/1.1 GET http://localhost:5000/api/instances/erreurs - application/json -
info: Microsoft.AspNetCore.Hosting.Diagnostics[1]
      Request starting HTTP/1.1 GET http://localhost:5000/api/definitions - application/json -
info: Microsoft.AspNetCore.Hosting.Diagnostics[1]
      Request starting HTTP/1.1 POST http://localhost:5173/hubs/workflow/negotiate?negotiateVersion=1 - - 0
info: Microsoft.AspNetCore.Hosting.Diagnostics[1]
      Request starting HTTP/1.1 POST http://localhost:5173/hubs/workflow/negotiate?negotiateVersion=1 - - 0
info: Microsoft.AspNetCore.Hosting.Diagnostics[1]
      Request starting HTTP/1.1 GET http://localhost:5000/api/definitions - application/json -
info: Microsoft.AspNetCore.Hosting.Diagnostics[1]
      Request starting HTTP/1.1 GET http://localhost:5000/api/instances - application/json -
info: Microsoft.AspNetCore.Hosting.Diagnostics[1]
      Request starting HTTP/1.1 GET http://localhost:5000/api/instances - application/json -
info: Microsoft.AspNetCore.Hosting.Diagnostics[1]
      Request starting HTTP/1.1 GET http://localhost:5000/api/definitions - application/json -
info: Microsoft.AspNetCore.Hosting.Diagnostics[1]
      Request starting HTTP/1.1 GET http://localhost:5000/api/instances/erreurs - application/json -
info: Microsoft.AspNetCore.Hosting.Diagnostics[1]
      Request starting HTTP/1.1 POST http://localhost:5173/hubs/workflow/negotiate?negotiateVersion=1 - - 0
info: Microsoft.AspNetCore.Hosting.Diagnostics[1]
      Request starting HTTP/1.1 GET http://localhost:5000/api/definitions - application/json -
info: Microsoft.AspNetCore.Hosting.Diagnostics[1]
      Request starting HTTP/1.1 GET http://localhost:5000/api/instances - application/json -
info: Microsoft.AspNetCore.Hosting.Diagnostics[1]
      Request starting HTTP/1.1 GET http://localhost:5000/api/instances/erreurs - application/json -
info: Microsoft.AspNetCore.Hosting.Diagnostics[1]
      Request starting HTTP/1.1 POST http://localhost:5173/hubs/workflow/negotiate?negotiateVersion=1 - - 0
info: Microsoft.AspNetCore.Hosting.Diagnostics[1]
      Request starting HTTP/1.1 GET http://localhost:5000/api/instances/erreurs - application/json -
info: Microsoft.AspNetCore.Hosting.Diagnostics[1]
      Request starting HTTP/1.1 POST http://localhost:5173/hubs/workflow/negotiate?negotiateVersion=1 - - 0
info: Microsoft.AspNetCore.Hosting.Diagnostics[1]
      Request starting HTTP/1.1 GET http://localhost:5000/api/definitions - application/json -
info: Microsoft.AspNetCore.Hosting.Diagnostics[1]
      Request starting HTTP/1.1 POST http://localhost:5173/hubs/workflow/negotiate?negotiateVersion=1 - - 0
info: Microsoft.AspNetCore.Hosting.Diagnostics[1]
      Request starting HTTP/1.1 GET http://localhost:5000/api/instances/erreurs - application/json -
info: Microsoft.AspNetCore.Hosting.Diagnostics[1]
      Request starting HTTP/1.1 GET http://localhost:5000/api/instances - application/json -
info: Microsoft.AspNetCore.Hosting.Diagnostics[1]
      Request starting HTTP/1.1 GET http://localhost:5000/api/instances/erreurs - application/json -
info: Microsoft.AspNetCore.Hosting.Diagnostics[1]
      Request starting HTTP/1.1 GET http://localhost:5000/api/definitions - application/json -
info: Microsoft.AspNetCore.Hosting.Diagnostics[1]
      Request starting HTTP/1.1 POST http://localhost:5173/hubs/workflow/negotiate?negotiateVersion=1 - - 0
info: Microsoft.AspNetCore.Hosting.Diagnostics[1]
      Request starting HTTP/1.1 GET http://localhost:5000/api/instances - application/json -
info: Microsoft.AspNetCore.Hosting.Diagnostics[1]
      Request starting HTTP/1.1 GET http://localhost:5000/api/instances - application/json -
info: Microsoft.AspNetCore.Hosting.Diagnostics[1]
      Request starting HTTP/1.1 GET http://localhost:5000/api/definitions - application/json -
info: Microsoft.AspNetCore.Hosting.Diagnostics[1]
      Request starting HTTP/1.1 POST http://localhost:5173/hubs/workflow/negotiate?negotiateVersion=1 - - 0
info: Microsoft.AspNetCore.Hosting.Diagnostics[1]
      Request starting HTTP/1.1 GET http://localhost:5000/api/instances/erreurs - application/json -
info: Microsoft.AspNetCore.Hosting.Diagnostics[1]
      Request starting HTTP/1.1 GET http://localhost:5000/api/definitions - application/json -
info: Microsoft.AspNetCore.Hosting.Diagnostics[1]
      Request starting HTTP/1.1 GET http://localhost:5000/api/instances/erreurs - application/json -
info: Microsoft.AspNetCore.Hosting.Diagnostics[1]
      Request starting HTTP/1.1 GET http://localhost:5000/api/instances - application/json -
info: Microsoft.AspNetCore.Cors.Infrastructure.CorsService[4]
      CORS policy execution successful.
info: Microsoft.AspNetCore.Cors.Infrastructure.CorsService[4]
      CORS policy execution successful.
info: Microsoft.AspNetCore.Cors.Infrastructure.CorsService[4]
      CORS policy execution successful.
info: Microsoft.AspNetCore.Cors.Infrastructure.CorsService[4]
      CORS policy execution successful.
info: Microsoft.AspNetCore.Cors.Infrastructure.CorsService[4]
      CORS policy execution successful.
info: Microsoft.Hosting.Lifetime[0]
      Application started. Press Ctrl+C to shut down.
info: Microsoft.Hosting.Lifetime[0]
      Hosting environment: Development
info: Microsoft.Hosting.Lifetime[0]
      Content root path: C:\OAM\src\OAM.Api
dbug: Microsoft.Extensions.Hosting.Internal.Host[2]
      Hosting started
info: Microsoft.AspNetCore.Routing.EndpointMiddleware[0]
      Executing endpoint 'HTTP: GET /api/instances/'
info: Microsoft.AspNetCore.Routing.EndpointMiddleware[0]
      Executing endpoint 'HTTP: GET /api/definitions/'
info: Microsoft.AspNetCore.Routing.EndpointMiddleware[0]
      Executing endpoint 'HTTP: GET /api/instances/'
info: Microsoft.AspNetCore.Routing.EndpointMiddleware[0]
      Executing endpoint 'HTTP: GET /api/instances/'
info: Microsoft.AspNetCore.Routing.EndpointMiddleware[0]
      Executing endpoint 'HTTP: GET /api/instances/erreurs'
info: Microsoft.AspNetCore.Routing.EndpointMiddleware[0]
      Executing endpoint 'HTTP: GET /api/definitions/'
info: Microsoft.AspNetCore.Routing.EndpointMiddleware[0]
      Executing endpoint 'HTTP: GET /api/definitions/'
info: Microsoft.AspNetCore.Routing.EndpointMiddleware[0]
      Executing endpoint '/hubs/workflow/negotiate'
info: Microsoft.AspNetCore.Routing.EndpointMiddleware[0]
      Executing endpoint 'HTTP: GET /api/instances/erreurs'
info: Microsoft.AspNetCore.Routing.EndpointMiddleware[0]
      Executing endpoint '/hubs/workflow/negotiate'
info: Microsoft.AspNetCore.Routing.EndpointMiddleware[0]
      Executing endpoint '/hubs/workflow/negotiate'
info: Microsoft.AspNetCore.Routing.EndpointMiddleware[0]
      Executing endpoint 'HTTP: GET /api/instances/'
info: Microsoft.AspNetCore.Routing.EndpointMiddleware[0]
      Executing endpoint 'HTTP: GET /api/definitions/'
info: Microsoft.AspNetCore.Routing.EndpointMiddleware[0]
      Executing endpoint '/hubs/workflow/negotiate'
info: Microsoft.AspNetCore.Routing.EndpointMiddleware[0]
      Executing endpoint '/hubs/workflow/negotiate'
info: Microsoft.AspNetCore.Routing.EndpointMiddleware[0]
      Executing endpoint 'HTTP: GET /api/definitions/'
dbug: Microsoft.EntityFrameworkCore.Infrastructure[10403]
      Entity Framework Core 10.0.5 initialized 'OamDbContext' using provider 'Microsoft.EntityFrameworkCore.Sqlite:10.0.5' with options: None
dbug: Microsoft.EntityFrameworkCore.Infrastructure[10403]
      Entity Framework Core 10.0.5 initialized 'OamDbContext' using provider 'Microsoft.EntityFrameworkCore.Sqlite:10.0.5' with options: None
dbug: Microsoft.EntityFrameworkCore.Infrastructure[10403]
      Entity Framework Core 10.0.5 initialized 'OamDbContext' using provider 'Microsoft.EntityFrameworkCore.Sqlite:10.0.5' with options: None
dbug: Microsoft.EntityFrameworkCore.Infrastructure[10403]
      Entity Framework Core 10.0.5 initialized 'OamDbContext' using provider 'Microsoft.EntityFrameworkCore.Sqlite:10.0.5' with options: None
dbug: Microsoft.EntityFrameworkCore.Infrastructure[10403]
      Entity Framework Core 10.0.5 initialized 'OamDbContext' using provider 'Microsoft.EntityFrameworkCore.Sqlite:10.0.5' with options: None
dbug: Microsoft.EntityFrameworkCore.Infrastructure[10403]
      Entity Framework Core 10.0.5 initialized 'OamDbContext' using provider 'Microsoft.EntityFrameworkCore.Sqlite:10.0.5' with options: None
dbug: Microsoft.EntityFrameworkCore.Infrastructure[10403]
      Entity Framework Core 10.0.5 initialized 'OamDbContext' using provider 'Microsoft.EntityFrameworkCore.Sqlite:10.0.5' with options: None
dbug: Microsoft.EntityFrameworkCore.Infrastructure[10403]
      Entity Framework Core 10.0.5 initialized 'OamDbContext' using provider 'Microsoft.EntityFrameworkCore.Sqlite:10.0.5' with options: None
dbug: Microsoft.EntityFrameworkCore.Infrastructure[10403]
      Entity Framework Core 10.0.5 initialized 'OamDbContext' using provider 'Microsoft.EntityFrameworkCore.Sqlite:10.0.5' with options: None
dbug: Microsoft.EntityFrameworkCore.Infrastructure[10403]
      Entity Framework Core 10.0.5 initialized 'OamDbContext' using provider 'Microsoft.EntityFrameworkCore.Sqlite:10.0.5' with options: None
dbug: Microsoft.EntityFrameworkCore.Infrastructure[10403]
      Entity Framework Core 10.0.5 initialized 'OamDbContext' using provider 'Microsoft.EntityFrameworkCore.Sqlite:10.0.5' with options: None
info: Microsoft.AspNetCore.Routing.EndpointMiddleware[1]
      Executed endpoint '/hubs/workflow/negotiate'
info: Microsoft.AspNetCore.Routing.EndpointMiddleware[1]
      Executed endpoint '/hubs/workflow/negotiate'
info: Microsoft.AspNetCore.Routing.EndpointMiddleware[1]
      Executed endpoint '/hubs/workflow/negotiate'
info: Microsoft.AspNetCore.Routing.EndpointMiddleware[1]
      Executed endpoint '/hubs/workflow/negotiate'
info: Microsoft.AspNetCore.Routing.EndpointMiddleware[1]
      Executed endpoint '/hubs/workflow/negotiate'
info: Microsoft.AspNetCore.Hosting.Diagnostics[2]
      Request finished HTTP/1.1 POST http://localhost:5173/hubs/workflow/negotiate?negotiateVersion=1 - 200 316 application/json 1221.0529ms
info: Microsoft.AspNetCore.Hosting.Diagnostics[2]
      Request finished HTTP/1.1 POST http://localhost:5173/hubs/workflow/negotiate?negotiateVersion=1 - 200 316 application/json 1221.0251ms
info: Microsoft.AspNetCore.Hosting.Diagnostics[2]
      Request finished HTTP/1.1 POST http://localhost:5173/hubs/workflow/negotiate?negotiateVersion=1 - 200 316 application/json 1220.9899ms
info: Microsoft.AspNetCore.Hosting.Diagnostics[2]
      Request finished HTTP/1.1 POST http://localhost:5173/hubs/workflow/negotiate?negotiateVersion=1 - 200 316 application/json 1221.0519ms
info: Microsoft.AspNetCore.Hosting.Diagnostics[2]
      Request finished HTTP/1.1 POST http://localhost:5173/hubs/workflow/negotiate?negotiateVersion=1 - 200 316 application/json 1221.0536ms
info: Microsoft.AspNetCore.Routing.EndpointMiddleware[0]
      Executing endpoint 'HTTP: GET /api/instances/'
info: Microsoft.AspNetCore.Routing.EndpointMiddleware[0]
      Executing endpoint 'HTTP: GET /api/instances/erreurs'
info: Microsoft.AspNetCore.Routing.EndpointMiddleware[0]
      Executing endpoint 'HTTP: GET /api/instances/erreurs'
info: Microsoft.AspNetCore.Routing.EndpointMiddleware[0]
      Executing endpoint 'HTTP: GET /api/instances/'
info: Microsoft.AspNetCore.Routing.EndpointMiddleware[0]
      Executing endpoint 'HTTP: GET /api/instances/erreurs'
info: Microsoft.AspNetCore.Routing.EndpointMiddleware[0]
      Executing endpoint 'HTTP: GET /api/instances/'
dbug: Microsoft.EntityFrameworkCore.Query[10111]
      Compiling query expression: 
      'DbSet<InstanceWorkflow>()
          .Include(i => i.DefinitionWorkflow)
          .OrderByDescending(i => i.DateCreation)'
dbug: Microsoft.EntityFrameworkCore.Query[10111]
      Compiling query expression: 
      'DbSet<DefinitionWorkflow>()
          .Where(d => d.Actif)
          .OrderBy(d => d.Nom)'
dbug: Microsoft.EntityFrameworkCore.Query[10111]
      Compiling query expression: 
      'DbSet<InstanceWorkflow>()
          .Include(i => i.Taches
              .Where(t => (int)t.Etat == 3))
          .Include(i => i.DefinitionWorkflow)
          .Where(i => (int)i.Etat == 3)
          .OrderByDescending(i => i.DateCreation)'
dbug: Microsoft.EntityFrameworkCore.Query[10112]
      Including navigation: 'InstanceWorkflow.Taches'.
dbug: Microsoft.EntityFrameworkCore.Infrastructure[10403]
      Entity Framework Core 10.0.5 initialized 'OamDbContext' using provider 'Microsoft.EntityFrameworkCore.Sqlite:10.0.5' with options: None
dbug: Microsoft.EntityFrameworkCore.Infrastructure[10403]
      Entity Framework Core 10.0.5 initialized 'OamDbContext' using provider 'Microsoft.EntityFrameworkCore.Sqlite:10.0.5' with options: None
dbug: Microsoft.EntityFrameworkCore.Infrastructure[10403]
      Entity Framework Core 10.0.5 initialized 'OamDbContext' using provider 'Microsoft.EntityFrameworkCore.Sqlite:10.0.5' with options: None
dbug: Microsoft.EntityFrameworkCore.Infrastructure[10403]
      Entity Framework Core 10.0.5 initialized 'OamDbContext' using provider 'Microsoft.EntityFrameworkCore.Sqlite:10.0.5' with options: None
dbug: Microsoft.EntityFrameworkCore.Infrastructure[10403]
      Entity Framework Core 10.0.5 initialized 'OamDbContext' using provider 'Microsoft.EntityFrameworkCore.Sqlite:10.0.5' with options: None
dbug: Microsoft.EntityFrameworkCore.Infrastructure[10403]
      Entity Framework Core 10.0.5 initialized 'OamDbContext' using provider 'Microsoft.EntityFrameworkCore.Sqlite:10.0.5' with options: None
dbug: Microsoft.EntityFrameworkCore.Query[10112]
      Including navigation: 'InstanceWorkflow.DefinitionWorkflow'.
dbug: Microsoft.EntityFrameworkCore.Query[10112]
      Including navigation: 'InstanceWorkflow.DefinitionWorkflow'.
dbug: Microsoft.EntityFrameworkCore.Query[10107]
      Generated query execution expression: 
      'queryContext => SingleQueryingEnumerable.Create<DefinitionWorkflow>(
          relationalQueryContext: (RelationalQueryContext)queryContext, 
          relationalCommandResolver: parameters => [LIFTABLE Constant: RelationalCommandCache.QueryExpression(
              Projection Mapping:
                  EmptyProjectionMember -> Dictionary<IPropertyBase, int> { [Property: DefinitionWorkflow.Id (Guid) Required PK AfterSave:Throw ValueGenerated.OnAdd, 0], [Property: DefinitionWorkflow.Actif (bool) Required, 1], [Property: DefinitionWorkflow.ContenuYaml (string) Required, 2], [Property: DefinitionWorkflow.DateCreation (DateTime) Required, 3], [Property: DefinitionWorkflow.DateModification (DateTime) Required, 4], [Property: DefinitionWorkflow.Description (string), 5], [Property: DefinitionWorkflow.Equipe (string) MaxLength(100), 6], [Property: DefinitionWorkflow.HashVersion (string) Required Index MaxLength(64), 7], [Property: DefinitionWorkflow.Nom (string) Required Index MaxLength(200), 8] }
              SELECT d.Id, d.Actif, d.ContenuYaml, d.DateCreation, d.DateModification, d.Description, d.Equipe, d.HashVersion, d.Nom
              FROM DefinitionsWorkflow AS d
              WHERE d.Actif
              ORDER BY d.Nom ASC) | Resolver: c => new RelationalCommandCache(
              c.Dependencies.MemoryCache, 
              c.RelationalDependencies.QuerySqlGeneratorFactory, 
              c.RelationalDependencies.RelationalParameterBasedSqlProcessorFactory, 
              Projection Mapping:
                  EmptyProjectionMember -> Dictionary<IPropertyBase, int> { [Property: DefinitionWorkflow.Id (Guid) Required PK AfterSave:Throw ValueGenerated.OnAdd, 0], [Property: DefinitionWorkflow.Actif (bool) Required, 1], [Property: DefinitionWorkflow.ContenuYaml (string) Required, 2], [Property: DefinitionWorkflow.DateCreation (DateTime) Required, 3], [Property: DefinitionWorkflow.DateModification (DateTime) Required, 4], [Property: DefinitionWorkflow.Description (string), 5], [Property: DefinitionWorkflow.Equipe (string) MaxLength(100), 6], [Property: DefinitionWorkflow.HashVersion (string) Required Index MaxLength(64), 7], [Property: DefinitionWorkflow.Nom (string) Required Index MaxLength(200), 8] }
              SELECT d.Id, d.Actif, d.ContenuYaml, d.DateCreation, d.DateModification, d.Description, d.Equipe, d.HashVersion, d.Nom
              FROM DefinitionsWorkflow AS d
              WHERE d.Actif
              ORDER BY d.Nom ASC, 
              False, 
              MultipleParameters
          )].GetRelationalCommandTemplate(parameters), 
          readerColumns: null, 
          shaper: (queryContext, dataReader, resultContext, resultCoordinator) => 
          {
              DefinitionWorkflow entity;
              entity = 
              {
                  MaterializationContext materializationContext1;
                  IEntityType entityType1;
                  DefinitionWorkflow instance1;
                  InternalEntityEntry entry1;
                  bool hasNullKey1;
                  materializationContext1 = new MaterializationContext(
                      [LIFTABLE Constant: ValueBuffer | Resolver: _ => (object)ValueBuffer.Empty], 
                      queryContext.Context
                  );
                  instance1 = default(DefinitionWorkflow);
                  entry1 = queryContext.TryGetEntry(
                      key: [LIFTABLE Constant: Key: DefinitionWorkflow.Id PK | Resolver: c => c.Dependencies.Model.FindEntityType("OAM.Domain.Entities.DefinitionWorkflow").FindPrimaryKey()], 
                      keyValues: new object[]{ (object)dataReader.GetGuid(0) }, 
                      throwOnNullKey: True, 
                      hasNullKey: hasNullKey1);
                  !(hasNullKey1) ? entry1 != default(InternalEntityEntry) ? 
                  {
                      entityType1 = entry1.EntityType;
                      return instance1 = (DefinitionWorkflow)entry1.Entity;
                  } : 
                  {
                      ISnapshot shadowSnapshot1;
                      shadowSnapshot1 = [LIFTABLE Constant: Snapshot | Resolver: _ => Snapshot.Empty];
                      entityType1 = [LIFTABLE Constant: EntityType: DefinitionWorkflow | Resolver: namelessParameter{0} => namelessParameter{0}.Dependencies.Model.FindEntityType("OAM.Domain.Entities.DefinitionWorkflow")];
                      instance1 = switch (entityType1)
                      {
                          case [LIFTABLE Constant: EntityType: DefinitionWorkflow | Resolver: namelessParameter{1} => namelessParameter{1}.Dependencies.Model.FindEntityType("OAM.Domain.Entities.DefinitionWorkflow")]: 
                              {
                                  return 
                                  {
                                      DefinitionWorkflow instance;
                                      instance = new DefinitionWorkflow();
                                      instance.<Id>k__BackingField = dataReader.GetGuid(0);
                                      instance.<Actif>k__BackingField = dataReader.GetBoolean(1);
                                      instance.<ContenuYaml>k__BackingField = dataReader.GetString(2);
                                      instance.<DateCreation>k__BackingField = dataReader.GetDateTime(3);
                                      instance.<DateModification>k__BackingField = dataReader.GetDateTime(4);
                                      instance.<Description>k__BackingField = dataReader.IsDBNull(5) ? default(string) : dataReader.GetString(5);
                                      instance.<Equipe>k__BackingField = dataReader.IsDBNull(6) ? default(string) : dataReader.GetString(6);
                                      instance.<HashVersion>k__BackingField = dataReader.GetString(7);
                                      instance.<Nom>k__BackingField = dataReader.GetString(8);
                                      (instance is IInjectableService) ? ((IInjectableService)instance).Injected(
                                          context: materializationContext1.Context, 
                                          entity: instance, 
                                          queryTrackingBehavior: TrackAll, 
                                          structuralType: [LIFTABLE Constant: EntityType: DefinitionWorkflow | Resolver: namelessParameter{2} => namelessParameter{2}.Dependencies.Model.FindEntityType("OAM.Domain.Entities.DefinitionWorkflow")]) : default(void);
                                      return instance;
                                  }}
                          default: 
                              default(DefinitionWorkflow)
                      }
                      ;
                      entry1 = entityType1 == default(IEntityType) ? default(InternalEntityEntry) : queryContext.StartTracking(
                          entityType: entityType1, 
                          entity: instance1, 
                          snapshot: shadowSnapshot1);
                      return instance1;
                  } : default(void);
                  return instance1;
              };
              return entity;
          }, 
          contextType: OAM.Infrastructure.Data.OamDbContext, 
          standAloneStateManager: False, 
          detailedErrorsEnabled: False, 
          threadSafetyChecksEnabled: True)'
dbug: Microsoft.EntityFrameworkCore.Query[10107]
      Generated query execution expression: 
      'queryContext => SingleQueryingEnumerable.Create<InstanceWorkflow>(
          relationalQueryContext: (RelationalQueryContext)queryContext, 
          relationalCommandResolver: parameters => [LIFTABLE Constant: RelationalCommandCache.QueryExpression(
              Client Projections:
                  0 -> Dictionary<IPropertyBase, int> { [Property: InstanceWorkflow.Id (Guid) Required PK AfterSave:Throw ValueGenerated.OnAdd, 0], [Property: InstanceWorkflow.ContexteExecution (string), 1], [Property: InstanceWorkflow.CorrelationId (string) Required Index MaxLength(100), 2], [Property: InstanceWorkflow.DateCreation (DateTime) Required, 3], [Property: InstanceWorkflow.DateDebut (DateTime?), 4], [Property: InstanceWorkflow.DateFin (DateTime?), 5], [Property: InstanceWorkflow.DefinitionWorkflowId (Guid) Required FK Index, 6], [Property: InstanceWorkflow.DonneesEntree (string), 7], [Property: InstanceWorkflow.Erreur (string), 8], [Property: InstanceWorkflow.Etat (EtatWorkflow) Required Index MaxLength(20), 9], [Property: InstanceWorkflow.HashVersionConfig (string) Required MaxLength(64), 10] }
                  1 -> Dictionary<IPropertyBase, int> { [Property: DefinitionWorkflow.Id (Guid) Required PK AfterSave:Throw ValueGenerated.OnAdd, 11], [Property: DefinitionWorkflow.Actif (bool) Required, 12], [Property: DefinitionWorkflow.ContenuYaml (string) Required, 13], [Property: DefinitionWorkflow.DateCreation (DateTime) Required, 14], [Property: DefinitionWorkflow.DateModification (DateTime) Required, 15], [Property: DefinitionWorkflow.Description (string), 16], [Property: DefinitionWorkflow.Equipe (string) MaxLength(100), 17], [Property: DefinitionWorkflow.HashVersion (string) Required Index MaxLength(64), 18], [Property: DefinitionWorkflow.Nom (string) Required Index MaxLength(200), 19] }
              SELECT i.Id, i.ContexteExecution, i.CorrelationId, i.DateCreation, i.DateDebut, i.DateFin, i.DefinitionWorkflowId, i.DonneesEntree, i.Erreur, i.Etat, i.HashVersionConfig, d.Id, d.Actif, d.ContenuYaml, d.DateCreation, d.DateModification, d.Description, d.Equipe, d.HashVersion, d.Nom
              FROM InstancesWorkflow AS i
              INNER JOIN DefinitionsWorkflow AS d ON i.DefinitionWorkflowId == d.Id
              ORDER BY i.DateCreation DESC) | Resolver: c => new RelationalCommandCache(
              c.Dependencies.MemoryCache, 
              c.RelationalDependencies.QuerySqlGeneratorFactory, 
              c.RelationalDependencies.RelationalParameterBasedSqlProcessorFactory, 
              Client Projections:
                  0 -> Dictionary<IPropertyBase, int> { [Property: InstanceWorkflow.Id (Guid) Required PK AfterSave:Throw ValueGenerated.OnAdd, 0], [Property: InstanceWorkflow.ContexteExecution (string), 1], [Property: InstanceWorkflow.CorrelationId (string) Required Index MaxLength(100), 2], [Property: InstanceWorkflow.DateCreation (DateTime) Required, 3], [Property: InstanceWorkflow.DateDebut (DateTime?), 4], [Property: InstanceWorkflow.DateFin (DateTime?), 5], [Property: InstanceWorkflow.DefinitionWorkflowId (Guid) Required FK Index, 6], [Property: InstanceWorkflow.DonneesEntree (string), 7], [Property: InstanceWorkflow.Erreur (string), 8], [Property: InstanceWorkflow.Etat (EtatWorkflow) Required Index MaxLength(20), 9], [Property: InstanceWorkflow.HashVersionConfig (string) Required MaxLength(64), 10] }
                  1 -> Dictionary<IPropertyBase, int> { [Property: DefinitionWorkflow.Id (Guid) Required PK AfterSave:Throw ValueGenerated.OnAdd, 11], [Property: DefinitionWorkflow.Actif (bool) Required, 12], [Property: DefinitionWorkflow.ContenuYaml (string) Required, 13], [Property: DefinitionWorkflow.DateCreation (DateTime) Required, 14], [Property: DefinitionWorkflow.DateModification (DateTime) Required, 15], [Property: DefinitionWorkflow.Description (string), 16], [Property: DefinitionWorkflow.Equipe (string) MaxLength(100), 17], [Property: DefinitionWorkflow.HashVersion (string) Required Index MaxLength(64), 18], [Property: DefinitionWorkflow.Nom (string) Required Index MaxLength(200), 19] }
              SELECT i.Id, i.ContexteExecution, i.CorrelationId, i.DateCreation, i.DateDebut, i.DateFin, i.DefinitionWorkflowId, i.DonneesEntree, i.Erreur, i.Etat, i.HashVersionConfig, d.Id, d.Actif, d.ContenuYaml, d.DateCreation, d.DateModification, d.Description, d.Equipe, d.HashVersion, d.Nom
              FROM InstancesWorkflow AS i
              INNER JOIN DefinitionsWorkflow AS d ON i.DefinitionWorkflowId == d.Id
              ORDER BY i.DateCreation DESC, 
              False, 
              MultipleParameters
          )].GetRelationalCommandTemplate(parameters), 
          readerColumns: null, 
          shaper: (queryContext, dataReader, resultContext, resultCoordinator) => 
          {
              InstanceWorkflow entity;
              DefinitionWorkflow entity;
              entity = 
              {
                  MaterializationContext materializationContext1;
                  IEntityType entityType1;
                  InstanceWorkflow instance1;
                  InternalEntityEntry entry1;
                  bool hasNullKey1;
                  materializationContext1 = new MaterializationContext(
                      [LIFTABLE Constant: ValueBuffer | Resolver: _ => (object)ValueBuffer.Empty], 
                      queryContext.Context
                  );
                  instance1 = default(InstanceWorkflow);
                  entry1 = queryContext.TryGetEntry(
                      key: [LIFTABLE Constant: Key: InstanceWorkflow.Id PK | Resolver: c => c.Dependencies.Model.FindEntityType("OAM.Domain.Entities.InstanceWorkflow").FindPrimaryKey()], 
                      keyValues: new object[]{ (object)dataReader.GetGuid(0) }, 
                      throwOnNullKey: True, 
                      hasNullKey: hasNullKey1);
                  !(hasNullKey1) ? entry1 != default(InternalEntityEntry) ? 
                  {
                      entityType1 = entry1.EntityType;
                      return instance1 = (InstanceWorkflow)entry1.Entity;
                  } : 
                  {
                      ISnapshot shadowSnapshot1;
                      shadowSnapshot1 = [LIFTABLE Constant: Snapshot | Resolver: _ => Snapshot.Empty];
                      entityType1 = [LIFTABLE Constant: EntityType: InstanceWorkflow | Resolver: namelessParameter{0} => namelessParameter{0}.Dependencies.Model.FindEntityType("OAM.Domain.Entities.InstanceWorkflow")];
                      instance1 = switch (entityType1)
                      {
                          case [LIFTABLE Constant: EntityType: InstanceWorkflow | Resolver: namelessParameter{1} => namelessParameter{1}.Dependencies.Model.FindEntityType("OAM.Domain.Entities.InstanceWorkflow")]: 
                              {
                                  return 
                                  {
                                      InstanceWorkflow instance;
                                      instance = new InstanceWorkflow();
                                      instance.<Id>k__BackingField = dataReader.GetGuid(0);
                                      instance.<ContexteExecution>k__BackingField = dataReader.IsDBNull(1) ? default(string) : dataReader.GetString(1);
                                      instance.<CorrelationId>k__BackingField = dataReader.GetString(2);
                                      instance.<DateCreation>k__BackingField = dataReader.GetDateTime(3);
                                      instance.<DateDebut>k__BackingField = dataReader.IsDBNull(4) ? default(DateTime?) : (DateTime?)dataReader.GetDateTime(4);
                                      instance.<DateFin>k__BackingField = dataReader.IsDBNull(5) ? default(DateTime?) : (DateTime?)dataReader.GetDateTime(5);
                                      instance.<DefinitionWorkflowId>k__BackingField = dataReader.GetGuid(6);
                                      instance.<DonneesEntree>k__BackingField = dataReader.IsDBNull(7) ? default(string) : dataReader.GetString(7);
                                      instance.<Erreur>k__BackingField = dataReader.IsDBNull(8) ? default(string) : dataReader.GetString(8);
                                      instance.<Etat>k__BackingField = Invoke(((EnumToStringConverter<EtatWorkflow>)((IReadOnlyProperty)[LIFTABLE Constant: Property: InstanceWorkflow.Etat (EtatWorkflow) Required Index MaxLength(20) | Resolver: namelessParameter{2} => namelessParameter{2}.Dependencies.Model.FindEntityType("OAM.Domain.Entities.InstanceWorkflow").FindProperty("Etat")]).GetTypeMapping().Converter).ConvertFromProviderTyped, dataReader.GetString(9));
                                      instance.<HashVersionConfig>k__BackingField = dataReader.GetString(10);
                                      (instance is IInjectableService) ? ((IInjectableService)instance).Injected(
                                          context: materializationContext1.Context, 
                                          entity: instance, 
                                          queryTrackingBehavior: TrackAll, 
                                          structuralType: [LIFTABLE Constant: EntityType: InstanceWorkflow | Resolver: namelessParameter{3} => namelessParameter{3}.Dependencies.Model.FindEntityType("OAM.Domain.Entities.InstanceWorkflow")]) : default(void);
                                      return instance;
                                  }}
                          default: 
                              default(InstanceWorkflow)
                      }
                      ;
                      entry1 = entityType1 == default(IEntityType) ? default(InternalEntityEntry) : queryContext.StartTracking(
                          entityType: entityType1, 
                          entity: instance1, 
                          snapshot: shadowSnapshot1);
                      return instance1;
                  } : default(void);
                  return instance1;
              };
              entity = 
              {
                  MaterializationContext materializationContext2;
                  IEntityType entityType2;
                  DefinitionWorkflow instance2;
                  InternalEntityEntry entry2;
                  bool hasNullKey2;
                  materializationContext2 = new MaterializationContext(
                      [LIFTABLE Constant: ValueBuffer | Resolver: _ => (object)ValueBuffer.Empty], 
                      queryContext.Context
                  );
                  instance2 = default(DefinitionWorkflow);
                  entry2 = queryContext.TryGetEntry(
                      key: [LIFTABLE Constant: Key: DefinitionWorkflow.Id PK | Resolver: c => c.Dependencies.Model.FindEntityType("OAM.Domain.Entities.DefinitionWorkflow").FindPrimaryKey()], 
                      keyValues: new object[]{ (object)dataReader.GetGuid(11) }, 
                      throwOnNullKey: True, 
                      hasNullKey: hasNullKey2);
                  !(hasNullKey2) ? entry2 != default(InternalEntityEntry) ? 
                  {
                      entityType2 = entry2.EntityType;
                      return instance2 = (DefinitionWorkflow)entry2.Entity;
                  } : 
                  {
                      ISnapshot shadowSnapshot2;
                      shadowSnapshot2 = [LIFTABLE Constant: Snapshot | Resolver: _ => Snapshot.Empty];
                      entityType2 = [LIFTABLE Constant: EntityType: DefinitionWorkflow | Resolver: namelessParameter{4} => namelessParameter{4}.Dependencies.Model.FindEntityType("OAM.Domain.Entities.DefinitionWorkflow")];
                      instance2 = switch (entityType2)
                      {
                          case [LIFTABLE Constant: EntityType: DefinitionWorkflow | Resolver: namelessParameter{5} => namelessParameter{5}.Dependencies.Model.FindEntityType("OAM.Domain.Entities.DefinitionWorkflow")]: 
                              {
                                  return 
                                  {
                                      DefinitionWorkflow instance;
                                      instance = new DefinitionWorkflow();
                                      instance.<Id>k__BackingField = dataReader.GetGuid(11);
                                      instance.<Actif>k__BackingField = dataReader.GetBoolean(12);
                                      instance.<ContenuYaml>k__BackingField = dataReader.GetString(13);
                                      instance.<DateCreation>k__BackingField = dataReader.GetDateTime(14);
                                      instance.<DateModification>k__BackingField = dataReader.GetDateTime(15);
                                      instance.<Description>k__BackingField = dataReader.IsDBNull(16) ? default(string) : dataReader.GetString(16);
                                      instance.<Equipe>k__BackingField = dataReader.IsDBNull(17) ? default(string) : dataReader.GetString(17);
                                      instance.<HashVersion>k__BackingField = dataReader.GetString(18);
                                      instance.<Nom>k__BackingField = dataReader.GetString(19);
                                      (instance is IInjectableService) ? ((IInjectableService)instance).Injected(
                                          context: materializationContext2.Context, 
                                          entity: instance, 
                                          queryTrackingBehavior: TrackAll, 
                                          structuralType: [LIFTABLE Constant: EntityType: DefinitionWorkflow | Resolver: namelessParameter{6} => namelessParameter{6}.Dependencies.Model.FindEntityType("OAM.Domain.Entities.DefinitionWorkflow")]) : default(void);
                                      return instance;
                                  }}
                          default: 
                              default(DefinitionWorkflow)
                      }
                      ;
                      entry2 = entityType2 == default(IEntityType) ? default(InternalEntityEntry) : queryContext.StartTracking(
                          entityType: entityType2, 
                          entity: instance2, 
                          snapshot: shadowSnapshot2);
                      return instance2;
                  } : default(void);
                  return instance2;
              };
              ShaperProcessingExpressionVisitor.IncludeReference<InstanceWorkflow, InstanceWorkflow, DefinitionWorkflow>(
                  queryContext: queryContext, 
                  entity: entity, 
                  relatedEntity: entity, 
                  navigation: [LIFTABLE Constant: Navigation: InstanceWorkflow.DefinitionWorkflow (DefinitionWorkflow) Required ToPrincipal DefinitionWorkflow Inverse: Instances | Resolver: namelessParameter{7} => namelessParameter{7}.Dependencies.Model.FindEntityType("OAM.Domain.Entities.InstanceWorkflow").FindNavigation("DefinitionWorkflow")], 
                  inverseNavigation: [LIFTABLE Constant: Navigation: DefinitionWorkflow.Instances (ICollection<InstanceWorkflow>) Collection ToDependent InstanceWorkflow Inverse: DefinitionWorkflow | Resolver: namelessParameter{8} => namelessParameter{8}.Dependencies.Model.FindEntityType("OAM.Domain.Entities.DefinitionWorkflow").FindNavigation("Instances")], 
                  fixup: (namelessParameter{9}, namelessParameter{10}) => 
                  {
                      namelessParameter{9}.<DefinitionWorkflow>k__BackingField = namelessParameter{10};
                      return [LIFTABLE Constant: ClrCollectionAccessor<DefinitionWorkflow, ICollection<InstanceWorkflow>, InstanceWorkflow> | Resolver: namelessParameter{11} => namelessParameter{11}.Dependencies.Model.FindEntityType("OAM.Domain.Entities.DefinitionWorkflow").FindNavigation("Instances").GetCollectionAccessor()].Add(
                          entity: namelessParameter{10}, 
                          value: namelessParameter{9}, 
                          forMaterialization: True);
                  }, 
                  trackingQuery: True);
              return entity;
          }, 
          contextType: OAM.Infrastructure.Data.OamDbContext, 
          standAloneStateManager: False, 
          detailedErrorsEnabled: False, 
          threadSafetyChecksEnabled: True)'
dbug: Microsoft.EntityFrameworkCore.Query[10107]
      Generated query execution expression: 
      'queryContext => SingleQueryingEnumerable.Create<InstanceWorkflow>(
          relationalQueryContext: (RelationalQueryContext)queryContext, 
          relationalCommandResolver: parameters => [LIFTABLE Constant: RelationalCommandCache.QueryExpression(
              Client Projections:
                  0 -> Dictionary<IPropertyBase, int> { [Property: InstanceWorkflow.Id (Guid) Required PK AfterSave:Throw ValueGenerated.OnAdd, 0], [Property: InstanceWorkflow.ContexteExecution (string), 1], [Property: InstanceWorkflow.CorrelationId (string) Required Index MaxLength(100), 2], [Property: InstanceWorkflow.DateCreation (DateTime) Required, 3], [Property: InstanceWorkflow.DateDebut (DateTime?), 4], [Property: InstanceWorkflow.DateFin (DateTime?), 5], [Property: InstanceWorkflow.DefinitionWorkflowId (Guid) Required FK Index, 6], [Property: InstanceWorkflow.DonneesEntree (string), 7], [Property: InstanceWorkflow.Erreur (string), 8], [Property: InstanceWorkflow.Etat (EtatWorkflow) Required Index MaxLength(20), 9], [Property: InstanceWorkflow.HashVersionConfig (string) Required MaxLength(64), 10] }
                  1 -> 0
                  2 -> 11
                  3 -> Dictionary<IPropertyBase, int> { [Property: ExecutionTache.Id (Guid) Required PK AfterSave:Throw ValueGenerated.OnAdd, 12], [Property: ExecutionTache.DateDebut (DateTime?), 13], [Property: ExecutionTache.DateFin (DateTime?), 14], [Property: ExecutionTache.DonneesEntree (string), 15], [Property: ExecutionTache.DonneesSortie (string), 16], [Property: ExecutionTache.Erreur (string), 17], [Property: ExecutionTache.Etat (EtatTache) Required MaxLength(20), 18], [Property: ExecutionTache.InstanceWorkflowId (Guid) Required FK Index, 19], [Property: ExecutionTache.NomTache (string) Required Index MaxLength(200), 20], [Property: ExecutionTache.NombreTentatives (int) Required, 21], [Property: ExecutionTache.Ordre (int) Required, 22], [Property: ExecutionTache.TypeConnecteur (string) Required MaxLength(50), 23] }
                  4 -> 12
                  5 -> Dictionary<IPropertyBase, int> { [Property: DefinitionWorkflow.Id (Guid) Required PK AfterSave:Throw ValueGenerated.OnAdd, 11], [Property: DefinitionWorkflow.Actif (bool) Required, 24], [Property: DefinitionWorkflow.ContenuYaml (string) Required, 25], [Property: DefinitionWorkflow.DateCreation (DateTime) Required, 26], [Property: DefinitionWorkflow.DateModification (DateTime) Required, 27], [Property: DefinitionWorkflow.Description (string), 28], [Property: DefinitionWorkflow.Equipe (string) MaxLength(100), 29], [Property: DefinitionWorkflow.HashVersion (string) Required Index MaxLength(64), 30], [Property: DefinitionWorkflow.Nom (string) Required Index MaxLength(200), 31] }
              SELECT i.Id, i.ContexteExecution, i.CorrelationId, i.DateCreation, i.DateDebut, i.DateFin, i.DefinitionWorkflowId, i.DonneesEntree, i.Erreur, i.Etat, i.HashVersionConfig, d.Id, e0.Id, e0.DateDebut, e0.DateFin, e0.DonneesEntree, e0.DonneesSortie, e0.Erreur, e0.Etat, e0.InstanceWorkflowId, e0.NomTache, e0.NombreTentatives, e0.Ordre, e0.TypeConnecteur, d.Actif, d.ContenuYaml, d.DateCreation, d.DateModification, d.Description, d.Equipe, d.HashVersion, d.Nom
              FROM InstancesWorkflow AS i
              INNER JOIN DefinitionsWorkflow AS d ON i.DefinitionWorkflowId == d.Id
              LEFT JOIN 
              (
                  SELECT e.Id, e.DateDebut, e.DateFin, e.DonneesEntree, e.DonneesSortie, e.Erreur, e.Etat, e.InstanceWorkflowId, e.NomTache, e.NombreTentatives, e.Ordre, e.TypeConnecteur
                  FROM ExecutionsTache AS e
                  WHERE e.Etat == 'EnErreur'
              ) AS e0 ON i.Id == e0.InstanceWorkflowId
              WHERE i.Etat == 'EnErreur'
              ORDER BY i.DateCreation DESC, i.Id ASC, d.Id ASC) | Resolver: c => new RelationalCommandCache(
              c.Dependencies.MemoryCache, 
              c.RelationalDependencies.QuerySqlGeneratorFactory, 
              c.RelationalDependencies.RelationalParameterBasedSqlProcessorFactory, 
              Client Projections:
                  0 -> Dictionary<IPropertyBase, int> { [Property: InstanceWorkflow.Id (Guid) Required PK AfterSave:Throw ValueGenerated.OnAdd, 0], [Property: InstanceWorkflow.ContexteExecution (string), 1], [Property: InstanceWorkflow.CorrelationId (string) Required Index MaxLength(100), 2], [Property: InstanceWorkflow.DateCreation (DateTime) Required, 3], [Property: InstanceWorkflow.DateDebut (DateTime?), 4], [Property: InstanceWorkflow.DateFin (DateTime?), 5], [Property: InstanceWorkflow.DefinitionWorkflowId (Guid) Required FK Index, 6], [Property: InstanceWorkflow.DonneesEntree (string), 7], [Property: InstanceWorkflow.Erreur (string), 8], [Property: InstanceWorkflow.Etat (EtatWorkflow) Required Index MaxLength(20), 9], [Property: InstanceWorkflow.HashVersionConfig (string) Required MaxLength(64), 10] }
                  1 -> 0
                  2 -> 11
                  3 -> Dictionary<IPropertyBase, int> { [Property: ExecutionTache.Id (Guid) Required PK AfterSave:Throw ValueGenerated.OnAdd, 12], [Property: ExecutionTache.DateDebut (DateTime?), 13], [Property: ExecutionTache.DateFin (DateTime?), 14], [Property: ExecutionTache.DonneesEntree (string), 15], [Property: ExecutionTache.DonneesSortie (string), 16], [Property: ExecutionTache.Erreur (string), 17], [Property: ExecutionTache.Etat (EtatTache) Required MaxLength(20), 18], [Property: ExecutionTache.InstanceWorkflowId (Guid) Required FK Index, 19], [Property: ExecutionTache.NomTache (string) Required Index MaxLength(200), 20], [Property: ExecutionTache.NombreTentatives (int) Required, 21], [Property: ExecutionTache.Ordre (int) Required, 22], [Property: ExecutionTache.TypeConnecteur (string) Required MaxLength(50), 23] }
                  4 -> 12
                  5 -> Dictionary<IPropertyBase, int> { [Property: DefinitionWorkflow.Id (Guid) Required PK AfterSave:Throw ValueGenerated.OnAdd, 11], [Property: DefinitionWorkflow.Actif (bool) Required, 24], [Property: DefinitionWorkflow.ContenuYaml (string) Required, 25], [Property: DefinitionWorkflow.DateCreation (DateTime) Required, 26], [Property: DefinitionWorkflow.DateModification (DateTime) Required, 27], [Property: DefinitionWorkflow.Description (string), 28], [Property: DefinitionWorkflow.Equipe (string) MaxLength(100), 29], [Property: DefinitionWorkflow.HashVersion (string) Required Index MaxLength(64), 30], [Property: DefinitionWorkflow.Nom (string) Required Index MaxLength(200), 31] }
              SELECT i.Id, i.ContexteExecution, i.CorrelationId, i.DateCreation, i.DateDebut, i.DateFin, i.DefinitionWorkflowId, i.DonneesEntree, i.Erreur, i.Etat, i.HashVersionConfig, d.Id, e0.Id, e0.DateDebut, e0.DateFin, e0.DonneesEntree, e0.DonneesSortie, e0.Erreur, e0.Etat, e0.InstanceWorkflowId, e0.NomTache, e0.NombreTentatives, e0.Ordre, e0.TypeConnecteur, d.Actif, d.ContenuYaml, d.DateCreation, d.DateModification, d.Description, d.Equipe, d.HashVersion, d.Nom
              FROM InstancesWorkflow AS i
              INNER JOIN DefinitionsWorkflow AS d ON i.DefinitionWorkflowId == d.Id
              LEFT JOIN 
              (
                  SELECT e.Id, e.DateDebut, e.DateFin, e.DonneesEntree, e.DonneesSortie, e.Erreur, e.Etat, e.InstanceWorkflowId, e.NomTache, e.NombreTentatives, e.Ordre, e.TypeConnecteur
                  FROM ExecutionsTache AS e
                  WHERE e.Etat == 'EnErreur'
              ) AS e0 ON i.Id == e0.InstanceWorkflowId
              WHERE i.Etat == 'EnErreur'
              ORDER BY i.DateCreation DESC, i.Id ASC, d.Id ASC, 
              False, 
              MultipleParameters
          )].GetRelationalCommandTemplate(parameters), 
          readerColumns: null, 
          shaper: (queryContext, dataReader, resultContext, resultCoordinator) => 
          {
              resultContext.Values == null ? 
              {
                  InstanceWorkflow entity;
                  DefinitionWorkflow entity;
                  entity = 
                  {
                      MaterializationContext materializationContext1;
                      IEntityType entityType1;
                      InstanceWorkflow instance1;
                      InternalEntityEntry entry1;
                      bool hasNullKey1;
                      materializationContext1 = new MaterializationContext(
                          [LIFTABLE Constant: ValueBuffer | Resolver: _ => (object)ValueBuffer.Empty], 
                          queryContext.Context
                      );
                      instance1 = default(InstanceWorkflow);
                      entry1 = queryContext.TryGetEntry(
                          key: [LIFTABLE Constant: Key: InstanceWorkflow.Id PK | Resolver: c => c.Dependencies.Model.FindEntityType("OAM.Domain.Entities.InstanceWorkflow").FindPrimaryKey()], 
                          keyValues: new object[]{ (object)dataReader.GetGuid(0) }, 
                          throwOnNullKey: True, 
                          hasNullKey: hasNullKey1);
                      !(hasNullKey1) ? entry1 != default(InternalEntityEntry) ? 
                      {
                          entityType1 = entry1.EntityType;
                          return instance1 = (InstanceWorkflow)entry1.Entity;
                      } : 
                      {
                          ISnapshot shadowSnapshot1;
                          shadowSnapshot1 = [LIFTABLE Constant: Snapshot | Resolver: _ => Snapshot.Empty];
                          entityType1 = [LIFTABLE Constant: EntityType: InstanceWorkflow | Resolver: namelessParameter{0} => namelessParameter{0}.Dependencies.Model.FindEntityType("OAM.Domain.Entities.InstanceWorkflow")];
                          instance1 = switch (entityType1)
                          {
                              case [LIFTABLE Constant: EntityType: InstanceWorkflow | Resolver: namelessParameter{1} => namelessParameter{1}.Dependencies.Model.FindEntityType("OAM.Domain.Entities.InstanceWorkflow")]: 
                                  {
                                      return 
                                      {
                                          InstanceWorkflow instance;
                                          instance = new InstanceWorkflow();
                                          instance.<Id>k__BackingField = dataReader.GetGuid(0);
                                          instance.<ContexteExecution>k__BackingField = dataReader.IsDBNull(1) ? default(string) : dataReader.GetString(1);
                                          instance.<CorrelationId>k__BackingField = dataReader.GetString(2);
                                          instance.<DateCreation>k__BackingField = dataReader.GetDateTime(3);
                                          instance.<DateDebut>k__BackingField = dataReader.IsDBNull(4) ? default(DateTime?) : (DateTime?)dataReader.GetDateTime(4);
                                          instance.<DateFin>k__BackingField = dataReader.IsDBNull(5) ? default(DateTime?) : (DateTime?)dataReader.GetDateTime(5);
                                          instance.<DefinitionWorkflowId>k__BackingField = dataReader.GetGuid(6);
                                          instance.<DonneesEntree>k__BackingField = dataReader.IsDBNull(7) ? default(string) : dataReader.GetString(7);
                                          instance.<Erreur>k__BackingField = dataReader.IsDBNull(8) ? default(string) : dataReader.GetString(8);
                                          instance.<Etat>k__BackingField = Invoke(((EnumToStringConverter<EtatWorkflow>)((IReadOnlyProperty)[LIFTABLE Constant: Property: InstanceWorkflow.Etat (EtatWorkflow) Required Index MaxLength(20) | Resolver: namelessParameter{2} => namelessParameter{2}.Dependencies.Model.FindEntityType("OAM.Domain.Entities.InstanceWorkflow").FindProperty("Etat")]).GetTypeMapping().Converter).ConvertFromProviderTyped, dataReader.GetString(9));
                                          instance.<HashVersionConfig>k__BackingField = dataReader.GetString(10);
                                          (instance is IInjectableService) ? ((IInjectableService)instance).Injected(
                                              context: materializationContext1.Context, 
                                              entity: instance, 
                                              queryTrackingBehavior: TrackAll, 
                                              structuralType: [LIFTABLE Constant: EntityType: InstanceWorkflow | Resolver: namelessParameter{3} => namelessParameter{3}.Dependencies.Model.FindEntityType("OAM.Domain.Entities.InstanceWorkflow")]) : default(void);
                                          return instance;
                                      }}
                              default: 
                                  default(InstanceWorkflow)
                          }
                          ;
                          entry1 = entityType1 == default(IEntityType) ? default(InternalEntityEntry) : queryContext.StartTracking(
                              entityType: entityType1, 
                              entity: instance1, 
                              snapshot: shadowSnapshot1);
                          return instance1;
                      } : default(void);
                      return instance1;
                  };
                  entity = 
                  {
                      MaterializationContext materializationContext3;
                      IEntityType entityType3;
                      DefinitionWorkflow instance3;
                      InternalEntityEntry entry3;
                      bool hasNullKey3;
                      materializationContext3 = new MaterializationContext(
                          [LIFTABLE Constant: ValueBuffer | Resolver: _ => (object)ValueBuffer.Empty], 
                          queryContext.Context
                      );
                      instance3 = default(DefinitionWorkflow);
                      entry3 = queryContext.TryGetEntry(
                          key: [LIFTABLE Constant: Key: DefinitionWorkflow.Id PK | Resolver: c => c.Dependencies.Model.FindEntityType("OAM.Domain.Entities.DefinitionWorkflow").FindPrimaryKey()], 
                          keyValues: new object[]{ (object)dataReader.GetGuid(11) }, 
                          throwOnNullKey: True, 
                          hasNullKey: hasNullKey3);
                      !(hasNullKey3) ? entry3 != default(InternalEntityEntry) ? 
                      {
                          entityType3 = entry3.EntityType;
                          return instance3 = (DefinitionWorkflow)entry3.Entity;
                      } : 
                      {
                          ISnapshot shadowSnapshot3;
                          shadowSnapshot3 = [LIFTABLE Constant: Snapshot | Resolver: _ => Snapshot.Empty];
                          entityType3 = [LIFTABLE Constant: EntityType: DefinitionWorkflow | Resolver: namelessParameter{4} => namelessParameter{4}.Dependencies.Model.FindEntityType("OAM.Domain.Entities.DefinitionWorkflow")];
                          instance3 = switch (entityType3)
                          {
                              case [LIFTABLE Constant: EntityType: DefinitionWorkflow | Resolver: namelessParameter{5} => namelessParameter{5}.Dependencies.Model.FindEntityType("OAM.Domain.Entities.DefinitionWorkflow")]: 
                                  {
                                      return 
                                      {
                                          DefinitionWorkflow instance;
                                          instance = new DefinitionWorkflow();
                                          instance.<Id>k__BackingField = dataReader.GetGuid(11);
                                          instance.<Actif>k__BackingField = dataReader.GetBoolean(24);
                                          instance.<ContenuYaml>k__BackingField = dataReader.GetString(25);
                                          instance.<DateCreation>k__BackingField = dataReader.GetDateTime(26);
                                          instance.<DateModification>k__BackingField = dataReader.GetDateTime(27);
                                          instance.<Description>k__BackingField = dataReader.IsDBNull(28) ? default(string) : dataReader.GetString(28);
                                          instance.<Equipe>k__BackingField = dataReader.IsDBNull(29) ? default(string) : dataReader.GetString(29);
                                          instance.<HashVersion>k__BackingField = dataReader.GetString(30);
                                          instance.<Nom>k__BackingField = dataReader.GetString(31);
                                          (instance is IInjectableService) ? ((IInjectableService)instance).Injected(
                                              context: materializationContext3.Context, 
                                              entity: instance, 
                                              queryTrackingBehavior: TrackAll, 
                                              structuralType: [LIFTABLE Constant: EntityType: DefinitionWorkflow | Resolver: namelessParameter{6} => namelessParameter{6}.Dependencies.Model.FindEntityType("OAM.Domain.Entities.DefinitionWorkflow")]) : default(void);
                                          return instance;
                                      }}
                              default: 
                                  default(DefinitionWorkflow)
                          }
                          ;
                          entry3 = entityType3 == default(IEntityType) ? default(InternalEntityEntry) : queryContext.StartTracking(
                              entityType: entityType3, 
                              entity: instance3, 
                              snapshot: shadowSnapshot3);
                          return instance3;
                      } : default(void);
                      return instance3;
                  };
                  resultContext.Values = new object[]
                  { 
                      entity, 
                      entity 
                  };
                  ShaperProcessingExpressionVisitor.InitializeIncludeCollection<InstanceWorkflow, InstanceWorkflow>(
                      collectionId: 0, 
                      queryContext: queryContext, 
                      dbDataReader: dataReader, 
                      resultCoordinator: resultCoordinator, 
                      entity: (InstanceWorkflow)(resultContext.Values[0]), 
                      parentIdentifier: [LIFTABLE Constant: Func<QueryContext, DbDataReader, object[]> | Resolver: _ => (queryContext, dataReader) => new object[]
                      { 
                          (object)(Guid?)dataReader.GetGuid(0), 
                          (object)(Guid?)dataReader.GetGuid(11) 
                      }], 
                      outerIdentifier: [LIFTABLE Constant: Func<QueryContext, DbDataReader, object[]> | Resolver: _ => (queryContext, dataReader) => new object[]
                      { 
                          (object)(Guid?)dataReader.GetGuid(0), 
                          (object)(Guid?)dataReader.GetGuid(11) 
                      }], 
                      navigation: [LIFTABLE Constant: Navigation: InstanceWorkflow.Taches (ICollection<ExecutionTache>) Collection ToDependent ExecutionTache Inverse: InstanceWorkflow | Resolver: namelessParameter{7} => namelessParameter{7}.Dependencies.Model.FindEntityType("OAM.Domain.Entities.InstanceWorkflow").FindNavigation("Taches")], 
                      clrCollectionAccessor: [LIFTABLE Constant: ClrCollectionAccessor<InstanceWorkflow, ICollection<ExecutionTache>, ExecutionTache> | Resolver: namelessParameter{8} => namelessParameter{8}.Dependencies.Model.FindEntityType("OAM.Domain.Entities.InstanceWorkflow").FindNavigation("Taches").GetCollectionAccessor()], 
                      trackingQuery: True, 
                      setLoaded: True);
                  ShaperProcessingExpressionVisitor.IncludeReference<InstanceWorkflow, InstanceWorkflow, DefinitionWorkflow>(
                      queryContext: queryContext, 
                      entity: (InstanceWorkflow)(resultContext.Values[0]), 
                      relatedEntity: (DefinitionWorkflow)(resultContext.Values[1]), 
                      navigation: [LIFTABLE Constant: Navigation: InstanceWorkflow.DefinitionWorkflow (DefinitionWorkflow) Required ToPrincipal DefinitionWorkflow Inverse: Instances | Resolver: namelessParameter{9} => namelessParameter{9}.Dependencies.Model.FindEntityType("OAM.Domain.Entities.InstanceWorkflow").FindNavigation("DefinitionWorkflow")], 
                      inverseNavigation: [LIFTABLE Constant: Navigation: DefinitionWorkflow.Instances (ICollection<InstanceWorkflow>) Collection ToDependent InstanceWorkflow Inverse: DefinitionWorkflow | Resolver: namelessParameter{10} => namelessParameter{10}.Dependencies.Model.FindEntityType("OAM.Domain.Entities.DefinitionWorkflow").FindNavigation("Instances")], 
                      fixup: (namelessParameter{11}, namelessParameter{12}) => 
                      {
                          namelessParameter{11}.<DefinitionWorkflow>k__BackingField = namelessParameter{12};
                          return [LIFTABLE Constant: ClrCollectionAccessor<DefinitionWorkflow, ICollection<InstanceWorkflow>, InstanceWorkflow> | Resolver: namelessParameter{13} => namelessParameter{13}.Dependencies.Model.FindEntityType("OAM.Domain.Entities.DefinitionWorkflow").FindNavigation("Instances").GetCollectionAccessor()].Add(
                              entity: namelessParameter{12}, 
                              value: namelessParameter{11}, 
                              forMaterialization: True);
                      }, 
                      trackingQuery: True);
              } : default(void);
              ShaperProcessingExpressionVisitor.PopulateIncludeCollection<InstanceWorkflow, ExecutionTache>(
                  collectionId: 0, 
                  queryContext: queryContext, 
                  dbDataReader: dataReader, 
                  resultCoordinator: resultCoordinator, 
                  parentIdentifier: [LIFTABLE Constant: Func<QueryContext, DbDataReader, object[]> | Resolver: _ => (queryContext, dataReader) => new object[]
                  { 
                      (object)(Guid?)dataReader.GetGuid(0), 
                      (object)(Guid?)dataReader.GetGuid(11) 
                  }], 
                  outerIdentifier: [LIFTABLE Constant: Func<QueryContext, DbDataReader, object[]> | Resolver: _ => (queryContext, dataReader) => new object[]
                  { 
                      (object)(Guid?)dataReader.GetGuid(0), 
                      (object)(Guid?)dataReader.GetGuid(11) 
                  }], 
                  selfIdentifier: [LIFTABLE Constant: Func<QueryContext, DbDataReader, object[]> | Resolver: _ => (queryContext, dataReader) => new object[]{ (object)dataReader.IsDBNull(12) ? default(Guid?) : (Guid?)dataReader.GetGuid(12) }], 
                  parentIdentifierValueComparers: [LIFTABLE Constant: Func<object, object, bool>[] { Func<object, object, bool>, Func<object, object, bool> } | Resolver: _ => new Func<object, object, bool>[]
                  { 
                      (left, right) => left == null ? right == null : right != null && (Guid)left == (Guid)right, 
                      (left, right) => left == null ? right == null : right != null && (Guid)left == (Guid)right 
                  }], 
                  outerIdentifierValueComparers: [LIFTABLE Constant: Func<object, object, bool>[] { Func<object, object, bool>, Func<object, object, bool> } | Resolver: _ => new Func<object, object, bool>[]
                  { 
                      (left, right) => left == null ? right == null : right != null && (Guid)left == (Guid)right, 
                      (left, right) => left == null ? right == null : right != null && (Guid)left == (Guid)right 
                  }], 
                  selfIdentifierValueComparers: [LIFTABLE Constant: Func<object, object, bool>[] { Func<object, object, bool> } | Resolver: _ => new Func<object, object, bool>[]{ (left, right) => left == null ? right == null : right != null && (Guid)left == (Guid)right }], 
                  innerShaper: (queryContext, dataReader, resultContext, resultCoordinator) => 
                  {
                      ExecutionTache entity;
                      entity = 
                      {
                          MaterializationContext materializationContext2;
                          IEntityType entityType2;
                          ExecutionTache instance2;
                          InternalEntityEntry entry2;
                          bool hasNullKey2;
                          materializationContext2 = new MaterializationContext(
                              [LIFTABLE Constant: ValueBuffer | Resolver: _ => (object)ValueBuffer.Empty], 
                              queryContext.Context
                          );
                          instance2 = default(ExecutionTache);
                          entry2 = queryContext.TryGetEntry(
                              key: [LIFTABLE Constant: Key: ExecutionTache.Id PK | Resolver: c => c.Dependencies.Model.FindEntityType("OAM.Domain.Entities.ExecutionTache").FindPrimaryKey()], 
                              keyValues: new object[]{ dataReader.IsDBNull(12) ? default(object) : (object)dataReader.GetGuid(12) }, 
                              throwOnNullKey: False, 
                              hasNullKey: hasNullKey2);
                          !(hasNullKey2) ? entry2 != default(InternalEntityEntry) ? 
                          {
                              entityType2 = entry2.EntityType;
                              return instance2 = (ExecutionTache)entry2.Entity;
                          } : 
                          {
                              ISnapshot shadowSnapshot2;
                              shadowSnapshot2 = [LIFTABLE Constant: Snapshot | Resolver: _ => Snapshot.Empty];
                              entityType2 = [LIFTABLE Constant: EntityType: ExecutionTache | Resolver: namelessParameter{14} => namelessParameter{14}.Dependencies.Model.FindEntityType("OAM.Domain.Entities.ExecutionTache")];
                              instance2 = switch (entityType2)
                              {
                                  case [LIFTABLE Constant: EntityType: ExecutionTache | Resolver: namelessParameter{15} => namelessParameter{15}.Dependencies.Model.FindEntityType("OAM.Domain.Entities.ExecutionTache")]: 
                                      {
                                          return 
                                          {
                                              ExecutionTache instance;
                                              instance = new ExecutionTache();
                                              instance.<Id>k__BackingField = dataReader.IsDBNull(12) ? default(Guid) : dataReader.GetGuid(12);
                                              instance.<DateDebut>k__BackingField = dataReader.IsDBNull(13) ? default(DateTime?) : (DateTime?)dataReader.GetDateTime(13);
                                              instance.<DateFin>k__BackingField = dataReader.IsDBNull(14) ? default(DateTime?) : (DateTime?)dataReader.GetDateTime(14);
                                              instance.<DonneesEntree>k__BackingField = dataReader.IsDBNull(15) ? default(string) : dataReader.GetString(15);
                                              instance.<DonneesSortie>k__BackingField = dataReader.IsDBNull(16) ? default(string) : dataReader.GetString(16);
                                              instance.<Erreur>k__BackingField = dataReader.IsDBNull(17) ? default(string) : dataReader.GetString(17);
                                              instance.<Etat>k__BackingField = dataReader.IsDBNull(18) ? default(EtatTache) : Invoke(((EnumToStringConverter<EtatTache>)((IReadOnlyProperty)[LIFTABLE Constant: Property: ExecutionTache.Etat (EtatTache) Required MaxLength(20) | Resolver: namelessParameter{16} => namelessParameter{16}.Dependencies.Model.FindEntityType("OAM.Domain.Entities.ExecutionTache").FindProperty("Etat")]).GetTypeMapping().Converter).ConvertFromProviderTyped, dataReader.GetString(18));
                                              instance.<InstanceWorkflowId>k__BackingField = dataReader.IsDBNull(19) ? default(Guid) : dataReader.GetGuid(19);
                                              instance.<NomTache>k__BackingField = dataReader.IsDBNull(20) ? default(string) : dataReader.GetString(20);
                                              instance.<NombreTentatives>k__BackingField = dataReader.IsDBNull(21) ? default(int) : dataReader.GetInt32(21);
                                              instance.<Ordre>k__BackingField = dataReader.IsDBNull(22) ? default(int) : dataReader.GetInt32(22);
                                              instance.<TypeConnecteur>k__BackingField = dataReader.IsDBNull(23) ? default(string) : dataReader.GetString(23);
                                              (instance is IInjectableService) ? ((IInjectableService)instance).Injected(
                                                  context: materializationContext2.Context, 
                                                  entity: instance, 
                                                  queryTrackingBehavior: TrackAll, 
                                                  structuralType: [LIFTABLE Constant: EntityType: ExecutionTache | Resolver: namelessParameter{17} => namelessParameter{17}.Dependencies.Model.FindEntityType("OAM.Domain.Entities.ExecutionTache")]) : default(void);
                                              return instance;
                                          }}
                                  default: 
                                      default(ExecutionTache)
                              }
                              ;
                              entry2 = entityType2 == default(IEntityType) ? default(InternalEntityEntry) : queryContext.StartTracking(
                                  entityType: entityType2, 
                                  entity: instance2, 
                                  snapshot: shadowSnapshot2);
                              return instance2;
                          } : default(void);
                          return instance2;
                      };
                      return entity;
                  }, 
                  inverseNavigation: [LIFTABLE Constant: Navigation: ExecutionTache.InstanceWorkflow (InstanceWorkflow) Required ToPrincipal InstanceWorkflow Inverse: Taches | Resolver: namelessParameter{18} => namelessParameter{18}.Dependencies.Model.FindEntityType("OAM.Domain.Entities.ExecutionTache").FindNavigation("InstanceWorkflow")], 
                  fixup: (namelessParameter{19}, namelessParameter{20}) => 
                  {
                      [LIFTABLE Constant: ClrCollectionAccessor<InstanceWorkflow, ICollection<ExecutionTache>, ExecutionTache> | Resolver: namelessParameter{21} => namelessParameter{21}.Dependencies.Model.FindEntityType("OAM.Domain.Entities.InstanceWorkflow").FindNavigation("Taches").GetCollectionAccessor()].Add(
                          entity: namelessParameter{19}, 
                          value: namelessParameter{20}, 
                          forMaterialization: True);
                      return namelessParameter{20}.<InstanceWorkflow>k__BackingField = namelessParameter{19};
                  }, 
                  trackingQuery: True);
              return IsTrue(resultCoordinator.ResultReady)
               ? (InstanceWorkflow)(resultContext.Values[0]) : default(InstanceWorkflow);
          }, 
          contextType: OAM.Infrastructure.Data.OamDbContext, 
          standAloneStateManager: False, 
          detailedErrorsEnabled: False, 
          threadSafetyChecksEnabled: True)'
dbug: Microsoft.EntityFrameworkCore.Database.Connection[20005]
      Creating DbConnection.
dbug: Microsoft.EntityFrameworkCore.Database.Connection[20005]
      Creating DbConnection.
dbug: Microsoft.EntityFrameworkCore.Database.Connection[20005]
      Creating DbConnection.
dbug: Microsoft.EntityFrameworkCore.Database.Connection[20005]
      Creating DbConnection.
dbug: Microsoft.EntityFrameworkCore.Database.Connection[20005]
      Creating DbConnection.
dbug: Microsoft.EntityFrameworkCore.Database.Connection[20005]
      Creating DbConnection.
dbug: Microsoft.EntityFrameworkCore.Database.Connection[20005]
      Creating DbConnection.
dbug: Microsoft.EntityFrameworkCore.Database.Connection[20005]
      Creating DbConnection.
dbug: Microsoft.EntityFrameworkCore.Database.Connection[20005]
      Creating DbConnection.
dbug: Microsoft.EntityFrameworkCore.Database.Connection[20005]
      Creating DbConnection.
dbug: Microsoft.EntityFrameworkCore.Database.Connection[20005]
      Creating DbConnection.
dbug: Microsoft.EntityFrameworkCore.Database.Connection[20005]
      Creating DbConnection.
dbug: Microsoft.EntityFrameworkCore.Database.Connection[20005]
      Creating DbConnection.
dbug: Microsoft.EntityFrameworkCore.Database.Connection[20005]
      Creating DbConnection.
dbug: Microsoft.EntityFrameworkCore.Database.Connection[20005]
      Creating DbConnection.
dbug: Microsoft.EntityFrameworkCore.Database.Connection[20005]
      Creating DbConnection.
dbug: Microsoft.EntityFrameworkCore.Database.Connection[20005]
      Creating DbConnection.
dbug: Microsoft.EntityFrameworkCore.Database.Connection[20006]
      Created DbConnection. (2ms).
dbug: Microsoft.EntityFrameworkCore.Database.Connection[20006]
      Created DbConnection. (2ms).
dbug: Microsoft.EntityFrameworkCore.Database.Connection[20006]
      Created DbConnection. (3ms).
dbug: Microsoft.EntityFrameworkCore.Database.Connection[20006]
      Created DbConnection. (6ms).
dbug: Microsoft.EntityFrameworkCore.Database.Connection[20006]
      Created DbConnection. (71ms).
dbug: Microsoft.EntityFrameworkCore.Database.Connection[20006]
      Created DbConnection. (72ms).
dbug: Microsoft.EntityFrameworkCore.Database.Connection[20006]
      Created DbConnection. (103ms).
dbug: Microsoft.EntityFrameworkCore.Database.Connection[20006]
      Created DbConnection. (108ms).
dbug: Microsoft.EntityFrameworkCore.Database.Connection[20006]
      Created DbConnection. (109ms).
dbug: Microsoft.EntityFrameworkCore.Database.Connection[20006]
      Created DbConnection. (111ms).
dbug: Microsoft.EntityFrameworkCore.Database.Connection[20006]
      Created DbConnection. (116ms).
dbug: Microsoft.EntityFrameworkCore.Database.Connection[20006]
      Created DbConnection. (117ms).
dbug: Microsoft.EntityFrameworkCore.Database.Connection[20006]
      Created DbConnection. (118ms).
dbug: Microsoft.EntityFrameworkCore.Database.Connection[20000]
      Opening connection to database 'main' on server 'oam_dev.db'.
dbug: Microsoft.EntityFrameworkCore.Database.Connection[20000]
      Opening connection to database 'main' on server 'oam_dev.db'.
dbug: Microsoft.EntityFrameworkCore.Database.Connection[20000]
      Opening connection to database 'main' on server 'oam_dev.db'.
dbug: Microsoft.EntityFrameworkCore.Database.Connection[20000]
      Opening connection to database 'main' on server 'oam_dev.db'.
dbug: Microsoft.EntityFrameworkCore.Database.Connection[20000]
      Opening connection to database 'main' on server 'oam_dev.db'.
dbug: Microsoft.EntityFrameworkCore.Database.Connection[20000]
      Opening connection to database 'main' on server 'oam_dev.db'.
dbug: Microsoft.EntityFrameworkCore.Database.Connection[20000]
      Opening connection to database 'main' on server 'oam_dev.db'.
dbug: Microsoft.EntityFrameworkCore.Database.Connection[20000]
      Opening connection to database 'main' on server 'oam_dev.db'.
dbug: Microsoft.EntityFrameworkCore.Database.Connection[20000]
      Opening connection to database 'main' on server 'oam_dev.db'.
dbug: Microsoft.EntityFrameworkCore.Database.Connection[20000]
      Opening connection to database 'main' on server 'oam_dev.db'.
dbug: Microsoft.EntityFrameworkCore.Database.Connection[20000]
      Opening connection to database 'main' on server 'oam_dev.db'.
dbug: Microsoft.EntityFrameworkCore.Database.Connection[20000]
      Opening connection to database 'main' on server 'oam_dev.db'.
dbug: Microsoft.EntityFrameworkCore.Database.Connection[20000]
      Opening connection to database 'main' on server 'oam_dev.db'.
dbug: Microsoft.EntityFrameworkCore.Database.Connection[20006]
      Created DbConnection. (194ms).
dbug: Microsoft.EntityFrameworkCore.Database.Connection[20001]
      Opened connection to database 'main' on server 'C:\OAM\src\OAM.Api\oam_dev.db'.
dbug: Microsoft.EntityFrameworkCore.Database.Connection[20006]
      Created DbConnection. (195ms).
dbug: Microsoft.EntityFrameworkCore.Database.Connection[20001]
      Opened connection to database 'main' on server 'C:\OAM\src\OAM.Api\oam_dev.db'.
dbug: Microsoft.EntityFrameworkCore.Database.Connection[20000]
      Opening connection to database 'main' on server 'oam_dev.db'.
dbug: Microsoft.EntityFrameworkCore.Database.Connection[20001]
      Opened connection to database 'main' on server 'C:\OAM\src\OAM.Api\oam_dev.db'.
dbug: Microsoft.EntityFrameworkCore.Database.Connection[20006]
      Created DbConnection. (257ms).
dbug: Microsoft.EntityFrameworkCore.Database.Command[20103]
      Creating DbCommand for 'ExecuteReader'.
dbug: Microsoft.EntityFrameworkCore.Database.Command[20103]
      Creating DbCommand for 'ExecuteReader'.
dbug: Microsoft.EntityFrameworkCore.Database.Connection[20001]
      Opened connection to database 'main' on server 'C:\OAM\src\OAM.Api\oam_dev.db'.
dbug: Microsoft.EntityFrameworkCore.Database.Connection[20001]
      Opened connection to database 'main' on server 'C:\OAM\src\OAM.Api\oam_dev.db'.
dbug: Microsoft.EntityFrameworkCore.Database.Command[20103]
      Creating DbCommand for 'ExecuteReader'.
dbug: Microsoft.EntityFrameworkCore.Database.Connection[20000]
      Opening connection to database 'main' on server 'oam_dev.db'.
dbug: Microsoft.EntityFrameworkCore.Database.Connection[20001]
      Opened connection to database 'main' on server 'C:\OAM\src\OAM.Api\oam_dev.db'.
dbug: Microsoft.EntityFrameworkCore.Database.Command[20103]
      Creating DbCommand for 'ExecuteReader'.
dbug: Microsoft.EntityFrameworkCore.Database.Command[20104]
      Created DbCommand for 'ExecuteReader' (33ms).
dbug: Microsoft.EntityFrameworkCore.Database.Connection[20001]
      Opened connection to database 'main' on server 'C:\OAM\src\OAM.Api\oam_dev.db'.
dbug: Microsoft.EntityFrameworkCore.Database.Command[20103]
      Creating DbCommand for 'ExecuteReader'.
dbug: Microsoft.EntityFrameworkCore.Database.Command[20104]
      Created DbCommand for 'ExecuteReader' (2ms).
dbug: Microsoft.EntityFrameworkCore.Database.Connection[20001]
      Opened connection to database 'main' on server 'C:\OAM\src\OAM.Api\oam_dev.db'.
dbug: Microsoft.EntityFrameworkCore.Database.Command[20106]
      Initialized DbCommand for 'ExecuteReader' (37ms).
dbug: Microsoft.EntityFrameworkCore.Database.Command[20106]
      Initialized DbCommand for 'ExecuteReader' (4ms).
dbug: Microsoft.EntityFrameworkCore.Database.Connection[20001]
      Opened connection to database 'main' on server 'C:\OAM\src\OAM.Api\oam_dev.db'.
dbug: Microsoft.EntityFrameworkCore.Database.Command[20100]
      Executing DbCommand [Parameters=[], CommandType='Text', CommandTimeout='30']
      SELECT "i"."Id", "i"."ContexteExecution", "i"."CorrelationId", "i"."DateCreation", "i"."DateDebut", "i"."DateFin", "i"."DefinitionWorkflowId", "i"."DonneesEntree", "i"."Erreur", "i"."Etat", "i"."HashVersionConfig", "d"."Id", "e0"."Id", "e0"."DateDebut", "e0"."DateFin", "e0"."DonneesEntree", "e0"."DonneesSortie", "e0"."Erreur", "e0"."Etat", "e0"."InstanceWorkflowId", "e0"."NomTache", "e0"."NombreTentatives", "e0"."Ordre", "e0"."TypeConnecteur", "d"."Actif", "d"."ContenuYaml", "d"."DateCreation", "d"."DateModification", "d"."Description", "d"."Equipe", "d"."HashVersion", "d"."Nom"
      FROM "InstancesWorkflow" AS "i"
      INNER JOIN "DefinitionsWorkflow" AS "d" ON "i"."DefinitionWorkflowId" = "d"."Id"
      LEFT JOIN (
          SELECT "e"."Id", "e"."DateDebut", "e"."DateFin", "e"."DonneesEntree", "e"."DonneesSortie", "e"."Erreur", "e"."Etat", "e"."InstanceWorkflowId", "e"."NomTache", "e"."NombreTentatives", "e"."Ordre", "e"."TypeConnecteur"
          FROM "ExecutionsTache" AS "e"
          WHERE "e"."Etat" = 'EnErreur'
      ) AS "e0" ON "i"."Id" = "e0"."InstanceWorkflowId"
      WHERE "i"."Etat" = 'EnErreur'
      ORDER BY "i"."DateCreation" DESC, "i"."Id", "d"."Id"
dbug: Microsoft.EntityFrameworkCore.Database.Command[20100]
      Executing DbCommand [Parameters=[], CommandType='Text', CommandTimeout='30']
      SELECT "i"."Id", "i"."ContexteExecution", "i"."CorrelationId", "i"."DateCreation", "i"."DateDebut", "i"."DateFin", "i"."DefinitionWorkflowId", "i"."DonneesEntree", "i"."Erreur", "i"."Etat", "i"."HashVersionConfig", "d"."Id", "d"."Actif", "d"."ContenuYaml", "d"."DateCreation", "d"."DateModification", "d"."Description", "d"."Equipe", "d"."HashVersion", "d"."Nom"
      FROM "InstancesWorkflow" AS "i"
      INNER JOIN "DefinitionsWorkflow" AS "d" ON "i"."DefinitionWorkflowId" = "d"."Id"
      ORDER BY "i"."DateCreation" DESC
dbug: Microsoft.EntityFrameworkCore.Database.Command[20103]
      Creating DbCommand for 'ExecuteReader'.
dbug: Microsoft.EntityFrameworkCore.Database.Command[20104]
      Created DbCommand for 'ExecuteReader' (1ms).
dbug: Microsoft.EntityFrameworkCore.Database.Command[20106]
      Initialized DbCommand for 'ExecuteReader' (3ms).
dbug: Microsoft.EntityFrameworkCore.Database.Command[20100]
      Executing DbCommand [Parameters=[], CommandType='Text', CommandTimeout='30']
      SELECT "d"."Id", "d"."Actif", "d"."ContenuYaml", "d"."DateCreation", "d"."DateModification", "d"."Description", "d"."Equipe", "d"."HashVersion", "d"."Nom"
      FROM "DefinitionsWorkflow" AS "d"
      WHERE "d"."Actif"
      ORDER BY "d"."Nom"
dbug: Microsoft.EntityFrameworkCore.Database.Command[20104]
      Created DbCommand for 'ExecuteReader' (34ms).
dbug: Microsoft.EntityFrameworkCore.Database.Command[20103]
      Creating DbCommand for 'ExecuteReader'.
dbug: Microsoft.EntityFrameworkCore.Database.Command[20104]
      Created DbCommand for 'ExecuteReader' (1ms).
dbug: Microsoft.EntityFrameworkCore.Database.Command[20106]
      Initialized DbCommand for 'ExecuteReader' (1ms).
dbug: Microsoft.EntityFrameworkCore.Database.Connection[20001]
      Opened connection to database 'main' on server 'C:\OAM\src\OAM.Api\oam_dev.db'.
dbug: Microsoft.EntityFrameworkCore.Database.Command[20100]
      Executing DbCommand [Parameters=[], CommandType='Text', CommandTimeout='30']
      SELECT "i"."Id", "i"."ContexteExecution", "i"."CorrelationId", "i"."DateCreation", "i"."DateDebut", "i"."DateFin", "i"."DefinitionWorkflowId", "i"."DonneesEntree", "i"."Erreur", "i"."Etat", "i"."HashVersionConfig", "d"."Id", "e0"."Id", "e0"."DateDebut", "e0"."DateFin", "e0"."DonneesEntree", "e0"."DonneesSortie", "e0"."Erreur", "e0"."Etat", "e0"."InstanceWorkflowId", "e0"."NomTache", "e0"."NombreTentatives", "e0"."Ordre", "e0"."TypeConnecteur", "d"."Actif", "d"."ContenuYaml", "d"."DateCreation", "d"."DateModification", "d"."Description", "d"."Equipe", "d"."HashVersion", "d"."Nom"
      FROM "InstancesWorkflow" AS "i"
      INNER JOIN "DefinitionsWorkflow" AS "d" ON "i"."DefinitionWorkflowId" = "d"."Id"
      LEFT JOIN (
          SELECT "e"."Id", "e"."DateDebut", "e"."DateFin", "e"."DonneesEntree", "e"."DonneesSortie", "e"."Erreur", "e"."Etat", "e"."InstanceWorkflowId", "e"."NomTache", "e"."NombreTentatives", "e"."Ordre", "e"."TypeConnecteur"
          FROM "ExecutionsTache" AS "e"
          WHERE "e"."Etat" = 'EnErreur'
      ) AS "e0" ON "i"."Id" = "e0"."InstanceWorkflowId"
      WHERE "i"."Etat" = 'EnErreur'
      ORDER BY "i"."DateCreation" DESC, "i"."Id", "d"."Id"
dbug: Microsoft.EntityFrameworkCore.Database.Connection[20001]
      Opened connection to database 'main' on server 'C:\OAM\src\OAM.Api\oam_dev.db'.
dbug: Microsoft.EntityFrameworkCore.Database.Command[20103]
      Creating DbCommand for 'ExecuteReader'.
dbug: Microsoft.EntityFrameworkCore.Database.Command[20104]
      Created DbCommand for 'ExecuteReader' (31ms).
dbug: Microsoft.EntityFrameworkCore.Database.Command[20103]
      Creating DbCommand for 'ExecuteReader'.
dbug: Microsoft.EntityFrameworkCore.Database.Command[20106]
      Initialized DbCommand for 'ExecuteReader' (102ms).
dbug: Microsoft.EntityFrameworkCore.Database.Command[20106]
      Initialized DbCommand for 'ExecuteReader' (60ms).
dbug: Microsoft.EntityFrameworkCore.Database.Connection[20001]
      Opened connection to database 'main' on server 'C:\OAM\src\OAM.Api\oam_dev.db'.
dbug: Microsoft.EntityFrameworkCore.Database.Command[20100]
      Executing DbCommand [Parameters=[], CommandType='Text', CommandTimeout='30']
      SELECT "i"."Id", "i"."ContexteExecution", "i"."CorrelationId", "i"."DateCreation", "i"."DateDebut", "i"."DateFin", "i"."DefinitionWorkflowId", "i"."DonneesEntree", "i"."Erreur", "i"."Etat", "i"."HashVersionConfig", "d"."Id", "e0"."Id", "e0"."DateDebut", "e0"."DateFin", "e0"."DonneesEntree", "e0"."DonneesSortie", "e0"."Erreur", "e0"."Etat", "e0"."InstanceWorkflowId", "e0"."NomTache", "e0"."NombreTentatives", "e0"."Ordre", "e0"."TypeConnecteur", "d"."Actif", "d"."ContenuYaml", "d"."DateCreation", "d"."DateModification", "d"."Description", "d"."Equipe", "d"."HashVersion", "d"."Nom"
      FROM "InstancesWorkflow" AS "i"
      INNER JOIN "DefinitionsWorkflow" AS "d" ON "i"."DefinitionWorkflowId" = "d"."Id"
      LEFT JOIN (
          SELECT "e"."Id", "e"."DateDebut", "e"."DateFin", "e"."DonneesEntree", "e"."DonneesSortie", "e"."Erreur", "e"."Etat", "e"."InstanceWorkflowId", "e"."NomTache", "e"."NombreTentatives", "e"."Ordre", "e"."TypeConnecteur"
          FROM "ExecutionsTache" AS "e"
          WHERE "e"."Etat" = 'EnErreur'
      ) AS "e0" ON "i"."Id" = "e0"."InstanceWorkflowId"
      WHERE "i"."Etat" = 'EnErreur'
      ORDER BY "i"."DateCreation" DESC, "i"."Id", "d"."Id"
dbug: Microsoft.EntityFrameworkCore.Database.Connection[20001]
      Opened connection to database 'main' on server 'C:\OAM\src\OAM.Api\oam_dev.db'.
dbug: Microsoft.EntityFrameworkCore.Database.Command[20104]
      Created DbCommand for 'ExecuteReader' (170ms).
dbug: Microsoft.EntityFrameworkCore.Database.Connection[20001]
      Opened connection to database 'main' on server 'C:\OAM\src\OAM.Api\oam_dev.db'.
dbug: Microsoft.EntityFrameworkCore.Database.Command[20103]
      Creating DbCommand for 'ExecuteReader'.
dbug: Microsoft.EntityFrameworkCore.Database.Command[20106]
      Initialized DbCommand for 'ExecuteReader' (174ms).
info: Microsoft.EntityFrameworkCore.Database.Command[20101]
      Executed DbCommand (130ms) [Parameters=[], CommandType='Text', CommandTimeout='30']
      SELECT "i"."Id", "i"."ContexteExecution", "i"."CorrelationId", "i"."DateCreation", "i"."DateDebut", "i"."DateFin", "i"."DefinitionWorkflowId", "i"."DonneesEntree", "i"."Erreur", "i"."Etat", "i"."HashVersionConfig", "d"."Id", "d"."Actif", "d"."ContenuYaml", "d"."DateCreation", "d"."DateModification", "d"."Description", "d"."Equipe", "d"."HashVersion", "d"."Nom"
      FROM "InstancesWorkflow" AS "i"
      INNER JOIN "DefinitionsWorkflow" AS "d" ON "i"."DefinitionWorkflowId" = "d"."Id"
      ORDER BY "i"."DateCreation" DESC
info: Microsoft.EntityFrameworkCore.Database.Command[20101]
      Executed DbCommand (108ms) [Parameters=[], CommandType='Text', CommandTimeout='30']
      SELECT "i"."Id", "i"."ContexteExecution", "i"."CorrelationId", "i"."DateCreation", "i"."DateDebut", "i"."DateFin", "i"."DefinitionWorkflowId", "i"."DonneesEntree", "i"."Erreur", "i"."Etat", "i"."HashVersionConfig", "d"."Id", "e0"."Id", "e0"."DateDebut", "e0"."DateFin", "e0"."DonneesEntree", "e0"."DonneesSortie", "e0"."Erreur", "e0"."Etat", "e0"."InstanceWorkflowId", "e0"."NomTache", "e0"."NombreTentatives", "e0"."Ordre", "e0"."TypeConnecteur", "d"."Actif", "d"."ContenuYaml", "d"."DateCreation", "d"."DateModification", "d"."Description", "d"."Equipe", "d"."HashVersion", "d"."Nom"
      FROM "InstancesWorkflow" AS "i"
      INNER JOIN "DefinitionsWorkflow" AS "d" ON "i"."DefinitionWorkflowId" = "d"."Id"
      LEFT JOIN (
          SELECT "e"."Id", "e"."DateDebut", "e"."DateFin", "e"."DonneesEntree", "e"."DonneesSortie", "e"."Erreur", "e"."Etat", "e"."InstanceWorkflowId", "e"."NomTache", "e"."NombreTentatives", "e"."Ordre", "e"."TypeConnecteur"
          FROM "ExecutionsTache" AS "e"
          WHERE "e"."Etat" = 'EnErreur'
      ) AS "e0" ON "i"."Id" = "e0"."InstanceWorkflowId"
      WHERE "i"."Etat" = 'EnErreur'
      ORDER BY "i"."DateCreation" DESC, "i"."Id", "d"."Id"
dbug: Microsoft.EntityFrameworkCore.Database.Command[20100]
      Executing DbCommand [Parameters=[], CommandType='Text', CommandTimeout='30']
      SELECT "i"."Id", "i"."ContexteExecution", "i"."CorrelationId", "i"."DateCreation", "i"."DateDebut", "i"."DateFin", "i"."DefinitionWorkflowId", "i"."DonneesEntree", "i"."Erreur", "i"."Etat", "i"."HashVersionConfig", "d"."Id", "d"."Actif", "d"."ContenuYaml", "d"."DateCreation", "d"."DateModification", "d"."Description", "d"."Equipe", "d"."HashVersion", "d"."Nom"
      FROM "InstancesWorkflow" AS "i"
      INNER JOIN "DefinitionsWorkflow" AS "d" ON "i"."DefinitionWorkflowId" = "d"."Id"
      ORDER BY "i"."DateCreation" DESC
info: Microsoft.EntityFrameworkCore.Database.Command[20101]
      Executed DbCommand (136ms) [Parameters=[], CommandType='Text', CommandTimeout='30']
      SELECT "i"."Id", "i"."ContexteExecution", "i"."CorrelationId", "i"."DateCreation", "i"."DateDebut", "i"."DateFin", "i"."DefinitionWorkflowId", "i"."DonneesEntree", "i"."Erreur", "i"."Etat", "i"."HashVersionConfig", "d"."Id", "e0"."Id", "e0"."DateDebut", "e0"."DateFin", "e0"."DonneesEntree", "e0"."DonneesSortie", "e0"."Erreur", "e0"."Etat", "e0"."InstanceWorkflowId", "e0"."NomTache", "e0"."NombreTentatives", "e0"."Ordre", "e0"."TypeConnecteur", "d"."Actif", "d"."ContenuYaml", "d"."DateCreation", "d"."DateModification", "d"."Description", "d"."Equipe", "d"."HashVersion", "d"."Nom"
      FROM "InstancesWorkflow" AS "i"
      INNER JOIN "DefinitionsWorkflow" AS "d" ON "i"."DefinitionWorkflowId" = "d"."Id"
      LEFT JOIN (
          SELECT "e"."Id", "e"."DateDebut", "e"."DateFin", "e"."DonneesEntree", "e"."DonneesSortie", "e"."Erreur", "e"."Etat", "e"."InstanceWorkflowId", "e"."NomTache", "e"."NombreTentatives", "e"."Ordre", "e"."TypeConnecteur"
          FROM "ExecutionsTache" AS "e"
          WHERE "e"."Etat" = 'EnErreur'
      ) AS "e0" ON "i"."Id" = "e0"."InstanceWorkflowId"
      WHERE "i"."Etat" = 'EnErreur'
      ORDER BY "i"."DateCreation" DESC, "i"."Id", "d"."Id"
dbug: Microsoft.EntityFrameworkCore.Database.Command[20104]
      Created DbCommand for 'ExecuteReader' (39ms).
info: Microsoft.EntityFrameworkCore.Database.Command[20101]
      Executed DbCommand (43ms) [Parameters=[], CommandType='Text', CommandTimeout='30']
      SELECT "i"."Id", "i"."ContexteExecution", "i"."CorrelationId", "i"."DateCreation", "i"."DateDebut", "i"."DateFin", "i"."DefinitionWorkflowId", "i"."DonneesEntree", "i"."Erreur", "i"."Etat", "i"."HashVersionConfig", "d"."Id", "e0"."Id", "e0"."DateDebut", "e0"."DateFin", "e0"."DonneesEntree", "e0"."DonneesSortie", "e0"."Erreur", "e0"."Etat", "e0"."InstanceWorkflowId", "e0"."NomTache", "e0"."NombreTentatives", "e0"."Ordre", "e0"."TypeConnecteur", "d"."Actif", "d"."ContenuYaml", "d"."DateCreation", "d"."DateModification", "d"."Description", "d"."Equipe", "d"."HashVersion", "d"."Nom"
      FROM "InstancesWorkflow" AS "i"
      INNER JOIN "DefinitionsWorkflow" AS "d" ON "i"."DefinitionWorkflowId" = "d"."Id"
      LEFT JOIN (
          SELECT "e"."Id", "e"."DateDebut", "e"."DateFin", "e"."DonneesEntree", "e"."DonneesSortie", "e"."Erreur", "e"."Etat", "e"."InstanceWorkflowId", "e"."NomTache", "e"."NombreTentatives", "e"."Ordre", "e"."TypeConnecteur"
          FROM "ExecutionsTache" AS "e"
          WHERE "e"."Etat" = 'EnErreur'
      ) AS "e0" ON "i"."Id" = "e0"."InstanceWorkflowId"
      WHERE "i"."Etat" = 'EnErreur'
      ORDER BY "i"."DateCreation" DESC, "i"."Id", "d"."Id"
dbug: Microsoft.EntityFrameworkCore.Database.Command[20106]
      Initialized DbCommand for 'ExecuteReader' (45ms).
dbug: Microsoft.EntityFrameworkCore.Database.Command[20100]
      Executing DbCommand [Parameters=[], CommandType='Text', CommandTimeout='30']
      SELECT "d"."Id", "d"."Actif", "d"."ContenuYaml", "d"."DateCreation", "d"."DateModification", "d"."Description", "d"."Equipe", "d"."HashVersion", "d"."Nom"
      FROM "DefinitionsWorkflow" AS "d"
      WHERE "d"."Actif"
      ORDER BY "d"."Nom"
info: Microsoft.EntityFrameworkCore.Database.Command[20101]
      Executed DbCommand (44ms) [Parameters=[], CommandType='Text', CommandTimeout='30']
      SELECT "i"."Id", "i"."ContexteExecution", "i"."CorrelationId", "i"."DateCreation", "i"."DateDebut", "i"."DateFin", "i"."DefinitionWorkflowId", "i"."DonneesEntree", "i"."Erreur", "i"."Etat", "i"."HashVersionConfig", "d"."Id", "d"."Actif", "d"."ContenuYaml", "d"."DateCreation", "d"."DateModification", "d"."Description", "d"."Equipe", "d"."HashVersion", "d"."Nom"
      FROM "InstancesWorkflow" AS "i"
      INNER JOIN "DefinitionsWorkflow" AS "d" ON "i"."DefinitionWorkflowId" = "d"."Id"
      ORDER BY "i"."DateCreation" DESC
dbug: Microsoft.EntityFrameworkCore.Database.Command[20103]
      Creating DbCommand for 'ExecuteReader'.
info: Microsoft.EntityFrameworkCore.Database.Command[20101]
      Executed DbCommand (25ms) [Parameters=[], CommandType='Text', CommandTimeout='30']
      SELECT "d"."Id", "d"."Actif", "d"."ContenuYaml", "d"."DateCreation", "d"."DateModification", "d"."Description", "d"."Equipe", "d"."HashVersion", "d"."Nom"
      FROM "DefinitionsWorkflow" AS "d"
      WHERE "d"."Actif"
      ORDER BY "d"."Nom"
dbug: Microsoft.EntityFrameworkCore.Database.Command[20104]
      Created DbCommand for 'ExecuteReader' (0ms).
dbug: Microsoft.EntityFrameworkCore.Database.Command[20106]
      Initialized DbCommand for 'ExecuteReader' (3ms).
dbug: Microsoft.EntityFrameworkCore.Database.Command[20100]
      Executing DbCommand [Parameters=[], CommandType='Text', CommandTimeout='30']
      SELECT "i"."Id", "i"."ContexteExecution", "i"."CorrelationId", "i"."DateCreation", "i"."DateDebut", "i"."DateFin", "i"."DefinitionWorkflowId", "i"."DonneesEntree", "i"."Erreur", "i"."Etat", "i"."HashVersionConfig", "d"."Id", "d"."Actif", "d"."ContenuYaml", "d"."DateCreation", "d"."DateModification", "d"."Description", "d"."Equipe", "d"."HashVersion", "d"."Nom"
      FROM "InstancesWorkflow" AS "i"
      INNER JOIN "DefinitionsWorkflow" AS "d" ON "i"."DefinitionWorkflowId" = "d"."Id"
      ORDER BY "i"."DateCreation" DESC
info: Microsoft.EntityFrameworkCore.Database.Command[20101]
      Executed DbCommand (183ms) [Parameters=[], CommandType='Text', CommandTimeout='30']
      SELECT "d"."Id", "d"."Actif", "d"."ContenuYaml", "d"."DateCreation", "d"."DateModification", "d"."Description", "d"."Equipe", "d"."HashVersion", "d"."Nom"
      FROM "DefinitionsWorkflow" AS "d"
      WHERE "d"."Actif"
      ORDER BY "d"."Nom"
dbug: Microsoft.EntityFrameworkCore.Database.Command[20104]
      Created DbCommand for 'ExecuteReader' (114ms).
info: Microsoft.EntityFrameworkCore.Database.Command[20101]
      Executed DbCommand (2ms) [Parameters=[], CommandType='Text', CommandTimeout='30']
      SELECT "i"."Id", "i"."ContexteExecution", "i"."CorrelationId", "i"."DateCreation", "i"."DateDebut", "i"."DateFin", "i"."DefinitionWorkflowId", "i"."DonneesEntree", "i"."Erreur", "i"."Etat", "i"."HashVersionConfig", "d"."Id", "d"."Actif", "d"."ContenuYaml", "d"."DateCreation", "d"."DateModification", "d"."Description", "d"."Equipe", "d"."HashVersion", "d"."Nom"
      FROM "InstancesWorkflow" AS "i"
      INNER JOIN "DefinitionsWorkflow" AS "d" ON "i"."DefinitionWorkflowId" = "d"."Id"
      ORDER BY "i"."DateCreation" DESC
dbug: Microsoft.EntityFrameworkCore.Database.Command[20106]
      Initialized DbCommand for 'ExecuteReader' (135ms).
dbug: Microsoft.EntityFrameworkCore.Database.Command[20100]
      Executing DbCommand [Parameters=[], CommandType='Text', CommandTimeout='30']
      SELECT "i"."Id", "i"."ContexteExecution", "i"."CorrelationId", "i"."DateCreation", "i"."DateDebut", "i"."DateFin", "i"."DefinitionWorkflowId", "i"."DonneesEntree", "i"."Erreur", "i"."Etat", "i"."HashVersionConfig", "d"."Id", "d"."Actif", "d"."ContenuYaml", "d"."DateCreation", "d"."DateModification", "d"."Description", "d"."Equipe", "d"."HashVersion", "d"."Nom"
      FROM "InstancesWorkflow" AS "i"
      INNER JOIN "DefinitionsWorkflow" AS "d" ON "i"."DefinitionWorkflowId" = "d"."Id"
      ORDER BY "i"."DateCreation" DESC
dbug: Microsoft.EntityFrameworkCore.Database.Command[20100]
      Executing DbCommand [Parameters=[], CommandType='Text', CommandTimeout='30']
      SELECT "d"."Id", "d"."Actif", "d"."ContenuYaml", "d"."DateCreation", "d"."DateModification", "d"."Description", "d"."Equipe", "d"."HashVersion", "d"."Nom"
      FROM "DefinitionsWorkflow" AS "d"
      WHERE "d"."Actif"
      ORDER BY "d"."Nom"
dbug: Microsoft.EntityFrameworkCore.Database.Command[20103]
      Creating DbCommand for 'ExecuteReader'.
dbug: Microsoft.EntityFrameworkCore.Database.Command[20104]
      Created DbCommand for 'ExecuteReader' (1ms).
dbug: Microsoft.EntityFrameworkCore.Database.Command[20106]
      Initialized DbCommand for 'ExecuteReader' (2ms).
info: Microsoft.AspNetCore.Routing.EndpointMiddleware[0]
      Executing endpoint 'HTTP: GET /api/definitions/'
dbug: Microsoft.EntityFrameworkCore.Database.Command[20100]
      Executing DbCommand [Parameters=[], CommandType='Text', CommandTimeout='30']
      SELECT "d"."Id", "d"."Actif", "d"."ContenuYaml", "d"."DateCreation", "d"."DateModification", "d"."Description", "d"."Equipe", "d"."HashVersion", "d"."Nom"
      FROM "DefinitionsWorkflow" AS "d"
      WHERE "d"."Actif"
      ORDER BY "d"."Nom"
info: Microsoft.EntityFrameworkCore.Database.Command[20101]
      Executed DbCommand (70ms) [Parameters=[], CommandType='Text', CommandTimeout='30']
      SELECT "i"."Id", "i"."ContexteExecution", "i"."CorrelationId", "i"."DateCreation", "i"."DateDebut", "i"."DateFin", "i"."DefinitionWorkflowId", "i"."DonneesEntree", "i"."Erreur", "i"."Etat", "i"."HashVersionConfig", "d"."Id", "d"."Actif", "d"."ContenuYaml", "d"."DateCreation", "d"."DateModification", "d"."Description", "d"."Equipe", "d"."HashVersion", "d"."Nom"
      FROM "InstancesWorkflow" AS "i"
      INNER JOIN "DefinitionsWorkflow" AS "d" ON "i"."DefinitionWorkflowId" = "d"."Id"
      ORDER BY "i"."DateCreation" DESC
info: Microsoft.EntityFrameworkCore.Database.Command[20101]
      Executed DbCommand (41ms) [Parameters=[], CommandType='Text', CommandTimeout='30']
      SELECT "d"."Id", "d"."Actif", "d"."ContenuYaml", "d"."DateCreation", "d"."DateModification", "d"."Description", "d"."Equipe", "d"."HashVersion", "d"."Nom"
      FROM "DefinitionsWorkflow" AS "d"
      WHERE "d"."Actif"
      ORDER BY "d"."Nom"
dbug: Microsoft.EntityFrameworkCore.Database.Command[20103]
      Creating DbCommand for 'ExecuteReader'.
info: Microsoft.EntityFrameworkCore.Database.Command[20101]
      Executed DbCommand (4ms) [Parameters=[], CommandType='Text', CommandTimeout='30']
      SELECT "d"."Id", "d"."Actif", "d"."ContenuYaml", "d"."DateCreation", "d"."DateModification", "d"."Description", "d"."Equipe", "d"."HashVersion", "d"."Nom"
      FROM "DefinitionsWorkflow" AS "d"
      WHERE "d"."Actif"
      ORDER BY "d"."Nom"
dbug: Microsoft.EntityFrameworkCore.Database.Command[20104]
      Created DbCommand for 'ExecuteReader' (1ms).
dbug: Microsoft.EntityFrameworkCore.Database.Command[20106]
      Initialized DbCommand for 'ExecuteReader' (2ms).
dbug: Microsoft.EntityFrameworkCore.Database.Command[20100]
      Executing DbCommand [Parameters=[], CommandType='Text', CommandTimeout='30']
      SELECT "i"."Id", "i"."ContexteExecution", "i"."CorrelationId", "i"."DateCreation", "i"."DateDebut", "i"."DateFin", "i"."DefinitionWorkflowId", "i"."DonneesEntree", "i"."Erreur", "i"."Etat", "i"."HashVersionConfig", "d"."Id", "d"."Actif", "d"."ContenuYaml", "d"."DateCreation", "d"."DateModification", "d"."Description", "d"."Equipe", "d"."HashVersion", "d"."Nom"
      FROM "InstancesWorkflow" AS "i"
      INNER JOIN "DefinitionsWorkflow" AS "d" ON "i"."DefinitionWorkflowId" = "d"."Id"
      ORDER BY "i"."DateCreation" DESC
dbug: Microsoft.EntityFrameworkCore.Database.Command[20104]
      Created DbCommand for 'ExecuteReader' (384ms).
dbug: Microsoft.EntityFrameworkCore.Database.Command[20106]
      Initialized DbCommand for 'ExecuteReader' (386ms).
dbug: Microsoft.EntityFrameworkCore.Database.Connection[20001]
      Opened connection to database 'main' on server 'C:\OAM\src\OAM.Api\oam_dev.db'.
dbug: Microsoft.EntityFrameworkCore.Database.Command[20100]
      Executing DbCommand [Parameters=[], CommandType='Text', CommandTimeout='30']
      SELECT "i"."Id", "i"."ContexteExecution", "i"."CorrelationId", "i"."DateCreation", "i"."DateDebut", "i"."DateFin", "i"."DefinitionWorkflowId", "i"."DonneesEntree", "i"."Erreur", "i"."Etat", "i"."HashVersionConfig", "d"."Id", "e0"."Id", "e0"."DateDebut", "e0"."DateFin", "e0"."DonneesEntree", "e0"."DonneesSortie", "e0"."Erreur", "e0"."Etat", "e0"."InstanceWorkflowId", "e0"."NomTache", "e0"."NombreTentatives", "e0"."Ordre", "e0"."TypeConnecteur", "d"."Actif", "d"."ContenuYaml", "d"."DateCreation", "d"."DateModification", "d"."Description", "d"."Equipe", "d"."HashVersion", "d"."Nom"
      FROM "InstancesWorkflow" AS "i"
      INNER JOIN "DefinitionsWorkflow" AS "d" ON "i"."DefinitionWorkflowId" = "d"."Id"
      LEFT JOIN (
          SELECT "e"."Id", "e"."DateDebut", "e"."DateFin", "e"."DonneesEntree", "e"."DonneesSortie", "e"."Erreur", "e"."Etat", "e"."InstanceWorkflowId", "e"."NomTache", "e"."NombreTentatives", "e"."Ordre", "e"."TypeConnecteur"
          FROM "ExecutionsTache" AS "e"
          WHERE "e"."Etat" = 'EnErreur'
      ) AS "e0" ON "i"."Id" = "e0"."InstanceWorkflowId"
      WHERE "i"."Etat" = 'EnErreur'
      ORDER BY "i"."DateCreation" DESC, "i"."Id", "d"."Id"
info: Microsoft.EntityFrameworkCore.Database.Command[20101]
      Executed DbCommand (6ms) [Parameters=[], CommandType='Text', CommandTimeout='30']
      SELECT "i"."Id", "i"."ContexteExecution", "i"."CorrelationId", "i"."DateCreation", "i"."DateDebut", "i"."DateFin", "i"."DefinitionWorkflowId", "i"."DonneesEntree", "i"."Erreur", "i"."Etat", "i"."HashVersionConfig", "d"."Id", "d"."Actif", "d"."ContenuYaml", "d"."DateCreation", "d"."DateModification", "d"."Description", "d"."Equipe", "d"."HashVersion", "d"."Nom"
      FROM "InstancesWorkflow" AS "i"
      INNER JOIN "DefinitionsWorkflow" AS "d" ON "i"."DefinitionWorkflowId" = "d"."Id"
      ORDER BY "i"."DateCreation" DESC
info: Microsoft.EntityFrameworkCore.Database.Command[20101]
      Executed DbCommand (26ms) [Parameters=[], CommandType='Text', CommandTimeout='30']
      SELECT "i"."Id", "i"."ContexteExecution", "i"."CorrelationId", "i"."DateCreation", "i"."DateDebut", "i"."DateFin", "i"."DefinitionWorkflowId", "i"."DonneesEntree", "i"."Erreur", "i"."Etat", "i"."HashVersionConfig", "d"."Id", "e0"."Id", "e0"."DateDebut", "e0"."DateFin", "e0"."DonneesEntree", "e0"."DonneesSortie", "e0"."Erreur", "e0"."Etat", "e0"."InstanceWorkflowId", "e0"."NomTache", "e0"."NombreTentatives", "e0"."Ordre", "e0"."TypeConnecteur", "d"."Actif", "d"."ContenuYaml", "d"."DateCreation", "d"."DateModification", "d"."Description", "d"."Equipe", "d"."HashVersion", "d"."Nom"
      FROM "InstancesWorkflow" AS "i"
      INNER JOIN "DefinitionsWorkflow" AS "d" ON "i"."DefinitionWorkflowId" = "d"."Id"
      LEFT JOIN (
          SELECT "e"."Id", "e"."DateDebut", "e"."DateFin", "e"."DonneesEntree", "e"."DonneesSortie", "e"."Erreur", "e"."Etat", "e"."InstanceWorkflowId", "e"."NomTache", "e"."NombreTentatives", "e"."Ordre", "e"."TypeConnecteur"
          FROM "ExecutionsTache" AS "e"
          WHERE "e"."Etat" = 'EnErreur'
      ) AS "e0" ON "i"."Id" = "e0"."InstanceWorkflowId"
      WHERE "i"."Etat" = 'EnErreur'
      ORDER BY "i"."DateCreation" DESC, "i"."Id", "d"."Id"
dbug: Microsoft.EntityFrameworkCore.Database.Command[20103]
      Creating DbCommand for 'ExecuteReader'.
dbug: Microsoft.EntityFrameworkCore.Database.Command[20104]
      Created DbCommand for 'ExecuteReader' (2ms).
dbug: Microsoft.EntityFrameworkCore.Database.Command[20103]
      Creating DbCommand for 'ExecuteReader'.
dbug: Microsoft.EntityFrameworkCore.Database.Connection[20006]
      Created DbConnection. (733ms).
dbug: Microsoft.EntityFrameworkCore.Database.Connection[20000]
      Opening connection to database 'main' on server 'oam_dev.db'.
dbug: Microsoft.EntityFrameworkCore.Database.Command[20106]
      Initialized DbCommand for 'ExecuteReader' (30ms).
dbug: Microsoft.EntityFrameworkCore.Database.Command[20104]
      Created DbCommand for 'ExecuteReader' (28ms).
dbug: Microsoft.EntityFrameworkCore.Database.Command[20100]
      Executing DbCommand [Parameters=[], CommandType='Text', CommandTimeout='30']
      SELECT "i"."Id", "i"."ContexteExecution", "i"."CorrelationId", "i"."DateCreation", "i"."DateDebut", "i"."DateFin", "i"."DefinitionWorkflowId", "i"."DonneesEntree", "i"."Erreur", "i"."Etat", "i"."HashVersionConfig", "d"."Id", "e0"."Id", "e0"."DateDebut", "e0"."DateFin", "e0"."DonneesEntree", "e0"."DonneesSortie", "e0"."Erreur", "e0"."Etat", "e0"."InstanceWorkflowId", "e0"."NomTache", "e0"."NombreTentatives", "e0"."Ordre", "e0"."TypeConnecteur", "d"."Actif", "d"."ContenuYaml", "d"."DateCreation", "d"."DateModification", "d"."Description", "d"."Equipe", "d"."HashVersion", "d"."Nom"
      FROM "InstancesWorkflow" AS "i"
      INNER JOIN "DefinitionsWorkflow" AS "d" ON "i"."DefinitionWorkflowId" = "d"."Id"
      LEFT JOIN (
          SELECT "e"."Id", "e"."DateDebut", "e"."DateFin", "e"."DonneesEntree", "e"."DonneesSortie", "e"."Erreur", "e"."Etat", "e"."InstanceWorkflowId", "e"."NomTache", "e"."NombreTentatives", "e"."Ordre", "e"."TypeConnecteur"
          FROM "ExecutionsTache" AS "e"
          WHERE "e"."Etat" = 'EnErreur'
      ) AS "e0" ON "i"."Id" = "e0"."InstanceWorkflowId"
      WHERE "i"."Etat" = 'EnErreur'
      ORDER BY "i"."DateCreation" DESC, "i"."Id", "d"."Id"
dbug: Microsoft.EntityFrameworkCore.Database.Command[20106]
      Initialized DbCommand for 'ExecuteReader' (54ms).
dbug: Microsoft.EntityFrameworkCore.Database.Connection[20000]
      Opening connection to database 'main' on server 'oam_dev.db'.
dbug: Microsoft.EntityFrameworkCore.Database.Connection[20001]
      Opened connection to database 'main' on server 'C:\OAM\src\OAM.Api\oam_dev.db'.
dbug: Microsoft.EntityFrameworkCore.Database.Command[20100]
      Executing DbCommand [Parameters=[], CommandType='Text', CommandTimeout='30']
      SELECT "d"."Id", "d"."Actif", "d"."ContenuYaml", "d"."DateCreation", "d"."DateModification", "d"."Description", "d"."Equipe", "d"."HashVersion", "d"."Nom"
      FROM "DefinitionsWorkflow" AS "d"
      WHERE "d"."Actif"
      ORDER BY "d"."Nom"
dbug: Microsoft.EntityFrameworkCore.Database.Command[20103]
      Creating DbCommand for 'ExecuteReader'.
info: Microsoft.EntityFrameworkCore.Database.Command[20101]
      Executed DbCommand (64ms) [Parameters=[], CommandType='Text', CommandTimeout='30']
      SELECT "i"."Id", "i"."ContexteExecution", "i"."CorrelationId", "i"."DateCreation", "i"."DateDebut", "i"."DateFin", "i"."DefinitionWorkflowId", "i"."DonneesEntree", "i"."Erreur", "i"."Etat", "i"."HashVersionConfig", "d"."Id", "e0"."Id", "e0"."DateDebut", "e0"."DateFin", "e0"."DonneesEntree", "e0"."DonneesSortie", "e0"."Erreur", "e0"."Etat", "e0"."InstanceWorkflowId", "e0"."NomTache", "e0"."NombreTentatives", "e0"."Ordre", "e0"."TypeConnecteur", "d"."Actif", "d"."ContenuYaml", "d"."DateCreation", "d"."DateModification", "d"."Description", "d"."Equipe", "d"."HashVersion", "d"."Nom"
      FROM "InstancesWorkflow" AS "i"
      INNER JOIN "DefinitionsWorkflow" AS "d" ON "i"."DefinitionWorkflowId" = "d"."Id"
      LEFT JOIN (
          SELECT "e"."Id", "e"."DateDebut", "e"."DateFin", "e"."DonneesEntree", "e"."DonneesSortie", "e"."Erreur", "e"."Etat", "e"."InstanceWorkflowId", "e"."NomTache", "e"."NombreTentatives", "e"."Ordre", "e"."TypeConnecteur"
          FROM "ExecutionsTache" AS "e"
          WHERE "e"."Etat" = 'EnErreur'
      ) AS "e0" ON "i"."Id" = "e0"."InstanceWorkflowId"
      WHERE "i"."Etat" = 'EnErreur'
      ORDER BY "i"."DateCreation" DESC, "i"."Id", "d"."Id"
dbug: Microsoft.EntityFrameworkCore.Database.Command[20104]
      Created DbCommand for 'ExecuteReader' (24ms).
dbug: Microsoft.EntityFrameworkCore.Database.Connection[20001]
      Opened connection to database 'main' on server 'C:\OAM\src\OAM.Api\oam_dev.db'.
dbug: Microsoft.EntityFrameworkCore.Database.Command[20103]
      Creating DbCommand for 'ExecuteReader'.
info: Microsoft.EntityFrameworkCore.Database.Command[20101]
      Executed DbCommand (89ms) [Parameters=[], CommandType='Text', CommandTimeout='30']
      SELECT "d"."Id", "d"."Actif", "d"."ContenuYaml", "d"."DateCreation", "d"."DateModification", "d"."Description", "d"."Equipe", "d"."HashVersion", "d"."Nom"
      FROM "DefinitionsWorkflow" AS "d"
      WHERE "d"."Actif"
      ORDER BY "d"."Nom"
dbug: Microsoft.EntityFrameworkCore.Database.Command[20106]
      Initialized DbCommand for 'ExecuteReader' (87ms).
dbug: Microsoft.EntityFrameworkCore.Database.Command[20100]
      Executing DbCommand [Parameters=[], CommandType='Text', CommandTimeout='30']
      SELECT "i"."Id", "i"."ContexteExecution", "i"."CorrelationId", "i"."DateCreation", "i"."DateDebut", "i"."DateFin", "i"."DefinitionWorkflowId", "i"."DonneesEntree", "i"."Erreur", "i"."Etat", "i"."HashVersionConfig", "d"."Id", "d"."Actif", "d"."ContenuYaml", "d"."DateCreation", "d"."DateModification", "d"."Description", "d"."Equipe", "d"."HashVersion", "d"."Nom"
      FROM "InstancesWorkflow" AS "i"
      INNER JOIN "DefinitionsWorkflow" AS "d" ON "i"."DefinitionWorkflowId" = "d"."Id"
      ORDER BY "i"."DateCreation" DESC
dbug: Microsoft.EntityFrameworkCore.Database.Command[20104]
      Created DbCommand for 'ExecuteReader' (4ms).
dbug: Microsoft.EntityFrameworkCore.Infrastructure[10403]
      Entity Framework Core 10.0.5 initialized 'OamDbContext' using provider 'Microsoft.EntityFrameworkCore.Sqlite:10.0.5' with options: None
dbug: Microsoft.EntityFrameworkCore.Database.Command[20106]
      Initialized DbCommand for 'ExecuteReader' (29ms).
info: Microsoft.EntityFrameworkCore.Database.Command[20101]
      Executed DbCommand (27ms) [Parameters=[], CommandType='Text', CommandTimeout='30']
      SELECT "i"."Id", "i"."ContexteExecution", "i"."CorrelationId", "i"."DateCreation", "i"."DateDebut", "i"."DateFin", "i"."DefinitionWorkflowId", "i"."DonneesEntree", "i"."Erreur", "i"."Etat", "i"."HashVersionConfig", "d"."Id", "d"."Actif", "d"."ContenuYaml", "d"."DateCreation", "d"."DateModification", "d"."Description", "d"."Equipe", "d"."HashVersion", "d"."Nom"
      FROM "InstancesWorkflow" AS "i"
      INNER JOIN "DefinitionsWorkflow" AS "d" ON "i"."DefinitionWorkflowId" = "d"."Id"
      ORDER BY "i"."DateCreation" DESC
dbug: Microsoft.EntityFrameworkCore.Database.Command[20100]
      Executing DbCommand [Parameters=[], CommandType='Text', CommandTimeout='30']
      SELECT "i"."Id", "i"."ContexteExecution", "i"."CorrelationId", "i"."DateCreation", "i"."DateDebut", "i"."DateFin", "i"."DefinitionWorkflowId", "i"."DonneesEntree", "i"."Erreur", "i"."Etat", "i"."HashVersionConfig", "d"."Id", "d"."Actif", "d"."ContenuYaml", "d"."DateCreation", "d"."DateModification", "d"."Description", "d"."Equipe", "d"."HashVersion", "d"."Nom"
      FROM "InstancesWorkflow" AS "i"
      INNER JOIN "DefinitionsWorkflow" AS "d" ON "i"."DefinitionWorkflowId" = "d"."Id"
      ORDER BY "i"."DateCreation" DESC
info: Microsoft.EntityFrameworkCore.Database.Command[20101]
      Executed DbCommand (34ms) [Parameters=[], CommandType='Text', CommandTimeout='30']
      SELECT "i"."Id", "i"."ContexteExecution", "i"."CorrelationId", "i"."DateCreation", "i"."DateDebut", "i"."DateFin", "i"."DefinitionWorkflowId", "i"."DonneesEntree", "i"."Erreur", "i"."Etat", "i"."HashVersionConfig", "d"."Id", "d"."Actif", "d"."ContenuYaml", "d"."DateCreation", "d"."DateModification", "d"."Description", "d"."Equipe", "d"."HashVersion", "d"."Nom"
      FROM "InstancesWorkflow" AS "i"
      INNER JOIN "DefinitionsWorkflow" AS "d" ON "i"."DefinitionWorkflowId" = "d"."Id"
      ORDER BY "i"."DateCreation" DESC
dbug: Microsoft.EntityFrameworkCore.Database.Connection[20005]
      Creating DbConnection.
dbug: Microsoft.EntityFrameworkCore.Database.Connection[20006]
      Created DbConnection. (30ms).
dbug: Microsoft.EntityFrameworkCore.Database.Connection[20000]
      Opening connection to database 'main' on server 'oam_dev.db'.
dbug: Microsoft.EntityFrameworkCore.Database.Connection[20001]
      Opened connection to database 'main' on server 'C:\OAM\src\OAM.Api\oam_dev.db'.
dbug: Microsoft.EntityFrameworkCore.Database.Command[20103]
      Creating DbCommand for 'ExecuteReader'.
dbug: Microsoft.EntityFrameworkCore.Database.Command[20104]
      Created DbCommand for 'ExecuteReader' (1ms).
dbug: Microsoft.EntityFrameworkCore.Database.Command[20106]
      Initialized DbCommand for 'ExecuteReader' (25ms).
dbug: Microsoft.EntityFrameworkCore.Database.Command[20100]
      Executing DbCommand [Parameters=[], CommandType='Text', CommandTimeout='30']
      SELECT "d"."Id", "d"."Actif", "d"."ContenuYaml", "d"."DateCreation", "d"."DateModification", "d"."Description", "d"."Equipe", "d"."HashVersion", "d"."Nom"
      FROM "DefinitionsWorkflow" AS "d"
      WHERE "d"."Actif"
      ORDER BY "d"."Nom"
info: Microsoft.EntityFrameworkCore.Database.Command[20101]
      Executed DbCommand (2ms) [Parameters=[], CommandType='Text', CommandTimeout='30']
      SELECT "d"."Id", "d"."Actif", "d"."ContenuYaml", "d"."DateCreation", "d"."DateModification", "d"."Description", "d"."Equipe", "d"."HashVersion", "d"."Nom"
      FROM "DefinitionsWorkflow" AS "d"
      WHERE "d"."Actif"
      ORDER BY "d"."Nom"
dbug: Microsoft.EntityFrameworkCore.ChangeTracking[10806]
      Context 'OamDbContext' started tracking 'InstanceWorkflow' entity. Consider using 'DbContextOptionsBuilder.EnableSensitiveDataLogging' to see key values.
dbug: Microsoft.EntityFrameworkCore.ChangeTracking[10806]
      Context 'OamDbContext' started tracking 'DefinitionWorkflow' entity. Consider using 'DbContextOptionsBuilder.EnableSensitiveDataLogging' to see key values.
dbug: Microsoft.EntityFrameworkCore.ChangeTracking[10806]
      Context 'OamDbContext' started tracking 'InstanceWorkflow' entity. Consider using 'DbContextOptionsBuilder.EnableSensitiveDataLogging' to see key values.
dbug: Microsoft.EntityFrameworkCore.ChangeTracking[10806]
      Context 'OamDbContext' started tracking 'InstanceWorkflow' entity. Consider using 'DbContextOptionsBuilder.EnableSensitiveDataLogging' to see key values.
dbug: Microsoft.EntityFrameworkCore.ChangeTracking[10806]
      Context 'OamDbContext' started tracking 'InstanceWorkflow' entity. Consider using 'DbContextOptionsBuilder.EnableSensitiveDataLogging' to see key values.
dbug: Microsoft.EntityFrameworkCore.ChangeTracking[10806]
      Context 'OamDbContext' started tracking 'InstanceWorkflow' entity. Consider using 'DbContextOptionsBuilder.EnableSensitiveDataLogging' to see key values.
dbug: Microsoft.EntityFrameworkCore.ChangeTracking[10806]
      Context 'OamDbContext' started tracking 'DefinitionWorkflow' entity. Consider using 'DbContextOptionsBuilder.EnableSensitiveDataLogging' to see key values.
dbug: Microsoft.EntityFrameworkCore.ChangeTracking[10806]
      Context 'OamDbContext' started tracking 'DefinitionWorkflow' entity. Consider using 'DbContextOptionsBuilder.EnableSensitiveDataLogging' to see key values.
dbug: Microsoft.EntityFrameworkCore.ChangeTracking[10806]
      Context 'OamDbContext' started tracking 'InstanceWorkflow' entity. Consider using 'DbContextOptionsBuilder.EnableSensitiveDataLogging' to see key values.
dbug: Microsoft.EntityFrameworkCore.ChangeTracking[10806]
      Context 'OamDbContext' started tracking 'InstanceWorkflow' entity. Consider using 'DbContextOptionsBuilder.EnableSensitiveDataLogging' to see key values.
dbug: Microsoft.EntityFrameworkCore.ChangeTracking[10806]
      Context 'OamDbContext' started tracking 'InstanceWorkflow' entity. Consider using 'DbContextOptionsBuilder.EnableSensitiveDataLogging' to see key values.
dbug: Microsoft.EntityFrameworkCore.ChangeTracking[10806]
      Context 'OamDbContext' started tracking 'InstanceWorkflow' entity. Consider using 'DbContextOptionsBuilder.EnableSensitiveDataLogging' to see key values.
dbug: Microsoft.EntityFrameworkCore.ChangeTracking[10806]
      Context 'OamDbContext' started tracking 'DefinitionWorkflow' entity. Consider using 'DbContextOptionsBuilder.EnableSensitiveDataLogging' to see key values.
dbug: Microsoft.EntityFrameworkCore.ChangeTracking[10806]
      Context 'OamDbContext' started tracking 'DefinitionWorkflow' entity. Consider using 'DbContextOptionsBuilder.EnableSensitiveDataLogging' to see key values.
dbug: Microsoft.EntityFrameworkCore.ChangeTracking[10806]
      Context 'OamDbContext' started tracking 'InstanceWorkflow' entity. Consider using 'DbContextOptionsBuilder.EnableSensitiveDataLogging' to see key values.
dbug: Microsoft.EntityFrameworkCore.ChangeTracking[10806]
      Context 'OamDbContext' started tracking 'InstanceWorkflow' entity. Consider using 'DbContextOptionsBuilder.EnableSensitiveDataLogging' to see key values.
dbug: Microsoft.EntityFrameworkCore.ChangeTracking[10806]
      Context 'OamDbContext' started tracking 'InstanceWorkflow' entity. Consider using 'DbContextOptionsBuilder.EnableSensitiveDataLogging' to see key values.
dbug: Microsoft.EntityFrameworkCore.ChangeTracking[10806]
      Context 'OamDbContext' started tracking 'DefinitionWorkflow' entity. Consider using 'DbContextOptionsBuilder.EnableSensitiveDataLogging' to see key values.
info: Microsoft.AspNetCore.Routing.EndpointMiddleware[0]
      Executing endpoint 'HTTP: GET /api/instances/erreurs'
dbug: Microsoft.EntityFrameworkCore.Infrastructure[10403]
      Entity Framework Core 10.0.5 initialized 'OamDbContext' using provider 'Microsoft.EntityFrameworkCore.Sqlite:10.0.5' with options: None
dbug: Microsoft.EntityFrameworkCore.Database.Connection[20005]
      Creating DbConnection.
dbug: Microsoft.EntityFrameworkCore.Database.Connection[20006]
      Created DbConnection. (1ms).
dbug: Microsoft.EntityFrameworkCore.Database.Connection[20000]
      Opening connection to database 'main' on server 'oam_dev.db'.
dbug: Microsoft.EntityFrameworkCore.Database.Connection[20001]
      Opened connection to database 'main' on server 'C:\OAM\src\OAM.Api\oam_dev.db'.
dbug: Microsoft.EntityFrameworkCore.Database.Command[20103]
      Creating DbCommand for 'ExecuteReader'.
dbug: Microsoft.EntityFrameworkCore.Database.Command[20104]
      Created DbCommand for 'ExecuteReader' (1ms).
dbug: Microsoft.EntityFrameworkCore.Database.Command[20106]
      Initialized DbCommand for 'ExecuteReader' (2ms).
dbug: Microsoft.EntityFrameworkCore.Database.Command[20100]
      Executing DbCommand [Parameters=[], CommandType='Text', CommandTimeout='30']
      SELECT "i"."Id", "i"."ContexteExecution", "i"."CorrelationId", "i"."DateCreation", "i"."DateDebut", "i"."DateFin", "i"."DefinitionWorkflowId", "i"."DonneesEntree", "i"."Erreur", "i"."Etat", "i"."HashVersionConfig", "d"."Id", "e0"."Id", "e0"."DateDebut", "e0"."DateFin", "e0"."DonneesEntree", "e0"."DonneesSortie", "e0"."Erreur", "e0"."Etat", "e0"."InstanceWorkflowId", "e0"."NomTache", "e0"."NombreTentatives", "e0"."Ordre", "e0"."TypeConnecteur", "d"."Actif", "d"."ContenuYaml", "d"."DateCreation", "d"."DateModification", "d"."Description", "d"."Equipe", "d"."HashVersion", "d"."Nom"
      FROM "InstancesWorkflow" AS "i"
      INNER JOIN "DefinitionsWorkflow" AS "d" ON "i"."DefinitionWorkflowId" = "d"."Id"
      LEFT JOIN (
          SELECT "e"."Id", "e"."DateDebut", "e"."DateFin", "e"."DonneesEntree", "e"."DonneesSortie", "e"."Erreur", "e"."Etat", "e"."InstanceWorkflowId", "e"."NomTache", "e"."NombreTentatives", "e"."Ordre", "e"."TypeConnecteur"
          FROM "ExecutionsTache" AS "e"
          WHERE "e"."Etat" = 'EnErreur'
      ) AS "e0" ON "i"."Id" = "e0"."InstanceWorkflowId"
      WHERE "i"."Etat" = 'EnErreur'
      ORDER BY "i"."DateCreation" DESC, "i"."Id", "d"."Id"
info: Microsoft.EntityFrameworkCore.Database.Command[20101]
      Executed DbCommand (2ms) [Parameters=[], CommandType='Text', CommandTimeout='30']
      SELECT "i"."Id", "i"."ContexteExecution", "i"."CorrelationId", "i"."DateCreation", "i"."DateDebut", "i"."DateFin", "i"."DefinitionWorkflowId", "i"."DonneesEntree", "i"."Erreur", "i"."Etat", "i"."HashVersionConfig", "d"."Id", "e0"."Id", "e0"."DateDebut", "e0"."DateFin", "e0"."DonneesEntree", "e0"."DonneesSortie", "e0"."Erreur", "e0"."Etat", "e0"."InstanceWorkflowId", "e0"."NomTache", "e0"."NombreTentatives", "e0"."Ordre", "e0"."TypeConnecteur", "d"."Actif", "d"."ContenuYaml", "d"."DateCreation", "d"."DateModification", "d"."Description", "d"."Equipe", "d"."HashVersion", "d"."Nom"
      FROM "InstancesWorkflow" AS "i"
      INNER JOIN "DefinitionsWorkflow" AS "d" ON "i"."DefinitionWorkflowId" = "d"."Id"
      LEFT JOIN (
          SELECT "e"."Id", "e"."DateDebut", "e"."DateFin", "e"."DonneesEntree", "e"."DonneesSortie", "e"."Erreur", "e"."Etat", "e"."InstanceWorkflowId", "e"."NomTache", "e"."NombreTentatives", "e"."Ordre", "e"."TypeConnecteur"
          FROM "ExecutionsTache" AS "e"
          WHERE "e"."Etat" = 'EnErreur'
      ) AS "e0" ON "i"."Id" = "e0"."InstanceWorkflowId"
      WHERE "i"."Etat" = 'EnErreur'
      ORDER BY "i"."DateCreation" DESC, "i"."Id", "d"."Id"
dbug: Microsoft.EntityFrameworkCore.ChangeTracking[10806]
      Context 'OamDbContext' started tracking 'InstanceWorkflow' entity. Consider using 'DbContextOptionsBuilder.EnableSensitiveDataLogging' to see key values.
dbug: Microsoft.EntityFrameworkCore.Database.Command[20301]
      Closing data reader to 'main' on server 'C:\OAM\src\OAM.Api\oam_dev.db'.
dbug: Microsoft.EntityFrameworkCore.Database.Command[20301]
      Closing data reader to 'main' on server 'C:\OAM\src\OAM.Api\oam_dev.db'.
dbug: Microsoft.EntityFrameworkCore.Database.Command[20301]
      Closing data reader to 'main' on server 'C:\OAM\src\OAM.Api\oam_dev.db'.
dbug: Microsoft.EntityFrameworkCore.Database.Command[20301]
      Closing data reader to 'main' on server 'C:\OAM\src\OAM.Api\oam_dev.db'.
dbug: Microsoft.EntityFrameworkCore.Database.Command[20301]
      Closing data reader to 'main' on server 'C:\OAM\src\OAM.Api\oam_dev.db'.
dbug: Microsoft.EntityFrameworkCore.Database.Command[20301]
      Closing data reader to 'main' on server 'C:\OAM\src\OAM.Api\oam_dev.db'.
dbug: Microsoft.EntityFrameworkCore.Database.Command[20300]
      A data reader for 'main' on server 'C:\OAM\src\OAM.Api\oam_dev.db' is being disposed after spending 683ms reading results.
dbug: Microsoft.EntityFrameworkCore.Database.Command[20300]
      A data reader for 'main' on server 'C:\OAM\src\OAM.Api\oam_dev.db' is being disposed after spending 496ms reading results.
dbug: Microsoft.EntityFrameworkCore.Database.Command[20300]
      A data reader for 'main' on server 'C:\OAM\src\OAM.Api\oam_dev.db' is being disposed after spending 794ms reading results.
dbug: Microsoft.EntityFrameworkCore.Database.Command[20300]
      A data reader for 'main' on server 'C:\OAM\src\OAM.Api\oam_dev.db' is being disposed after spending 684ms reading results.
dbug: Microsoft.EntityFrameworkCore.Database.Command[20300]
      A data reader for 'main' on server 'C:\OAM\src\OAM.Api\oam_dev.db' is being disposed after spending 280ms reading results.
dbug: Microsoft.EntityFrameworkCore.Database.Command[20300]
      A data reader for 'main' on server 'C:\OAM\src\OAM.Api\oam_dev.db' is being disposed after spending 853ms reading results.
dbug: Microsoft.EntityFrameworkCore.Database.Connection[20002]
      Closing connection to database 'main' on server 'C:\OAM\src\OAM.Api\oam_dev.db'.
dbug: Microsoft.EntityFrameworkCore.Database.Connection[20002]
      Closing connection to database 'main' on server 'C:\OAM\src\OAM.Api\oam_dev.db'.
dbug: Microsoft.EntityFrameworkCore.Database.Connection[20002]
      Closing connection to database 'main' on server 'C:\OAM\src\OAM.Api\oam_dev.db'.
dbug: Microsoft.EntityFrameworkCore.Database.Connection[20002]
      Closing connection to database 'main' on server 'C:\OAM\src\OAM.Api\oam_dev.db'.
dbug: Microsoft.EntityFrameworkCore.Database.Connection[20002]
      Closing connection to database 'main' on server 'C:\OAM\src\OAM.Api\oam_dev.db'.
dbug: Microsoft.EntityFrameworkCore.Database.Connection[20002]
      Closing connection to database 'main' on server 'C:\OAM\src\OAM.Api\oam_dev.db'.
dbug: Microsoft.EntityFrameworkCore.Database.Connection[20003]
      Closed connection to database 'main' on server 'oam_dev.db' (6ms).
dbug: Microsoft.EntityFrameworkCore.Database.Connection[20003]
      Closed connection to database 'main' on server 'oam_dev.db' (6ms).
dbug: Microsoft.EntityFrameworkCore.Database.Connection[20003]
      Closed connection to database 'main' on server 'oam_dev.db' (4ms).
dbug: Microsoft.EntityFrameworkCore.Database.Connection[20003]
      Closed connection to database 'main' on server 'oam_dev.db' (6ms).
dbug: Microsoft.EntityFrameworkCore.Database.Connection[20003]
      Closed connection to database 'main' on server 'oam_dev.db' (5ms).
dbug: Microsoft.EntityFrameworkCore.Database.Connection[20003]
      Closed connection to database 'main' on server 'oam_dev.db' (5ms).
info: Microsoft.AspNetCore.Http.Result.OkObjectResult[1]
      Setting HTTP status code 200.
info: Microsoft.AspNetCore.Http.Result.OkObjectResult[1]
      Setting HTTP status code 200.
info: Microsoft.AspNetCore.Http.Result.OkObjectResult[1]
      Setting HTTP status code 200.
info: Microsoft.AspNetCore.Http.Result.OkObjectResult[1]
      Setting HTTP status code 200.
info: Microsoft.AspNetCore.Http.Result.OkObjectResult[1]
      Setting HTTP status code 200.
info: Microsoft.AspNetCore.Http.Result.OkObjectResult[1]
      Setting HTTP status code 200.
info: Microsoft.AspNetCore.Http.Result.OkObjectResult[3]
      Writing value of type 'ListSelectIterator`2' as Json.
info: Microsoft.AspNetCore.Http.Result.OkObjectResult[3]
      Writing value of type 'ListSelectIterator`2' as Json.
info: Microsoft.AspNetCore.Http.Result.OkObjectResult[3]
      Writing value of type 'ListSelectIterator`2' as Json.
info: Microsoft.AspNetCore.Http.Result.OkObjectResult[3]
      Writing value of type 'ListSelectIterator`2' as Json.
info: Microsoft.AspNetCore.Http.Result.OkObjectResult[3]
      Writing value of type 'ListSelectIterator`2' as Json.
info: Microsoft.AspNetCore.Http.Result.OkObjectResult[3]
      Writing value of type 'ListSelectIterator`2' as Json.
dbug: Microsoft.EntityFrameworkCore.ChangeTracking[10805]
      The navigation 'InstanceWorkflow.DefinitionWorkflow' was detected as changed. Consider using 'DbContextOptionsBuilder.EnableSensitiveDataLogging' to see key values.
dbug: Microsoft.EntityFrameworkCore.ChangeTracking[10805]
      The navigation 'InstanceWorkflow.DefinitionWorkflow' was detected as changed. Consider using 'DbContextOptionsBuilder.EnableSensitiveDataLogging' to see key values.
dbug: Microsoft.EntityFrameworkCore.ChangeTracking[10805]
      The navigation 'InstanceWorkflow.DefinitionWorkflow' was detected as changed. Consider using 'DbContextOptionsBuilder.EnableSensitiveDataLogging' to see key values.
dbug: Microsoft.EntityFrameworkCore.ChangeTracking[10805]
      The navigation 'InstanceWorkflow.DefinitionWorkflow' was detected as changed. Consider using 'DbContextOptionsBuilder.EnableSensitiveDataLogging' to see key values.
dbug: Microsoft.EntityFrameworkCore.ChangeTracking[10805]
      The navigation 'InstanceWorkflow.DefinitionWorkflow' was detected as changed. Consider using 'DbContextOptionsBuilder.EnableSensitiveDataLogging' to see key values.
dbug: Microsoft.EntityFrameworkCore.ChangeTracking[10805]
      The navigation 'InstanceWorkflow.DefinitionWorkflow' was detected as changed. Consider using 'DbContextOptionsBuilder.EnableSensitiveDataLogging' to see key values.
dbug: Microsoft.EntityFrameworkCore.ChangeTracking[10805]
      The navigation 'InstanceWorkflow.DefinitionWorkflow' was detected as changed. Consider using 'DbContextOptionsBuilder.EnableSensitiveDataLogging' to see key values.
dbug: Microsoft.EntityFrameworkCore.ChangeTracking[10805]
      The navigation 'InstanceWorkflow.DefinitionWorkflow' was detected as changed. Consider using 'DbContextOptionsBuilder.EnableSensitiveDataLogging' to see key values.
dbug: Microsoft.EntityFrameworkCore.ChangeTracking[10805]
      The navigation 'InstanceWorkflow.DefinitionWorkflow' was detected as changed. Consider using 'DbContextOptionsBuilder.EnableSensitiveDataLogging' to see key values.
dbug: Microsoft.EntityFrameworkCore.ChangeTracking[10805]
      The navigation 'InstanceWorkflow.DefinitionWorkflow' was detected as changed. Consider using 'DbContextOptionsBuilder.EnableSensitiveDataLogging' to see key values.
dbug: Microsoft.EntityFrameworkCore.ChangeTracking[10805]
      The navigation 'InstanceWorkflow.DefinitionWorkflow' was detected as changed. Consider using 'DbContextOptionsBuilder.EnableSensitiveDataLogging' to see key values.
dbug: Microsoft.EntityFrameworkCore.ChangeTracking[10805]
      The navigation 'InstanceWorkflow.DefinitionWorkflow' was detected as changed. Consider using 'DbContextOptionsBuilder.EnableSensitiveDataLogging' to see key values.
dbug: Microsoft.EntityFrameworkCore.ChangeTracking[10805]
      The navigation 'InstanceWorkflow.DefinitionWorkflow' was detected as changed. Consider using 'DbContextOptionsBuilder.EnableSensitiveDataLogging' to see key values.
info: Microsoft.AspNetCore.Hosting.Diagnostics[1]
      Request starting HTTP/1.1 GET http://localhost:5000/api/definitions - application/json -
info: Microsoft.AspNetCore.Routing.EndpointMiddleware[0]
      Executing endpoint 'HTTP: GET /api/definitions/'
dbug: Microsoft.EntityFrameworkCore.Infrastructure[10403]
      Entity Framework Core 10.0.5 initialized 'OamDbContext' using provider 'Microsoft.EntityFrameworkCore.Sqlite:10.0.5' with options: None
dbug: Microsoft.EntityFrameworkCore.Database.Connection[20005]
      Creating DbConnection.
dbug: Microsoft.EntityFrameworkCore.Database.Connection[20006]
      Created DbConnection. (1ms).
dbug: Microsoft.EntityFrameworkCore.Database.Connection[20000]
      Opening connection to database 'main' on server 'oam_dev.db'.
dbug: Microsoft.EntityFrameworkCore.Database.Connection[20001]
      Opened connection to database 'main' on server 'C:\OAM\src\OAM.Api\oam_dev.db'.
dbug: Microsoft.EntityFrameworkCore.Database.Command[20103]
      Creating DbCommand for 'ExecuteReader'.
dbug: Microsoft.EntityFrameworkCore.Database.Command[20104]
      Created DbCommand for 'ExecuteReader' (1ms).
dbug: Microsoft.EntityFrameworkCore.Database.Command[20106]
      Initialized DbCommand for 'ExecuteReader' (2ms).
dbug: Microsoft.EntityFrameworkCore.Database.Command[20100]
      Executing DbCommand [Parameters=[], CommandType='Text', CommandTimeout='30']
      SELECT "d"."Id", "d"."Actif", "d"."ContenuYaml", "d"."DateCreation", "d"."DateModification", "d"."Description", "d"."Equipe", "d"."HashVersion", "d"."Nom"
      FROM "DefinitionsWorkflow" AS "d"
      WHERE "d"."Actif"
      ORDER BY "d"."Nom"
info: Microsoft.EntityFrameworkCore.Database.Command[20101]
      Executed DbCommand (1ms) [Parameters=[], CommandType='Text', CommandTimeout='30']
      SELECT "d"."Id", "d"."Actif", "d"."ContenuYaml", "d"."DateCreation", "d"."DateModification", "d"."Description", "d"."Equipe", "d"."HashVersion", "d"."Nom"
      FROM "DefinitionsWorkflow" AS "d"
      WHERE "d"."Actif"
      ORDER BY "d"."Nom"
dbug: Microsoft.EntityFrameworkCore.ChangeTracking[10806]
      Context 'OamDbContext' started tracking 'DefinitionWorkflow' entity. Consider using 'DbContextOptionsBuilder.EnableSensitiveDataLogging' to see key values.
dbug: Microsoft.EntityFrameworkCore.Database.Command[20301]
      Closing data reader to 'main' on server 'C:\OAM\src\OAM.Api\oam_dev.db'.
dbug: Microsoft.EntityFrameworkCore.ChangeTracking[10806]
      Context 'OamDbContext' started tracking 'DefinitionWorkflow' entity. Consider using 'DbContextOptionsBuilder.EnableSensitiveDataLogging' to see key values.
dbug: Microsoft.EntityFrameworkCore.ChangeTracking[10806]
      Context 'OamDbContext' started tracking 'DefinitionWorkflow' entity. Consider using 'DbContextOptionsBuilder.EnableSensitiveDataLogging' to see key values.
dbug: Microsoft.EntityFrameworkCore.ChangeTracking[10806]
      Context 'OamDbContext' started tracking 'DefinitionWorkflow' entity. Consider using 'DbContextOptionsBuilder.EnableSensitiveDataLogging' to see key values.
dbug: Microsoft.EntityFrameworkCore.ChangeTracking[10806]
      Context 'OamDbContext' started tracking 'DefinitionWorkflow' entity. Consider using 'DbContextOptionsBuilder.EnableSensitiveDataLogging' to see key values.
dbug: Microsoft.EntityFrameworkCore.ChangeTracking[10806]
      Context 'OamDbContext' started tracking 'DefinitionWorkflow' entity. Consider using 'DbContextOptionsBuilder.EnableSensitiveDataLogging' to see key values.
dbug: Microsoft.EntityFrameworkCore.ChangeTracking[10806]
      Context 'OamDbContext' started tracking 'DefinitionWorkflow' entity. Consider using 'DbContextOptionsBuilder.EnableSensitiveDataLogging' to see key values.
dbug: Microsoft.EntityFrameworkCore.ChangeTracking[10806]
      Context 'OamDbContext' started tracking 'DefinitionWorkflow' entity. Consider using 'DbContextOptionsBuilder.EnableSensitiveDataLogging' to see key values.
dbug: Microsoft.EntityFrameworkCore.ChangeTracking[10806]
      Context 'OamDbContext' started tracking 'DefinitionWorkflow' entity. Consider using 'DbContextOptionsBuilder.EnableSensitiveDataLogging' to see key values.
dbug: Microsoft.EntityFrameworkCore.ChangeTracking[10806]
      Context 'OamDbContext' started tracking 'DefinitionWorkflow' entity. Consider using 'DbContextOptionsBuilder.EnableSensitiveDataLogging' to see key values.
dbug: Microsoft.EntityFrameworkCore.ChangeTracking[10806]
      Context 'OamDbContext' started tracking 'DefinitionWorkflow' entity. Consider using 'DbContextOptionsBuilder.EnableSensitiveDataLogging' to see key values.
dbug: Microsoft.EntityFrameworkCore.ChangeTracking[10806]
      Context 'OamDbContext' started tracking 'DefinitionWorkflow' entity. Consider using 'DbContextOptionsBuilder.EnableSensitiveDataLogging' to see key values.
dbug: Microsoft.EntityFrameworkCore.ChangeTracking[10806]
      Context 'OamDbContext' started tracking 'DefinitionWorkflow' entity. Consider using 'DbContextOptionsBuilder.EnableSensitiveDataLogging' to see key values.
dbug: Microsoft.EntityFrameworkCore.ChangeTracking[10806]
      Context 'OamDbContext' started tracking 'DefinitionWorkflow' entity. Consider using 'DbContextOptionsBuilder.EnableSensitiveDataLogging' to see key values.
dbug: Microsoft.EntityFrameworkCore.Database.Command[20300]
      A data reader for 'main' on server 'C:\OAM\src\OAM.Api\oam_dev.db' is being disposed after spending 3ms reading results.
dbug: Microsoft.EntityFrameworkCore.ChangeTracking[10806]
      Context 'OamDbContext' started tracking 'InstanceWorkflow' entity. Consider using 'DbContextOptionsBuilder.EnableSensitiveDataLogging' to see key values.
dbug: Microsoft.EntityFrameworkCore.ChangeTracking[10806]
      Context 'OamDbContext' started tracking 'InstanceWorkflow' entity. Consider using 'DbContextOptionsBuilder.EnableSensitiveDataLogging' to see key values.
dbug: Microsoft.EntityFrameworkCore.ChangeTracking[10806]
      Context 'OamDbContext' started tracking 'InstanceWorkflow' entity. Consider using 'DbContextOptionsBuilder.EnableSensitiveDataLogging' to see key values.
dbug: Microsoft.EntityFrameworkCore.ChangeTracking[10806]
      Context 'OamDbContext' started tracking 'InstanceWorkflow' entity. Consider using 'DbContextOptionsBuilder.EnableSensitiveDataLogging' to see key values.
dbug: Microsoft.EntityFrameworkCore.ChangeTracking[10806]
      Context 'OamDbContext' started tracking 'InstanceWorkflow' entity. Consider using 'DbContextOptionsBuilder.EnableSensitiveDataLogging' to see key values.
dbug: Microsoft.EntityFrameworkCore.ChangeTracking[10806]
      Context 'OamDbContext' started tracking 'InstanceWorkflow' entity. Consider using 'DbContextOptionsBuilder.EnableSensitiveDataLogging' to see key values.
dbug: Microsoft.EntityFrameworkCore.ChangeTracking[10806]
      Context 'OamDbContext' started tracking 'InstanceWorkflow' entity. Consider using 'DbContextOptionsBuilder.EnableSensitiveDataLogging' to see key values.
dbug: Microsoft.EntityFrameworkCore.ChangeTracking[10806]
      Context 'OamDbContext' started tracking 'InstanceWorkflow' entity. Consider using 'DbContextOptionsBuilder.EnableSensitiveDataLogging' to see key values.
dbug: Microsoft.EntityFrameworkCore.ChangeTracking[10806]
      Context 'OamDbContext' started tracking 'InstanceWorkflow' entity. Consider using 'DbContextOptionsBuilder.EnableSensitiveDataLogging' to see key values.
dbug: Microsoft.EntityFrameworkCore.ChangeTracking[10806]
      Context 'OamDbContext' started tracking 'InstanceWorkflow' entity. Consider using 'DbContextOptionsBuilder.EnableSensitiveDataLogging' to see key values.
dbug: Microsoft.EntityFrameworkCore.ChangeTracking[10806]
      Context 'OamDbContext' started tracking 'InstanceWorkflow' entity. Consider using 'DbContextOptionsBuilder.EnableSensitiveDataLogging' to see key values.
dbug: Microsoft.EntityFrameworkCore.ChangeTracking[10806]
      Context 'OamDbContext' started tracking 'InstanceWorkflow' entity. Consider using 'DbContextOptionsBuilder.EnableSensitiveDataLogging' to see key values.
dbug: Microsoft.EntityFrameworkCore.ChangeTracking[10806]
      Context 'OamDbContext' started tracking 'InstanceWorkflow' entity. Consider using 'DbContextOptionsBuilder.EnableSensitiveDataLogging' to see key values.
dbug: Microsoft.EntityFrameworkCore.ChangeTracking[10806]
      Context 'OamDbContext' started tracking 'InstanceWorkflow' entity. Consider using 'DbContextOptionsBuilder.EnableSensitiveDataLogging' to see key values.
dbug: Microsoft.EntityFrameworkCore.ChangeTracking[10806]
      Context 'OamDbContext' started tracking 'InstanceWorkflow' entity. Consider using 'DbContextOptionsBuilder.EnableSensitiveDataLogging' to see key values.
dbug: Microsoft.EntityFrameworkCore.ChangeTracking[10806]
      Context 'OamDbContext' started tracking 'InstanceWorkflow' entity. Consider using 'DbContextOptionsBuilder.EnableSensitiveDataLogging' to see key values.
dbug: Microsoft.EntityFrameworkCore.ChangeTracking[10806]
      Context 'OamDbContext' started tracking 'InstanceWorkflow' entity. Consider using 'DbContextOptionsBuilder.EnableSensitiveDataLogging' to see key values.
info: Microsoft.AspNetCore.Routing.EndpointMiddleware[1]
      Executed endpoint 'HTTP: GET /api/definitions/'
dbug: Microsoft.EntityFrameworkCore.ChangeTracking[10806]
      Context 'OamDbContext' started tracking 'InstanceWorkflow' entity. Consider using 'DbContextOptionsBuilder.EnableSensitiveDataLogging' to see key values.
info: Microsoft.AspNetCore.Routing.EndpointMiddleware[1]
      Executed endpoint 'HTTP: GET /api/definitions/'
dbug: Microsoft.EntityFrameworkCore.ChangeTracking[10806]
      Context 'OamDbContext' started tracking 'InstanceWorkflow' entity. Consider using 'DbContextOptionsBuilder.EnableSensitiveDataLogging' to see key values.
info: Microsoft.AspNetCore.Routing.EndpointMiddleware[1]
      Executed endpoint 'HTTP: GET /api/definitions/'
dbug: Microsoft.EntityFrameworkCore.ChangeTracking[10806]
      Context 'OamDbContext' started tracking 'InstanceWorkflow' entity. Consider using 'DbContextOptionsBuilder.EnableSensitiveDataLogging' to see key values.
dbug: Microsoft.EntityFrameworkCore.ChangeTracking[10806]
      Context 'OamDbContext' started tracking 'InstanceWorkflow' entity. Consider using 'DbContextOptionsBuilder.EnableSensitiveDataLogging' to see key values.
dbug: Microsoft.EntityFrameworkCore.ChangeTracking[10806]
      Context 'OamDbContext' started tracking 'InstanceWorkflow' entity. Consider using 'DbContextOptionsBuilder.EnableSensitiveDataLogging' to see key values.
dbug: Microsoft.EntityFrameworkCore.ChangeTracking[10806]
      Context 'OamDbContext' started tracking 'InstanceWorkflow' entity. Consider using 'DbContextOptionsBuilder.EnableSensitiveDataLogging' to see key values.
dbug: Microsoft.EntityFrameworkCore.ChangeTracking[10806]
      Context 'OamDbContext' started tracking 'InstanceWorkflow' entity. Consider using 'DbContextOptionsBuilder.EnableSensitiveDataLogging' to see key values.
dbug: Microsoft.EntityFrameworkCore.ChangeTracking[10806]
      Context 'OamDbContext' started tracking 'InstanceWorkflow' entity. Consider using 'DbContextOptionsBuilder.EnableSensitiveDataLogging' to see key values.
dbug: Microsoft.EntityFrameworkCore.ChangeTracking[10806]
      Context 'OamDbContext' started tracking 'InstanceWorkflow' entity. Consider using 'DbContextOptionsBuilder.EnableSensitiveDataLogging' to see key values.
dbug: Microsoft.EntityFrameworkCore.ChangeTracking[10806]
      Context 'OamDbContext' started tracking 'InstanceWorkflow' entity. Consider using 'DbContextOptionsBuilder.EnableSensitiveDataLogging' to see key values.
dbug: Microsoft.EntityFrameworkCore.ChangeTracking[10806]
      Context 'OamDbContext' started tracking 'InstanceWorkflow' entity. Consider using 'DbContextOptionsBuilder.EnableSensitiveDataLogging' to see key values.
info: Microsoft.AspNetCore.Routing.EndpointMiddleware[1]
      Executed endpoint 'HTTP: GET /api/definitions/'
info: Microsoft.AspNetCore.Routing.EndpointMiddleware[1]
      Executed endpoint 'HTTP: GET /api/definitions/'
dbug: Microsoft.EntityFrameworkCore.ChangeTracking[10806]
      Context 'OamDbContext' started tracking 'InstanceWorkflow' entity. Consider using 'DbContextOptionsBuilder.EnableSensitiveDataLogging' to see key values.
info: Microsoft.AspNetCore.Routing.EndpointMiddleware[1]
      Executed endpoint 'HTTP: GET /api/definitions/'
dbug: Microsoft.EntityFrameworkCore.ChangeTracking[10806]
      Context 'OamDbContext' started tracking 'InstanceWorkflow' entity. Consider using 'DbContextOptionsBuilder.EnableSensitiveDataLogging' to see key values.
dbug: Microsoft.EntityFrameworkCore.ChangeTracking[10806]
      Context 'OamDbContext' started tracking 'InstanceWorkflow' entity. Consider using 'DbContextOptionsBuilder.EnableSensitiveDataLogging' to see key values.
dbug: Microsoft.EntityFrameworkCore.ChangeTracking[10806]
      Context 'OamDbContext' started tracking 'InstanceWorkflow' entity. Consider using 'DbContextOptionsBuilder.EnableSensitiveDataLogging' to see key values.
dbug: Microsoft.EntityFrameworkCore.Infrastructure[10407]
      'OamDbContext' disposed.
dbug: Microsoft.EntityFrameworkCore.Infrastructure[10407]
      'OamDbContext' disposed.
dbug: Microsoft.EntityFrameworkCore.ChangeTracking[10806]
      Context 'OamDbContext' started tracking 'InstanceWorkflow' entity. Consider using 'DbContextOptionsBuilder.EnableSensitiveDataLogging' to see key values.
dbug: Microsoft.EntityFrameworkCore.Infrastructure[10407]
      'OamDbContext' disposed.
dbug: Microsoft.EntityFrameworkCore.ChangeTracking[10806]
      Context 'OamDbContext' started tracking 'InstanceWorkflow' entity. Consider using 'DbContextOptionsBuilder.EnableSensitiveDataLogging' to see key values.
dbug: Microsoft.EntityFrameworkCore.ChangeTracking[10806]
      Context 'OamDbContext' started tracking 'InstanceWorkflow' entity. Consider using 'DbContextOptionsBuilder.EnableSensitiveDataLogging' to see key values.
dbug: Microsoft.EntityFrameworkCore.ChangeTracking[10806]
      Context 'OamDbContext' started tracking 'InstanceWorkflow' entity. Consider using 'DbContextOptionsBuilder.EnableSensitiveDataLogging' to see key values.
dbug: Microsoft.EntityFrameworkCore.Infrastructure[10407]
      'OamDbContext' disposed.
dbug: Microsoft.EntityFrameworkCore.ChangeTracking[10806]
      Context 'OamDbContext' started tracking 'InstanceWorkflow' entity. Consider using 'DbContextOptionsBuilder.EnableSensitiveDataLogging' to see key values.
dbug: Microsoft.EntityFrameworkCore.ChangeTracking[10806]
      Context 'OamDbContext' started tracking 'InstanceWorkflow' entity. Consider using 'DbContextOptionsBuilder.EnableSensitiveDataLogging' to see key values.
dbug: Microsoft.EntityFrameworkCore.ChangeTracking[10806]
      Context 'OamDbContext' started tracking 'InstanceWorkflow' entity. Consider using 'DbContextOptionsBuilder.EnableSensitiveDataLogging' to see key values.
dbug: Microsoft.EntityFrameworkCore.ChangeTracking[10806]
      Context 'OamDbContext' started tracking 'InstanceWorkflow' entity. Consider using 'DbContextOptionsBuilder.EnableSensitiveDataLogging' to see key values.
dbug: Microsoft.EntityFrameworkCore.Database.Connection[20007]
      Disposing connection to database 'main' on server 'oam_dev.db'.
dbug: Microsoft.EntityFrameworkCore.Database.Connection[20007]
      Disposing connection to database 'main' on server 'oam_dev.db'.
dbug: Microsoft.EntityFrameworkCore.ChangeTracking[10806]
      Context 'OamDbContext' started tracking 'InstanceWorkflow' entity. Consider using 'DbContextOptionsBuilder.EnableSensitiveDataLogging' to see key values.
dbug: Microsoft.EntityFrameworkCore.ChangeTracking[10806]
      Context 'OamDbContext' started tracking 'InstanceWorkflow' entity. Consider using 'DbContextOptionsBuilder.EnableSensitiveDataLogging' to see key values.
dbug: Microsoft.EntityFrameworkCore.ChangeTracking[10806]
      Context 'OamDbContext' started tracking 'InstanceWorkflow' entity. Consider using 'DbContextOptionsBuilder.EnableSensitiveDataLogging' to see key values.
dbug: Microsoft.EntityFrameworkCore.Database.Connection[20008]
      Disposed connection to database 'main' on server 'oam_dev.db' (61ms).
info: Microsoft.AspNetCore.Hosting.Diagnostics[1]
      Request starting HTTP/1.1 POST http://localhost:5173/hubs/workflow/negotiate?negotiateVersion=1 - - 0
dbug: Microsoft.EntityFrameworkCore.ChangeTracking[10806]
      Context 'OamDbContext' started tracking 'InstanceWorkflow' entity. Consider using 'DbContextOptionsBuilder.EnableSensitiveDataLogging' to see key values.
dbug: Microsoft.EntityFrameworkCore.ChangeTracking[10806]
      Context 'OamDbContext' started tracking 'InstanceWorkflow' entity. Consider using 'DbContextOptionsBuilder.EnableSensitiveDataLogging' to see key values.
dbug: Microsoft.EntityFrameworkCore.ChangeTracking[10806]
      Context 'OamDbContext' started tracking 'InstanceWorkflow' entity. Consider using 'DbContextOptionsBuilder.EnableSensitiveDataLogging' to see key values.
dbug: Microsoft.EntityFrameworkCore.ChangeTracking[10806]
      Context 'OamDbContext' started tracking 'InstanceWorkflow' entity. Consider using 'DbContextOptionsBuilder.EnableSensitiveDataLogging' to see key values.
dbug: Microsoft.EntityFrameworkCore.Database.Command[20301]
      Closing data reader to 'main' on server 'C:\OAM\src\OAM.Api\oam_dev.db'.
dbug: Microsoft.EntityFrameworkCore.ChangeTracking[10806]
      Context 'OamDbContext' started tracking 'ExecutionTache' entity. Consider using 'DbContextOptionsBuilder.EnableSensitiveDataLogging' to see key values.
dbug: Microsoft.EntityFrameworkCore.Database.Command[20301]
      Closing data reader to 'main' on server 'C:\OAM\src\OAM.Api\oam_dev.db'.
dbug: Microsoft.EntityFrameworkCore.Database.Command[20300]
      A data reader for 'main' on server 'C:\OAM\src\OAM.Api\oam_dev.db' is being disposed after spending 2138ms reading results.
dbug: Microsoft.EntityFrameworkCore.ChangeTracking[10806]
      Context 'OamDbContext' started tracking 'ExecutionTache' entity. Consider using 'DbContextOptionsBuilder.EnableSensitiveDataLogging' to see key values.
dbug: Microsoft.EntityFrameworkCore.Database.Connection[20002]
      Closing connection to database 'main' on server 'C:\OAM\src\OAM.Api\oam_dev.db'.
dbug: Microsoft.EntityFrameworkCore.Database.Connection[20003]
      Closed connection to database 'main' on server 'oam_dev.db' (1ms).
dbug: Microsoft.EntityFrameworkCore.ChangeTracking[10806]
      Context 'OamDbContext' started tracking 'ExecutionTache' entity. Consider using 'DbContextOptionsBuilder.EnableSensitiveDataLogging' to see key values.
info: Microsoft.AspNetCore.Http.Result.OkObjectResult[1]
      Setting HTTP status code 200.
dbug: Microsoft.EntityFrameworkCore.ChangeTracking[10806]
      Context 'OamDbContext' started tracking 'ExecutionTache' entity. Consider using 'DbContextOptionsBuilder.EnableSensitiveDataLogging' to see key values.
dbug: Microsoft.EntityFrameworkCore.Database.Command[20300]
      A data reader for 'main' on server 'C:\OAM\src\OAM.Api\oam_dev.db' is being disposed after spending 2287ms reading results.
dbug: Microsoft.EntityFrameworkCore.Database.Connection[20002]
      Closing connection to database 'main' on server 'C:\OAM\src\OAM.Api\oam_dev.db'.
dbug: Microsoft.EntityFrameworkCore.ChangeTracking[10806]
      Context 'OamDbContext' started tracking 'ExecutionTache' entity. Consider using 'DbContextOptionsBuilder.EnableSensitiveDataLogging' to see key values.
dbug: Microsoft.EntityFrameworkCore.Database.Connection[20003]
      Closed connection to database 'main' on server 'oam_dev.db' (55ms).
dbug: Microsoft.EntityFrameworkCore.ChangeTracking[10806]
      Context 'OamDbContext' started tracking 'ExecutionTache' entity. Consider using 'DbContextOptionsBuilder.EnableSensitiveDataLogging' to see key values.
info: Microsoft.AspNetCore.Http.Result.OkObjectResult[1]
      Setting HTTP status code 200.
dbug: Microsoft.EntityFrameworkCore.Database.Connection[20008]
      Disposed connection to database 'main' on server 'oam_dev.db' (367ms).
dbug: Microsoft.EntityFrameworkCore.Database.Connection[20007]
      Disposing connection to database 'main' on server 'oam_dev.db'.
dbug: Microsoft.EntityFrameworkCore.ChangeTracking[10806]
      Context 'OamDbContext' started tracking 'InstanceWorkflow' entity. Consider using 'DbContextOptionsBuilder.EnableSensitiveDataLogging' to see key values.
dbug: Microsoft.EntityFrameworkCore.ChangeTracking[10806]
      Context 'OamDbContext' started tracking 'InstanceWorkflow' entity. Consider using 'DbContextOptionsBuilder.EnableSensitiveDataLogging' to see key values.
dbug: Microsoft.EntityFrameworkCore.ChangeTracking[10806]
      Context 'OamDbContext' started tracking 'InstanceWorkflow' entity. Consider using 'DbContextOptionsBuilder.EnableSensitiveDataLogging' to see key values.
info: Microsoft.AspNetCore.Hosting.Diagnostics[2]
      Request finished HTTP/1.1 GET http://localhost:5000/api/definitions - 200 - application/json;+charset=utf-8 4661.7992ms
dbug: Microsoft.EntityFrameworkCore.ChangeTracking[10806]
      Context 'OamDbContext' started tracking 'InstanceWorkflow' entity. Consider using 'DbContextOptionsBuilder.EnableSensitiveDataLogging' to see key values.
dbug: Microsoft.EntityFrameworkCore.Database.Connection[20008]
      Disposed connection to database 'main' on server 'oam_dev.db' (37ms).
info: Microsoft.AspNetCore.Hosting.Diagnostics[2]
      Request finished HTTP/1.1 GET http://localhost:5000/api/definitions - 200 - application/json;+charset=utf-8 4664.9511ms
info: Microsoft.AspNetCore.Hosting.Diagnostics[1]
      Request starting HTTP/1.1 GET http://localhost:5000/api/instances/erreurs - application/json -
info: Microsoft.AspNetCore.Routing.EndpointMiddleware[0]
      Executing endpoint 'HTTP: GET /api/instances/erreurs'
info: Microsoft.AspNetCore.Hosting.Diagnostics[1]
      Request starting HTTP/1.1 GET http://localhost:5000/api/instances - application/json -
dbug: Microsoft.EntityFrameworkCore.ChangeTracking[10806]
      Context 'OamDbContext' started tracking 'InstanceWorkflow' entity. Consider using 'DbContextOptionsBuilder.EnableSensitiveDataLogging' to see key values.
dbug: Microsoft.EntityFrameworkCore.ChangeTracking[10806]
      Context 'OamDbContext' started tracking 'InstanceWorkflow' entity. Consider using 'DbContextOptionsBuilder.EnableSensitiveDataLogging' to see key values.
info: Microsoft.AspNetCore.Hosting.Diagnostics[2]
      Request finished HTTP/1.1 GET http://localhost:5000/api/definitions - 200 - application/json;+charset=utf-8 4722.2272ms
dbug: Microsoft.EntityFrameworkCore.Infrastructure[10403]
      Entity Framework Core 10.0.5 initialized 'OamDbContext' using provider 'Microsoft.EntityFrameworkCore.Sqlite:10.0.5' with options: None
info: Microsoft.AspNetCore.Routing.EndpointMiddleware[0]
      Executing endpoint 'HTTP: GET /api/instances/'
dbug: Microsoft.EntityFrameworkCore.ChangeTracking[10806]
      Context 'OamDbContext' started tracking 'InstanceWorkflow' entity. Consider using 'DbContextOptionsBuilder.EnableSensitiveDataLogging' to see key values.
dbug: Microsoft.EntityFrameworkCore.ChangeTracking[10806]
      Context 'OamDbContext' started tracking 'InstanceWorkflow' entity. Consider using 'DbContextOptionsBuilder.EnableSensitiveDataLogging' to see key values.
dbug: Microsoft.EntityFrameworkCore.ChangeTracking[10806]
      Context 'OamDbContext' started tracking 'InstanceWorkflow' entity. Consider using 'DbContextOptionsBuilder.EnableSensitiveDataLogging' to see key values.
dbug: Microsoft.EntityFrameworkCore.ChangeTracking[10806]
      Context 'OamDbContext' started tracking 'InstanceWorkflow' entity. Consider using 'DbContextOptionsBuilder.EnableSensitiveDataLogging' to see key values.
dbug: Microsoft.EntityFrameworkCore.ChangeTracking[10806]
      Context 'OamDbContext' started tracking 'InstanceWorkflow' entity. Consider using 'DbContextOptionsBuilder.EnableSensitiveDataLogging' to see key values.
dbug: Microsoft.EntityFrameworkCore.ChangeTracking[10806]
      Context 'OamDbContext' started tracking 'InstanceWorkflow' entity. Consider using 'DbContextOptionsBuilder.EnableSensitiveDataLogging' to see key values.
dbug: Microsoft.EntityFrameworkCore.Infrastructure[10403]
      Entity Framework Core 10.0.5 initialized 'OamDbContext' using provider 'Microsoft.EntityFrameworkCore.Sqlite:10.0.5' with options: None
dbug: Microsoft.EntityFrameworkCore.Database.Connection[20005]
      Creating DbConnection.
dbug: Microsoft.EntityFrameworkCore.ChangeTracking[10806]
      Context 'OamDbContext' started tracking 'InstanceWorkflow' entity. Consider using 'DbContextOptionsBuilder.EnableSensitiveDataLogging' to see key values.
info: Microsoft.AspNetCore.Routing.EndpointMiddleware[0]
      Executing endpoint 'HTTP: GET /api/instances/'
dbug: Microsoft.EntityFrameworkCore.Infrastructure[10407]
      'OamDbContext' disposed.
dbug: Microsoft.EntityFrameworkCore.Database.Connection[20007]
      Disposing connection to database 'main' on server 'oam_dev.db'.
dbug: Microsoft.EntityFrameworkCore.Database.Connection[20008]
      Disposed connection to database 'main' on server 'oam_dev.db' (1ms).
info: Microsoft.AspNetCore.Hosting.Diagnostics[2]
      Request finished HTTP/1.1 GET http://localhost:5000/api/definitions - 200 - application/json;+charset=utf-8 4857.8797ms
dbug: Microsoft.EntityFrameworkCore.ChangeTracking[10806]
      Context 'OamDbContext' started tracking 'ExecutionTache' entity. Consider using 'DbContextOptionsBuilder.EnableSensitiveDataLogging' to see key values.
dbug: Microsoft.EntityFrameworkCore.ChangeTracking[10806]
      Context 'OamDbContext' started tracking 'ExecutionTache' entity. Consider using 'DbContextOptionsBuilder.EnableSensitiveDataLogging' to see key values.
dbug: Microsoft.EntityFrameworkCore.ChangeTracking[10806]
      Context 'OamDbContext' started tracking 'InstanceWorkflow' entity. Consider using 'DbContextOptionsBuilder.EnableSensitiveDataLogging' to see key values.
dbug: Microsoft.EntityFrameworkCore.ChangeTracking[10806]
      Context 'OamDbContext' started tracking 'ExecutionTache' entity. Consider using 'DbContextOptionsBuilder.EnableSensitiveDataLogging' to see key values.
dbug: Microsoft.EntityFrameworkCore.ChangeTracking[10806]
      Context 'OamDbContext' started tracking 'ExecutionTache' entity. Consider using 'DbContextOptionsBuilder.EnableSensitiveDataLogging' to see key values.
dbug: Microsoft.EntityFrameworkCore.ChangeTracking[10806]
      Context 'OamDbContext' started tracking 'InstanceWorkflow' entity. Consider using 'DbContextOptionsBuilder.EnableSensitiveDataLogging' to see key values.
info: Microsoft.AspNetCore.Routing.EndpointMiddleware[0]
      Executing endpoint 'HTTP: GET /api/instances/erreurs'
dbug: Microsoft.EntityFrameworkCore.ChangeTracking[10806]
      Context 'OamDbContext' started tracking 'InstanceWorkflow' entity. Consider using 'DbContextOptionsBuilder.EnableSensitiveDataLogging' to see key values.
dbug: Microsoft.EntityFrameworkCore.ChangeTracking[10806]
      Context 'OamDbContext' started tracking 'ExecutionTache' entity. Consider using 'DbContextOptionsBuilder.EnableSensitiveDataLogging' to see key values.
dbug: Microsoft.EntityFrameworkCore.ChangeTracking[10806]
      Context 'OamDbContext' started tracking 'ExecutionTache' entity. Consider using 'DbContextOptionsBuilder.EnableSensitiveDataLogging' to see key values.
dbug: Microsoft.EntityFrameworkCore.ChangeTracking[10806]
      Context 'OamDbContext' started tracking 'InstanceWorkflow' entity. Consider using 'DbContextOptionsBuilder.EnableSensitiveDataLogging' to see key values.
dbug: Microsoft.EntityFrameworkCore.ChangeTracking[10806]
      Context 'OamDbContext' started tracking 'InstanceWorkflow' entity. Consider using 'DbContextOptionsBuilder.EnableSensitiveDataLogging' to see key values.
dbug: Microsoft.EntityFrameworkCore.ChangeTracking[10806]
      Context 'OamDbContext' started tracking 'InstanceWorkflow' entity. Consider using 'DbContextOptionsBuilder.EnableSensitiveDataLogging' to see key values.
dbug: Microsoft.EntityFrameworkCore.ChangeTracking[10806]
      Context 'OamDbContext' started tracking 'ExecutionTache' entity. Consider using 'DbContextOptionsBuilder.EnableSensitiveDataLogging' to see key values.
dbug: Microsoft.EntityFrameworkCore.Database.Connection[20005]
      Creating DbConnection.
dbug: Microsoft.EntityFrameworkCore.ChangeTracking[10806]
      Context 'OamDbContext' started tracking 'ExecutionTache' entity. Consider using 'DbContextOptionsBuilder.EnableSensitiveDataLogging' to see key values.
dbug: Microsoft.EntityFrameworkCore.ChangeTracking[10806]
      Context 'OamDbContext' started tracking 'InstanceWorkflow' entity. Consider using 'DbContextOptionsBuilder.EnableSensitiveDataLogging' to see key values.
dbug: Microsoft.EntityFrameworkCore.ChangeTracking[10806]
      Context 'OamDbContext' started tracking 'InstanceWorkflow' entity. Consider using 'DbContextOptionsBuilder.EnableSensitiveDataLogging' to see key values.
dbug: Microsoft.EntityFrameworkCore.Database.Connection[20006]
      Created DbConnection. (1ms).
dbug: Microsoft.EntityFrameworkCore.ChangeTracking[10806]
      Context 'OamDbContext' started tracking 'InstanceWorkflow' entity. Consider using 'DbContextOptionsBuilder.EnableSensitiveDataLogging' to see key values.
dbug: Microsoft.EntityFrameworkCore.ChangeTracking[10806]
      Context 'OamDbContext' started tracking 'InstanceWorkflow' entity. Consider using 'DbContextOptionsBuilder.EnableSensitiveDataLogging' to see key values.
dbug: Microsoft.EntityFrameworkCore.ChangeTracking[10806]
      Context 'OamDbContext' started tracking 'ExecutionTache' entity. Consider using 'DbContextOptionsBuilder.EnableSensitiveDataLogging' to see key values.
dbug: Microsoft.EntityFrameworkCore.Database.Connection[20000]
      Opening connection to database 'main' on server 'oam_dev.db'.
dbug: Microsoft.EntityFrameworkCore.ChangeTracking[10806]
      Context 'OamDbContext' started tracking 'ExecutionTache' entity. Consider using 'DbContextOptionsBuilder.EnableSensitiveDataLogging' to see key values.
dbug: Microsoft.EntityFrameworkCore.Database.Connection[20001]
      Opened connection to database 'main' on server 'C:\OAM\src\OAM.Api\oam_dev.db'.
dbug: Microsoft.EntityFrameworkCore.ChangeTracking[10806]
      Context 'OamDbContext' started tracking 'ExecutionTache' entity. Consider using 'DbContextOptionsBuilder.EnableSensitiveDataLogging' to see key values.
dbug: Microsoft.EntityFrameworkCore.Database.Command[20103]
      Creating DbCommand for 'ExecuteReader'.
dbug: Microsoft.EntityFrameworkCore.Database.Command[20301]
      Closing data reader to 'main' on server 'C:\OAM\src\OAM.Api\oam_dev.db'.
dbug: Microsoft.EntityFrameworkCore.ChangeTracking[10806]
      Context 'OamDbContext' started tracking 'InstanceWorkflow' entity. Consider using 'DbContextOptionsBuilder.EnableSensitiveDataLogging' to see key values.
dbug: Microsoft.EntityFrameworkCore.Database.Command[20301]
      Closing data reader to 'main' on server 'C:\OAM\src\OAM.Api\oam_dev.db'.
dbug: Microsoft.EntityFrameworkCore.Database.Command[20301]
      Closing data reader to 'main' on server 'C:\OAM\src\OAM.Api\oam_dev.db'.
dbug: Microsoft.EntityFrameworkCore.Database.Command[20300]
      A data reader for 'main' on server 'C:\OAM\src\OAM.Api\oam_dev.db' is being disposed after spending 3084ms reading results.
dbug: Microsoft.EntityFrameworkCore.Database.Command[20300]
      A data reader for 'main' on server 'C:\OAM\src\OAM.Api\oam_dev.db' is being disposed after spending 3088ms reading results.
dbug: Microsoft.EntityFrameworkCore.Database.Connection[20002]
      Closing connection to database 'main' on server 'C:\OAM\src\OAM.Api\oam_dev.db'.
dbug: Microsoft.EntityFrameworkCore.Database.Connection[20002]
      Closing connection to database 'main' on server 'C:\OAM\src\OAM.Api\oam_dev.db'.
dbug: Microsoft.EntityFrameworkCore.Database.Command[20104]
      Created DbCommand for 'ExecuteReader' (41ms).
dbug: Microsoft.EntityFrameworkCore.Database.Connection[20003]
      Closed connection to database 'main' on server 'oam_dev.db' (94ms).
dbug: Microsoft.EntityFrameworkCore.ChangeTracking[10806]
      Context 'OamDbContext' started tracking 'ExecutionTache' entity. Consider using 'DbContextOptionsBuilder.EnableSensitiveDataLogging' to see key values.
dbug: Microsoft.EntityFrameworkCore.Database.Connection[20003]
      Closed connection to database 'main' on server 'oam_dev.db' (96ms).
dbug: Microsoft.EntityFrameworkCore.Database.Command[20106]
      Initialized DbCommand for 'ExecuteReader' (106ms).
info: Microsoft.AspNetCore.Http.Result.OkObjectResult[1]
      Setting HTTP status code 200.
dbug: Microsoft.EntityFrameworkCore.Database.Command[20100]
      Executing DbCommand [Parameters=[], CommandType='Text', CommandTimeout='30']
      SELECT "i"."Id", "i"."ContexteExecution", "i"."CorrelationId", "i"."DateCreation", "i"."DateDebut", "i"."DateFin", "i"."DefinitionWorkflowId", "i"."DonneesEntree", "i"."Erreur", "i"."Etat", "i"."HashVersionConfig", "d"."Id", "d"."Actif", "d"."ContenuYaml", "d"."DateCreation", "d"."DateModification", "d"."Description", "d"."Equipe", "d"."HashVersion", "d"."Nom"
      FROM "InstancesWorkflow" AS "i"
      INNER JOIN "DefinitionsWorkflow" AS "d" ON "i"."DefinitionWorkflowId" = "d"."Id"
      ORDER BY "i"."DateCreation" DESC
info: Microsoft.AspNetCore.Http.Result.OkObjectResult[1]
      Setting HTTP status code 200.
info: Microsoft.EntityFrameworkCore.Database.Command[20101]
      Executed DbCommand (41ms) [Parameters=[], CommandType='Text', CommandTimeout='30']
      SELECT "i"."Id", "i"."ContexteExecution", "i"."CorrelationId", "i"."DateCreation", "i"."DateDebut", "i"."DateFin", "i"."DefinitionWorkflowId", "i"."DonneesEntree", "i"."Erreur", "i"."Etat", "i"."HashVersionConfig", "d"."Id", "d"."Actif", "d"."ContenuYaml", "d"."DateCreation", "d"."DateModification", "d"."Description", "d"."Equipe", "d"."HashVersion", "d"."Nom"
      FROM "InstancesWorkflow" AS "i"
      INNER JOIN "DefinitionsWorkflow" AS "d" ON "i"."DefinitionWorkflowId" = "d"."Id"
      ORDER BY "i"."DateCreation" DESC
dbug: Microsoft.EntityFrameworkCore.Database.Command[20301]
      Closing data reader to 'main' on server 'C:\OAM\src\OAM.Api\oam_dev.db'.
dbug: Microsoft.EntityFrameworkCore.Database.Connection[20006]
      Created DbConnection. (625ms).
dbug: Microsoft.EntityFrameworkCore.Database.Command[20300]
      A data reader for 'main' on server 'C:\OAM\src\OAM.Api\oam_dev.db' is being disposed after spending 3291ms reading results.
dbug: Microsoft.EntityFrameworkCore.Database.Command[20300]
      A data reader for 'main' on server 'C:\OAM\src\OAM.Api\oam_dev.db' is being disposed after spending 3205ms reading results.
dbug: Microsoft.EntityFrameworkCore.ChangeTracking[10806]
      Context 'OamDbContext' started tracking 'InstanceWorkflow' entity. Consider using 'DbContextOptionsBuilder.EnableSensitiveDataLogging' to see key values.
dbug: Microsoft.EntityFrameworkCore.Database.Connection[20000]
      Opening connection to database 'main' on server 'oam_dev.db'.
dbug: Microsoft.EntityFrameworkCore.Database.Connection[20002]
      Closing connection to database 'main' on server 'C:\OAM\src\OAM.Api\oam_dev.db'.
dbug: Microsoft.EntityFrameworkCore.Database.Connection[20002]
      Closing connection to database 'main' on server 'C:\OAM\src\OAM.Api\oam_dev.db'.
dbug: Microsoft.EntityFrameworkCore.Database.Connection[20001]
      Opened connection to database 'main' on server 'C:\OAM\src\OAM.Api\oam_dev.db'.
dbug: Microsoft.EntityFrameworkCore.Database.Command[20103]
      Creating DbCommand for 'ExecuteReader'.
dbug: Microsoft.EntityFrameworkCore.Database.Command[20104]
      Created DbCommand for 'ExecuteReader' (31ms).
dbug: Microsoft.EntityFrameworkCore.ChangeTracking[10805]
      The navigation 'InstanceWorkflow.DefinitionWorkflow' was detected as changed. Consider using 'DbContextOptionsBuilder.EnableSensitiveDataLogging' to see key values.
dbug: Microsoft.EntityFrameworkCore.Database.Connection[20003]
      Closed connection to database 'main' on server 'oam_dev.db' (121ms).
dbug: Microsoft.EntityFrameworkCore.Database.Command[20106]
      Initialized DbCommand for 'ExecuteReader' (60ms).
info: Microsoft.AspNetCore.Http.Result.OkObjectResult[3]
      Writing value of type 'ListSelectIterator`2' as Json.
info: Microsoft.AspNetCore.Http.Result.OkObjectResult[3]
      Writing value of type 'ListSelectIterator`2' as Json.
info: Microsoft.AspNetCore.Http.Result.OkObjectResult[3]
      Writing value of type 'ListSelectIterator`2' as Json.
info: Microsoft.AspNetCore.Http.Result.OkObjectResult[3]
      Writing value of type 'ListSelectIterator`2' as Json.
dbug: Microsoft.EntityFrameworkCore.Database.Command[20100]
      Executing DbCommand [Parameters=[], CommandType='Text', CommandTimeout='30']
      SELECT "i"."Id", "i"."ContexteExecution", "i"."CorrelationId", "i"."DateCreation", "i"."DateDebut", "i"."DateFin", "i"."DefinitionWorkflowId", "i"."DonneesEntree", "i"."Erreur", "i"."Etat", "i"."HashVersionConfig", "d"."Id", "e0"."Id", "e0"."DateDebut", "e0"."DateFin", "e0"."DonneesEntree", "e0"."DonneesSortie", "e0"."Erreur", "e0"."Etat", "e0"."InstanceWorkflowId", "e0"."NomTache", "e0"."NombreTentatives", "e0"."Ordre", "e0"."TypeConnecteur", "d"."Actif", "d"."ContenuYaml", "d"."DateCreation", "d"."DateModification", "d"."Description", "d"."Equipe", "d"."HashVersion", "d"."Nom"
      FROM "InstancesWorkflow" AS "i"
      INNER JOIN "DefinitionsWorkflow" AS "d" ON "i"."DefinitionWorkflowId" = "d"."Id"
      LEFT JOIN (
          SELECT "e"."Id", "e"."DateDebut", "e"."DateFin", "e"."DonneesEntree", "e"."DonneesSortie", "e"."Erreur", "e"."Etat", "e"."InstanceWorkflowId", "e"."NomTache", "e"."NombreTentatives", "e"."Ordre", "e"."TypeConnecteur"
          FROM "ExecutionsTache" AS "e"
          WHERE "e"."Etat" = 'EnErreur'
      ) AS "e0" ON "i"."Id" = "e0"."InstanceWorkflowId"
      WHERE "i"."Etat" = 'EnErreur'
      ORDER BY "i"."DateCreation" DESC, "i"."Id", "d"."Id"
info: Microsoft.EntityFrameworkCore.Database.Command[20101]
      Executed DbCommand (6ms) [Parameters=[], CommandType='Text', CommandTimeout='30']
      SELECT "i"."Id", "i"."ContexteExecution", "i"."CorrelationId", "i"."DateCreation", "i"."DateDebut", "i"."DateFin", "i"."DefinitionWorkflowId", "i"."DonneesEntree", "i"."Erreur", "i"."Etat", "i"."HashVersionConfig", "d"."Id", "e0"."Id", "e0"."DateDebut", "e0"."DateFin", "e0"."DonneesEntree", "e0"."DonneesSortie", "e0"."Erreur", "e0"."Etat", "e0"."InstanceWorkflowId", "e0"."NomTache", "e0"."NombreTentatives", "e0"."Ordre", "e0"."TypeConnecteur", "d"."Actif", "d"."ContenuYaml", "d"."DateCreation", "d"."DateModification", "d"."Description", "d"."Equipe", "d"."HashVersion", "d"."Nom"
      FROM "InstancesWorkflow" AS "i"
      INNER JOIN "DefinitionsWorkflow" AS "d" ON "i"."DefinitionWorkflowId" = "d"."Id"
      LEFT JOIN (
          SELECT "e"."Id", "e"."DateDebut", "e"."DateFin", "e"."DonneesEntree", "e"."DonneesSortie", "e"."Erreur", "e"."Etat", "e"."InstanceWorkflowId", "e"."NomTache", "e"."NombreTentatives", "e"."Ordre", "e"."TypeConnecteur"
          FROM "ExecutionsTache" AS "e"
          WHERE "e"."Etat" = 'EnErreur'
      ) AS "e0" ON "i"."Id" = "e0"."InstanceWorkflowId"
      WHERE "i"."Etat" = 'EnErreur'
      ORDER BY "i"."DateCreation" DESC, "i"."Id", "d"."Id"
dbug: Microsoft.EntityFrameworkCore.ChangeTracking[10806]
      Context 'OamDbContext' started tracking 'InstanceWorkflow' entity. Consider using 'DbContextOptionsBuilder.EnableSensitiveDataLogging' to see key values.
dbug: Microsoft.EntityFrameworkCore.ChangeTracking[10805]
      The navigation 'InstanceWorkflow.DefinitionWorkflow' was detected as changed. Consider using 'DbContextOptionsBuilder.EnableSensitiveDataLogging' to see key values.
dbug: Microsoft.EntityFrameworkCore.ChangeTracking[10806]
      Context 'OamDbContext' started tracking 'DefinitionWorkflow' entity. Consider using 'DbContextOptionsBuilder.EnableSensitiveDataLogging' to see key values.
dbug: Microsoft.EntityFrameworkCore.ChangeTracking[10806]
      Context 'OamDbContext' started tracking 'ExecutionTache' entity. Consider using 'DbContextOptionsBuilder.EnableSensitiveDataLogging' to see key values.
dbug: Microsoft.EntityFrameworkCore.Database.Connection[20003]
      Closed connection to database 'main' on server 'oam_dev.db' (169ms).
dbug: Microsoft.EntityFrameworkCore.ChangeTracking[10806]
      Context 'OamDbContext' started tracking 'DefinitionWorkflow' entity. Consider using 'DbContextOptionsBuilder.EnableSensitiveDataLogging' to see key values.
info: Microsoft.AspNetCore.Http.Result.OkObjectResult[1]
      Setting HTTP status code 200.
dbug: Microsoft.EntityFrameworkCore.ChangeTracking[10806]
      Context 'OamDbContext' started tracking 'InstanceWorkflow' entity. Consider using 'DbContextOptionsBuilder.EnableSensitiveDataLogging' to see key values.
info: Microsoft.AspNetCore.Http.Result.OkObjectResult[1]
      Setting HTTP status code 200.
info: Microsoft.AspNetCore.Http.Result.OkObjectResult[3]
      Writing value of type 'ListSelectIterator`2' as Json.
info: Microsoft.AspNetCore.Http.Result.OkObjectResult[3]
      Writing value of type 'ListSelectIterator`2' as Json.
dbug: Microsoft.EntityFrameworkCore.ChangeTracking[10806]
      Context 'OamDbContext' started tracking 'InstanceWorkflow' entity. Consider using 'DbContextOptionsBuilder.EnableSensitiveDataLogging' to see key values.
dbug: Microsoft.EntityFrameworkCore.ChangeTracking[10806]
      Context 'OamDbContext' started tracking 'ExecutionTache' entity. Consider using 'DbContextOptionsBuilder.EnableSensitiveDataLogging' to see key values.
dbug: Microsoft.EntityFrameworkCore.ChangeTracking[10806]
      Context 'OamDbContext' started tracking 'InstanceWorkflow' entity. Consider using 'DbContextOptionsBuilder.EnableSensitiveDataLogging' to see key values.
dbug: Microsoft.EntityFrameworkCore.ChangeTracking[10806]
      Context 'OamDbContext' started tracking 'InstanceWorkflow' entity. Consider using 'DbContextOptionsBuilder.EnableSensitiveDataLogging' to see key values.
info: Microsoft.AspNetCore.Routing.EndpointMiddleware[0]
      Executing endpoint 'HTTP: GET /api/instances/'
dbug: Microsoft.EntityFrameworkCore.ChangeTracking[10806]
      Context 'OamDbContext' started tracking 'ExecutionTache' entity. Consider using 'DbContextOptionsBuilder.EnableSensitiveDataLogging' to see key values.
dbug: Microsoft.EntityFrameworkCore.ChangeTracking[10806]
      Context 'OamDbContext' started tracking 'InstanceWorkflow' entity. Consider using 'DbContextOptionsBuilder.EnableSensitiveDataLogging' to see key values.
dbug: Microsoft.EntityFrameworkCore.ChangeTracking[10806]
      Context 'OamDbContext' started tracking 'InstanceWorkflow' entity. Consider using 'DbContextOptionsBuilder.EnableSensitiveDataLogging' to see key values.
dbug: Microsoft.EntityFrameworkCore.ChangeTracking[10806]
      Context 'OamDbContext' started tracking 'InstanceWorkflow' entity. Consider using 'DbContextOptionsBuilder.EnableSensitiveDataLogging' to see key values.
dbug: Microsoft.EntityFrameworkCore.ChangeTracking[10806]
      Context 'OamDbContext' started tracking 'InstanceWorkflow' entity. Consider using 'DbContextOptionsBuilder.EnableSensitiveDataLogging' to see key values.
dbug: Microsoft.EntityFrameworkCore.Infrastructure[10403]
      Entity Framework Core 10.0.5 initialized 'OamDbContext' using provider 'Microsoft.EntityFrameworkCore.Sqlite:10.0.5' with options: None
dbug: Microsoft.EntityFrameworkCore.ChangeTracking[10806]
      Context 'OamDbContext' started tracking 'InstanceWorkflow' entity. Consider using 'DbContextOptionsBuilder.EnableSensitiveDataLogging' to see key values.
dbug: Microsoft.EntityFrameworkCore.ChangeTracking[10806]
      Context 'OamDbContext' started tracking 'InstanceWorkflow' entity. Consider using 'DbContextOptionsBuilder.EnableSensitiveDataLogging' to see key values.
info: Microsoft.AspNetCore.Routing.EndpointMiddleware[1]
      Executed endpoint 'HTTP: GET /api/instances/erreurs'
dbug: Microsoft.EntityFrameworkCore.ChangeTracking[10806]
      Context 'OamDbContext' started tracking 'InstanceWorkflow' entity. Consider using 'DbContextOptionsBuilder.EnableSensitiveDataLogging' to see key values.
info: Microsoft.AspNetCore.Routing.EndpointMiddleware[1]
      Executed endpoint 'HTTP: GET /api/instances/'
info: Microsoft.AspNetCore.Routing.EndpointMiddleware[1]
      Executed endpoint 'HTTP: GET /api/instances/'
info: Microsoft.AspNetCore.Routing.EndpointMiddleware[1]
      Executed endpoint 'HTTP: GET /api/instances/erreurs'
dbug: Microsoft.EntityFrameworkCore.ChangeTracking[10806]
      Context 'OamDbContext' started tracking 'InstanceWorkflow' entity. Consider using 'DbContextOptionsBuilder.EnableSensitiveDataLogging' to see key values.
dbug: Microsoft.EntityFrameworkCore.Infrastructure[10403]
      Entity Framework Core 10.0.5 initialized 'OamDbContext' using provider 'Microsoft.EntityFrameworkCore.Sqlite:10.0.5' with options: None
dbug: Microsoft.EntityFrameworkCore.Infrastructure[10407]
      'OamDbContext' disposed.
dbug: Microsoft.EntityFrameworkCore.Infrastructure[10407]
      'OamDbContext' disposed.
info: Microsoft.AspNetCore.Routing.EndpointMiddleware[1]
      Executed endpoint 'HTTP: GET /api/instances/erreurs'
dbug: Microsoft.EntityFrameworkCore.ChangeTracking[10806]
      Context 'OamDbContext' started tracking 'InstanceWorkflow' entity. Consider using 'DbContextOptionsBuilder.EnableSensitiveDataLogging' to see key values.
dbug: Microsoft.EntityFrameworkCore.Infrastructure[10407]
      'OamDbContext' disposed.
dbug: Microsoft.EntityFrameworkCore.Database.Connection[20007]
      Disposing connection to database 'main' on server 'oam_dev.db'.
dbug: Microsoft.EntityFrameworkCore.Database.Connection[20005]
      Creating DbConnection.
dbug: Microsoft.EntityFrameworkCore.Database.Connection[20007]
      Disposing connection to database 'main' on server 'oam_dev.db'.
dbug: Microsoft.EntityFrameworkCore.Database.Connection[20008]
      Disposed connection to database 'main' on server 'oam_dev.db' (1ms).
dbug: Microsoft.EntityFrameworkCore.Database.Connection[20008]
      Disposed connection to database 'main' on server 'oam_dev.db' (27ms).
dbug: Microsoft.EntityFrameworkCore.Database.Connection[20007]
      Disposing connection to database 'main' on server 'oam_dev.db'.
info: Microsoft.AspNetCore.Hosting.Diagnostics[2]
      Request finished HTTP/1.1 GET http://localhost:5000/api/instances/erreurs - 200 - application/json;+charset=utf-8 6085.2852ms
info: Microsoft.AspNetCore.Hosting.Diagnostics[2]
      Request finished HTTP/1.1 GET http://localhost:5000/api/instances - 200 - application/json;+charset=utf-8 6154.1366ms
dbug: Microsoft.EntityFrameworkCore.Database.Connection[20008]
      Disposed connection to database 'main' on server 'oam_dev.db' (59ms).
dbug: Microsoft.EntityFrameworkCore.Infrastructure[10407]
      'OamDbContext' disposed.
info: Microsoft.AspNetCore.Routing.EndpointMiddleware[1]
      Executed endpoint 'HTTP: GET /api/instances/'
dbug: Microsoft.EntityFrameworkCore.Infrastructure[10407]
      'OamDbContext' disposed.
info: Microsoft.AspNetCore.Hosting.Diagnostics[2]
      Request finished HTTP/1.1 GET http://localhost:5000/api/instances/erreurs - 200 - application/json;+charset=utf-8 6175.1663ms
dbug: Microsoft.EntityFrameworkCore.Database.Connection[20007]
      Disposing connection to database 'main' on server 'oam_dev.db'.
dbug: Microsoft.EntityFrameworkCore.Infrastructure[10407]
      'OamDbContext' disposed.
dbug: Microsoft.EntityFrameworkCore.Database.Connection[20007]
      Disposing connection to database 'main' on server 'oam_dev.db'.
info: Microsoft.AspNetCore.Cors.Infrastructure.CorsService[4]
      CORS policy execution successful.
info: Microsoft.AspNetCore.Routing.EndpointMiddleware[0]
      Executing endpoint 'HTTP: GET /api/instances/'
info: Microsoft.AspNetCore.Routing.EndpointMiddleware[0]
      Executing endpoint 'HTTP: GET /api/definitions/'
dbug: Microsoft.EntityFrameworkCore.Database.Connection[20008]
      Disposed connection to database 'main' on server 'oam_dev.db' (60ms).
dbug: Microsoft.EntityFrameworkCore.Database.Connection[20008]
      Disposed connection to database 'main' on server 'oam_dev.db' (92ms).
info: Microsoft.AspNetCore.Hosting.Diagnostics[2]
      Request finished HTTP/1.1 GET http://localhost:5000/api/instances/erreurs - 200 - application/json;+charset=utf-8 6301.9214ms
info: Microsoft.AspNetCore.Cors.Infrastructure.CorsService[4]
      CORS policy execution successful.
info: Microsoft.AspNetCore.Hosting.Diagnostics[2]
      Request finished HTTP/1.1 GET http://localhost:5000/api/instances - 200 - application/json;+charset=utf-8 6465.2112ms
dbug: Microsoft.EntityFrameworkCore.Infrastructure[10403]
      Entity Framework Core 10.0.5 initialized 'OamDbContext' using provider 'Microsoft.EntityFrameworkCore.Sqlite:10.0.5' with options: None
dbug: Microsoft.EntityFrameworkCore.Infrastructure[10403]
      Entity Framework Core 10.0.5 initialized 'OamDbContext' using provider 'Microsoft.EntityFrameworkCore.Sqlite:10.0.5' with options: None
info: Microsoft.AspNetCore.Cors.Infrastructure.CorsService[4]
      CORS policy execution successful.
dbug: Microsoft.EntityFrameworkCore.Database.Connection[20005]
      Creating DbConnection.
dbug: Microsoft.EntityFrameworkCore.Database.Connection[20006]
      Created DbConnection. (1ms).
dbug: Microsoft.EntityFrameworkCore.Database.Connection[20000]
      Opening connection to database 'main' on server 'oam_dev.db'.
dbug: Microsoft.EntityFrameworkCore.Database.Connection[20001]
      Opened connection to database 'main' on server 'C:\OAM\src\OAM.Api\oam_dev.db'.
dbug: Microsoft.EntityFrameworkCore.Database.Command[20103]
      Creating DbCommand for 'ExecuteReader'.
dbug: Microsoft.EntityFrameworkCore.Database.Command[20104]
      Created DbCommand for 'ExecuteReader' (1ms).
dbug: Microsoft.EntityFrameworkCore.Database.Connection[20005]
      Creating DbConnection.
dbug: Microsoft.EntityFrameworkCore.Database.Command[20106]
      Initialized DbCommand for 'ExecuteReader' (3ms).
dbug: Microsoft.EntityFrameworkCore.Database.Connection[20006]
      Created DbConnection. (1ms).
dbug: Microsoft.EntityFrameworkCore.Database.Connection[20000]
      Opening connection to database 'main' on server 'oam_dev.db'.
info: Microsoft.AspNetCore.Routing.EndpointMiddleware[0]
      Executing endpoint '/hubs/workflow/negotiate'
dbug: Microsoft.EntityFrameworkCore.ChangeTracking[10806]
      Context 'OamDbContext' started tracking 'InstanceWorkflow' entity. Consider using 'DbContextOptionsBuilder.EnableSensitiveDataLogging' to see key values.
dbug: Microsoft.EntityFrameworkCore.Database.Connection[20001]
      Opened connection to database 'main' on server 'C:\OAM\src\OAM.Api\oam_dev.db'.
dbug: Microsoft.EntityFrameworkCore.Database.Connection[20007]
      Disposing connection to database 'main' on server 'oam_dev.db'.
info: Microsoft.AspNetCore.Routing.EndpointMiddleware[0]
      Executing endpoint '/hubs/workflow/negotiate'
info: Microsoft.AspNetCore.Routing.EndpointMiddleware[0]
      Executing endpoint '/hubs/workflow/negotiate'
dbug: Microsoft.EntityFrameworkCore.Database.Connection[20008]
      Disposed connection to database 'main' on server 'oam_dev.db' (1ms).
dbug: Microsoft.EntityFrameworkCore.Database.Command[20100]
      Executing DbCommand [Parameters=[], CommandType='Text', CommandTimeout='30']
      SELECT "i"."Id", "i"."ContexteExecution", "i"."CorrelationId", "i"."DateCreation", "i"."DateDebut", "i"."DateFin", "i"."DefinitionWorkflowId", "i"."DonneesEntree", "i"."Erreur", "i"."Etat", "i"."HashVersionConfig", "d"."Id", "d"."Actif", "d"."ContenuYaml", "d"."DateCreation", "d"."DateModification", "d"."Description", "d"."Equipe", "d"."HashVersion", "d"."Nom"
      FROM "InstancesWorkflow" AS "i"
      INNER JOIN "DefinitionsWorkflow" AS "d" ON "i"."DefinitionWorkflowId" = "d"."Id"
      ORDER BY "i"."DateCreation" DESC
dbug: Microsoft.EntityFrameworkCore.Database.Command[20103]
      Creating DbCommand for 'ExecuteReader'.
dbug: Microsoft.EntityFrameworkCore.Database.Command[20104]
      Created DbCommand for 'ExecuteReader' (60ms).
info: Microsoft.EntityFrameworkCore.Database.Command[20101]
      Executed DbCommand (93ms) [Parameters=[], CommandType='Text', CommandTimeout='30']
      SELECT "i"."Id", "i"."ContexteExecution", "i"."CorrelationId", "i"."DateCreation", "i"."DateDebut", "i"."DateFin", "i"."DefinitionWorkflowId", "i"."DonneesEntree", "i"."Erreur", "i"."Etat", "i"."HashVersionConfig", "d"."Id", "d"."Actif", "d"."ContenuYaml", "d"."DateCreation", "d"."DateModification", "d"."Description", "d"."Equipe", "d"."HashVersion", "d"."Nom"
      FROM "InstancesWorkflow" AS "i"
      INNER JOIN "DefinitionsWorkflow" AS "d" ON "i"."DefinitionWorkflowId" = "d"."Id"
      ORDER BY "i"."DateCreation" DESC
dbug: Microsoft.EntityFrameworkCore.Database.Command[20106]
      Initialized DbCommand for 'ExecuteReader' (63ms).
info: Microsoft.AspNetCore.Routing.EndpointMiddleware[1]
      Executed endpoint '/hubs/workflow/negotiate'
dbug: Microsoft.EntityFrameworkCore.Database.Command[20100]
      Executing DbCommand [Parameters=[], CommandType='Text', CommandTimeout='30']
      SELECT "d"."Id", "d"."Actif", "d"."ContenuYaml", "d"."DateCreation", "d"."DateModification", "d"."Description", "d"."Equipe", "d"."HashVersion", "d"."Nom"
      FROM "DefinitionsWorkflow" AS "d"
      WHERE "d"."Actif"
      ORDER BY "d"."Nom"
dbug: Microsoft.EntityFrameworkCore.ChangeTracking[10806]
      Context 'OamDbContext' started tracking 'InstanceWorkflow' entity. Consider using 'DbContextOptionsBuilder.EnableSensitiveDataLogging' to see key values.
info: Microsoft.AspNetCore.Routing.EndpointMiddleware[1]
      Executed endpoint '/hubs/workflow/negotiate'
dbug: Microsoft.EntityFrameworkCore.ChangeTracking[10805]
      The navigation 'InstanceWorkflow.DefinitionWorkflow' was detected as changed. Consider using 'DbContextOptionsBuilder.EnableSensitiveDataLogging' to see key values.
info: Microsoft.AspNetCore.Hosting.Diagnostics[2]
      Request finished HTTP/1.1 POST http://localhost:5173/hubs/workflow/negotiate?negotiateVersion=1 - 200 316 application/json 6588.4080ms
dbug: Microsoft.EntityFrameworkCore.ChangeTracking[10806]
      Context 'OamDbContext' started tracking 'DefinitionWorkflow' entity. Consider using 'DbContextOptionsBuilder.EnableSensitiveDataLogging' to see key values.
info: Microsoft.AspNetCore.Hosting.Diagnostics[2]
      Request finished HTTP/1.1 POST http://localhost:5173/hubs/workflow/negotiate?negotiateVersion=1 - 200 316 application/json 6592.8141ms
info: Microsoft.AspNetCore.Routing.EndpointMiddleware[1]
      Executed endpoint '/hubs/workflow/negotiate'
info: Microsoft.AspNetCore.Cors.Infrastructure.CorsService[4]
      CORS policy execution successful.
info: Microsoft.AspNetCore.Routing.EndpointMiddleware[0]
      Executing endpoint '/hubs/workflow/negotiate'
info: Microsoft.EntityFrameworkCore.Database.Command[20101]
      Executed DbCommand (59ms) [Parameters=[], CommandType='Text', CommandTimeout='30']
      SELECT "d"."Id", "d"."Actif", "d"."ContenuYaml", "d"."DateCreation", "d"."DateModification", "d"."Description", "d"."Equipe", "d"."HashVersion", "d"."Nom"
      FROM "DefinitionsWorkflow" AS "d"
      WHERE "d"."Actif"
      ORDER BY "d"."Nom"
info: Microsoft.AspNetCore.Routing.EndpointMiddleware[1]
      Executed endpoint '/hubs/workflow/negotiate'
info: Microsoft.AspNetCore.Hosting.Diagnostics[2]
      Request finished HTTP/1.1 POST http://localhost:5173/hubs/workflow/negotiate?negotiateVersion=1 - 200 316 application/json 6620.2418ms
dbug: Microsoft.EntityFrameworkCore.ChangeTracking[10806]
      Context 'OamDbContext' started tracking 'DefinitionWorkflow' entity. Consider using 'DbContextOptionsBuilder.EnableSensitiveDataLogging' to see key values.
dbug: Microsoft.EntityFrameworkCore.ChangeTracking[10806]
      Context 'OamDbContext' started tracking 'InstanceWorkflow' entity. Consider using 'DbContextOptionsBuilder.EnableSensitiveDataLogging' to see key values.
dbug: Microsoft.EntityFrameworkCore.ChangeTracking[10806]
      Context 'OamDbContext' started tracking 'InstanceWorkflow' entity. Consider using 'DbContextOptionsBuilder.EnableSensitiveDataLogging' to see key values.
dbug: Microsoft.EntityFrameworkCore.Database.Command[20301]
      Closing data reader to 'main' on server 'C:\OAM\src\OAM.Api\oam_dev.db'.
dbug: Microsoft.EntityFrameworkCore.ChangeTracking[10806]
      Context 'OamDbContext' started tracking 'InstanceWorkflow' entity. Consider using 'DbContextOptionsBuilder.EnableSensitiveDataLogging' to see key values.
dbug: Microsoft.EntityFrameworkCore.ChangeTracking[10806]
      Context 'OamDbContext' started tracking 'InstanceWorkflow' entity. Consider using 'DbContextOptionsBuilder.EnableSensitiveDataLogging' to see key values.
dbug: Microsoft.EntityFrameworkCore.ChangeTracking[10806]
      Context 'OamDbContext' started tracking 'InstanceWorkflow' entity. Consider using 'DbContextOptionsBuilder.EnableSensitiveDataLogging' to see key values.
dbug: Microsoft.EntityFrameworkCore.ChangeTracking[10806]
      Context 'OamDbContext' started tracking 'InstanceWorkflow' entity. Consider using 'DbContextOptionsBuilder.EnableSensitiveDataLogging' to see key values.
info: Microsoft.AspNetCore.Routing.EndpointMiddleware[0]
      Executing endpoint 'HTTP: GET /api/definitions/'
dbug: Microsoft.EntityFrameworkCore.ChangeTracking[10806]
      Context 'OamDbContext' started tracking 'InstanceWorkflow' entity. Consider using 'DbContextOptionsBuilder.EnableSensitiveDataLogging' to see key values.
dbug: Microsoft.EntityFrameworkCore.Database.Command[20300]
      A data reader for 'main' on server 'C:\OAM\src\OAM.Api\oam_dev.db' is being disposed after spending 124ms reading results.
info: Microsoft.AspNetCore.Routing.EndpointMiddleware[0]
      Executing endpoint 'HTTP: GET /api/instances/'
dbug: Microsoft.EntityFrameworkCore.Database.Connection[20002]
      Closing connection to database 'main' on server 'C:\OAM\src\OAM.Api\oam_dev.db'.
dbug: Microsoft.EntityFrameworkCore.ChangeTracking[10806]
      Context 'OamDbContext' started tracking 'InstanceWorkflow' entity. Consider using 'DbContextOptionsBuilder.EnableSensitiveDataLogging' to see key values.
dbug: Microsoft.EntityFrameworkCore.Database.Connection[20003]
      Closed connection to database 'main' on server 'oam_dev.db' (28ms).
info: Microsoft.AspNetCore.Http.Result.OkObjectResult[1]
      Setting HTTP status code 200.
dbug: Microsoft.EntityFrameworkCore.ChangeTracking[10806]
      Context 'OamDbContext' started tracking 'InstanceWorkflow' entity. Consider using 'DbContextOptionsBuilder.EnableSensitiveDataLogging' to see key values.
info: Microsoft.AspNetCore.Http.Result.OkObjectResult[3]
      Writing value of type 'ListSelectIterator`2' as Json.
dbug: Microsoft.EntityFrameworkCore.ChangeTracking[10806]
      Context 'OamDbContext' started tracking 'InstanceWorkflow' entity. Consider using 'DbContextOptionsBuilder.EnableSensitiveDataLogging' to see key values.
dbug: Microsoft.EntityFrameworkCore.ChangeTracking[10806]
      Context 'OamDbContext' started tracking 'InstanceWorkflow' entity. Consider using 'DbContextOptionsBuilder.EnableSensitiveDataLogging' to see key values.
info: Microsoft.AspNetCore.Routing.EndpointMiddleware[1]
      Executed endpoint 'HTTP: GET /api/definitions/'
dbug: Microsoft.EntityFrameworkCore.ChangeTracking[10806]
      Context 'OamDbContext' started tracking 'InstanceWorkflow' entity. Consider using 'DbContextOptionsBuilder.EnableSensitiveDataLogging' to see key values.
dbug: Microsoft.EntityFrameworkCore.ChangeTracking[10806]
      Context 'OamDbContext' started tracking 'InstanceWorkflow' entity. Consider using 'DbContextOptionsBuilder.EnableSensitiveDataLogging' to see key values.
dbug: Microsoft.EntityFrameworkCore.Infrastructure[10403]
      Entity Framework Core 10.0.5 initialized 'OamDbContext' using provider 'Microsoft.EntityFrameworkCore.Sqlite:10.0.5' with options: None
dbug: Microsoft.EntityFrameworkCore.Infrastructure[10403]
      Entity Framework Core 10.0.5 initialized 'OamDbContext' using provider 'Microsoft.EntityFrameworkCore.Sqlite:10.0.5' with options: None
dbug: Microsoft.EntityFrameworkCore.ChangeTracking[10806]
      Context 'OamDbContext' started tracking 'InstanceWorkflow' entity. Consider using 'DbContextOptionsBuilder.EnableSensitiveDataLogging' to see key values.
dbug: Microsoft.EntityFrameworkCore.Infrastructure[10407]
      'OamDbContext' disposed.
dbug: Microsoft.EntityFrameworkCore.ChangeTracking[10806]
      Context 'OamDbContext' started tracking 'ExecutionTache' entity. Consider using 'DbContextOptionsBuilder.EnableSensitiveDataLogging' to see key values.
info: Microsoft.AspNetCore.Hosting.Diagnostics[2]
      Request finished HTTP/1.1 POST http://localhost:5173/hubs/workflow/negotiate?negotiateVersion=1 - 200 316 application/json 7151.2135ms
dbug: Microsoft.EntityFrameworkCore.Database.Connection[20005]
      Creating DbConnection.
dbug: Microsoft.EntityFrameworkCore.Database.Connection[20005]
      Creating DbConnection.
dbug: Microsoft.EntityFrameworkCore.ChangeTracking[10806]
      Context 'OamDbContext' started tracking 'InstanceWorkflow' entity. Consider using 'DbContextOptionsBuilder.EnableSensitiveDataLogging' to see key values.
dbug: Microsoft.EntityFrameworkCore.ChangeTracking[10806]
      Context 'OamDbContext' started tracking 'InstanceWorkflow' entity. Consider using 'DbContextOptionsBuilder.EnableSensitiveDataLogging' to see key values.
dbug: Microsoft.EntityFrameworkCore.Database.Command[20301]
      Closing data reader to 'main' on server 'C:\OAM\src\OAM.Api\oam_dev.db'.
dbug: Microsoft.EntityFrameworkCore.Database.Command[20300]
      A data reader for 'main' on server 'C:\OAM\src\OAM.Api\oam_dev.db' is being disposed after spending 492ms reading results.
dbug: Microsoft.EntityFrameworkCore.Database.Connection[20007]
      Disposing connection to database 'main' on server 'oam_dev.db'.
dbug: Microsoft.EntityFrameworkCore.Database.Connection[20006]
      Created DbConnection. (61ms).
dbug: Microsoft.EntityFrameworkCore.Database.Connection[20008]
      Disposed connection to database 'main' on server 'oam_dev.db' (2ms).
dbug: Microsoft.EntityFrameworkCore.Database.Connection[20000]
      Opening connection to database 'main' on server 'oam_dev.db'.
info: Microsoft.AspNetCore.Routing.EndpointMiddleware[0]
      Executing endpoint 'HTTP: GET /api/instances/'
dbug: Microsoft.EntityFrameworkCore.Database.Connection[20002]
      Closing connection to database 'main' on server 'C:\OAM\src\OAM.Api\oam_dev.db'.
dbug: Microsoft.EntityFrameworkCore.Database.Connection[20001]
      Opened connection to database 'main' on server 'C:\OAM\src\OAM.Api\oam_dev.db'.
info: Microsoft.AspNetCore.Hosting.Diagnostics[2]
      Request finished HTTP/1.1 GET http://localhost:5000/api/definitions - 200 - application/json;+charset=utf-8 7148.3704ms
dbug: Microsoft.EntityFrameworkCore.Database.Command[20103]
      Creating DbCommand for 'ExecuteReader'.
dbug: Microsoft.EntityFrameworkCore.Database.Connection[20003]
      Closed connection to database 'main' on server 'oam_dev.db' (30ms).
dbug: Microsoft.EntityFrameworkCore.Database.Connection[20006]
      Created DbConnection. (154ms).
info: Microsoft.AspNetCore.Http.Result.OkObjectResult[1]
      Setting HTTP status code 200.
info: Microsoft.AspNetCore.Http.Result.OkObjectResult[3]
      Writing value of type 'ListSelectIterator`2' as Json.
dbug: Microsoft.EntityFrameworkCore.Database.Command[20104]
      Created DbCommand for 'ExecuteReader' (5ms).
info: Microsoft.AspNetCore.Hosting.Diagnostics[1]
      Request starting HTTP/1.1 POST http://localhost:5173/hubs/workflow/negotiate?negotiateVersion=1 - - 0
info: Microsoft.AspNetCore.Cors.Infrastructure.CorsService[4]
      CORS policy execution successful.
dbug: Microsoft.EntityFrameworkCore.Database.Command[20106]
      Initialized DbCommand for 'ExecuteReader' (31ms).
dbug: Microsoft.EntityFrameworkCore.Database.Command[20100]
      Executing DbCommand [Parameters=[], CommandType='Text', CommandTimeout='30']
      SELECT "d"."Id", "d"."Actif", "d"."ContenuYaml", "d"."DateCreation", "d"."DateModification", "d"."Description", "d"."Equipe", "d"."HashVersion", "d"."Nom"
      FROM "DefinitionsWorkflow" AS "d"
      WHERE "d"."Actif"
      ORDER BY "d"."Nom"
info: Microsoft.AspNetCore.Routing.EndpointMiddleware[1]
      Executed endpoint 'HTTP: GET /api/instances/'
info: Microsoft.EntityFrameworkCore.Database.Command[20101]
      Executed DbCommand (61ms) [Parameters=[], CommandType='Text', CommandTimeout='30']
      SELECT "d"."Id", "d"."Actif", "d"."ContenuYaml", "d"."DateCreation", "d"."DateModification", "d"."Description", "d"."Equipe", "d"."HashVersion", "d"."Nom"
      FROM "DefinitionsWorkflow" AS "d"
      WHERE "d"."Actif"
      ORDER BY "d"."Nom"
dbug: Microsoft.EntityFrameworkCore.Database.Connection[20000]
      Opening connection to database 'main' on server 'oam_dev.db'.
info: Microsoft.AspNetCore.Routing.EndpointMiddleware[0]
      Executing endpoint '/hubs/workflow/negotiate'
dbug: Microsoft.EntityFrameworkCore.Infrastructure[10407]
      'OamDbContext' disposed.
dbug: Microsoft.EntityFrameworkCore.Infrastructure[10403]
      Entity Framework Core 10.0.5 initialized 'OamDbContext' using provider 'Microsoft.EntityFrameworkCore.Sqlite:10.0.5' with options: None
dbug: Microsoft.EntityFrameworkCore.ChangeTracking[10806]
      Context 'OamDbContext' started tracking 'InstanceWorkflow' entity. Consider using 'DbContextOptionsBuilder.EnableSensitiveDataLogging' to see key values.
info: Microsoft.AspNetCore.Routing.EndpointMiddleware[1]
      Executed endpoint '/hubs/workflow/negotiate'
dbug: Microsoft.EntityFrameworkCore.ChangeTracking[10806]
      Context 'OamDbContext' started tracking 'DefinitionWorkflow' entity. Consider using 'DbContextOptionsBuilder.EnableSensitiveDataLogging' to see key values.
dbug: Microsoft.EntityFrameworkCore.Database.Connection[20007]
      Disposing connection to database 'main' on server 'oam_dev.db'.
info: Microsoft.AspNetCore.Hosting.Diagnostics[2]
      Request finished HTTP/1.1 POST http://localhost:5173/hubs/workflow/negotiate?negotiateVersion=1 - 200 316 application/json 188.6521ms
dbug: Microsoft.EntityFrameworkCore.Database.Command[20301]
      Closing data reader to 'main' on server 'C:\OAM\src\OAM.Api\oam_dev.db'.
dbug: Microsoft.EntityFrameworkCore.Database.Connection[20001]
      Opened connection to database 'main' on server 'C:\OAM\src\OAM.Api\oam_dev.db'.
dbug: Microsoft.EntityFrameworkCore.Database.Command[20300]
      A data reader for 'main' on server 'C:\OAM\src\OAM.Api\oam_dev.db' is being disposed after spending 91ms reading results.
dbug: Microsoft.EntityFrameworkCore.Database.Connection[20008]
      Disposed connection to database 'main' on server 'oam_dev.db' (88ms).
info: Microsoft.AspNetCore.Hosting.Diagnostics[2]
      Request finished HTTP/1.1 GET http://localhost:5000/api/instances - 200 - application/json;+charset=utf-8 7459.2882ms
info: Microsoft.AspNetCore.Hosting.Diagnostics[1]
      Request starting HTTP/1.1 GET http://localhost:5000/api/definitions - application/json -
dbug: Microsoft.EntityFrameworkCore.Database.Connection[20002]
      Closing connection to database 'main' on server 'C:\OAM\src\OAM.Api\oam_dev.db'.
dbug: Microsoft.EntityFrameworkCore.Database.Connection[20003]
      Closed connection to database 'main' on server 'oam_dev.db' (2ms).
info: Microsoft.AspNetCore.Routing.EndpointMiddleware[0]
      Executing endpoint 'HTTP: GET /api/definitions/'
info: Microsoft.AspNetCore.Http.Result.OkObjectResult[1]
      Setting HTTP status code 200.
info: Microsoft.AspNetCore.Http.Result.OkObjectResult[3]
      Writing value of type 'ListSelectIterator`2' as Json.
dbug: Microsoft.EntityFrameworkCore.Database.Command[20103]
      Creating DbCommand for 'ExecuteReader'.
info: Microsoft.AspNetCore.Hosting.Diagnostics[1]
      Request starting HTTP/1.1 GET http://localhost:5000/api/instances - application/json -
info: Microsoft.AspNetCore.Routing.EndpointMiddleware[0]
      Executing endpoint 'HTTP: GET /api/instances/'
dbug: Microsoft.EntityFrameworkCore.Database.Command[20104]
      Created DbCommand for 'ExecuteReader' (1ms).
info: Microsoft.AspNetCore.Routing.EndpointMiddleware[1]
      Executed endpoint 'HTTP: GET /api/definitions/'
dbug: Microsoft.EntityFrameworkCore.Infrastructure[10403]
      Entity Framework Core 10.0.5 initialized 'OamDbContext' using provider 'Microsoft.EntityFrameworkCore.Sqlite:10.0.5' with options: None
dbug: Microsoft.EntityFrameworkCore.Infrastructure[10407]
      'OamDbContext' disposed.
dbug: Microsoft.EntityFrameworkCore.Database.Command[20106]
      Initialized DbCommand for 'ExecuteReader' (61ms).
dbug: Microsoft.EntityFrameworkCore.Database.Connection[20007]
      Disposing connection to database 'main' on server 'oam_dev.db'.
dbug: Microsoft.EntityFrameworkCore.ChangeTracking[10806]
      Context 'OamDbContext' started tracking 'InstanceWorkflow' entity. Consider using 'DbContextOptionsBuilder.EnableSensitiveDataLogging' to see key values.
dbug: Microsoft.EntityFrameworkCore.Database.Command[20100]
      Executing DbCommand [Parameters=[], CommandType='Text', CommandTimeout='30']
      SELECT "i"."Id", "i"."ContexteExecution", "i"."CorrelationId", "i"."DateCreation", "i"."DateDebut", "i"."DateFin", "i"."DefinitionWorkflowId", "i"."DonneesEntree", "i"."Erreur", "i"."Etat", "i"."HashVersionConfig", "d"."Id", "d"."Actif", "d"."ContenuYaml", "d"."DateCreation", "d"."DateModification", "d"."Description", "d"."Equipe", "d"."HashVersion", "d"."Nom"
      FROM "InstancesWorkflow" AS "i"
      INNER JOIN "DefinitionsWorkflow" AS "d" ON "i"."DefinitionWorkflowId" = "d"."Id"
      ORDER BY "i"."DateCreation" DESC
dbug: Microsoft.EntityFrameworkCore.Database.Connection[20008]
      Disposed connection to database 'main' on server 'oam_dev.db' (28ms).
dbug: Microsoft.EntityFrameworkCore.Database.Connection[20005]
      Creating DbConnection.
dbug: Microsoft.EntityFrameworkCore.Infrastructure[10403]
      Entity Framework Core 10.0.5 initialized 'OamDbContext' using provider 'Microsoft.EntityFrameworkCore.Sqlite:10.0.5' with options: None
info: Microsoft.AspNetCore.Hosting.Diagnostics[2]
      Request finished HTTP/1.1 GET http://localhost:5000/api/definitions - 200 - application/json;+charset=utf-8 7611.8197ms
dbug: Microsoft.EntityFrameworkCore.Database.Connection[20006]
      Created DbConnection. (2ms).
dbug: Microsoft.EntityFrameworkCore.Database.Connection[20000]
      Opening connection to database 'main' on server 'oam_dev.db'.
dbug: Microsoft.EntityFrameworkCore.Database.Connection[20005]
      Creating DbConnection.
dbug: Microsoft.EntityFrameworkCore.Database.Connection[20001]
      Opened connection to database 'main' on server 'C:\OAM\src\OAM.Api\oam_dev.db'.
dbug: Microsoft.EntityFrameworkCore.Database.Connection[20005]
      Creating DbConnection.
dbug: Microsoft.EntityFrameworkCore.Database.Connection[20006]
      Created DbConnection. (25ms).
dbug: Microsoft.EntityFrameworkCore.Database.Command[20103]
      Creating DbCommand for 'ExecuteReader'.
info: Microsoft.AspNetCore.Hosting.Diagnostics[1]
      Request starting HTTP/1.1 GET http://localhost:5000/api/instances/erreurs - application/json -
dbug: Microsoft.EntityFrameworkCore.Database.Connection[20006]
      Created DbConnection. (30ms).
dbug: Microsoft.EntityFrameworkCore.Database.Connection[20000]
      Opening connection to database 'main' on server 'oam_dev.db'.
dbug: Microsoft.EntityFrameworkCore.Database.Command[20104]
      Created DbCommand for 'ExecuteReader' (61ms).
info: Microsoft.EntityFrameworkCore.Database.Command[20101]
      Executed DbCommand (152ms) [Parameters=[], CommandType='Text', CommandTimeout='30']
      SELECT "i"."Id", "i"."ContexteExecution", "i"."CorrelationId", "i"."DateCreation", "i"."DateDebut", "i"."DateFin", "i"."DefinitionWorkflowId", "i"."DonneesEntree", "i"."Erreur", "i"."Etat", "i"."HashVersionConfig", "d"."Id", "d"."Actif", "d"."ContenuYaml", "d"."DateCreation", "d"."DateModification", "d"."Description", "d"."Equipe", "d"."HashVersion", "d"."Nom"
      FROM "InstancesWorkflow" AS "i"
      INNER JOIN "DefinitionsWorkflow" AS "d" ON "i"."DefinitionWorkflowId" = "d"."Id"
      ORDER BY "i"."DateCreation" DESC
dbug: Microsoft.EntityFrameworkCore.Database.Connection[20001]
      Opened connection to database 'main' on server 'C:\OAM\src\OAM.Api\oam_dev.db'.
dbug: Microsoft.EntityFrameworkCore.Database.Command[20106]
      Initialized DbCommand for 'ExecuteReader' (151ms).
dbug: Microsoft.EntityFrameworkCore.Database.Command[20103]
      Creating DbCommand for 'ExecuteReader'.
dbug: Microsoft.EntityFrameworkCore.Database.Command[20100]
      Executing DbCommand [Parameters=[], CommandType='Text', CommandTimeout='30']
      SELECT "d"."Id", "d"."Actif", "d"."ContenuYaml", "d"."DateCreation", "d"."DateModification", "d"."Description", "d"."Equipe", "d"."HashVersion", "d"."Nom"
      FROM "DefinitionsWorkflow" AS "d"
      WHERE "d"."Actif"
      ORDER BY "d"."Nom"
dbug: Microsoft.EntityFrameworkCore.Database.Command[20104]
      Created DbCommand for 'ExecuteReader' (2ms).
dbug: Microsoft.EntityFrameworkCore.Database.Connection[20000]
      Opening connection to database 'main' on server 'oam_dev.db'.
dbug: Microsoft.EntityFrameworkCore.Database.Command[20106]
      Initialized DbCommand for 'ExecuteReader' (60ms).
dbug: Microsoft.EntityFrameworkCore.Database.Command[20100]
      Executing DbCommand [Parameters=[], CommandType='Text', CommandTimeout='30']
      SELECT "i"."Id", "i"."ContexteExecution", "i"."CorrelationId", "i"."DateCreation", "i"."DateDebut", "i"."DateFin", "i"."DefinitionWorkflowId", "i"."DonneesEntree", "i"."Erreur", "i"."Etat", "i"."HashVersionConfig", "d"."Id", "d"."Actif", "d"."ContenuYaml", "d"."DateCreation", "d"."DateModification", "d"."Description", "d"."Equipe", "d"."HashVersion", "d"."Nom"
      FROM "InstancesWorkflow" AS "i"
      INNER JOIN "DefinitionsWorkflow" AS "d" ON "i"."DefinitionWorkflowId" = "d"."Id"
      ORDER BY "i"."DateCreation" DESC
info: Microsoft.EntityFrameworkCore.Database.Command[20101]
      Executed DbCommand (93ms) [Parameters=[], CommandType='Text', CommandTimeout='30']
      SELECT "d"."Id", "d"."Actif", "d"."ContenuYaml", "d"."DateCreation", "d"."DateModification", "d"."Description", "d"."Equipe", "d"."HashVersion", "d"."Nom"
      FROM "DefinitionsWorkflow" AS "d"
      WHERE "d"."Actif"
      ORDER BY "d"."Nom"
dbug: Microsoft.EntityFrameworkCore.Database.Connection[20001]
      Opened connection to database 'main' on server 'C:\OAM\src\OAM.Api\oam_dev.db'.
info: Microsoft.AspNetCore.Routing.EndpointMiddleware[0]
      Executing endpoint 'HTTP: GET /api/instances/erreurs'
info: Microsoft.EntityFrameworkCore.Database.Command[20101]
      Executed DbCommand (61ms) [Parameters=[], CommandType='Text', CommandTimeout='30']
      SELECT "i"."Id", "i"."ContexteExecution", "i"."CorrelationId", "i"."DateCreation", "i"."DateDebut", "i"."DateFin", "i"."DefinitionWorkflowId", "i"."DonneesEntree", "i"."Erreur", "i"."Etat", "i"."HashVersionConfig", "d"."Id", "d"."Actif", "d"."ContenuYaml", "d"."DateCreation", "d"."DateModification", "d"."Description", "d"."Equipe", "d"."HashVersion", "d"."Nom"
      FROM "InstancesWorkflow" AS "i"
      INNER JOIN "DefinitionsWorkflow" AS "d" ON "i"."DefinitionWorkflowId" = "d"."Id"
      ORDER BY "i"."DateCreation" DESC
dbug: Microsoft.EntityFrameworkCore.Database.Command[20103]
      Creating DbCommand for 'ExecuteReader'.
dbug: Microsoft.EntityFrameworkCore.ChangeTracking[10806]
      Context 'OamDbContext' started tracking 'DefinitionWorkflow' entity. Consider using 'DbContextOptionsBuilder.EnableSensitiveDataLogging' to see key values.
dbug: Microsoft.EntityFrameworkCore.ChangeTracking[10806]
      Context 'OamDbContext' started tracking 'InstanceWorkflow' entity. Consider using 'DbContextOptionsBuilder.EnableSensitiveDataLogging' to see key values.
dbug: Microsoft.EntityFrameworkCore.Database.Command[20301]
      Closing data reader to 'main' on server 'C:\OAM\src\OAM.Api\oam_dev.db'.
dbug: Microsoft.EntityFrameworkCore.ChangeTracking[10806]
      Context 'OamDbContext' started tracking 'InstanceWorkflow' entity. Consider using 'DbContextOptionsBuilder.EnableSensitiveDataLogging' to see key values.
dbug: Microsoft.EntityFrameworkCore.Database.Command[20300]
      A data reader for 'main' on server 'C:\OAM\src\OAM.Api\oam_dev.db' is being disposed after spending 126ms reading results.
dbug: Microsoft.EntityFrameworkCore.ChangeTracking[10806]
      Context 'OamDbContext' started tracking 'InstanceWorkflow' entity. Consider using 'DbContextOptionsBuilder.EnableSensitiveDataLogging' to see key values.
dbug: Microsoft.EntityFrameworkCore.ChangeTracking[10805]
      The navigation 'InstanceWorkflow.DefinitionWorkflow' was detected as changed. Consider using 'DbContextOptionsBuilder.EnableSensitiveDataLogging' to see key values.
dbug: Microsoft.EntityFrameworkCore.Database.Connection[20002]
      Closing connection to database 'main' on server 'C:\OAM\src\OAM.Api\oam_dev.db'.
dbug: Microsoft.EntityFrameworkCore.ChangeTracking[10805]
      The navigation 'InstanceWorkflow.DefinitionWorkflow' was detected as changed. Consider using 'DbContextOptionsBuilder.EnableSensitiveDataLogging' to see key values.
dbug: Microsoft.EntityFrameworkCore.ChangeTracking[10806]
      Context 'OamDbContext' started tracking 'InstanceWorkflow' entity. Consider using 'DbContextOptionsBuilder.EnableSensitiveDataLogging' to see key values.
dbug: Microsoft.EntityFrameworkCore.Database.Command[20104]
      Created DbCommand for 'ExecuteReader' (127ms).
dbug: Microsoft.EntityFrameworkCore.ChangeTracking[10806]
      Context 'OamDbContext' started tracking 'DefinitionWorkflow' entity. Consider using 'DbContextOptionsBuilder.EnableSensitiveDataLogging' to see key values.
dbug: Microsoft.EntityFrameworkCore.Database.Connection[20003]
      Closed connection to database 'main' on server 'oam_dev.db' (5ms).
dbug: Microsoft.EntityFrameworkCore.ChangeTracking[10806]
      Context 'OamDbContext' started tracking 'DefinitionWorkflow' entity. Consider using 'DbContextOptionsBuilder.EnableSensitiveDataLogging' to see key values.
info: Microsoft.AspNetCore.Http.Result.OkObjectResult[1]
      Setting HTTP status code 200.
dbug: Microsoft.EntityFrameworkCore.Infrastructure[10403]
      Entity Framework Core 10.0.5 initialized 'OamDbContext' using provider 'Microsoft.EntityFrameworkCore.Sqlite:10.0.5' with options: None
dbug: Microsoft.EntityFrameworkCore.ChangeTracking[10806]
      Context 'OamDbContext' started tracking 'InstanceWorkflow' entity. Consider using 'DbContextOptionsBuilder.EnableSensitiveDataLogging' to see key values.
info: Microsoft.AspNetCore.Http.Result.OkObjectResult[3]
      Writing value of type 'ListSelectIterator`2' as Json.
dbug: Microsoft.EntityFrameworkCore.Database.Command[20106]
      Initialized DbCommand for 'ExecuteReader' (187ms).
dbug: Microsoft.EntityFrameworkCore.ChangeTracking[10806]
      Context 'OamDbContext' started tracking 'InstanceWorkflow' entity. Consider using 'DbContextOptionsBuilder.EnableSensitiveDataLogging' to see key values.
dbug: Microsoft.EntityFrameworkCore.ChangeTracking[10806]
      Context 'OamDbContext' started tracking 'InstanceWorkflow' entity. Consider using 'DbContextOptionsBuilder.EnableSensitiveDataLogging' to see key values.
dbug: Microsoft.EntityFrameworkCore.ChangeTracking[10806]
      Context 'OamDbContext' started tracking 'InstanceWorkflow' entity. Consider using 'DbContextOptionsBuilder.EnableSensitiveDataLogging' to see key values.
info: Microsoft.AspNetCore.Routing.EndpointMiddleware[1]
      Executed endpoint 'HTTP: GET /api/definitions/'
dbug: Microsoft.EntityFrameworkCore.ChangeTracking[10806]
      Context 'OamDbContext' started tracking 'InstanceWorkflow' entity. Consider using 'DbContextOptionsBuilder.EnableSensitiveDataLogging' to see key values.
dbug: Microsoft.EntityFrameworkCore.Database.Connection[20005]
      Creating DbConnection.
dbug: Microsoft.EntityFrameworkCore.ChangeTracking[10806]
      Context 'OamDbContext' started tracking 'InstanceWorkflow' entity. Consider using 'DbContextOptionsBuilder.EnableSensitiveDataLogging' to see key values.
dbug: Microsoft.EntityFrameworkCore.Database.Connection[20006]
      Created DbConnection. (62ms).
dbug: Microsoft.EntityFrameworkCore.Infrastructure[10407]
      'OamDbContext' disposed.
dbug: Microsoft.EntityFrameworkCore.ChangeTracking[10806]
      Context 'OamDbContext' started tracking 'InstanceWorkflow' entity. Consider using 'DbContextOptionsBuilder.EnableSensitiveDataLogging' to see key values.
dbug: Microsoft.EntityFrameworkCore.ChangeTracking[10806]
      Context 'OamDbContext' started tracking 'InstanceWorkflow' entity. Consider using 'DbContextOptionsBuilder.EnableSensitiveDataLogging' to see key values.
dbug: Microsoft.EntityFrameworkCore.Database.Command[20100]
      Executing DbCommand [Parameters=[], CommandType='Text', CommandTimeout='30']
      SELECT "i"."Id", "i"."ContexteExecution", "i"."CorrelationId", "i"."DateCreation", "i"."DateDebut", "i"."DateFin", "i"."DefinitionWorkflowId", "i"."DonneesEntree", "i"."Erreur", "i"."Etat", "i"."HashVersionConfig", "d"."Id", "d"."Actif", "d"."ContenuYaml", "d"."DateCreation", "d"."DateModification", "d"."Description", "d"."Equipe", "d"."HashVersion", "d"."Nom"
      FROM "InstancesWorkflow" AS "i"
      INNER JOIN "DefinitionsWorkflow" AS "d" ON "i"."DefinitionWorkflowId" = "d"."Id"
      ORDER BY "i"."DateCreation" DESC
dbug: Microsoft.EntityFrameworkCore.Database.Connection[20007]
      Disposing connection to database 'main' on server 'oam_dev.db'.
dbug: Microsoft.EntityFrameworkCore.ChangeTracking[10806]
      Context 'OamDbContext' started tracking 'InstanceWorkflow' entity. Consider using 'DbContextOptionsBuilder.EnableSensitiveDataLogging' to see key values.
dbug: Microsoft.EntityFrameworkCore.ChangeTracking[10806]
      Context 'OamDbContext' started tracking 'InstanceWorkflow' entity. Consider using 'DbContextOptionsBuilder.EnableSensitiveDataLogging' to see key values.
dbug: Microsoft.EntityFrameworkCore.Database.Connection[20008]
      Disposed connection to database 'main' on server 'oam_dev.db' (1ms).
info: Microsoft.EntityFrameworkCore.Database.Command[20101]
      Executed DbCommand (63ms) [Parameters=[], CommandType='Text', CommandTimeout='30']
      SELECT "i"."Id", "i"."ContexteExecution", "i"."CorrelationId", "i"."DateCreation", "i"."DateDebut", "i"."DateFin", "i"."DefinitionWorkflowId", "i"."DonneesEntree", "i"."Erreur", "i"."Etat", "i"."HashVersionConfig", "d"."Id", "d"."Actif", "d"."ContenuYaml", "d"."DateCreation", "d"."DateModification", "d"."Description", "d"."Equipe", "d"."HashVersion", "d"."Nom"
      FROM "InstancesWorkflow" AS "i"
      INNER JOIN "DefinitionsWorkflow" AS "d" ON "i"."DefinitionWorkflowId" = "d"."Id"
      ORDER BY "i"."DateCreation" DESC
info: Microsoft.AspNetCore.Hosting.Diagnostics[2]
      Request finished HTTP/1.1 GET http://localhost:5000/api/definitions - 200 - application/json;+charset=utf-8 1053.2754ms
dbug: Microsoft.EntityFrameworkCore.ChangeTracking[10806]
      Context 'OamDbContext' started tracking 'InstanceWorkflow' entity. Consider using 'DbContextOptionsBuilder.EnableSensitiveDataLogging' to see key values.
dbug: Microsoft.EntityFrameworkCore.ChangeTracking[10806]
      Context 'OamDbContext' started tracking 'InstanceWorkflow' entity. Consider using 'DbContextOptionsBuilder.EnableSensitiveDataLogging' to see key values.
dbug: Microsoft.EntityFrameworkCore.Database.Connection[20000]
      Opening connection to database 'main' on server 'oam_dev.db'.
info: Microsoft.AspNetCore.Hosting.Diagnostics[1]
      Request starting HTTP/1.1 GET http://localhost:5000/api/instances - application/json -
dbug: Microsoft.EntityFrameworkCore.Database.Connection[20001]
      Opened connection to database 'main' on server 'C:\OAM\src\OAM.Api\oam_dev.db'.
info: Microsoft.AspNetCore.Hosting.Diagnostics[1]
      Request starting HTTP/1.1 GET http://localhost:5173/hubs/workflow?id=IRLXWiqGI1vEjuS_bHOl5w&access_token=eyJhbGciOiJIUzI1NiIsInR5cCI6IkpXVCJ9.eyJodHRwOi8vc2NoZW1hcy54bWxzb2FwLm9yZy93cy8yMDA1LzA1L2lkZW50aXR5L2NsYWltcy9uYW1lIjoiaW5mb2wiLCJodHRwOi8vc2NoZW1hcy5taWNyb3NvZnQuY29tL3dzLzIwMDgvMDYvaWRlbnRpdHkvY2xhaW1zL2F1dGhlbnRpY2F0aW9ubWV0aG9kIjoiRGV2IiwianRpIjoiMjIzYjEwOTEtYTA5MS00ZTQ4LTgyZTMtMTZlNjZjNDliMzQ1IiwiZXhwIjoxNzc0ODIxNjIxLCJpc3MiOiJPQU0iLCJhdWQiOiJPQU0tRnJvbnRlbmQifQ.hHzaTgOheQaUuqQU1s4TikTVrA_rHTDJX_wwg09al7Y - - -
dbug: Microsoft.EntityFrameworkCore.ChangeTracking[10806]
      Context 'OamDbContext' started tracking 'InstanceWorkflow' entity. Consider using 'DbContextOptionsBuilder.EnableSensitiveDataLogging' to see key values.
dbug: Microsoft.EntityFrameworkCore.Database.Command[20103]
      Creating DbCommand for 'ExecuteReader'.
dbug: Microsoft.EntityFrameworkCore.ChangeTracking[10806]
      Context 'OamDbContext' started tracking 'InstanceWorkflow' entity. Consider using 'DbContextOptionsBuilder.EnableSensitiveDataLogging' to see key values.
dbug: Microsoft.EntityFrameworkCore.Database.Command[20104]
      Created DbCommand for 'ExecuteReader' (58ms).
dbug: Microsoft.EntityFrameworkCore.ChangeTracking[10806]
      Context 'OamDbContext' started tracking 'InstanceWorkflow' entity. Consider using 'DbContextOptionsBuilder.EnableSensitiveDataLogging' to see key values.
dbug: Microsoft.EntityFrameworkCore.Database.Command[20106]
      Initialized DbCommand for 'ExecuteReader' (59ms).
dbug: Microsoft.EntityFrameworkCore.Database.Command[20100]
      Executing DbCommand [Parameters=[], CommandType='Text', CommandTimeout='30']
      SELECT "i"."Id", "i"."ContexteExecution", "i"."CorrelationId", "i"."DateCreation", "i"."DateDebut", "i"."DateFin", "i"."DefinitionWorkflowId", "i"."DonneesEntree", "i"."Erreur", "i"."Etat", "i"."HashVersionConfig", "d"."Id", "e0"."Id", "e0"."DateDebut", "e0"."DateFin", "e0"."DonneesEntree", "e0"."DonneesSortie", "e0"."Erreur", "e0"."Etat", "e0"."InstanceWorkflowId", "e0"."NomTache", "e0"."NombreTentatives", "e0"."Ordre", "e0"."TypeConnecteur", "d"."Actif", "d"."ContenuYaml", "d"."DateCreation", "d"."DateModification", "d"."Description", "d"."Equipe", "d"."HashVersion", "d"."Nom"
      FROM "InstancesWorkflow" AS "i"
      INNER JOIN "DefinitionsWorkflow" AS "d" ON "i"."DefinitionWorkflowId" = "d"."Id"
      LEFT JOIN (
          SELECT "e"."Id", "e"."DateDebut", "e"."DateFin", "e"."DonneesEntree", "e"."DonneesSortie", "e"."Erreur", "e"."Etat", "e"."InstanceWorkflowId", "e"."NomTache", "e"."NombreTentatives", "e"."Ordre", "e"."TypeConnecteur"
          FROM "ExecutionsTache" AS "e"
          WHERE "e"."Etat" = 'EnErreur'
      ) AS "e0" ON "i"."Id" = "e0"."InstanceWorkflowId"
      WHERE "i"."Etat" = 'EnErreur'
      ORDER BY "i"."DateCreation" DESC, "i"."Id", "d"."Id"
dbug: Microsoft.EntityFrameworkCore.ChangeTracking[10806]
      Context 'OamDbContext' started tracking 'InstanceWorkflow' entity. Consider using 'DbContextOptionsBuilder.EnableSensitiveDataLogging' to see key values.
info: Microsoft.AspNetCore.Routing.EndpointMiddleware[0]
      Executing endpoint 'HTTP: GET /api/instances/'
info: Microsoft.EntityFrameworkCore.Database.Command[20101]
      Executed DbCommand (2ms) [Parameters=[], CommandType='Text', CommandTimeout='30']
      SELECT "i"."Id", "i"."ContexteExecution", "i"."CorrelationId", "i"."DateCreation", "i"."DateDebut", "i"."DateFin", "i"."DefinitionWorkflowId", "i"."DonneesEntree", "i"."Erreur", "i"."Etat", "i"."HashVersionConfig", "d"."Id", "e0"."Id", "e0"."DateDebut", "e0"."DateFin", "e0"."DonneesEntree", "e0"."DonneesSortie", "e0"."Erreur", "e0"."Etat", "e0"."InstanceWorkflowId", "e0"."NomTache", "e0"."NombreTentatives", "e0"."Ordre", "e0"."TypeConnecteur", "d"."Actif", "d"."ContenuYaml", "d"."DateCreation", "d"."DateModification", "d"."Description", "d"."Equipe", "d"."HashVersion", "d"."Nom"
      FROM "InstancesWorkflow" AS "i"
      INNER JOIN "DefinitionsWorkflow" AS "d" ON "i"."DefinitionWorkflowId" = "d"."Id"
      LEFT JOIN (
          SELECT "e"."Id", "e"."DateDebut", "e"."DateFin", "e"."DonneesEntree", "e"."DonneesSortie", "e"."Erreur", "e"."Etat", "e"."InstanceWorkflowId", "e"."NomTache", "e"."NombreTentatives", "e"."Ordre", "e"."TypeConnecteur"
          FROM "ExecutionsTache" AS "e"
          WHERE "e"."Etat" = 'EnErreur'
      ) AS "e0" ON "i"."Id" = "e0"."InstanceWorkflowId"
      WHERE "i"."Etat" = 'EnErreur'
      ORDER BY "i"."DateCreation" DESC, "i"."Id", "d"."Id"
dbug: Microsoft.EntityFrameworkCore.ChangeTracking[10806]
      Context 'OamDbContext' started tracking 'InstanceWorkflow' entity. Consider using 'DbContextOptionsBuilder.EnableSensitiveDataLogging' to see key values.
dbug: Microsoft.EntityFrameworkCore.ChangeTracking[10806]
      Context 'OamDbContext' started tracking 'InstanceWorkflow' entity. Consider using 'DbContextOptionsBuilder.EnableSensitiveDataLogging' to see key values.
dbug: Microsoft.EntityFrameworkCore.ChangeTracking[10806]
      Context 'OamDbContext' started tracking 'InstanceWorkflow' entity. Consider using 'DbContextOptionsBuilder.EnableSensitiveDataLogging' to see key values.
dbug: Microsoft.EntityFrameworkCore.ChangeTracking[10806]
      Context 'OamDbContext' started tracking 'InstanceWorkflow' entity. Consider using 'DbContextOptionsBuilder.EnableSensitiveDataLogging' to see key values.
dbug: Microsoft.EntityFrameworkCore.ChangeTracking[10806]
      Context 'OamDbContext' started tracking 'InstanceWorkflow' entity. Consider using 'DbContextOptionsBuilder.EnableSensitiveDataLogging' to see key values.
dbug: Microsoft.EntityFrameworkCore.ChangeTracking[10805]
      The navigation 'InstanceWorkflow.DefinitionWorkflow' was detected as changed. Consider using 'DbContextOptionsBuilder.EnableSensitiveDataLogging' to see key values.
dbug: Microsoft.EntityFrameworkCore.ChangeTracking[10806]
      Context 'OamDbContext' started tracking 'InstanceWorkflow' entity. Consider using 'DbContextOptionsBuilder.EnableSensitiveDataLogging' to see key values.
dbug: Microsoft.EntityFrameworkCore.ChangeTracking[10806]
      Context 'OamDbContext' started tracking 'DefinitionWorkflow' entity. Consider using 'DbContextOptionsBuilder.EnableSensitiveDataLogging' to see key values.
dbug: Microsoft.EntityFrameworkCore.ChangeTracking[10806]
      Context 'OamDbContext' started tracking 'InstanceWorkflow' entity. Consider using 'DbContextOptionsBuilder.EnableSensitiveDataLogging' to see key values.
dbug: Microsoft.EntityFrameworkCore.ChangeTracking[10805]
      The navigation 'InstanceWorkflow.DefinitionWorkflow' was detected as changed. Consider using 'DbContextOptionsBuilder.EnableSensitiveDataLogging' to see key values.
dbug: Microsoft.EntityFrameworkCore.Infrastructure[10403]
      Entity Framework Core 10.0.5 initialized 'OamDbContext' using provider 'Microsoft.EntityFrameworkCore.Sqlite:10.0.5' with options: None
dbug: Microsoft.EntityFrameworkCore.ChangeTracking[10806]
      Context 'OamDbContext' started tracking 'InstanceWorkflow' entity. Consider using 'DbContextOptionsBuilder.EnableSensitiveDataLogging' to see key values.
dbug: Microsoft.EntityFrameworkCore.ChangeTracking[10806]
      Context 'OamDbContext' started tracking 'ExecutionTache' entity. Consider using 'DbContextOptionsBuilder.EnableSensitiveDataLogging' to see key values.
dbug: Microsoft.EntityFrameworkCore.ChangeTracking[10806]
      Context 'OamDbContext' started tracking 'InstanceWorkflow' entity. Consider using 'DbContextOptionsBuilder.EnableSensitiveDataLogging' to see key values.
dbug: Microsoft.EntityFrameworkCore.ChangeTracking[10806]
      Context 'OamDbContext' started tracking 'DefinitionWorkflow' entity. Consider using 'DbContextOptionsBuilder.EnableSensitiveDataLogging' to see key values.
dbug: Microsoft.EntityFrameworkCore.ChangeTracking[10806]
      Context 'OamDbContext' started tracking 'InstanceWorkflow' entity. Consider using 'DbContextOptionsBuilder.EnableSensitiveDataLogging' to see key values.
dbug: Microsoft.EntityFrameworkCore.ChangeTracking[10806]
      Context 'OamDbContext' started tracking 'InstanceWorkflow' entity. Consider using 'DbContextOptionsBuilder.EnableSensitiveDataLogging' to see key values.
dbug: Microsoft.EntityFrameworkCore.ChangeTracking[10806]
      Context 'OamDbContext' started tracking 'InstanceWorkflow' entity. Consider using 'DbContextOptionsBuilder.EnableSensitiveDataLogging' to see key values.
dbug: Microsoft.EntityFrameworkCore.ChangeTracking[10806]
      Context 'OamDbContext' started tracking 'InstanceWorkflow' entity. Consider using 'DbContextOptionsBuilder.EnableSensitiveDataLogging' to see key values.
dbug: Microsoft.EntityFrameworkCore.Database.Command[20301]
      Closing data reader to 'main' on server 'C:\OAM\src\OAM.Api\oam_dev.db'.
dbug: Microsoft.EntityFrameworkCore.Database.Connection[20005]
      Creating DbConnection.
dbug: Microsoft.EntityFrameworkCore.ChangeTracking[10806]
      Context 'OamDbContext' started tracking 'InstanceWorkflow' entity. Consider using 'DbContextOptionsBuilder.EnableSensitiveDataLogging' to see key values.
dbug: Microsoft.EntityFrameworkCore.ChangeTracking[10806]
      Context 'OamDbContext' started tracking 'InstanceWorkflow' entity. Consider using 'DbContextOptionsBuilder.EnableSensitiveDataLogging' to see key values.
dbug: Microsoft.EntityFrameworkCore.ChangeTracking[10806]
      Context 'OamDbContext' started tracking 'InstanceWorkflow' entity. Consider using 'DbContextOptionsBuilder.EnableSensitiveDataLogging' to see key values.
dbug: Microsoft.EntityFrameworkCore.Database.Command[20300]
      A data reader for 'main' on server 'C:\OAM\src\OAM.Api\oam_dev.db' is being disposed after spending 967ms reading results.
dbug: Microsoft.EntityFrameworkCore.Database.Connection[20002]
      Closing connection to database 'main' on server 'C:\OAM\src\OAM.Api\oam_dev.db'.
dbug: Microsoft.EntityFrameworkCore.Database.Connection[20006]
      Created DbConnection. (89ms).
dbug: Microsoft.EntityFrameworkCore.ChangeTracking[10806]
      Context 'OamDbContext' started tracking 'InstanceWorkflow' entity. Consider using 'DbContextOptionsBuilder.EnableSensitiveDataLogging' to see key values.
dbug: Microsoft.EntityFrameworkCore.Database.Connection[20003]
      Closed connection to database 'main' on server 'oam_dev.db' (92ms).
dbug: Microsoft.EntityFrameworkCore.Database.Connection[20000]
      Opening connection to database 'main' on server 'oam_dev.db'.
dbug: Microsoft.EntityFrameworkCore.ChangeTracking[10806]
      Context 'OamDbContext' started tracking 'ExecutionTache' entity. Consider using 'DbContextOptionsBuilder.EnableSensitiveDataLogging' to see key values.
dbug: Microsoft.EntityFrameworkCore.Database.Connection[20001]
      Opened connection to database 'main' on server 'C:\OAM\src\OAM.Api\oam_dev.db'.
dbug: Microsoft.EntityFrameworkCore.ChangeTracking[10806]
      Context 'OamDbContext' started tracking 'InstanceWorkflow' entity. Consider using 'DbContextOptionsBuilder.EnableSensitiveDataLogging' to see key values.
info: Microsoft.AspNetCore.Http.Result.OkObjectResult[1]
      Setting HTTP status code 200.
info: Microsoft.AspNetCore.Http.Result.OkObjectResult[3]
      Writing value of type 'ListSelectIterator`2' as Json.
dbug: Microsoft.EntityFrameworkCore.Database.Command[20103]
      Creating DbCommand for 'ExecuteReader'.
dbug: Microsoft.EntityFrameworkCore.Database.Command[20104]
      Created DbCommand for 'ExecuteReader' (2ms).
dbug: Microsoft.EntityFrameworkCore.Database.Command[20106]
      Initialized DbCommand for 'ExecuteReader' (25ms).
dbug: Microsoft.EntityFrameworkCore.Database.Command[20100]
      Executing DbCommand [Parameters=[], CommandType='Text', CommandTimeout='30']
      SELECT "i"."Id", "i"."ContexteExecution", "i"."CorrelationId", "i"."DateCreation", "i"."DateDebut", "i"."DateFin", "i"."DefinitionWorkflowId", "i"."DonneesEntree", "i"."Erreur", "i"."Etat", "i"."HashVersionConfig", "d"."Id", "d"."Actif", "d"."ContenuYaml", "d"."DateCreation", "d"."DateModification", "d"."Description", "d"."Equipe", "d"."HashVersion", "d"."Nom"
      FROM "InstancesWorkflow" AS "i"
      INNER JOIN "DefinitionsWorkflow" AS "d" ON "i"."DefinitionWorkflowId" = "d"."Id"
      ORDER BY "i"."DateCreation" DESC
dbug: Microsoft.EntityFrameworkCore.ChangeTracking[10806]
      Context 'OamDbContext' started tracking 'InstanceWorkflow' entity. Consider using 'DbContextOptionsBuilder.EnableSensitiveDataLogging' to see key values.
info: Microsoft.EntityFrameworkCore.Database.Command[20101]
      Executed DbCommand (95ms) [Parameters=[], CommandType='Text', CommandTimeout='30']
      SELECT "i"."Id", "i"."ContexteExecution", "i"."CorrelationId", "i"."DateCreation", "i"."DateDebut", "i"."DateFin", "i"."DefinitionWorkflowId", "i"."DonneesEntree", "i"."Erreur", "i"."Etat", "i"."HashVersionConfig", "d"."Id", "d"."Actif", "d"."ContenuYaml", "d"."DateCreation", "d"."DateModification", "d"."Description", "d"."Equipe", "d"."HashVersion", "d"."Nom"
      FROM "InstancesWorkflow" AS "i"
      INNER JOIN "DefinitionsWorkflow" AS "d" ON "i"."DefinitionWorkflowId" = "d"."Id"
      ORDER BY "i"."DateCreation" DESC
dbug: Microsoft.EntityFrameworkCore.ChangeTracking[10806]
      Context 'OamDbContext' started tracking 'InstanceWorkflow' entity. Consider using 'DbContextOptionsBuilder.EnableSensitiveDataLogging' to see key values.
dbug: Microsoft.EntityFrameworkCore.ChangeTracking[10806]
      Context 'OamDbContext' started tracking 'ExecutionTache' entity. Consider using 'DbContextOptionsBuilder.EnableSensitiveDataLogging' to see key values.
dbug: Microsoft.EntityFrameworkCore.ChangeTracking[10806]
      Context 'OamDbContext' started tracking 'InstanceWorkflow' entity. Consider using 'DbContextOptionsBuilder.EnableSensitiveDataLogging' to see key values.
dbug: Microsoft.EntityFrameworkCore.ChangeTracking[10806]
      Context 'OamDbContext' started tracking 'InstanceWorkflow' entity. Consider using 'DbContextOptionsBuilder.EnableSensitiveDataLogging' to see key values.
dbug: Microsoft.EntityFrameworkCore.ChangeTracking[10806]
      Context 'OamDbContext' started tracking 'InstanceWorkflow' entity. Consider using 'DbContextOptionsBuilder.EnableSensitiveDataLogging' to see key values.
dbug: Microsoft.EntityFrameworkCore.ChangeTracking[10805]
      The navigation 'InstanceWorkflow.DefinitionWorkflow' was detected as changed. Consider using 'DbContextOptionsBuilder.EnableSensitiveDataLogging' to see key values.
dbug: Microsoft.EntityFrameworkCore.ChangeTracking[10806]
      Context 'OamDbContext' started tracking 'InstanceWorkflow' entity. Consider using 'DbContextOptionsBuilder.EnableSensitiveDataLogging' to see key values.
info: Microsoft.AspNetCore.Routing.EndpointMiddleware[1]
      Executed endpoint 'HTTP: GET /api/instances/'
dbug: Microsoft.EntityFrameworkCore.ChangeTracking[10806]
      Context 'OamDbContext' started tracking 'InstanceWorkflow' entity. Consider using 'DbContextOptionsBuilder.EnableSensitiveDataLogging' to see key values.
dbug: Microsoft.EntityFrameworkCore.ChangeTracking[10806]
      Context 'OamDbContext' started tracking 'InstanceWorkflow' entity. Consider using 'DbContextOptionsBuilder.EnableSensitiveDataLogging' to see key values.
dbug: Microsoft.EntityFrameworkCore.Database.Connection[20007]
      Disposing connection to database 'main' on server 'oam_dev.db'.
dbug: Microsoft.EntityFrameworkCore.ChangeTracking[10806]
      Context 'OamDbContext' started tracking 'DefinitionWorkflow' entity. Consider using 'DbContextOptionsBuilder.EnableSensitiveDataLogging' to see key values.
dbug: Microsoft.EntityFrameworkCore.Database.Connection[20008]
      Disposed connection to database 'main' on server 'oam_dev.db' (3ms).
dbug: Microsoft.EntityFrameworkCore.Infrastructure[10407]
      'OamDbContext' disposed.
dbug: Microsoft.EntityFrameworkCore.Database.Connection[20007]
      Disposing connection to database 'main' on server 'oam_dev.db'.
info: Microsoft.AspNetCore.Hosting.Diagnostics[2]
      Request finished HTTP/1.1 GET http://localhost:5000/api/instances - 200 - application/json;+charset=utf-8 9704.4069ms
dbug: Microsoft.EntityFrameworkCore.Database.Connection[20008]
      Disposed connection to database 'main' on server 'oam_dev.db' (1ms).
dbug: Microsoft.EntityFrameworkCore.ChangeTracking[10806]
      Context 'OamDbContext' started tracking 'ExecutionTache' entity. Consider using 'DbContextOptionsBuilder.EnableSensitiveDataLogging' to see key values.
info: Microsoft.AspNetCore.Hosting.Diagnostics[2]
      Request finished HTTP/1.1 GET http://localhost:5000/api/instances - 200 - application/json;+charset=utf-8 2017.2428ms
dbug: Microsoft.EntityFrameworkCore.ChangeTracking[10806]
      Context 'OamDbContext' started tracking 'InstanceWorkflow' entity. Consider using 'DbContextOptionsBuilder.EnableSensitiveDataLogging' to see key values.
dbug: Microsoft.EntityFrameworkCore.ChangeTracking[10806]
      Context 'OamDbContext' started tracking 'InstanceWorkflow' entity. Consider using 'DbContextOptionsBuilder.EnableSensitiveDataLogging' to see key values.
info: Microsoft.AspNetCore.Hosting.Diagnostics[1]
      Request starting HTTP/1.1 POST http://localhost:5173/hubs/workflow/negotiate?negotiateVersion=1 - - 0
info: Microsoft.AspNetCore.Hosting.Diagnostics[1]
      Request starting HTTP/1.1 GET http://localhost:5000/api/instances/erreurs - application/json -
dbug: Microsoft.EntityFrameworkCore.ChangeTracking[10806]
      Context 'OamDbContext' started tracking 'InstanceWorkflow' entity. Consider using 'DbContextOptionsBuilder.EnableSensitiveDataLogging' to see key values.
dbug: Microsoft.EntityFrameworkCore.ChangeTracking[10806]
      Context 'OamDbContext' started tracking 'InstanceWorkflow' entity. Consider using 'DbContextOptionsBuilder.EnableSensitiveDataLogging' to see key values.
dbug: Microsoft.EntityFrameworkCore.ChangeTracking[10806]
      Context 'OamDbContext' started tracking 'InstanceWorkflow' entity. Consider using 'DbContextOptionsBuilder.EnableSensitiveDataLogging' to see key values.
dbug: Microsoft.EntityFrameworkCore.ChangeTracking[10806]
      Context 'OamDbContext' started tracking 'InstanceWorkflow' entity. Consider using 'DbContextOptionsBuilder.EnableSensitiveDataLogging' to see key values.
dbug: Microsoft.EntityFrameworkCore.ChangeTracking[10806]
      Context 'OamDbContext' started tracking 'InstanceWorkflow' entity. Consider using 'DbContextOptionsBuilder.EnableSensitiveDataLogging' to see key values.
dbug: Microsoft.EntityFrameworkCore.ChangeTracking[10806]
      Context 'OamDbContext' started tracking 'ExecutionTache' entity. Consider using 'DbContextOptionsBuilder.EnableSensitiveDataLogging' to see key values.
info: Microsoft.AspNetCore.Routing.EndpointMiddleware[0]
      Executing endpoint 'HTTP: GET /api/instances/erreurs'
dbug: Microsoft.EntityFrameworkCore.ChangeTracking[10806]
      Context 'OamDbContext' started tracking 'InstanceWorkflow' entity. Consider using 'DbContextOptionsBuilder.EnableSensitiveDataLogging' to see key values.
dbug: Microsoft.EntityFrameworkCore.ChangeTracking[10806]
      Context 'OamDbContext' started tracking 'InstanceWorkflow' entity. Consider using 'DbContextOptionsBuilder.EnableSensitiveDataLogging' to see key values.
dbug: Microsoft.EntityFrameworkCore.Database.Command[20301]
      Closing data reader to 'main' on server 'C:\OAM\src\OAM.Api\oam_dev.db'.
dbug: Microsoft.EntityFrameworkCore.ChangeTracking[10806]
      Context 'OamDbContext' started tracking 'InstanceWorkflow' entity. Consider using 'DbContextOptionsBuilder.EnableSensitiveDataLogging' to see key values.
dbug: Microsoft.EntityFrameworkCore.ChangeTracking[10806]
      Context 'OamDbContext' started tracking 'InstanceWorkflow' entity. Consider using 'DbContextOptionsBuilder.EnableSensitiveDataLogging' to see key values.
dbug: Microsoft.EntityFrameworkCore.Infrastructure[10403]
      Entity Framework Core 10.0.5 initialized 'OamDbContext' using provider 'Microsoft.EntityFrameworkCore.Sqlite:10.0.5' with options: None
dbug: Microsoft.EntityFrameworkCore.ChangeTracking[10806]
      Context 'OamDbContext' started tracking 'InstanceWorkflow' entity. Consider using 'DbContextOptionsBuilder.EnableSensitiveDataLogging' to see key values.
dbug: Microsoft.EntityFrameworkCore.ChangeTracking[10806]
      Context 'OamDbContext' started tracking 'InstanceWorkflow' entity. Consider using 'DbContextOptionsBuilder.EnableSensitiveDataLogging' to see key values.
dbug: Microsoft.EntityFrameworkCore.Database.Command[20300]
      A data reader for 'main' on server 'C:\OAM\src\OAM.Api\oam_dev.db' is being disposed after spending 959ms reading results.
dbug: Microsoft.EntityFrameworkCore.ChangeTracking[10806]
      Context 'OamDbContext' started tracking 'InstanceWorkflow' entity. Consider using 'DbContextOptionsBuilder.EnableSensitiveDataLogging' to see key values.
dbug: Microsoft.EntityFrameworkCore.ChangeTracking[10806]
      Context 'OamDbContext' started tracking 'InstanceWorkflow' entity. Consider using 'DbContextOptionsBuilder.EnableSensitiveDataLogging' to see key values.
dbug: Microsoft.EntityFrameworkCore.Database.Connection[20002]
      Closing connection to database 'main' on server 'C:\OAM\src\OAM.Api\oam_dev.db'.
dbug: Microsoft.EntityFrameworkCore.Database.Connection[20003]
      Closed connection to database 'main' on server 'oam_dev.db' (31ms).
dbug: Microsoft.EntityFrameworkCore.ChangeTracking[10806]
      Context 'OamDbContext' started tracking 'InstanceWorkflow' entity. Consider using 'DbContextOptionsBuilder.EnableSensitiveDataLogging' to see key values.
info: Microsoft.AspNetCore.Http.Result.OkObjectResult[1]
      Setting HTTP status code 200.
dbug: Microsoft.EntityFrameworkCore.ChangeTracking[10806]
      Context 'OamDbContext' started tracking 'InstanceWorkflow' entity. Consider using 'DbContextOptionsBuilder.EnableSensitiveDataLogging' to see key values.
dbug: Microsoft.EntityFrameworkCore.Database.Connection[20005]
      Creating DbConnection.
dbug: Microsoft.EntityFrameworkCore.ChangeTracking[10806]
      Context 'OamDbContext' started tracking 'InstanceWorkflow' entity. Consider using 'DbContextOptionsBuilder.EnableSensitiveDataLogging' to see key values.
dbug: Microsoft.EntityFrameworkCore.ChangeTracking[10806]
      Context 'OamDbContext' started tracking 'InstanceWorkflow' entity. Consider using 'DbContextOptionsBuilder.EnableSensitiveDataLogging' to see key values.
dbug: Microsoft.EntityFrameworkCore.Database.Connection[20006]
      Created DbConnection. (28ms).
dbug: Microsoft.EntityFrameworkCore.ChangeTracking[10806]
      Context 'OamDbContext' started tracking 'InstanceWorkflow' entity. Consider using 'DbContextOptionsBuilder.EnableSensitiveDataLogging' to see key values.
dbug: Microsoft.EntityFrameworkCore.ChangeTracking[10806]
      Context 'OamDbContext' started tracking 'InstanceWorkflow' entity. Consider using 'DbContextOptionsBuilder.EnableSensitiveDataLogging' to see key values.
info: Microsoft.AspNetCore.Http.Result.OkObjectResult[3]
      Writing value of type 'ListSelectIterator`2' as Json.
dbug: Microsoft.EntityFrameworkCore.ChangeTracking[10806]
      Context 'OamDbContext' started tracking 'InstanceWorkflow' entity. Consider using 'DbContextOptionsBuilder.EnableSensitiveDataLogging' to see key values.
dbug: Microsoft.EntityFrameworkCore.Database.Connection[20000]
      Opening connection to database 'main' on server 'oam_dev.db'.
dbug: Microsoft.EntityFrameworkCore.Database.Command[20301]
      Closing data reader to 'main' on server 'C:\OAM\src\OAM.Api\oam_dev.db'.
dbug: Microsoft.EntityFrameworkCore.ChangeTracking[10806]
      Context 'OamDbContext' started tracking 'InstanceWorkflow' entity. Consider using 'DbContextOptionsBuilder.EnableSensitiveDataLogging' to see key values.
dbug: Microsoft.EntityFrameworkCore.ChangeTracking[10806]
      Context 'OamDbContext' started tracking 'InstanceWorkflow' entity. Consider using 'DbContextOptionsBuilder.EnableSensitiveDataLogging' to see key values.
dbug: Microsoft.EntityFrameworkCore.Database.Connection[20001]
      Opened connection to database 'main' on server 'C:\OAM\src\OAM.Api\oam_dev.db'.
dbug: Microsoft.EntityFrameworkCore.Database.Command[20103]
      Creating DbCommand for 'ExecuteReader'.
dbug: Microsoft.EntityFrameworkCore.Database.Command[20104]
      Created DbCommand for 'ExecuteReader' (2ms).
dbug: Microsoft.EntityFrameworkCore.ChangeTracking[10806]
      Context 'OamDbContext' started tracking 'InstanceWorkflow' entity. Consider using 'DbContextOptionsBuilder.EnableSensitiveDataLogging' to see key values.
dbug: Microsoft.EntityFrameworkCore.Database.Command[20300]
      A data reader for 'main' on server 'C:\OAM\src\OAM.Api\oam_dev.db' is being disposed after spending 2018ms reading results.
dbug: Microsoft.EntityFrameworkCore.ChangeTracking[10806]
      Context 'OamDbContext' started tracking 'InstanceWorkflow' entity. Consider using 'DbContextOptionsBuilder.EnableSensitiveDataLogging' to see key values.
info: Microsoft.AspNetCore.Routing.EndpointMiddleware[1]
      Executed endpoint 'HTTP: GET /api/instances/erreurs'
dbug: Microsoft.EntityFrameworkCore.Database.Command[20106]
      Initialized DbCommand for 'ExecuteReader' (30ms).
dbug: Microsoft.EntityFrameworkCore.Database.Command[20100]
      Executing DbCommand [Parameters=[], CommandType='Text', CommandTimeout='30']
      SELECT "i"."Id", "i"."ContexteExecution", "i"."CorrelationId", "i"."DateCreation", "i"."DateDebut", "i"."DateFin", "i"."DefinitionWorkflowId", "i"."DonneesEntree", "i"."Erreur", "i"."Etat", "i"."HashVersionConfig", "d"."Id", "e0"."Id", "e0"."DateDebut", "e0"."DateFin", "e0"."DonneesEntree", "e0"."DonneesSortie", "e0"."Erreur", "e0"."Etat", "e0"."InstanceWorkflowId", "e0"."NomTache", "e0"."NombreTentatives", "e0"."Ordre", "e0"."TypeConnecteur", "d"."Actif", "d"."ContenuYaml", "d"."DateCreation", "d"."DateModification", "d"."Description", "d"."Equipe", "d"."HashVersion", "d"."Nom"
      FROM "InstancesWorkflow" AS "i"
      INNER JOIN "DefinitionsWorkflow" AS "d" ON "i"."DefinitionWorkflowId" = "d"."Id"
      LEFT JOIN (
          SELECT "e"."Id", "e"."DateDebut", "e"."DateFin", "e"."DonneesEntree", "e"."DonneesSortie", "e"."Erreur", "e"."Etat", "e"."InstanceWorkflowId", "e"."NomTache", "e"."NombreTentatives", "e"."Ordre", "e"."TypeConnecteur"
          FROM "ExecutionsTache" AS "e"
          WHERE "e"."Etat" = 'EnErreur'
      ) AS "e0" ON "i"."Id" = "e0"."InstanceWorkflowId"
      WHERE "i"."Etat" = 'EnErreur'
      ORDER BY "i"."DateCreation" DESC, "i"."Id", "d"."Id"
dbug: Microsoft.EntityFrameworkCore.Infrastructure[10407]
      'OamDbContext' disposed.
dbug: Microsoft.EntityFrameworkCore.ChangeTracking[10806]
      Context 'OamDbContext' started tracking 'InstanceWorkflow' entity. Consider using 'DbContextOptionsBuilder.EnableSensitiveDataLogging' to see key values.
dbug: Microsoft.EntityFrameworkCore.Database.Connection[20002]
      Closing connection to database 'main' on server 'C:\OAM\src\OAM.Api\oam_dev.db'.
dbug: Microsoft.EntityFrameworkCore.Database.Connection[20007]
      Disposing connection to database 'main' on server 'oam_dev.db'.
dbug: Microsoft.EntityFrameworkCore.ChangeTracking[10806]
      Context 'OamDbContext' started tracking 'InstanceWorkflow' entity. Consider using 'DbContextOptionsBuilder.EnableSensitiveDataLogging' to see key values.
info: Microsoft.EntityFrameworkCore.Database.Command[20101]
      Executed DbCommand (7ms) [Parameters=[], CommandType='Text', CommandTimeout='30']
      SELECT "i"."Id", "i"."ContexteExecution", "i"."CorrelationId", "i"."DateCreation", "i"."DateDebut", "i"."DateFin", "i"."DefinitionWorkflowId", "i"."DonneesEntree", "i"."Erreur", "i"."Etat", "i"."HashVersionConfig", "d"."Id", "e0"."Id", "e0"."DateDebut", "e0"."DateFin", "e0"."DonneesEntree", "e0"."DonneesSortie", "e0"."Erreur", "e0"."Etat", "e0"."InstanceWorkflowId", "e0"."NomTache", "e0"."NombreTentatives", "e0"."Ordre", "e0"."TypeConnecteur", "d"."Actif", "d"."ContenuYaml", "d"."DateCreation", "d"."DateModification", "d"."Description", "d"."Equipe", "d"."HashVersion", "d"."Nom"
      FROM "InstancesWorkflow" AS "i"
      INNER JOIN "DefinitionsWorkflow" AS "d" ON "i"."DefinitionWorkflowId" = "d"."Id"
      LEFT JOIN (
          SELECT "e"."Id", "e"."DateDebut", "e"."DateFin", "e"."DonneesEntree", "e"."DonneesSortie", "e"."Erreur", "e"."Etat", "e"."InstanceWorkflowId", "e"."NomTache", "e"."NombreTentatives", "e"."Ordre", "e"."TypeConnecteur"
          FROM "ExecutionsTache" AS "e"
          WHERE "e"."Etat" = 'EnErreur'
      ) AS "e0" ON "i"."Id" = "e0"."InstanceWorkflowId"
      WHERE "i"."Etat" = 'EnErreur'
      ORDER BY "i"."DateCreation" DESC, "i"."Id", "d"."Id"
dbug: Microsoft.EntityFrameworkCore.Database.Connection[20008]
      Disposed connection to database 'main' on server 'oam_dev.db' (2ms).
dbug: Microsoft.EntityFrameworkCore.Database.Connection[20003]
      Closed connection to database 'main' on server 'oam_dev.db' (6ms).
dbug: Microsoft.EntityFrameworkCore.ChangeTracking[10806]
      Context 'OamDbContext' started tracking 'InstanceWorkflow' entity. Consider using 'DbContextOptionsBuilder.EnableSensitiveDataLogging' to see key values.
info: Microsoft.AspNetCore.Hosting.Diagnostics[2]
      Request finished HTTP/1.1 GET http://localhost:5000/api/instances/erreurs - 200 - application/json;+charset=utf-8 2425.8838ms
dbug: Microsoft.EntityFrameworkCore.ChangeTracking[10806]
      Context 'OamDbContext' started tracking 'InstanceWorkflow' entity. Consider using 'DbContextOptionsBuilder.EnableSensitiveDataLogging' to see key values.
dbug: Microsoft.EntityFrameworkCore.ChangeTracking[10806]
      Context 'OamDbContext' started tracking 'InstanceWorkflow' entity. Consider using 'DbContextOptionsBuilder.EnableSensitiveDataLogging' to see key values.
info: Microsoft.AspNetCore.Http.Result.OkObjectResult[1]
      Setting HTTP status code 200.
dbug: Microsoft.EntityFrameworkCore.ChangeTracking[10806]
      Context 'OamDbContext' started tracking 'InstanceWorkflow' entity. Consider using 'DbContextOptionsBuilder.EnableSensitiveDataLogging' to see key values.
info: Microsoft.AspNetCore.Http.Result.OkObjectResult[3]
      Writing value of type 'ListSelectIterator`2' as Json.
info: Microsoft.AspNetCore.Hosting.Diagnostics[1]
      Request starting HTTP/1.1 GET http://localhost:5000/api/definitions - application/json -
dbug: Microsoft.EntityFrameworkCore.ChangeTracking[10806]
      Context 'OamDbContext' started tracking 'InstanceWorkflow' entity. Consider using 'DbContextOptionsBuilder.EnableSensitiveDataLogging' to see key values.
dbug: Microsoft.EntityFrameworkCore.ChangeTracking[10806]
      Context 'OamDbContext' started tracking 'InstanceWorkflow' entity. Consider using 'DbContextOptionsBuilder.EnableSensitiveDataLogging' to see key values.
dbug: Microsoft.EntityFrameworkCore.ChangeTracking[10805]
      The navigation 'InstanceWorkflow.DefinitionWorkflow' was detected as changed. Consider using 'DbContextOptionsBuilder.EnableSensitiveDataLogging' to see key values.
dbug: Microsoft.EntityFrameworkCore.ChangeTracking[10806]
      Context 'OamDbContext' started tracking 'DefinitionWorkflow' entity. Consider using 'DbContextOptionsBuilder.EnableSensitiveDataLogging' to see key values.
dbug: Microsoft.EntityFrameworkCore.ChangeTracking[10806]
      Context 'OamDbContext' started tracking 'InstanceWorkflow' entity. Consider using 'DbContextOptionsBuilder.EnableSensitiveDataLogging' to see key values.
dbug: Microsoft.EntityFrameworkCore.ChangeTracking[10806]
      Context 'OamDbContext' started tracking 'InstanceWorkflow' entity. Consider using 'DbContextOptionsBuilder.EnableSensitiveDataLogging' to see key values.
dbug: Microsoft.EntityFrameworkCore.Database.Command[20301]
      Closing data reader to 'main' on server 'C:\OAM\src\OAM.Api\oam_dev.db'.
dbug: Microsoft.EntityFrameworkCore.ChangeTracking[10806]
      Context 'OamDbContext' started tracking 'ExecutionTache' entity. Consider using 'DbContextOptionsBuilder.EnableSensitiveDataLogging' to see key values.
info: Microsoft.AspNetCore.Routing.EndpointMiddleware[0]
      Executing endpoint 'HTTP: GET /api/definitions/'
dbug: Microsoft.EntityFrameworkCore.ChangeTracking[10806]
      Context 'OamDbContext' started tracking 'InstanceWorkflow' entity. Consider using 'DbContextOptionsBuilder.EnableSensitiveDataLogging' to see key values.
dbug: Microsoft.EntityFrameworkCore.Database.Command[20300]
      A data reader for 'main' on server 'C:\OAM\src\OAM.Api\oam_dev.db' is being disposed after spending 882ms reading results.
dbug: Microsoft.EntityFrameworkCore.ChangeTracking[10806]
      Context 'OamDbContext' started tracking 'InstanceWorkflow' entity. Consider using 'DbContextOptionsBuilder.EnableSensitiveDataLogging' to see key values.
dbug: Microsoft.EntityFrameworkCore.Database.Connection[20002]
      Closing connection to database 'main' on server 'C:\OAM\src\OAM.Api\oam_dev.db'.
info: Microsoft.AspNetCore.Routing.EndpointMiddleware[1]
      Executed endpoint 'HTTP: GET /api/instances/'
dbug: Microsoft.EntityFrameworkCore.Database.Connection[20003]
      Closed connection to database 'main' on server 'oam_dev.db' (62ms).
dbug: Microsoft.EntityFrameworkCore.ChangeTracking[10806]
      Context 'OamDbContext' started tracking 'InstanceWorkflow' entity. Consider using 'DbContextOptionsBuilder.EnableSensitiveDataLogging' to see key values.
dbug: Microsoft.EntityFrameworkCore.ChangeTracking[10806]
      Context 'OamDbContext' started tracking 'ExecutionTache' entity. Consider using 'DbContextOptionsBuilder.EnableSensitiveDataLogging' to see key values.
dbug: Microsoft.EntityFrameworkCore.Infrastructure[10407]
      'OamDbContext' disposed.
info: Microsoft.AspNetCore.Http.Result.OkObjectResult[1]
      Setting HTTP status code 200.
info: Microsoft.AspNetCore.Cors.Infrastructure.CorsService[4]
      CORS policy execution successful.
dbug: Microsoft.EntityFrameworkCore.Database.Connection[20007]
      Disposing connection to database 'main' on server 'oam_dev.db'.
dbug: Microsoft.EntityFrameworkCore.Database.Command[20301]
      Closing data reader to 'main' on server 'C:\OAM\src\OAM.Api\oam_dev.db'.
dbug: Microsoft.EntityFrameworkCore.ChangeTracking[10806]
      Context 'OamDbContext' started tracking 'InstanceWorkflow' entity. Consider using 'DbContextOptionsBuilder.EnableSensitiveDataLogging' to see key values.
dbug: Microsoft.EntityFrameworkCore.Infrastructure[10403]
      Entity Framework Core 10.0.5 initialized 'OamDbContext' using provider 'Microsoft.EntityFrameworkCore.Sqlite:10.0.5' with options: None
info: Microsoft.AspNetCore.Http.Result.OkObjectResult[3]
      Writing value of type 'ListSelectIterator`2' as Json.
dbug: Microsoft.EntityFrameworkCore.Database.Connection[20008]
      Disposed connection to database 'main' on server 'oam_dev.db' (4ms).
dbug: Microsoft.EntityFrameworkCore.ChangeTracking[10806]
      Context 'OamDbContext' started tracking 'ExecutionTache' entity. Consider using 'DbContextOptionsBuilder.EnableSensitiveDataLogging' to see key values.
dbug: Microsoft.EntityFrameworkCore.Database.Command[20300]
      A data reader for 'main' on server 'C:\OAM\src\OAM.Api\oam_dev.db' is being disposed after spending 1936ms reading results.
dbug: Microsoft.EntityFrameworkCore.Database.Connection[20005]
      Creating DbConnection.
info: Microsoft.AspNetCore.Hosting.Diagnostics[2]
      Request finished HTTP/1.1 GET http://localhost:5000/api/instances - 200 - application/json;+charset=utf-8 10471.3975ms
dbug: Microsoft.EntityFrameworkCore.ChangeTracking[10806]
      Context 'OamDbContext' started tracking 'InstanceWorkflow' entity. Consider using 'DbContextOptionsBuilder.EnableSensitiveDataLogging' to see key values.
dbug: Microsoft.EntityFrameworkCore.Database.Connection[20006]
      Created DbConnection. (30ms).
dbug: Microsoft.EntityFrameworkCore.Database.Connection[20002]
      Closing connection to database 'main' on server 'C:\OAM\src\OAM.Api\oam_dev.db'.
info: Microsoft.AspNetCore.Routing.EndpointMiddleware[1]
      Executed endpoint 'HTTP: GET /api/instances/'
dbug: Microsoft.EntityFrameworkCore.Database.Command[20301]
      Closing data reader to 'main' on server 'C:\OAM\src\OAM.Api\oam_dev.db'.
dbug: Microsoft.EntityFrameworkCore.Database.Connection[20000]
      Opening connection to database 'main' on server 'oam_dev.db'.
dbug: Microsoft.EntityFrameworkCore.Infrastructure[10407]
      'OamDbContext' disposed.
dbug: Microsoft.EntityFrameworkCore.Database.Connection[20003]
      Closed connection to database 'main' on server 'oam_dev.db' (31ms).
dbug: Microsoft.EntityFrameworkCore.Database.Command[20300]
      A data reader for 'main' on server 'C:\OAM\src\OAM.Api\oam_dev.db' is being disposed after spending 5318ms reading results.
info: Microsoft.AspNetCore.Hosting.Diagnostics[1]
      Request starting HTTP/1.1 GET http://localhost:5000/api/instances/erreurs - application/json -
dbug: Microsoft.EntityFrameworkCore.ChangeTracking[10806]
      Context 'OamDbContext' started tracking 'ExecutionTache' entity. Consider using 'DbContextOptionsBuilder.EnableSensitiveDataLogging' to see key values.
dbug: Microsoft.EntityFrameworkCore.Database.Connection[20002]
      Closing connection to database 'main' on server 'C:\OAM\src\OAM.Api\oam_dev.db'.
dbug: Microsoft.EntityFrameworkCore.Database.Connection[20001]
      Opened connection to database 'main' on server 'C:\OAM\src\OAM.Api\oam_dev.db'.
dbug: Microsoft.EntityFrameworkCore.Database.Connection[20007]
      Disposing connection to database 'main' on server 'oam_dev.db'.
dbug: Microsoft.EntityFrameworkCore.Database.Connection[20008]
      Disposed connection to database 'main' on server 'oam_dev.db' (25ms).
dbug: Microsoft.EntityFrameworkCore.ChangeTracking[10806]
      Context 'OamDbContext' started tracking 'InstanceWorkflow' entity. Consider using 'DbContextOptionsBuilder.EnableSensitiveDataLogging' to see key values.
dbug: Microsoft.EntityFrameworkCore.Database.Command[20103]
      Creating DbCommand for 'ExecuteReader'.
info: Microsoft.AspNetCore.Http.Result.OkObjectResult[1]
      Setting HTTP status code 200.
info: Microsoft.AspNetCore.Hosting.Diagnostics[2]
      Request finished HTTP/1.1 GET http://localhost:5000/api/instances - 200 - application/json;+charset=utf-8 2144.2415ms
dbug: Microsoft.EntityFrameworkCore.Database.Command[20104]
      Created DbCommand for 'ExecuteReader' (123ms).
dbug: Microsoft.EntityFrameworkCore.ChangeTracking[10806]
      Context 'OamDbContext' started tracking 'ExecutionTache' entity. Consider using 'DbContextOptionsBuilder.EnableSensitiveDataLogging' to see key values.
dbug: Microsoft.EntityFrameworkCore.Database.Command[20106]
      Initialized DbCommand for 'ExecuteReader' (154ms).
info: Microsoft.AspNetCore.Http.Result.OkObjectResult[3]
      Writing value of type 'ListSelectIterator`2' as Json.
info: Microsoft.AspNetCore.Routing.EndpointMiddleware[0]
      Executing endpoint 'HTTP: GET /api/instances/erreurs'
dbug: Microsoft.EntityFrameworkCore.Database.Command[20301]
      Closing data reader to 'main' on server 'C:\OAM\src\OAM.Api\oam_dev.db'.
info: Microsoft.AspNetCore.Hosting.Diagnostics[1]
      Request starting HTTP/1.1 GET http://localhost:5000/api/instances - application/json -
dbug: Microsoft.EntityFrameworkCore.Database.Command[20100]
      Executing DbCommand [Parameters=[], CommandType='Text', CommandTimeout='30']
      SELECT "d"."Id", "d"."Actif", "d"."ContenuYaml", "d"."DateCreation", "d"."DateModification", "d"."Description", "d"."Equipe", "d"."HashVersion", "d"."Nom"
      FROM "DefinitionsWorkflow" AS "d"
      WHERE "d"."Actif"
      ORDER BY "d"."Nom"
info: Microsoft.AspNetCore.Routing.EndpointMiddleware[1]
      Executed endpoint 'HTTP: GET /api/instances/'
info: Microsoft.EntityFrameworkCore.Database.Command[20101]
      Executed DbCommand (2ms) [Parameters=[], CommandType='Text', CommandTimeout='30']
      SELECT "d"."Id", "d"."Actif", "d"."ContenuYaml", "d"."DateCreation", "d"."DateModification", "d"."Description", "d"."Equipe", "d"."HashVersion", "d"."Nom"
      FROM "DefinitionsWorkflow" AS "d"
      WHERE "d"."Actif"
      ORDER BY "d"."Nom"
dbug: Microsoft.EntityFrameworkCore.Database.Command[20300]
      A data reader for 'main' on server 'C:\OAM\src\OAM.Api\oam_dev.db' is being disposed after spending 837ms reading results.
dbug: Microsoft.EntityFrameworkCore.ChangeTracking[10806]
      Context 'OamDbContext' started tracking 'DefinitionWorkflow' entity. Consider using 'DbContextOptionsBuilder.EnableSensitiveDataLogging' to see key values.
dbug: Microsoft.EntityFrameworkCore.Database.Command[20301]
      Closing data reader to 'main' on server 'C:\OAM\src\OAM.Api\oam_dev.db'.
dbug: Microsoft.EntityFrameworkCore.Infrastructure[10407]
      'OamDbContext' disposed.
info: Microsoft.AspNetCore.Routing.EndpointMiddleware[0]
      Executing endpoint 'HTTP: GET /api/instances/'
dbug: Microsoft.EntityFrameworkCore.Database.Connection[20002]
      Closing connection to database 'main' on server 'C:\OAM\src\OAM.Api\oam_dev.db'.
dbug: Microsoft.EntityFrameworkCore.Database.Connection[20003]
      Closed connection to database 'main' on server 'oam_dev.db' (61ms).
dbug: Microsoft.EntityFrameworkCore.Database.Command[20300]
      A data reader for 'main' on server 'C:\OAM\src\OAM.Api\oam_dev.db' is being disposed after spending 154ms reading results.
info: Microsoft.AspNetCore.Http.Result.OkObjectResult[1]
      Setting HTTP status code 200.
dbug: Microsoft.EntityFrameworkCore.Database.Connection[20002]
      Closing connection to database 'main' on server 'C:\OAM\src\OAM.Api\oam_dev.db'.
dbug: Microsoft.EntityFrameworkCore.Infrastructure[10403]
      Entity Framework Core 10.0.5 initialized 'OamDbContext' using provider 'Microsoft.EntityFrameworkCore.Sqlite:10.0.5' with options: None
dbug: Microsoft.EntityFrameworkCore.Infrastructure[10403]
      Entity Framework Core 10.0.5 initialized 'OamDbContext' using provider 'Microsoft.EntityFrameworkCore.Sqlite:10.0.5' with options: None
dbug: Microsoft.EntityFrameworkCore.Database.Connection[20005]
      Creating DbConnection.
dbug: Microsoft.EntityFrameworkCore.Database.Connection[20006]
      Created DbConnection. (26ms).
dbug: Microsoft.EntityFrameworkCore.Database.Connection[20005]
      Creating DbConnection.
dbug: Microsoft.EntityFrameworkCore.Database.Connection[20000]
      Opening connection to database 'main' on server 'oam_dev.db'.
info: Microsoft.AspNetCore.Http.Result.OkObjectResult[3]
      Writing value of type 'ListSelectIterator`2' as Json.
dbug: Microsoft.EntityFrameworkCore.Database.Connection[20001]
      Opened connection to database 'main' on server 'C:\OAM\src\OAM.Api\oam_dev.db'.
dbug: Microsoft.EntityFrameworkCore.Database.Connection[20003]
      Closed connection to database 'main' on server 'oam_dev.db' (66ms).
dbug: Microsoft.EntityFrameworkCore.Database.Command[20103]
      Creating DbCommand for 'ExecuteReader'.
info: Microsoft.AspNetCore.Http.Result.OkObjectResult[1]
      Setting HTTP status code 200.
dbug: Microsoft.EntityFrameworkCore.Database.Command[20104]
      Created DbCommand for 'ExecuteReader' (26ms).
info: Microsoft.AspNetCore.Http.Result.OkObjectResult[3]
      Writing value of type 'ListSelectIterator`2' as Json.
dbug: Microsoft.EntityFrameworkCore.Database.Connection[20006]
      Created DbConnection. (65ms).
dbug: Microsoft.EntityFrameworkCore.Database.Command[20106]
      Initialized DbCommand for 'ExecuteReader' (61ms).
dbug: Microsoft.EntityFrameworkCore.Database.Connection[20000]
      Opening connection to database 'main' on server 'oam_dev.db'.
dbug: Microsoft.EntityFrameworkCore.Database.Command[20100]
      Executing DbCommand [Parameters=[], CommandType='Text', CommandTimeout='30']
      SELECT "i"."Id", "i"."ContexteExecution", "i"."CorrelationId", "i"."DateCreation", "i"."DateDebut", "i"."DateFin", "i"."DefinitionWorkflowId", "i"."DonneesEntree", "i"."Erreur", "i"."Etat", "i"."HashVersionConfig", "d"."Id", "e0"."Id", "e0"."DateDebut", "e0"."DateFin", "e0"."DonneesEntree", "e0"."DonneesSortie", "e0"."Erreur", "e0"."Etat", "e0"."InstanceWorkflowId", "e0"."NomTache", "e0"."NombreTentatives", "e0"."Ordre", "e0"."TypeConnecteur", "d"."Actif", "d"."ContenuYaml", "d"."DateCreation", "d"."DateModification", "d"."Description", "d"."Equipe", "d"."HashVersion", "d"."Nom"
      FROM "InstancesWorkflow" AS "i"
      INNER JOIN "DefinitionsWorkflow" AS "d" ON "i"."DefinitionWorkflowId" = "d"."Id"
      LEFT JOIN (
          SELECT "e"."Id", "e"."DateDebut", "e"."DateFin", "e"."DonneesEntree", "e"."DonneesSortie", "e"."Erreur", "e"."Etat", "e"."InstanceWorkflowId", "e"."NomTache", "e"."NombreTentatives", "e"."Ordre", "e"."TypeConnecteur"
          FROM "ExecutionsTache" AS "e"
          WHERE "e"."Etat" = 'EnErreur'
      ) AS "e0" ON "i"."Id" = "e0"."InstanceWorkflowId"
      WHERE "i"."Etat" = 'EnErreur'
      ORDER BY "i"."DateCreation" DESC, "i"."Id", "d"."Id"
info: Microsoft.AspNetCore.Routing.EndpointMiddleware[1]
      Executed endpoint 'HTTP: GET /api/definitions/'
dbug: Microsoft.EntityFrameworkCore.Database.Connection[20001]
      Opened connection to database 'main' on server 'C:\OAM\src\OAM.Api\oam_dev.db'.
dbug: Microsoft.EntityFrameworkCore.Database.Connection[20007]
      Disposing connection to database 'main' on server 'oam_dev.db'.
info: Microsoft.AspNetCore.Routing.EndpointMiddleware[1]
      Executed endpoint 'HTTP: GET /api/instances/erreurs'
dbug: Microsoft.EntityFrameworkCore.Database.Connection[20008]
      Disposed connection to database 'main' on server 'oam_dev.db' (2ms).
dbug: Microsoft.EntityFrameworkCore.Database.Command[20103]
      Creating DbCommand for 'ExecuteReader'.
dbug: Microsoft.EntityFrameworkCore.Infrastructure[10407]
      'OamDbContext' disposed.
dbug: Microsoft.EntityFrameworkCore.Database.Command[20104]
      Created DbCommand for 'ExecuteReader' (2ms).
dbug: Microsoft.EntityFrameworkCore.Infrastructure[10407]
      'OamDbContext' disposed.
dbug: Microsoft.EntityFrameworkCore.Database.Connection[20007]
      Disposing connection to database 'main' on server 'oam_dev.db'.
dbug: Microsoft.EntityFrameworkCore.Database.Command[20106]
      Initialized DbCommand for 'ExecuteReader' (4ms).
dbug: Microsoft.EntityFrameworkCore.Database.Connection[20007]
      Disposing connection to database 'main' on server 'oam_dev.db'.
dbug: Microsoft.EntityFrameworkCore.Database.Command[20100]
      Executing DbCommand [Parameters=[], CommandType='Text', CommandTimeout='30']
      SELECT "i"."Id", "i"."ContexteExecution", "i"."CorrelationId", "i"."DateCreation", "i"."DateDebut", "i"."DateFin", "i"."DefinitionWorkflowId", "i"."DonneesEntree", "i"."Erreur", "i"."Etat", "i"."HashVersionConfig", "d"."Id", "d"."Actif", "d"."ContenuYaml", "d"."DateCreation", "d"."DateModification", "d"."Description", "d"."Equipe", "d"."HashVersion", "d"."Nom"
      FROM "InstancesWorkflow" AS "i"
      INNER JOIN "DefinitionsWorkflow" AS "d" ON "i"."DefinitionWorkflowId" = "d"."Id"
      ORDER BY "i"."DateCreation" DESC
dbug: Microsoft.EntityFrameworkCore.Database.Connection[20008]
      Disposed connection to database 'main' on server 'oam_dev.db' (34ms).
dbug: Microsoft.EntityFrameworkCore.Database.Connection[20008]
      Disposed connection to database 'main' on server 'oam_dev.db' (34ms).
info: Microsoft.AspNetCore.Hosting.Diagnostics[2]
      Request finished HTTP/1.1 GET http://localhost:5000/api/instances/erreurs - 200 - application/json;+charset=utf-8 1703.3827ms
info: Microsoft.AspNetCore.Hosting.Diagnostics[1]
      Request starting HTTP/1.1 GET http://localhost:5000/api/definitions - application/json -
info: Microsoft.AspNetCore.Hosting.Diagnostics[2]
      Request finished HTTP/1.1 GET http://localhost:5000/api/definitions - 200 - application/json;+charset=utf-8 1132.4838ms
info: Microsoft.AspNetCore.Hosting.Diagnostics[1]
      Request starting HTTP/1.1 POST http://localhost:5173/hubs/workflow/negotiate?negotiateVersion=1 - - 0
info: Microsoft.AspNetCore.Routing.EndpointMiddleware[0]
      Executing endpoint 'HTTP: GET /api/definitions/'
info: Microsoft.AspNetCore.Cors.Infrastructure.CorsService[4]
      CORS policy execution successful.
info: Microsoft.EntityFrameworkCore.Database.Command[20101]
      Executed DbCommand (124ms) [Parameters=[], CommandType='Text', CommandTimeout='30']
      SELECT "i"."Id", "i"."ContexteExecution", "i"."CorrelationId", "i"."DateCreation", "i"."DateDebut", "i"."DateFin", "i"."DefinitionWorkflowId", "i"."DonneesEntree", "i"."Erreur", "i"."Etat", "i"."HashVersionConfig", "d"."Id", "d"."Actif", "d"."ContenuYaml", "d"."DateCreation", "d"."DateModification", "d"."Description", "d"."Equipe", "d"."HashVersion", "d"."Nom"
      FROM "InstancesWorkflow" AS "i"
      INNER JOIN "DefinitionsWorkflow" AS "d" ON "i"."DefinitionWorkflowId" = "d"."Id"
      ORDER BY "i"."DateCreation" DESC
info: Microsoft.AspNetCore.Hosting.Diagnostics[1]
      Request starting HTTP/1.1 POST http://localhost:5173/hubs/workflow/negotiate?negotiateVersion=1 - - 0
info: Microsoft.EntityFrameworkCore.Database.Command[20101]
      Executed DbCommand (166ms) [Parameters=[], CommandType='Text', CommandTimeout='30']
      SELECT "i"."Id", "i"."ContexteExecution", "i"."CorrelationId", "i"."DateCreation", "i"."DateDebut", "i"."DateFin", "i"."DefinitionWorkflowId", "i"."DonneesEntree", "i"."Erreur", "i"."Etat", "i"."HashVersionConfig", "d"."Id", "e0"."Id", "e0"."DateDebut", "e0"."DateFin", "e0"."DonneesEntree", "e0"."DonneesSortie", "e0"."Erreur", "e0"."Etat", "e0"."InstanceWorkflowId", "e0"."NomTache", "e0"."NombreTentatives", "e0"."Ordre", "e0"."TypeConnecteur", "d"."Actif", "d"."ContenuYaml", "d"."DateCreation", "d"."DateModification", "d"."Description", "d"."Equipe", "d"."HashVersion", "d"."Nom"
      FROM "InstancesWorkflow" AS "i"
      INNER JOIN "DefinitionsWorkflow" AS "d" ON "i"."DefinitionWorkflowId" = "d"."Id"
      LEFT JOIN (
          SELECT "e"."Id", "e"."DateDebut", "e"."DateFin", "e"."DonneesEntree", "e"."DonneesSortie", "e"."Erreur", "e"."Etat", "e"."InstanceWorkflowId", "e"."NomTache", "e"."NombreTentatives", "e"."Ordre", "e"."TypeConnecteur"
          FROM "ExecutionsTache" AS "e"
          WHERE "e"."Etat" = 'EnErreur'
      ) AS "e0" ON "i"."Id" = "e0"."InstanceWorkflowId"
      WHERE "i"."Etat" = 'EnErreur'
      ORDER BY "i"."DateCreation" DESC, "i"."Id", "d"."Id"
info: Microsoft.AspNetCore.Routing.EndpointMiddleware[0]
      Executing endpoint '/hubs/workflow/negotiate'
info: Microsoft.AspNetCore.Cors.Infrastructure.CorsService[4]
      CORS policy execution successful.
info: Microsoft.AspNetCore.Routing.EndpointMiddleware[0]
      Executing endpoint '/hubs/workflow/negotiate'
dbug: Microsoft.EntityFrameworkCore.Infrastructure[10403]
      Entity Framework Core 10.0.5 initialized 'OamDbContext' using provider 'Microsoft.EntityFrameworkCore.Sqlite:10.0.5' with options: None
dbug: Microsoft.EntityFrameworkCore.ChangeTracking[10806]
      Context 'OamDbContext' started tracking 'InstanceWorkflow' entity. Consider using 'DbContextOptionsBuilder.EnableSensitiveDataLogging' to see key values.
info: Microsoft.AspNetCore.Routing.EndpointMiddleware[1]
      Executed endpoint '/hubs/workflow/negotiate'
dbug: Microsoft.EntityFrameworkCore.ChangeTracking[10805]
      The navigation 'InstanceWorkflow.DefinitionWorkflow' was detected as changed. Consider using 'DbContextOptionsBuilder.EnableSensitiveDataLogging' to see key values.
dbug: Microsoft.EntityFrameworkCore.Database.Connection[20005]
      Creating DbConnection.
info: Microsoft.AspNetCore.Routing.EndpointMiddleware[1]
      Executed endpoint '/hubs/workflow/negotiate'
dbug: Microsoft.EntityFrameworkCore.Database.Connection[20003]
      Closed connection to database 'main' on server 'oam_dev.db' (830ms).
dbug: Microsoft.EntityFrameworkCore.ChangeTracking[10806]
      Context 'OamDbContext' started tracking 'InstanceWorkflow' entity. Consider using 'DbContextOptionsBuilder.EnableSensitiveDataLogging' to see key values.
dbug: Microsoft.EntityFrameworkCore.Database.Connection[20006]
      Created DbConnection. (24ms).
info: Microsoft.AspNetCore.Http.Result.OkObjectResult[1]
      Setting HTTP status code 200.
info: Microsoft.AspNetCore.Hosting.Diagnostics[2]
      Request finished HTTP/1.1 POST http://localhost:5173/hubs/workflow/negotiate?negotiateVersion=1 - 200 316 application/json 1885.0648ms
dbug: Microsoft.EntityFrameworkCore.Database.Connection[20000]
      Opening connection to database 'main' on server 'oam_dev.db'.
dbug: Microsoft.EntityFrameworkCore.ChangeTracking[10806]
      Context 'OamDbContext' started tracking 'DefinitionWorkflow' entity. Consider using 'DbContextOptionsBuilder.EnableSensitiveDataLogging' to see key values.
dbug: Microsoft.EntityFrameworkCore.ChangeTracking[10805]
      The navigation 'InstanceWorkflow.DefinitionWorkflow' was detected as changed. Consider using 'DbContextOptionsBuilder.EnableSensitiveDataLogging' to see key values.
dbug: Microsoft.EntityFrameworkCore.Database.Connection[20001]
      Opened connection to database 'main' on server 'C:\OAM\src\OAM.Api\oam_dev.db'.
info: Microsoft.AspNetCore.Hosting.Diagnostics[2]
      Request finished HTTP/1.1 POST http://localhost:5173/hubs/workflow/negotiate?negotiateVersion=1 - 200 316 application/json 239.9870ms
dbug: Microsoft.EntityFrameworkCore.ChangeTracking[10806]
      Context 'OamDbContext' started tracking 'InstanceWorkflow' entity. Consider using 'DbContextOptionsBuilder.EnableSensitiveDataLogging' to see key values.
dbug: Microsoft.EntityFrameworkCore.ChangeTracking[10806]
      Context 'OamDbContext' started tracking 'DefinitionWorkflow' entity. Consider using 'DbContextOptionsBuilder.EnableSensitiveDataLogging' to see key values.
dbug: Microsoft.EntityFrameworkCore.Database.Command[20103]
      Creating DbCommand for 'ExecuteReader'.
dbug: Microsoft.EntityFrameworkCore.Database.Command[20104]
      Created DbCommand for 'ExecuteReader' (2ms).
info: Microsoft.AspNetCore.Hosting.Diagnostics[1]
      Request starting HTTP/1.1 GET http://localhost:5000/api/instances - application/json -
info: Microsoft.AspNetCore.Hosting.Diagnostics[2]
      Request finished HTTP/1.1 GET http://localhost:5000/api/instances - 200 - application/json;+charset=utf-8 11483.6059ms
dbug: Microsoft.EntityFrameworkCore.Database.Command[20106]
      Initialized DbCommand for 'ExecuteReader' (30ms).
dbug: Microsoft.EntityFrameworkCore.ChangeTracking[10806]
      Context 'OamDbContext' started tracking 'ExecutionTache' entity. Consider using 'DbContextOptionsBuilder.EnableSensitiveDataLogging' to see key values.
dbug: Microsoft.EntityFrameworkCore.ChangeTracking[10806]
      Context 'OamDbContext' started tracking 'InstanceWorkflow' entity. Consider using 'DbContextOptionsBuilder.EnableSensitiveDataLogging' to see key values.
dbug: Microsoft.EntityFrameworkCore.Database.Command[20100]
      Executing DbCommand [Parameters=[], CommandType='Text', CommandTimeout='30']
      SELECT "d"."Id", "d"."Actif", "d"."ContenuYaml", "d"."DateCreation", "d"."DateModification", "d"."Description", "d"."Equipe", "d"."HashVersion", "d"."Nom"
      FROM "DefinitionsWorkflow" AS "d"
      WHERE "d"."Actif"
      ORDER BY "d"."Nom"
info: Microsoft.EntityFrameworkCore.Database.Command[20101]
      Executed DbCommand (126ms) [Parameters=[], CommandType='Text', CommandTimeout='30']
      SELECT "d"."Id", "d"."Actif", "d"."ContenuYaml", "d"."DateCreation", "d"."DateModification", "d"."Description", "d"."Equipe", "d"."HashVersion", "d"."Nom"
      FROM "DefinitionsWorkflow" AS "d"
      WHERE "d"."Actif"
      ORDER BY "d"."Nom"
dbug: Microsoft.EntityFrameworkCore.ChangeTracking[10806]
      Context 'OamDbContext' started tracking 'DefinitionWorkflow' entity. Consider using 'DbContextOptionsBuilder.EnableSensitiveDataLogging' to see key values.
dbug: Microsoft.EntityFrameworkCore.Database.Command[20301]
      Closing data reader to 'main' on server 'C:\OAM\src\OAM.Api\oam_dev.db'.
dbug: Microsoft.EntityFrameworkCore.Database.Command[20300]
      A data reader for 'main' on server 'C:\OAM\src\OAM.Api\oam_dev.db' is being disposed after spending 28ms reading results.
dbug: Microsoft.EntityFrameworkCore.ChangeTracking[10806]
      Context 'OamDbContext' started tracking 'InstanceWorkflow' entity. Consider using 'DbContextOptionsBuilder.EnableSensitiveDataLogging' to see key values.
dbug: Microsoft.EntityFrameworkCore.Database.Connection[20002]
      Closing connection to database 'main' on server 'C:\OAM\src\OAM.Api\oam_dev.db'.
dbug: Microsoft.EntityFrameworkCore.Database.Connection[20003]
      Closed connection to database 'main' on server 'oam_dev.db' (60ms).
info: Microsoft.AspNetCore.Hosting.Diagnostics[1]
      Request starting HTTP/1.1 GET http://localhost:5000/api/definitions - application/json -
dbug: Microsoft.EntityFrameworkCore.ChangeTracking[10806]
      Context 'OamDbContext' started tracking 'InstanceWorkflow' entity. Consider using 'DbContextOptionsBuilder.EnableSensitiveDataLogging' to see key values.
dbug: Microsoft.EntityFrameworkCore.ChangeTracking[10806]
      Context 'OamDbContext' started tracking 'InstanceWorkflow' entity. Consider using 'DbContextOptionsBuilder.EnableSensitiveDataLogging' to see key values.
info: Microsoft.AspNetCore.Routing.EndpointMiddleware[0]
      Executing endpoint 'HTTP: GET /api/instances/'
info: Microsoft.AspNetCore.Http.Result.OkObjectResult[3]
      Writing value of type 'ListSelectIterator`2' as Json.
info: Microsoft.AspNetCore.Hosting.Diagnostics[1]
      Request starting HTTP/1.1 GET http://localhost:5000/api/instances/erreurs - application/json -
dbug: Microsoft.EntityFrameworkCore.ChangeTracking[10806]
      Context 'OamDbContext' started tracking 'InstanceWorkflow' entity. Consider using 'DbContextOptionsBuilder.EnableSensitiveDataLogging' to see key values.
info: Microsoft.AspNetCore.Http.Result.OkObjectResult[1]
      Setting HTTP status code 200.
info: Microsoft.AspNetCore.Http.Result.OkObjectResult[3]
      Writing value of type 'ListSelectIterator`2' as Json.
dbug: Microsoft.EntityFrameworkCore.ChangeTracking[10806]
      Context 'OamDbContext' started tracking 'InstanceWorkflow' entity. Consider using 'DbContextOptionsBuilder.EnableSensitiveDataLogging' to see key values.
info: Microsoft.AspNetCore.Routing.EndpointMiddleware[0]
      Executing endpoint 'HTTP: GET /api/instances/erreurs'
dbug: Microsoft.EntityFrameworkCore.ChangeTracking[10806]
      Context 'OamDbContext' started tracking 'InstanceWorkflow' entity. Consider using 'DbContextOptionsBuilder.EnableSensitiveDataLogging' to see key values.
dbug: Microsoft.EntityFrameworkCore.ChangeTracking[10806]
      Context 'OamDbContext' started tracking 'InstanceWorkflow' entity. Consider using 'DbContextOptionsBuilder.EnableSensitiveDataLogging' to see key values.
dbug: Microsoft.EntityFrameworkCore.ChangeTracking[10806]
      Context 'OamDbContext' started tracking 'InstanceWorkflow' entity. Consider using 'DbContextOptionsBuilder.EnableSensitiveDataLogging' to see key values.
dbug: Microsoft.EntityFrameworkCore.Infrastructure[10403]
      Entity Framework Core 10.0.5 initialized 'OamDbContext' using provider 'Microsoft.EntityFrameworkCore.Sqlite:10.0.5' with options: None
dbug: Microsoft.EntityFrameworkCore.Database.Connection[20005]
      Creating DbConnection.
dbug: Microsoft.EntityFrameworkCore.Database.Connection[20006]
      Created DbConnection. (27ms).
dbug: Microsoft.EntityFrameworkCore.ChangeTracking[10806]
      Context 'OamDbContext' started tracking 'InstanceWorkflow' entity. Consider using 'DbContextOptionsBuilder.EnableSensitiveDataLogging' to see key values.
dbug: Microsoft.EntityFrameworkCore.ChangeTracking[10806]
      Context 'OamDbContext' started tracking 'InstanceWorkflow' entity. Consider using 'DbContextOptionsBuilder.EnableSensitiveDataLogging' to see key values.
info: Microsoft.AspNetCore.Routing.EndpointMiddleware[1]
      Executed endpoint 'HTTP: GET /api/definitions/'
dbug: Microsoft.EntityFrameworkCore.ChangeTracking[10806]
      Context 'OamDbContext' started tracking 'ExecutionTache' entity. Consider using 'DbContextOptionsBuilder.EnableSensitiveDataLogging' to see key values.
dbug: Microsoft.EntityFrameworkCore.Database.Connection[20000]
      Opening connection to database 'main' on server 'oam_dev.db'.
dbug: Microsoft.EntityFrameworkCore.ChangeTracking[10806]
      Context 'OamDbContext' started tracking 'InstanceWorkflow' entity. Consider using 'DbContextOptionsBuilder.EnableSensitiveDataLogging' to see key values.
info: Microsoft.AspNetCore.Routing.EndpointMiddleware[0]
      Executing endpoint 'HTTP: GET /api/definitions/'
dbug: Microsoft.EntityFrameworkCore.Infrastructure[10407]
      'OamDbContext' disposed.
dbug: Microsoft.EntityFrameworkCore.ChangeTracking[10806]
      Context 'OamDbContext' started tracking 'InstanceWorkflow' entity. Consider using 'DbContextOptionsBuilder.EnableSensitiveDataLogging' to see key values.
dbug: Microsoft.EntityFrameworkCore.ChangeTracking[10806]
      Context 'OamDbContext' started tracking 'ExecutionTache' entity. Consider using 'DbContextOptionsBuilder.EnableSensitiveDataLogging' to see key values.
dbug: Microsoft.EntityFrameworkCore.ChangeTracking[10806]
      Context 'OamDbContext' started tracking 'InstanceWorkflow' entity. Consider using 'DbContextOptionsBuilder.EnableSensitiveDataLogging' to see key values.
dbug: Microsoft.EntityFrameworkCore.Database.Connection[20001]
      Opened connection to database 'main' on server 'C:\OAM\src\OAM.Api\oam_dev.db'.
dbug: Microsoft.EntityFrameworkCore.Database.Command[20103]
      Creating DbCommand for 'ExecuteReader'.
dbug: Microsoft.EntityFrameworkCore.Database.Command[20104]
      Created DbCommand for 'ExecuteReader' (1ms).
dbug: Microsoft.EntityFrameworkCore.Database.Connection[20007]
      Disposing connection to database 'main' on server 'oam_dev.db'.
dbug: Microsoft.EntityFrameworkCore.Database.Command[20106]
      Initialized DbCommand for 'ExecuteReader' (60ms).
dbug: Microsoft.EntityFrameworkCore.Infrastructure[10403]
      Entity Framework Core 10.0.5 initialized 'OamDbContext' using provider 'Microsoft.EntityFrameworkCore.Sqlite:10.0.5' with options: None
dbug: Microsoft.EntityFrameworkCore.ChangeTracking[10806]
      Context 'OamDbContext' started tracking 'InstanceWorkflow' entity. Consider using 'DbContextOptionsBuilder.EnableSensitiveDataLogging' to see key values.
dbug: Microsoft.EntityFrameworkCore.Database.Connection[20008]
      Disposed connection to database 'main' on server 'oam_dev.db' (59ms).
dbug: Microsoft.EntityFrameworkCore.ChangeTracking[10806]
      Context 'OamDbContext' started tracking 'InstanceWorkflow' entity. Consider using 'DbContextOptionsBuilder.EnableSensitiveDataLogging' to see key values.
dbug: Microsoft.EntityFrameworkCore.Database.Command[20100]
      Executing DbCommand [Parameters=[], CommandType='Text', CommandTimeout='30']
      SELECT "i"."Id", "i"."ContexteExecution", "i"."CorrelationId", "i"."DateCreation", "i"."DateDebut", "i"."DateFin", "i"."DefinitionWorkflowId", "i"."DonneesEntree", "i"."Erreur", "i"."Etat", "i"."HashVersionConfig", "d"."Id", "d"."Actif", "d"."ContenuYaml", "d"."DateCreation", "d"."DateModification", "d"."Description", "d"."Equipe", "d"."HashVersion", "d"."Nom"
      FROM "InstancesWorkflow" AS "i"
      INNER JOIN "DefinitionsWorkflow" AS "d" ON "i"."DefinitionWorkflowId" = "d"."Id"
      ORDER BY "i"."DateCreation" DESC
info: Microsoft.AspNetCore.Hosting.Diagnostics[2]
      Request finished HTTP/1.1 GET http://localhost:5000/api/definitions - 200 - application/json;+charset=utf-8 1065.6476ms
dbug: Microsoft.EntityFrameworkCore.ChangeTracking[10806]
      Context 'OamDbContext' started tracking 'InstanceWorkflow' entity. Consider using 'DbContextOptionsBuilder.EnableSensitiveDataLogging' to see key values.
info: Microsoft.EntityFrameworkCore.Database.Command[20101]
      Executed DbCommand (33ms) [Parameters=[], CommandType='Text', CommandTimeout='30']
      SELECT "i"."Id", "i"."ContexteExecution", "i"."CorrelationId", "i"."DateCreation", "i"."DateDebut", "i"."DateFin", "i"."DefinitionWorkflowId", "i"."DonneesEntree", "i"."Erreur", "i"."Etat", "i"."HashVersionConfig", "d"."Id", "d"."Actif", "d"."ContenuYaml", "d"."DateCreation", "d"."DateModification", "d"."Description", "d"."Equipe", "d"."HashVersion", "d"."Nom"
      FROM "InstancesWorkflow" AS "i"
      INNER JOIN "DefinitionsWorkflow" AS "d" ON "i"."DefinitionWorkflowId" = "d"."Id"
      ORDER BY "i"."DateCreation" DESC
info: Microsoft.AspNetCore.Routing.EndpointMiddleware[1]
      Executed endpoint 'HTTP: GET /api/instances/'
dbug: Microsoft.EntityFrameworkCore.ChangeTracking[10806]
      Context 'OamDbContext' started tracking 'InstanceWorkflow' entity. Consider using 'DbContextOptionsBuilder.EnableSensitiveDataLogging' to see key values.
dbug: Microsoft.EntityFrameworkCore.ChangeTracking[10806]
      Context 'OamDbContext' started tracking 'InstanceWorkflow' entity. Consider using 'DbContextOptionsBuilder.EnableSensitiveDataLogging' to see key values.
info: Microsoft.AspNetCore.Hosting.Diagnostics[1]
      Request starting HTTP/1.1 POST http://localhost:5173/hubs/workflow/negotiate?negotiateVersion=1 - - 0
dbug: Microsoft.EntityFrameworkCore.Infrastructure[10407]
      'OamDbContext' disposed.
dbug: Microsoft.EntityFrameworkCore.ChangeTracking[10806]
      Context 'OamDbContext' started tracking 'ExecutionTache' entity. Consider using 'DbContextOptionsBuilder.EnableSensitiveDataLogging' to see key values.
info: Microsoft.AspNetCore.Cors.Infrastructure.CorsService[4]
      CORS policy execution successful.
dbug: Microsoft.EntityFrameworkCore.Database.Connection[20007]
      Disposing connection to database 'main' on server 'oam_dev.db'.
dbug: Microsoft.EntityFrameworkCore.Database.Command[20301]
      Closing data reader to 'main' on server 'C:\OAM\src\OAM.Api\oam_dev.db'.
dbug: Microsoft.EntityFrameworkCore.Database.Command[20300]
      A data reader for 'main' on server 'C:\OAM\src\OAM.Api\oam_dev.db' is being disposed after spending 1037ms reading results.
dbug: Microsoft.EntityFrameworkCore.ChangeTracking[10805]
      The navigation 'InstanceWorkflow.DefinitionWorkflow' was detected as changed. Consider using 'DbContextOptionsBuilder.EnableSensitiveDataLogging' to see key values.
dbug: Microsoft.EntityFrameworkCore.ChangeTracking[10806]
      Context 'OamDbContext' started tracking 'InstanceWorkflow' entity. Consider using 'DbContextOptionsBuilder.EnableSensitiveDataLogging' to see key values.
dbug: Microsoft.EntityFrameworkCore.Database.Connection[20002]
      Closing connection to database 'main' on server 'C:\OAM\src\OAM.Api\oam_dev.db'.
dbug: Microsoft.EntityFrameworkCore.Database.Connection[20003]
      Closed connection to database 'main' on server 'oam_dev.db' (55ms).
info: Microsoft.AspNetCore.Routing.EndpointMiddleware[0]
      Executing endpoint '/hubs/workflow/negotiate'
dbug: Microsoft.EntityFrameworkCore.ChangeTracking[10806]
      Context 'OamDbContext' started tracking 'DefinitionWorkflow' entity. Consider using 'DbContextOptionsBuilder.EnableSensitiveDataLogging' to see key values.
dbug: Microsoft.EntityFrameworkCore.ChangeTracking[10806]
      Context 'OamDbContext' started tracking 'ExecutionTache' entity. Consider using 'DbContextOptionsBuilder.EnableSensitiveDataLogging' to see key values.
info: Microsoft.AspNetCore.Http.Result.OkObjectResult[1]
      Setting HTTP status code 200.
dbug: Microsoft.EntityFrameworkCore.Database.Connection[20005]
      Creating DbConnection.
dbug: Microsoft.EntityFrameworkCore.ChangeTracking[10806]
      Context 'OamDbContext' started tracking 'InstanceWorkflow' entity. Consider using 'DbContextOptionsBuilder.EnableSensitiveDataLogging' to see key values.
info: Microsoft.AspNetCore.Routing.EndpointMiddleware[1]
      Executed endpoint '/hubs/workflow/negotiate'
info: Microsoft.AspNetCore.Hosting.Diagnostics[2]
      Request finished HTTP/1.1 POST http://localhost:5173/hubs/workflow/negotiate?negotiateVersion=1 - 200 316 application/json 185.7619ms
info: Microsoft.AspNetCore.Http.Result.OkObjectResult[3]
      Writing value of type 'ListSelectIterator`2' as Json.
dbug: Microsoft.EntityFrameworkCore.Database.Command[20301]
      Closing data reader to 'main' on server 'C:\OAM\src\OAM.Api\oam_dev.db'.
dbug: Microsoft.EntityFrameworkCore.ChangeTracking[10806]
      Context 'OamDbContext' started tracking 'InstanceWorkflow' entity. Consider using 'DbContextOptionsBuilder.EnableSensitiveDataLogging' to see key values.
dbug: Microsoft.EntityFrameworkCore.Infrastructure[10403]
      Entity Framework Core 10.0.5 initialized 'OamDbContext' using provider 'Microsoft.EntityFrameworkCore.Sqlite:10.0.5' with options: None
dbug: Microsoft.EntityFrameworkCore.Database.Connection[20006]
      Created DbConnection. (62ms).
info: Microsoft.AspNetCore.Hosting.Diagnostics[1]
      Request starting HTTP/1.1 GET http://localhost:5000/api/instances - application/json -
dbug: Microsoft.EntityFrameworkCore.Database.Connection[20000]
      Opening connection to database 'main' on server 'oam_dev.db'.
dbug: Microsoft.EntityFrameworkCore.Database.Connection[20001]
      Opened connection to database 'main' on server 'C:\OAM\src\OAM.Api\oam_dev.db'.
dbug: Microsoft.EntityFrameworkCore.Database.Command[20103]
      Creating DbCommand for 'ExecuteReader'.
dbug: Microsoft.EntityFrameworkCore.Database.Command[20104]
      Created DbCommand for 'ExecuteReader' (1ms).
dbug: Microsoft.EntityFrameworkCore.Database.Command[20300]
      A data reader for 'main' on server 'C:\OAM\src\OAM.Api\oam_dev.db' is being disposed after spending 1367ms reading results.
dbug: Microsoft.EntityFrameworkCore.Database.Connection[20008]
      Disposed connection to database 'main' on server 'oam_dev.db' (393ms).
info: Microsoft.AspNetCore.Hosting.Diagnostics[2]
      Request finished HTTP/1.1 GET http://localhost:5000/api/instances - 200 - application/json;+charset=utf-8 8333.8465ms
info: Microsoft.AspNetCore.Routing.EndpointMiddleware[0]
      Executing endpoint 'HTTP: GET /api/instances/'
dbug: Microsoft.EntityFrameworkCore.ChangeTracking[10806]
      Context 'OamDbContext' started tracking 'InstanceWorkflow' entity. Consider using 'DbContextOptionsBuilder.EnableSensitiveDataLogging' to see key values.
dbug: Microsoft.EntityFrameworkCore.Database.Connection[20002]
      Closing connection to database 'main' on server 'C:\OAM\src\OAM.Api\oam_dev.db'.
info: Microsoft.AspNetCore.Hosting.Diagnostics[1]
      Request starting HTTP/1.1 GET http://localhost:5000/api/instances/erreurs - application/json -
info: Microsoft.AspNetCore.Routing.EndpointMiddleware[1]
      Executed endpoint 'HTTP: GET /api/instances/'
info: Microsoft.AspNetCore.Routing.EndpointMiddleware[0]
      Executing endpoint 'HTTP: GET /api/instances/erreurs'
dbug: Microsoft.EntityFrameworkCore.Infrastructure[10403]
      Entity Framework Core 10.0.5 initialized 'OamDbContext' using provider 'Microsoft.EntityFrameworkCore.Sqlite:10.0.5' with options: None
dbug: Microsoft.EntityFrameworkCore.Infrastructure[10407]
      'OamDbContext' disposed.
dbug: Microsoft.EntityFrameworkCore.Database.Connection[20003]
      Closed connection to database 'main' on server 'oam_dev.db' (93ms).
dbug: Microsoft.EntityFrameworkCore.ChangeTracking[10806]
      Context 'OamDbContext' started tracking 'InstanceWorkflow' entity. Consider using 'DbContextOptionsBuilder.EnableSensitiveDataLogging' to see key values.
info: Microsoft.AspNetCore.Http.Result.OkObjectResult[1]
      Setting HTTP status code 200.
dbug: Microsoft.EntityFrameworkCore.Database.Connection[20007]
      Disposing connection to database 'main' on server 'oam_dev.db'.
info: Microsoft.AspNetCore.Http.Result.OkObjectResult[3]
      Writing value of type 'ListSelectIterator`2' as Json.
dbug: Microsoft.EntityFrameworkCore.Database.Connection[20008]
      Disposed connection to database 'main' on server 'oam_dev.db' (26ms).
dbug: Microsoft.EntityFrameworkCore.ChangeTracking[10806]
      Context 'OamDbContext' started tracking 'InstanceWorkflow' entity. Consider using 'DbContextOptionsBuilder.EnableSensitiveDataLogging' to see key values.
dbug: Microsoft.EntityFrameworkCore.Database.Command[20106]
      Initialized DbCommand for 'ExecuteReader' (275ms).
info: Microsoft.AspNetCore.Hosting.Diagnostics[2]
      Request finished HTTP/1.1 GET http://localhost:5000/api/instances - 200 - application/json;+charset=utf-8 2199.1908ms
dbug: Microsoft.EntityFrameworkCore.Database.Connection[20005]
      Creating DbConnection.
dbug: Microsoft.EntityFrameworkCore.Database.Command[20100]
      Executing DbCommand [Parameters=[], CommandType='Text', CommandTimeout='30']
      SELECT "d"."Id", "d"."Actif", "d"."ContenuYaml", "d"."DateCreation", "d"."DateModification", "d"."Description", "d"."Equipe", "d"."HashVersion", "d"."Nom"
      FROM "DefinitionsWorkflow" AS "d"
      WHERE "d"."Actif"
      ORDER BY "d"."Nom"
info: Microsoft.AspNetCore.Hosting.Diagnostics[1]
      Request starting HTTP/1.1 GET http://localhost:5000/api/definitions - application/json -
dbug: Microsoft.EntityFrameworkCore.ChangeTracking[10806]
      Context 'OamDbContext' started tracking 'InstanceWorkflow' entity. Consider using 'DbContextOptionsBuilder.EnableSensitiveDataLogging' to see key values.
dbug: Microsoft.EntityFrameworkCore.Database.Connection[20006]
      Created DbConnection. (62ms).
dbug: Microsoft.EntityFrameworkCore.Database.Connection[20000]
      Opening connection to database 'main' on server 'oam_dev.db'.
dbug: Microsoft.EntityFrameworkCore.Database.Connection[20001]
      Opened connection to database 'main' on server 'C:\OAM\src\OAM.Api\oam_dev.db'.
dbug: Microsoft.EntityFrameworkCore.Database.Command[20103]
      Creating DbCommand for 'ExecuteReader'.
dbug: Microsoft.EntityFrameworkCore.ChangeTracking[10806]
      Context 'OamDbContext' started tracking 'InstanceWorkflow' entity. Consider using 'DbContextOptionsBuilder.EnableSensitiveDataLogging' to see key values.
info: Microsoft.EntityFrameworkCore.Database.Command[20101]
      Executed DbCommand (155ms) [Parameters=[], CommandType='Text', CommandTimeout='30']
      SELECT "d"."Id", "d"."Actif", "d"."ContenuYaml", "d"."DateCreation", "d"."DateModification", "d"."Description", "d"."Equipe", "d"."HashVersion", "d"."Nom"
      FROM "DefinitionsWorkflow" AS "d"
      WHERE "d"."Actif"
      ORDER BY "d"."Nom"
dbug: Microsoft.EntityFrameworkCore.Database.Command[20104]
      Created DbCommand for 'ExecuteReader' (91ms).
info: Microsoft.AspNetCore.Routing.EndpointMiddleware[0]
      Executing endpoint 'HTTP: GET /api/definitions/'
dbug: Microsoft.EntityFrameworkCore.Database.Command[20106]
      Initialized DbCommand for 'ExecuteReader' (122ms).
dbug: Microsoft.EntityFrameworkCore.ChangeTracking[10806]
      Context 'OamDbContext' started tracking 'DefinitionWorkflow' entity. Consider using 'DbContextOptionsBuilder.EnableSensitiveDataLogging' to see key values.
dbug: Microsoft.EntityFrameworkCore.ChangeTracking[10806]
      Context 'OamDbContext' started tracking 'InstanceWorkflow' entity. Consider using 'DbContextOptionsBuilder.EnableSensitiveDataLogging' to see key values.
dbug: Microsoft.EntityFrameworkCore.Database.Command[20100]
      Executing DbCommand [Parameters=[], CommandType='Text', CommandTimeout='30']
      SELECT "i"."Id", "i"."ContexteExecution", "i"."CorrelationId", "i"."DateCreation", "i"."DateDebut", "i"."DateFin", "i"."DefinitionWorkflowId", "i"."DonneesEntree", "i"."Erreur", "i"."Etat", "i"."HashVersionConfig", "d"."Id", "d"."Actif", "d"."ContenuYaml", "d"."DateCreation", "d"."DateModification", "d"."Description", "d"."Equipe", "d"."HashVersion", "d"."Nom"
      FROM "InstancesWorkflow" AS "i"
      INNER JOIN "DefinitionsWorkflow" AS "d" ON "i"."DefinitionWorkflowId" = "d"."Id"
      ORDER BY "i"."DateCreation" DESC
dbug: Microsoft.EntityFrameworkCore.Database.Command[20301]
      Closing data reader to 'main' on server 'C:\OAM\src\OAM.Api\oam_dev.db'.
info: Microsoft.EntityFrameworkCore.Database.Command[20101]
      Executed DbCommand (32ms) [Parameters=[], CommandType='Text', CommandTimeout='30']
      SELECT "i"."Id", "i"."ContexteExecution", "i"."CorrelationId", "i"."DateCreation", "i"."DateDebut", "i"."DateFin", "i"."DefinitionWorkflowId", "i"."DonneesEntree", "i"."Erreur", "i"."Etat", "i"."HashVersionConfig", "d"."Id", "d"."Actif", "d"."ContenuYaml", "d"."DateCreation", "d"."DateModification", "d"."Description", "d"."Equipe", "d"."HashVersion", "d"."Nom"
      FROM "InstancesWorkflow" AS "i"
      INNER JOIN "DefinitionsWorkflow" AS "d" ON "i"."DefinitionWorkflowId" = "d"."Id"
      ORDER BY "i"."DateCreation" DESC
info: Microsoft.AspNetCore.Routing.EndpointMiddleware[1]
      Executed endpoint 'HTTP: GET /api/instances/erreurs'
dbug: Microsoft.EntityFrameworkCore.Infrastructure[10403]
      Entity Framework Core 10.0.5 initialized 'OamDbContext' using provider 'Microsoft.EntityFrameworkCore.Sqlite:10.0.5' with options: None
dbug: Microsoft.EntityFrameworkCore.Database.Command[20300]
      A data reader for 'main' on server 'C:\OAM\src\OAM.Api\oam_dev.db' is being disposed after spending 95ms reading results.
dbug: Microsoft.EntityFrameworkCore.ChangeTracking[10806]
      Context 'OamDbContext' started tracking 'InstanceWorkflow' entity. Consider using 'DbContextOptionsBuilder.EnableSensitiveDataLogging' to see key values.
dbug: Microsoft.EntityFrameworkCore.ChangeTracking[10806]
      Context 'OamDbContext' started tracking 'InstanceWorkflow' entity. Consider using 'DbContextOptionsBuilder.EnableSensitiveDataLogging' to see key values.
dbug: Microsoft.EntityFrameworkCore.Infrastructure[10403]
      Entity Framework Core 10.0.5 initialized 'OamDbContext' using provider 'Microsoft.EntityFrameworkCore.Sqlite:10.0.5' with options: None
dbug: Microsoft.EntityFrameworkCore.Infrastructure[10407]
      'OamDbContext' disposed.
dbug: Microsoft.EntityFrameworkCore.Database.Connection[20002]
      Closing connection to database 'main' on server 'C:\OAM\src\OAM.Api\oam_dev.db'.
dbug: Microsoft.EntityFrameworkCore.Database.Connection[20003]
      Closed connection to database 'main' on server 'oam_dev.db' (31ms).
info: Microsoft.AspNetCore.Http.Result.OkObjectResult[1]
      Setting HTTP status code 200.
dbug: Microsoft.EntityFrameworkCore.Database.Connection[20005]
      Creating DbConnection.
dbug: Microsoft.EntityFrameworkCore.ChangeTracking[10806]
      Context 'OamDbContext' started tracking 'InstanceWorkflow' entity. Consider using 'DbContextOptionsBuilder.EnableSensitiveDataLogging' to see key values.
info: Microsoft.AspNetCore.Http.Result.OkObjectResult[3]
      Writing value of type 'ListSelectIterator`2' as Json.
dbug: Microsoft.EntityFrameworkCore.Database.Connection[20007]
      Disposing connection to database 'main' on server 'oam_dev.db'.
dbug: Microsoft.EntityFrameworkCore.ChangeTracking[10805]
      The navigation 'InstanceWorkflow.DefinitionWorkflow' was detected as changed. Consider using 'DbContextOptionsBuilder.EnableSensitiveDataLogging' to see key values.
dbug: Microsoft.EntityFrameworkCore.Database.Connection[20006]
      Created DbConnection. (64ms).
dbug: Microsoft.EntityFrameworkCore.ChangeTracking[10806]
      Context 'OamDbContext' started tracking 'DefinitionWorkflow' entity. Consider using 'DbContextOptionsBuilder.EnableSensitiveDataLogging' to see key values.
dbug: Microsoft.EntityFrameworkCore.Database.Connection[20005]
      Creating DbConnection.
dbug: Microsoft.EntityFrameworkCore.Database.Connection[20000]
      Opening connection to database 'main' on server 'oam_dev.db'.
dbug: Microsoft.EntityFrameworkCore.Database.Connection[20001]
      Opened connection to database 'main' on server 'C:\OAM\src\OAM.Api\oam_dev.db'.
dbug: Microsoft.EntityFrameworkCore.Database.Command[20103]
      Creating DbCommand for 'ExecuteReader'.
dbug: Microsoft.EntityFrameworkCore.Database.Connection[20008]
      Disposed connection to database 'main' on server 'oam_dev.db' (156ms).
dbug: Microsoft.EntityFrameworkCore.Database.Command[20104]
      Created DbCommand for 'ExecuteReader' (31ms).
dbug: Microsoft.EntityFrameworkCore.ChangeTracking[10806]
      Context 'OamDbContext' started tracking 'InstanceWorkflow' entity. Consider using 'DbContextOptionsBuilder.EnableSensitiveDataLogging' to see key values.
dbug: Microsoft.EntityFrameworkCore.ChangeTracking[10806]
      Context 'OamDbContext' started tracking 'InstanceWorkflow' entity. Consider using 'DbContextOptionsBuilder.EnableSensitiveDataLogging' to see key values.
dbug: Microsoft.EntityFrameworkCore.Database.Connection[20006]
      Created DbConnection. (155ms).
info: Microsoft.AspNetCore.Hosting.Diagnostics[1]
      Request starting HTTP/1.1 POST http://localhost:5173/hubs/workflow/negotiate?negotiateVersion=1 - - 0
info: Microsoft.AspNetCore.Hosting.Diagnostics[2]
      Request finished HTTP/1.1 GET http://localhost:5000/api/instances/erreurs - 200 - application/json;+charset=utf-8 3216.0664ms
dbug: Microsoft.EntityFrameworkCore.Database.Command[20106]
      Initialized DbCommand for 'ExecuteReader' (123ms).
dbug: Microsoft.EntityFrameworkCore.ChangeTracking[10806]
      Context 'OamDbContext' started tracking 'InstanceWorkflow' entity. Consider using 'DbContextOptionsBuilder.EnableSensitiveDataLogging' to see key values.
dbug: Microsoft.EntityFrameworkCore.Database.Command[20100]
      Executing DbCommand [Parameters=[], CommandType='Text', CommandTimeout='30']
      SELECT "d"."Id", "d"."Actif", "d"."ContenuYaml", "d"."DateCreation", "d"."DateModification", "d"."Description", "d"."Equipe", "d"."HashVersion", "d"."Nom"
      FROM "DefinitionsWorkflow" AS "d"
      WHERE "d"."Actif"
      ORDER BY "d"."Nom"
dbug: Microsoft.EntityFrameworkCore.ChangeTracking[10806]
      Context 'OamDbContext' started tracking 'InstanceWorkflow' entity. Consider using 'DbContextOptionsBuilder.EnableSensitiveDataLogging' to see key values.
dbug: Microsoft.EntityFrameworkCore.ChangeTracking[10806]
      Context 'OamDbContext' started tracking 'InstanceWorkflow' entity. Consider using 'DbContextOptionsBuilder.EnableSensitiveDataLogging' to see key values.
info: Microsoft.AspNetCore.Routing.EndpointMiddleware[1]
      Executed endpoint 'HTTP: GET /api/definitions/'
info: Microsoft.EntityFrameworkCore.Database.Command[20101]
      Executed DbCommand (4ms) [Parameters=[], CommandType='Text', CommandTimeout='30']
      SELECT "d"."Id", "d"."Actif", "d"."ContenuYaml", "d"."DateCreation", "d"."DateModification", "d"."Description", "d"."Equipe", "d"."HashVersion", "d"."Nom"
      FROM "DefinitionsWorkflow" AS "d"
      WHERE "d"."Actif"
      ORDER BY "d"."Nom"
dbug: Microsoft.EntityFrameworkCore.ChangeTracking[10806]
      Context 'OamDbContext' started tracking 'InstanceWorkflow' entity. Consider using 'DbContextOptionsBuilder.EnableSensitiveDataLogging' to see key values.
dbug: Microsoft.EntityFrameworkCore.ChangeTracking[10806]
      Context 'OamDbContext' started tracking 'InstanceWorkflow' entity. Consider using 'DbContextOptionsBuilder.EnableSensitiveDataLogging' to see key values.
dbug: Microsoft.EntityFrameworkCore.Infrastructure[10407]
      'OamDbContext' disposed.
dbug: Microsoft.EntityFrameworkCore.ChangeTracking[10806]
      Context 'OamDbContext' started tracking 'InstanceWorkflow' entity. Consider using 'DbContextOptionsBuilder.EnableSensitiveDataLogging' to see key values.
dbug: Microsoft.EntityFrameworkCore.ChangeTracking[10806]
      Context 'OamDbContext' started tracking 'DefinitionWorkflow' entity. Consider using 'DbContextOptionsBuilder.EnableSensitiveDataLogging' to see key values.
dbug: Microsoft.EntityFrameworkCore.Database.Connection[20000]
      Opening connection to database 'main' on server 'oam_dev.db'.
info: Microsoft.AspNetCore.Hosting.Diagnostics[1]
      Request starting HTTP/1.1 GET http://localhost:5000/api/definitions - application/json -
dbug: Microsoft.EntityFrameworkCore.Database.Connection[20001]
      Opened connection to database 'main' on server 'C:\OAM\src\OAM.Api\oam_dev.db'.
dbug: Microsoft.EntityFrameworkCore.Database.Command[20301]
      Closing data reader to 'main' on server 'C:\OAM\src\OAM.Api\oam_dev.db'.
dbug: Microsoft.EntityFrameworkCore.ChangeTracking[10806]
      Context 'OamDbContext' started tracking 'InstanceWorkflow' entity. Consider using 'DbContextOptionsBuilder.EnableSensitiveDataLogging' to see key values.
dbug: Microsoft.EntityFrameworkCore.Database.Command[20103]
      Creating DbCommand for 'ExecuteReader'.
dbug: Microsoft.EntityFrameworkCore.ChangeTracking[10806]
      Context 'OamDbContext' started tracking 'InstanceWorkflow' entity. Consider using 'DbContextOptionsBuilder.EnableSensitiveDataLogging' to see key values.
dbug: Microsoft.EntityFrameworkCore.Database.Command[20104]
      Created DbCommand for 'ExecuteReader' (2ms).
dbug: Microsoft.EntityFrameworkCore.Database.Command[20300]
      A data reader for 'main' on server 'C:\OAM\src\OAM.Api\oam_dev.db' is being disposed after spending 62ms reading results.
dbug: Microsoft.EntityFrameworkCore.Database.Command[20106]
      Initialized DbCommand for 'ExecuteReader' (3ms).
dbug: Microsoft.EntityFrameworkCore.ChangeTracking[10806]
      Context 'OamDbContext' started tracking 'InstanceWorkflow' entity. Consider using 'DbContextOptionsBuilder.EnableSensitiveDataLogging' to see key values.
dbug: Microsoft.EntityFrameworkCore.Database.Connection[20002]
      Closing connection to database 'main' on server 'C:\OAM\src\OAM.Api\oam_dev.db'.
dbug: Microsoft.EntityFrameworkCore.Database.Connection[20003]
      Closed connection to database 'main' on server 'oam_dev.db' (2ms).
dbug: Microsoft.EntityFrameworkCore.ChangeTracking[10806]
      Context 'OamDbContext' started tracking 'InstanceWorkflow' entity. Consider using 'DbContextOptionsBuilder.EnableSensitiveDataLogging' to see key values.
info: Microsoft.AspNetCore.Http.Result.OkObjectResult[1]
      Setting HTTP status code 200.
dbug: Microsoft.EntityFrameworkCore.Database.Connection[20007]
      Disposing connection to database 'main' on server 'oam_dev.db'.
dbug: Microsoft.EntityFrameworkCore.ChangeTracking[10806]
      Context 'OamDbContext' started tracking 'InstanceWorkflow' entity. Consider using 'DbContextOptionsBuilder.EnableSensitiveDataLogging' to see key values.
info: Microsoft.AspNetCore.Http.Result.OkObjectResult[3]
      Writing value of type 'ListSelectIterator`2' as Json.
dbug: Microsoft.EntityFrameworkCore.Database.Connection[20008]
      Disposed connection to database 'main' on server 'oam_dev.db' (3ms).
dbug: Microsoft.EntityFrameworkCore.ChangeTracking[10806]
      Context 'OamDbContext' started tracking 'InstanceWorkflow' entity. Consider using 'DbContextOptionsBuilder.EnableSensitiveDataLogging' to see key values.
info: Microsoft.AspNetCore.Hosting.Diagnostics[2]
      Request finished HTTP/1.1 GET http://localhost:5000/api/definitions - 200 - application/json;+charset=utf-8 2200.6444ms
dbug: Microsoft.EntityFrameworkCore.ChangeTracking[10806]
      Context 'OamDbContext' started tracking 'InstanceWorkflow' entity. Consider using 'DbContextOptionsBuilder.EnableSensitiveDataLogging' to see key values.
dbug: Microsoft.EntityFrameworkCore.Database.Command[20301]
      Closing data reader to 'main' on server 'C:\OAM\src\OAM.Api\oam_dev.db'.
info: Microsoft.AspNetCore.Routing.EndpointMiddleware[1]
      Executed endpoint 'HTTP: GET /api/definitions/'
info: Microsoft.AspNetCore.Routing.EndpointMiddleware[0]
      Executing endpoint 'HTTP: GET /api/definitions/'
dbug: Microsoft.EntityFrameworkCore.Database.Command[20300]
      A data reader for 'main' on server 'C:\OAM\src\OAM.Api\oam_dev.db' is being disposed after spending 1657ms reading results.
dbug: Microsoft.EntityFrameworkCore.ChangeTracking[10806]
      Context 'OamDbContext' started tracking 'InstanceWorkflow' entity. Consider using 'DbContextOptionsBuilder.EnableSensitiveDataLogging' to see key values.
dbug: Microsoft.EntityFrameworkCore.Database.Connection[20002]
      Closing connection to database 'main' on server 'C:\OAM\src\OAM.Api\oam_dev.db'.
dbug: Microsoft.EntityFrameworkCore.Infrastructure[10407]
      'OamDbContext' disposed.
info: Microsoft.AspNetCore.Hosting.Diagnostics[1]
      Request starting HTTP/1.1 GET http://localhost:5000/api/instances/erreurs - application/json -
dbug: Microsoft.EntityFrameworkCore.Database.Connection[20007]
      Disposing connection to database 'main' on server 'oam_dev.db'.
dbug: Microsoft.EntityFrameworkCore.Database.Connection[20008]
      Disposed connection to database 'main' on server 'oam_dev.db' (1ms).
dbug: Microsoft.EntityFrameworkCore.ChangeTracking[10806]
      Context 'OamDbContext' started tracking 'InstanceWorkflow' entity. Consider using 'DbContextOptionsBuilder.EnableSensitiveDataLogging' to see key values.
dbug: Microsoft.EntityFrameworkCore.Database.Connection[20003]
      Closed connection to database 'main' on server 'oam_dev.db' (57ms).
dbug: Microsoft.EntityFrameworkCore.ChangeTracking[10806]
      Context 'OamDbContext' started tracking 'InstanceWorkflow' entity. Consider using 'DbContextOptionsBuilder.EnableSensitiveDataLogging' to see key values.
dbug: Microsoft.EntityFrameworkCore.ChangeTracking[10806]
      Context 'OamDbContext' started tracking 'InstanceWorkflow' entity. Consider using 'DbContextOptionsBuilder.EnableSensitiveDataLogging' to see key values.
dbug: Microsoft.EntityFrameworkCore.ChangeTracking[10806]
      Context 'OamDbContext' started tracking 'InstanceWorkflow' entity. Consider using 'DbContextOptionsBuilder.EnableSensitiveDataLogging' to see key values.
info: Microsoft.AspNetCore.Routing.EndpointMiddleware[0]
      Executing endpoint 'HTTP: GET /api/instances/erreurs'
info: Microsoft.AspNetCore.Hosting.Diagnostics[2]
      Request finished HTTP/1.1 GET http://localhost:5000/api/definitions - 200 - application/json;+charset=utf-8 1073.5533ms
info: Microsoft.AspNetCore.Http.Result.OkObjectResult[1]
      Setting HTTP status code 200.
dbug: Microsoft.EntityFrameworkCore.ChangeTracking[10806]
      Context 'OamDbContext' started tracking 'InstanceWorkflow' entity. Consider using 'DbContextOptionsBuilder.EnableSensitiveDataLogging' to see key values.
info: Microsoft.AspNetCore.Http.Result.OkObjectResult[3]
      Writing value of type 'ListSelectIterator`2' as Json.
info: Microsoft.AspNetCore.Hosting.Diagnostics[1]
      Request starting HTTP/1.1 GET http://localhost:5000/api/instances - application/json -
dbug: Microsoft.EntityFrameworkCore.ChangeTracking[10806]
      Context 'OamDbContext' started tracking 'InstanceWorkflow' entity. Consider using 'DbContextOptionsBuilder.EnableSensitiveDataLogging' to see key values.
info: Microsoft.AspNetCore.Routing.EndpointMiddleware[0]
      Executing endpoint 'HTTP: GET /api/instances/'
dbug: Microsoft.EntityFrameworkCore.Database.Command[20301]
      Closing data reader to 'main' on server 'C:\OAM\src\OAM.Api\oam_dev.db'.
dbug: Microsoft.EntityFrameworkCore.Database.Command[20300]
      A data reader for 'main' on server 'C:\OAM\src\OAM.Api\oam_dev.db' is being disposed after spending 828ms reading results.
dbug: Microsoft.EntityFrameworkCore.Infrastructure[10403]
      Entity Framework Core 10.0.5 initialized 'OamDbContext' using provider 'Microsoft.EntityFrameworkCore.Sqlite:10.0.5' with options: None
info: Microsoft.AspNetCore.Routing.EndpointMiddleware[1]
      Executed endpoint 'HTTP: GET /api/instances/'
dbug: Microsoft.EntityFrameworkCore.Infrastructure[10403]
      Entity Framework Core 10.0.5 initialized 'OamDbContext' using provider 'Microsoft.EntityFrameworkCore.Sqlite:10.0.5' with options: None
dbug: Microsoft.EntityFrameworkCore.Database.Connection[20002]
      Closing connection to database 'main' on server 'C:\OAM\src\OAM.Api\oam_dev.db'.
dbug: Microsoft.EntityFrameworkCore.Database.Connection[20003]
      Closed connection to database 'main' on server 'oam_dev.db' (2ms).
dbug: Microsoft.EntityFrameworkCore.Infrastructure[10407]
      'OamDbContext' disposed.
info: Microsoft.AspNetCore.Http.Result.OkObjectResult[1]
      Setting HTTP status code 200.
dbug: Microsoft.EntityFrameworkCore.Database.Connection[20007]
      Disposing connection to database 'main' on server 'oam_dev.db'.
info: Microsoft.AspNetCore.Http.Result.OkObjectResult[3]
      Writing value of type 'ListSelectIterator`2' as Json.
dbug: Microsoft.EntityFrameworkCore.Database.Connection[20005]
      Creating DbConnection.
dbug: Microsoft.EntityFrameworkCore.Infrastructure[10403]
      Entity Framework Core 10.0.5 initialized 'OamDbContext' using provider 'Microsoft.EntityFrameworkCore.Sqlite:10.0.5' with options: None
dbug: Microsoft.EntityFrameworkCore.Database.Command[20100]
      Executing DbCommand [Parameters=[], CommandType='Text', CommandTimeout='30']
      SELECT "i"."Id", "i"."ContexteExecution", "i"."CorrelationId", "i"."DateCreation", "i"."DateDebut", "i"."DateFin", "i"."DefinitionWorkflowId", "i"."DonneesEntree", "i"."Erreur", "i"."Etat", "i"."HashVersionConfig", "d"."Id", "e0"."Id", "e0"."DateDebut", "e0"."DateFin", "e0"."DonneesEntree", "e0"."DonneesSortie", "e0"."Erreur", "e0"."Etat", "e0"."InstanceWorkflowId", "e0"."NomTache", "e0"."NombreTentatives", "e0"."Ordre", "e0"."TypeConnecteur", "d"."Actif", "d"."ContenuYaml", "d"."DateCreation", "d"."DateModification", "d"."Description", "d"."Equipe", "d"."HashVersion", "d"."Nom"
      FROM "InstancesWorkflow" AS "i"
      INNER JOIN "DefinitionsWorkflow" AS "d" ON "i"."DefinitionWorkflowId" = "d"."Id"
      LEFT JOIN (
          SELECT "e"."Id", "e"."DateDebut", "e"."DateFin", "e"."DonneesEntree", "e"."DonneesSortie", "e"."Erreur", "e"."Etat", "e"."InstanceWorkflowId", "e"."NomTache", "e"."NombreTentatives", "e"."Ordre", "e"."TypeConnecteur"
          FROM "ExecutionsTache" AS "e"
          WHERE "e"."Etat" = 'EnErreur'
      ) AS "e0" ON "i"."Id" = "e0"."InstanceWorkflowId"
      WHERE "i"."Etat" = 'EnErreur'
      ORDER BY "i"."DateCreation" DESC, "i"."Id", "d"."Id"
dbug: Microsoft.EntityFrameworkCore.Database.Connection[20005]
      Creating DbConnection.
dbug: Microsoft.EntityFrameworkCore.Database.Connection[20006]
      Created DbConnection. (2ms).
dbug: Microsoft.EntityFrameworkCore.Database.Connection[20000]
      Opening connection to database 'main' on server 'oam_dev.db'.
dbug: Microsoft.EntityFrameworkCore.Database.Connection[20001]
      Opened connection to database 'main' on server 'C:\OAM\src\OAM.Api\oam_dev.db'.
dbug: Microsoft.EntityFrameworkCore.Database.Command[20103]
      Creating DbCommand for 'ExecuteReader'.
dbug: Microsoft.EntityFrameworkCore.Database.Command[20104]
      Created DbCommand for 'ExecuteReader' (1ms).
dbug: Microsoft.EntityFrameworkCore.Database.Command[20106]
      Initialized DbCommand for 'ExecuteReader' (2ms).
dbug: Microsoft.EntityFrameworkCore.Database.Command[20100]
      Executing DbCommand [Parameters=[], CommandType='Text', CommandTimeout='30']
      SELECT "i"."Id", "i"."ContexteExecution", "i"."CorrelationId", "i"."DateCreation", "i"."DateDebut", "i"."DateFin", "i"."DefinitionWorkflowId", "i"."DonneesEntree", "i"."Erreur", "i"."Etat", "i"."HashVersionConfig", "d"."Id", "e0"."Id", "e0"."DateDebut", "e0"."DateFin", "e0"."DonneesEntree", "e0"."DonneesSortie", "e0"."Erreur", "e0"."Etat", "e0"."InstanceWorkflowId", "e0"."NomTache", "e0"."NombreTentatives", "e0"."Ordre", "e0"."TypeConnecteur", "d"."Actif", "d"."ContenuYaml", "d"."DateCreation", "d"."DateModification", "d"."Description", "d"."Equipe", "d"."HashVersion", "d"."Nom"
      FROM "InstancesWorkflow" AS "i"
      INNER JOIN "DefinitionsWorkflow" AS "d" ON "i"."DefinitionWorkflowId" = "d"."Id"
      LEFT JOIN (
          SELECT "e"."Id", "e"."DateDebut", "e"."DateFin", "e"."DonneesEntree", "e"."DonneesSortie", "e"."Erreur", "e"."Etat", "e"."InstanceWorkflowId", "e"."NomTache", "e"."NombreTentatives", "e"."Ordre", "e"."TypeConnecteur"
          FROM "ExecutionsTache" AS "e"
          WHERE "e"."Etat" = 'EnErreur'
      ) AS "e0" ON "i"."Id" = "e0"."InstanceWorkflowId"
      WHERE "i"."Etat" = 'EnErreur'
      ORDER BY "i"."DateCreation" DESC, "i"."Id", "d"."Id"
info: Microsoft.EntityFrameworkCore.Database.Command[20101]
      Executed DbCommand (12ms) [Parameters=[], CommandType='Text', CommandTimeout='30']
      SELECT "i"."Id", "i"."ContexteExecution", "i"."CorrelationId", "i"."DateCreation", "i"."DateDebut", "i"."DateFin", "i"."DefinitionWorkflowId", "i"."DonneesEntree", "i"."Erreur", "i"."Etat", "i"."HashVersionConfig", "d"."Id", "e0"."Id", "e0"."DateDebut", "e0"."DateFin", "e0"."DonneesEntree", "e0"."DonneesSortie", "e0"."Erreur", "e0"."Etat", "e0"."InstanceWorkflowId", "e0"."NomTache", "e0"."NombreTentatives", "e0"."Ordre", "e0"."TypeConnecteur", "d"."Actif", "d"."ContenuYaml", "d"."DateCreation", "d"."DateModification", "d"."Description", "d"."Equipe", "d"."HashVersion", "d"."Nom"
      FROM "InstancesWorkflow" AS "i"
      INNER JOIN "DefinitionsWorkflow" AS "d" ON "i"."DefinitionWorkflowId" = "d"."Id"
      LEFT JOIN (
          SELECT "e"."Id", "e"."DateDebut", "e"."DateFin", "e"."DonneesEntree", "e"."DonneesSortie", "e"."Erreur", "e"."Etat", "e"."InstanceWorkflowId", "e"."NomTache", "e"."NombreTentatives", "e"."Ordre", "e"."TypeConnecteur"
          FROM "ExecutionsTache" AS "e"
          WHERE "e"."Etat" = 'EnErreur'
      ) AS "e0" ON "i"."Id" = "e0"."InstanceWorkflowId"
      WHERE "i"."Etat" = 'EnErreur'
      ORDER BY "i"."DateCreation" DESC, "i"."Id", "d"."Id"
info: Microsoft.EntityFrameworkCore.Database.Command[20101]
      Executed DbCommand (1ms) [Parameters=[], CommandType='Text', CommandTimeout='30']
      SELECT "i"."Id", "i"."ContexteExecution", "i"."CorrelationId", "i"."DateCreation", "i"."DateDebut", "i"."DateFin", "i"."DefinitionWorkflowId", "i"."DonneesEntree", "i"."Erreur", "i"."Etat", "i"."HashVersionConfig", "d"."Id", "e0"."Id", "e0"."DateDebut", "e0"."DateFin", "e0"."DonneesEntree", "e0"."DonneesSortie", "e0"."Erreur", "e0"."Etat", "e0"."InstanceWorkflowId", "e0"."NomTache", "e0"."NombreTentatives", "e0"."Ordre", "e0"."TypeConnecteur", "d"."Actif", "d"."ContenuYaml", "d"."DateCreation", "d"."DateModification", "d"."Description", "d"."Equipe", "d"."HashVersion", "d"."Nom"
      FROM "InstancesWorkflow" AS "i"
      INNER JOIN "DefinitionsWorkflow" AS "d" ON "i"."DefinitionWorkflowId" = "d"."Id"
      LEFT JOIN (
          SELECT "e"."Id", "e"."DateDebut", "e"."DateFin", "e"."DonneesEntree", "e"."DonneesSortie", "e"."Erreur", "e"."Etat", "e"."InstanceWorkflowId", "e"."NomTache", "e"."NombreTentatives", "e"."Ordre", "e"."TypeConnecteur"
          FROM "ExecutionsTache" AS "e"
          WHERE "e"."Etat" = 'EnErreur'
      ) AS "e0" ON "i"."Id" = "e0"."InstanceWorkflowId"
      WHERE "i"."Etat" = 'EnErreur'
      ORDER BY "i"."DateCreation" DESC, "i"."Id", "d"."Id"
dbug: Microsoft.EntityFrameworkCore.ChangeTracking[10806]
      Context 'OamDbContext' started tracking 'InstanceWorkflow' entity. Consider using 'DbContextOptionsBuilder.EnableSensitiveDataLogging' to see key values.
dbug: Microsoft.EntityFrameworkCore.Database.Connection[20008]
      Disposed connection to database 'main' on server 'oam_dev.db' (170ms).
info: Microsoft.AspNetCore.Hosting.Diagnostics[2]
      Request finished HTTP/1.1 GET http://localhost:5000/api/instances - 200 - application/json;+charset=utf-8 2964.1231ms
dbug: Microsoft.EntityFrameworkCore.Database.Connection[20006]
      Created DbConnection. (81ms).
dbug: Microsoft.EntityFrameworkCore.Database.Connection[20005]
      Creating DbConnection.
dbug: Microsoft.EntityFrameworkCore.ChangeTracking[10805]
      The navigation 'InstanceWorkflow.DefinitionWorkflow' was detected as changed. Consider using 'DbContextOptionsBuilder.EnableSensitiveDataLogging' to see key values.
dbug: Microsoft.EntityFrameworkCore.Database.Connection[20000]
      Opening connection to database 'main' on server 'oam_dev.db'.
info: Microsoft.AspNetCore.Hosting.Diagnostics[1]
      Request starting HTTP/1.1 POST http://localhost:5173/hubs/workflow/negotiate?negotiateVersion=1 - - 0
dbug: Microsoft.EntityFrameworkCore.ChangeTracking[10806]
      Context 'OamDbContext' started tracking 'DefinitionWorkflow' entity. Consider using 'DbContextOptionsBuilder.EnableSensitiveDataLogging' to see key values.
info: Microsoft.AspNetCore.Routing.EndpointMiddleware[1]
      Executed endpoint 'HTTP: GET /api/instances/'
dbug: Microsoft.EntityFrameworkCore.ChangeTracking[10806]
      Context 'OamDbContext' started tracking 'ExecutionTache' entity. Consider using 'DbContextOptionsBuilder.EnableSensitiveDataLogging' to see key values.
dbug: Microsoft.EntityFrameworkCore.Infrastructure[10407]
      'OamDbContext' disposed.
dbug: Microsoft.EntityFrameworkCore.Database.Connection[20006]
      Created DbConnection. (95ms).
dbug: Microsoft.EntityFrameworkCore.Database.Connection[20007]
      Disposing connection to database 'main' on server 'oam_dev.db'.
dbug: Microsoft.EntityFrameworkCore.Database.Connection[20000]
      Opening connection to database 'main' on server 'oam_dev.db'.
dbug: Microsoft.EntityFrameworkCore.ChangeTracking[10806]
      Context 'OamDbContext' started tracking 'InstanceWorkflow' entity. Consider using 'DbContextOptionsBuilder.EnableSensitiveDataLogging' to see key values.
dbug: Microsoft.EntityFrameworkCore.Database.Connection[20008]
      Disposed connection to database 'main' on server 'oam_dev.db' (28ms).
info: Microsoft.AspNetCore.Hosting.Diagnostics[2]
      Request finished HTTP/1.1 GET http://localhost:5000/api/instances - 200 - application/json;+charset=utf-8 1968.3422ms
dbug: Microsoft.EntityFrameworkCore.Database.Connection[20001]
      Opened connection to database 'main' on server 'C:\OAM\src\OAM.Api\oam_dev.db'.
info: Microsoft.AspNetCore.Hosting.Diagnostics[1]
      Request starting HTTP/1.1 GET http://localhost:5000/api/definitions - application/json -
dbug: Microsoft.EntityFrameworkCore.Database.Command[20103]
      Creating DbCommand for 'ExecuteReader'.
dbug: Microsoft.EntityFrameworkCore.Database.Connection[20001]
      Opened connection to database 'main' on server 'C:\OAM\src\OAM.Api\oam_dev.db'.
info: Microsoft.AspNetCore.Cors.Infrastructure.CorsService[4]
      CORS policy execution successful.
dbug: Microsoft.EntityFrameworkCore.ChangeTracking[10806]
      Context 'OamDbContext' started tracking 'InstanceWorkflow' entity. Consider using 'DbContextOptionsBuilder.EnableSensitiveDataLogging' to see key values.
dbug: Microsoft.EntityFrameworkCore.Database.Command[20104]
      Created DbCommand for 'ExecuteReader' (61ms).
dbug: Microsoft.EntityFrameworkCore.Database.Command[20106]
      Initialized DbCommand for 'ExecuteReader' (93ms).
dbug: Microsoft.EntityFrameworkCore.Database.Command[20100]
      Executing DbCommand [Parameters=[], CommandType='Text', CommandTimeout='30']
      SELECT "i"."Id", "i"."ContexteExecution", "i"."CorrelationId", "i"."DateCreation", "i"."DateDebut", "i"."DateFin", "i"."DefinitionWorkflowId", "i"."DonneesEntree", "i"."Erreur", "i"."Etat", "i"."HashVersionConfig", "d"."Id", "d"."Actif", "d"."ContenuYaml", "d"."DateCreation", "d"."DateModification", "d"."Description", "d"."Equipe", "d"."HashVersion", "d"."Nom"
      FROM "InstancesWorkflow" AS "i"
      INNER JOIN "DefinitionsWorkflow" AS "d" ON "i"."DefinitionWorkflowId" = "d"."Id"
      ORDER BY "i"."DateCreation" DESC
dbug: Microsoft.EntityFrameworkCore.Database.Command[20103]
      Creating DbCommand for 'ExecuteReader'.
dbug: Microsoft.EntityFrameworkCore.ChangeTracking[10806]
      Context 'OamDbContext' started tracking 'ExecutionTache' entity. Consider using 'DbContextOptionsBuilder.EnableSensitiveDataLogging' to see key values.
dbug: Microsoft.EntityFrameworkCore.ChangeTracking[10805]
      The navigation 'InstanceWorkflow.DefinitionWorkflow' was detected as changed. Consider using 'DbContextOptionsBuilder.EnableSensitiveDataLogging' to see key values.
info: Microsoft.AspNetCore.Routing.EndpointMiddleware[0]
      Executing endpoint 'HTTP: GET /api/definitions/'
info: Microsoft.EntityFrameworkCore.Database.Command[20101]
      Executed DbCommand (28ms) [Parameters=[], CommandType='Text', CommandTimeout='30']
      SELECT "i"."Id", "i"."ContexteExecution", "i"."CorrelationId", "i"."DateCreation", "i"."DateDebut", "i"."DateFin", "i"."DefinitionWorkflowId", "i"."DonneesEntree", "i"."Erreur", "i"."Etat", "i"."HashVersionConfig", "d"."Id", "d"."Actif", "d"."ContenuYaml", "d"."DateCreation", "d"."DateModification", "d"."Description", "d"."Equipe", "d"."HashVersion", "d"."Nom"
      FROM "InstancesWorkflow" AS "i"
      INNER JOIN "DefinitionsWorkflow" AS "d" ON "i"."DefinitionWorkflowId" = "d"."Id"
      ORDER BY "i"."DateCreation" DESC
dbug: Microsoft.EntityFrameworkCore.ChangeTracking[10806]
      Context 'OamDbContext' started tracking 'InstanceWorkflow' entity. Consider using 'DbContextOptionsBuilder.EnableSensitiveDataLogging' to see key values.
info: Microsoft.AspNetCore.Routing.EndpointMiddleware[0]
      Executing endpoint '/hubs/workflow/negotiate'
dbug: Microsoft.EntityFrameworkCore.ChangeTracking[10806]
      Context 'OamDbContext' started tracking 'ExecutionTache' entity. Consider using 'DbContextOptionsBuilder.EnableSensitiveDataLogging' to see key values.
dbug: Microsoft.EntityFrameworkCore.ChangeTracking[10806]
      Context 'OamDbContext' started tracking 'DefinitionWorkflow' entity. Consider using 'DbContextOptionsBuilder.EnableSensitiveDataLogging' to see key values.
dbug: Microsoft.EntityFrameworkCore.Infrastructure[10403]
      Entity Framework Core 10.0.5 initialized 'OamDbContext' using provider 'Microsoft.EntityFrameworkCore.Sqlite:10.0.5' with options: None
dbug: Microsoft.EntityFrameworkCore.ChangeTracking[10806]
      Context 'OamDbContext' started tracking 'InstanceWorkflow' entity. Consider using 'DbContextOptionsBuilder.EnableSensitiveDataLogging' to see key values.
dbug: Microsoft.EntityFrameworkCore.ChangeTracking[10806]
      Context 'OamDbContext' started tracking 'ExecutionTache' entity. Consider using 'DbContextOptionsBuilder.EnableSensitiveDataLogging' to see key values.
dbug: Microsoft.EntityFrameworkCore.Database.Command[20104]
      Created DbCommand for 'ExecuteReader' (62ms).
dbug: Microsoft.EntityFrameworkCore.ChangeTracking[10805]
      The navigation 'InstanceWorkflow.DefinitionWorkflow' was detected as changed. Consider using 'DbContextOptionsBuilder.EnableSensitiveDataLogging' to see key values.
info: Microsoft.AspNetCore.Routing.EndpointMiddleware[1]
      Executed endpoint '/hubs/workflow/negotiate'
dbug: Microsoft.EntityFrameworkCore.Database.Connection[20005]
      Creating DbConnection.
dbug: Microsoft.EntityFrameworkCore.ChangeTracking[10806]
      Context 'OamDbContext' started tracking 'DefinitionWorkflow' entity. Consider using 'DbContextOptionsBuilder.EnableSensitiveDataLogging' to see key values.
dbug: Microsoft.EntityFrameworkCore.ChangeTracking[10806]
      Context 'OamDbContext' started tracking 'InstanceWorkflow' entity. Consider using 'DbContextOptionsBuilder.EnableSensitiveDataLogging' to see key values.
dbug: Microsoft.EntityFrameworkCore.Database.Connection[20006]
      Created DbConnection. (63ms).
dbug: Microsoft.EntityFrameworkCore.Database.Connection[20000]
      Opening connection to database 'main' on server 'oam_dev.db'.
dbug: Microsoft.EntityFrameworkCore.ChangeTracking[10806]
      Context 'OamDbContext' started tracking 'InstanceWorkflow' entity. Consider using 'DbContextOptionsBuilder.EnableSensitiveDataLogging' to see key values.
info: Microsoft.AspNetCore.Hosting.Diagnostics[2]
      Request finished HTTP/1.1 POST http://localhost:5173/hubs/workflow/negotiate?negotiateVersion=1 - 200 316 application/json 502.9684ms
dbug: Microsoft.EntityFrameworkCore.ChangeTracking[10806]
      Context 'OamDbContext' started tracking 'InstanceWorkflow' entity. Consider using 'DbContextOptionsBuilder.EnableSensitiveDataLogging' to see key values.
dbug: Microsoft.EntityFrameworkCore.Database.Connection[20001]
      Opened connection to database 'main' on server 'C:\OAM\src\OAM.Api\oam_dev.db'.
dbug: Microsoft.EntityFrameworkCore.ChangeTracking[10806]
      Context 'OamDbContext' started tracking 'ExecutionTache' entity. Consider using 'DbContextOptionsBuilder.EnableSensitiveDataLogging' to see key values.
info: Microsoft.AspNetCore.Hosting.Diagnostics[1]
      Request starting HTTP/1.1 GET http://localhost:5000/api/instances/erreurs - application/json -
dbug: Microsoft.EntityFrameworkCore.Database.Command[20106]
      Initialized DbCommand for 'ExecuteReader' (224ms).
dbug: Microsoft.EntityFrameworkCore.ChangeTracking[10806]
      Context 'OamDbContext' started tracking 'InstanceWorkflow' entity. Consider using 'DbContextOptionsBuilder.EnableSensitiveDataLogging' to see key values.
dbug: Microsoft.EntityFrameworkCore.Database.Command[20103]
      Creating DbCommand for 'ExecuteReader'.
dbug: Microsoft.EntityFrameworkCore.ChangeTracking[10806]
      Context 'OamDbContext' started tracking 'InstanceWorkflow' entity. Consider using 'DbContextOptionsBuilder.EnableSensitiveDataLogging' to see key values.
dbug: Microsoft.EntityFrameworkCore.ChangeTracking[10806]
      Context 'OamDbContext' started tracking 'InstanceWorkflow' entity. Consider using 'DbContextOptionsBuilder.EnableSensitiveDataLogging' to see key values.
dbug: Microsoft.EntityFrameworkCore.Database.Command[20104]
      Created DbCommand for 'ExecuteReader' (3ms).
dbug: Microsoft.EntityFrameworkCore.Database.Command[20100]
      Executing DbCommand [Parameters=[], CommandType='Text', CommandTimeout='30']
      SELECT "d"."Id", "d"."Actif", "d"."ContenuYaml", "d"."DateCreation", "d"."DateModification", "d"."Description", "d"."Equipe", "d"."HashVersion", "d"."Nom"
      FROM "DefinitionsWorkflow" AS "d"
      WHERE "d"."Actif"
      ORDER BY "d"."Nom"
dbug: Microsoft.EntityFrameworkCore.ChangeTracking[10806]
      Context 'OamDbContext' started tracking 'InstanceWorkflow' entity. Consider using 'DbContextOptionsBuilder.EnableSensitiveDataLogging' to see key values.
dbug: Microsoft.EntityFrameworkCore.Database.Command[20106]
      Initialized DbCommand for 'ExecuteReader' (34ms).
info: Microsoft.EntityFrameworkCore.Database.Command[20101]
      Executed DbCommand (4ms) [Parameters=[], CommandType='Text', CommandTimeout='30']
      SELECT "d"."Id", "d"."Actif", "d"."ContenuYaml", "d"."DateCreation", "d"."DateModification", "d"."Description", "d"."Equipe", "d"."HashVersion", "d"."Nom"
      FROM "DefinitionsWorkflow" AS "d"
      WHERE "d"."Actif"
      ORDER BY "d"."Nom"
dbug: Microsoft.EntityFrameworkCore.Database.Command[20100]
      Executing DbCommand [Parameters=[], CommandType='Text', CommandTimeout='30']
      SELECT "d"."Id", "d"."Actif", "d"."ContenuYaml", "d"."DateCreation", "d"."DateModification", "d"."Description", "d"."Equipe", "d"."HashVersion", "d"."Nom"
      FROM "DefinitionsWorkflow" AS "d"
      WHERE "d"."Actif"
      ORDER BY "d"."Nom"
info: Microsoft.AspNetCore.Routing.EndpointMiddleware[0]
      Executing endpoint 'HTTP: GET /api/instances/erreurs'
dbug: Microsoft.EntityFrameworkCore.ChangeTracking[10806]
      Context 'OamDbContext' started tracking 'ExecutionTache' entity. Consider using 'DbContextOptionsBuilder.EnableSensitiveDataLogging' to see key values.
dbug: Microsoft.EntityFrameworkCore.ChangeTracking[10806]
      Context 'OamDbContext' started tracking 'InstanceWorkflow' entity. Consider using 'DbContextOptionsBuilder.EnableSensitiveDataLogging' to see key values.
dbug: Microsoft.EntityFrameworkCore.ChangeTracking[10806]
      Context 'OamDbContext' started tracking 'ExecutionTache' entity. Consider using 'DbContextOptionsBuilder.EnableSensitiveDataLogging' to see key values.
info: Microsoft.EntityFrameworkCore.Database.Command[20101]
      Executed DbCommand (30ms) [Parameters=[], CommandType='Text', CommandTimeout='30']
      SELECT "d"."Id", "d"."Actif", "d"."ContenuYaml", "d"."DateCreation", "d"."DateModification", "d"."Description", "d"."Equipe", "d"."HashVersion", "d"."Nom"
      FROM "DefinitionsWorkflow" AS "d"
      WHERE "d"."Actif"
      ORDER BY "d"."Nom"
dbug: Microsoft.EntityFrameworkCore.ChangeTracking[10806]
      Context 'OamDbContext' started tracking 'DefinitionWorkflow' entity. Consider using 'DbContextOptionsBuilder.EnableSensitiveDataLogging' to see key values.
dbug: Microsoft.EntityFrameworkCore.Database.Command[20301]
      Closing data reader to 'main' on server 'C:\OAM\src\OAM.Api\oam_dev.db'.
dbug: Microsoft.EntityFrameworkCore.Database.Command[20300]
      A data reader for 'main' on server 'C:\OAM\src\OAM.Api\oam_dev.db' is being disposed after spending 2ms reading results.
dbug: Microsoft.EntityFrameworkCore.ChangeTracking[10806]
      Context 'OamDbContext' started tracking 'InstanceWorkflow' entity. Consider using 'DbContextOptionsBuilder.EnableSensitiveDataLogging' to see key values.
dbug: Microsoft.EntityFrameworkCore.Database.Connection[20002]
      Closing connection to database 'main' on server 'C:\OAM\src\OAM.Api\oam_dev.db'.
dbug: Microsoft.EntityFrameworkCore.ChangeTracking[10806]
      Context 'OamDbContext' started tracking 'InstanceWorkflow' entity. Consider using 'DbContextOptionsBuilder.EnableSensitiveDataLogging' to see key values.
dbug: Microsoft.EntityFrameworkCore.Database.Connection[20003]
      Closed connection to database 'main' on server 'oam_dev.db' (64ms).
dbug: Microsoft.EntityFrameworkCore.ChangeTracking[10806]
      Context 'OamDbContext' started tracking 'DefinitionWorkflow' entity. Consider using 'DbContextOptionsBuilder.EnableSensitiveDataLogging' to see key values.
dbug: Microsoft.EntityFrameworkCore.ChangeTracking[10806]
      Context 'OamDbContext' started tracking 'InstanceWorkflow' entity. Consider using 'DbContextOptionsBuilder.EnableSensitiveDataLogging' to see key values.
dbug: Microsoft.EntityFrameworkCore.ChangeTracking[10806]
      Context 'OamDbContext' started tracking 'ExecutionTache' entity. Consider using 'DbContextOptionsBuilder.EnableSensitiveDataLogging' to see key values.
dbug: Microsoft.EntityFrameworkCore.Infrastructure[10403]
      Entity Framework Core 10.0.5 initialized 'OamDbContext' using provider 'Microsoft.EntityFrameworkCore.Sqlite:10.0.5' with options: None
dbug: Microsoft.EntityFrameworkCore.Database.Command[20301]
      Closing data reader to 'main' on server 'C:\OAM\src\OAM.Api\oam_dev.db'.
dbug: Microsoft.EntityFrameworkCore.Database.Command[20300]
      A data reader for 'main' on server 'C:\OAM\src\OAM.Api\oam_dev.db' is being disposed after spending 63ms reading results.
dbug: Microsoft.EntityFrameworkCore.Database.Connection[20002]
      Closing connection to database 'main' on server 'C:\OAM\src\OAM.Api\oam_dev.db'.
dbug: Microsoft.EntityFrameworkCore.Database.Connection[20003]
      Closed connection to database 'main' on server 'oam_dev.db' (1ms).
info: Microsoft.AspNetCore.Http.Result.OkObjectResult[1]
      Setting HTTP status code 200.
dbug: Microsoft.EntityFrameworkCore.ChangeTracking[10806]
      Context 'OamDbContext' started tracking 'InstanceWorkflow' entity. Consider using 'DbContextOptionsBuilder.EnableSensitiveDataLogging' to see key values.
info: Microsoft.AspNetCore.Http.Result.OkObjectResult[3]
      Writing value of type 'ListSelectIterator`2' as Json.
dbug: Microsoft.EntityFrameworkCore.Database.Connection[20005]
      Creating DbConnection.
dbug: Microsoft.EntityFrameworkCore.ChangeTracking[10806]
      Context 'OamDbContext' started tracking 'InstanceWorkflow' entity. Consider using 'DbContextOptionsBuilder.EnableSensitiveDataLogging' to see key values.
info: Microsoft.AspNetCore.Http.Result.OkObjectResult[1]
      Setting HTTP status code 200.
dbug: Microsoft.EntityFrameworkCore.ChangeTracking[10806]
      Context 'OamDbContext' started tracking 'InstanceWorkflow' entity. Consider using 'DbContextOptionsBuilder.EnableSensitiveDataLogging' to see key values.
info: Microsoft.AspNetCore.Http.Result.OkObjectResult[3]
      Writing value of type 'ListSelectIterator`2' as Json.
dbug: Microsoft.EntityFrameworkCore.ChangeTracking[10806]
      Context 'OamDbContext' started tracking 'ExecutionTache' entity. Consider using 'DbContextOptionsBuilder.EnableSensitiveDataLogging' to see key values.
dbug: Microsoft.EntityFrameworkCore.ChangeTracking[10806]
      Context 'OamDbContext' started tracking 'InstanceWorkflow' entity. Consider using 'DbContextOptionsBuilder.EnableSensitiveDataLogging' to see key values.
info: Microsoft.AspNetCore.Routing.EndpointMiddleware[1]
      Executed endpoint 'HTTP: GET /api/definitions/'
info: Microsoft.AspNetCore.Routing.EndpointMiddleware[1]
      Executed endpoint 'HTTP: GET /api/definitions/'
dbug: Microsoft.EntityFrameworkCore.ChangeTracking[10806]
      Context 'OamDbContext' started tracking 'InstanceWorkflow' entity. Consider using 'DbContextOptionsBuilder.EnableSensitiveDataLogging' to see key values.
dbug: Microsoft.EntityFrameworkCore.ChangeTracking[10806]
      Context 'OamDbContext' started tracking 'InstanceWorkflow' entity. Consider using 'DbContextOptionsBuilder.EnableSensitiveDataLogging' to see key values.
dbug: Microsoft.EntityFrameworkCore.Database.Command[20301]
      Closing data reader to 'main' on server 'C:\OAM\src\OAM.Api\oam_dev.db'.
dbug: Microsoft.EntityFrameworkCore.Infrastructure[10407]
      'OamDbContext' disposed.
dbug: Microsoft.EntityFrameworkCore.ChangeTracking[10806]
      Context 'OamDbContext' started tracking 'ExecutionTache' entity. Consider using 'DbContextOptionsBuilder.EnableSensitiveDataLogging' to see key values.
dbug: Microsoft.EntityFrameworkCore.ChangeTracking[10806]
      Context 'OamDbContext' started tracking 'InstanceWorkflow' entity. Consider using 'DbContextOptionsBuilder.EnableSensitiveDataLogging' to see key values.
dbug: Microsoft.EntityFrameworkCore.Database.Connection[20005]
      Creating DbConnection.
dbug: Microsoft.EntityFrameworkCore.Database.Connection[20006]
      Created DbConnection. (27ms).
dbug: Microsoft.EntityFrameworkCore.ChangeTracking[10806]
      Context 'OamDbContext' started tracking 'InstanceWorkflow' entity. Consider using 'DbContextOptionsBuilder.EnableSensitiveDataLogging' to see key values.
dbug: Microsoft.EntityFrameworkCore.Database.Connection[20007]
      Disposing connection to database 'main' on server 'oam_dev.db'.
dbug: Microsoft.EntityFrameworkCore.Database.Connection[20008]
      Disposed connection to database 'main' on server 'oam_dev.db' (27ms).
dbug: Microsoft.EntityFrameworkCore.Database.Connection[20000]
      Opening connection to database 'main' on server 'oam_dev.db'.
info: Microsoft.AspNetCore.Hosting.Diagnostics[2]
      Request finished HTTP/1.1 GET http://localhost:5000/api/definitions - 200 - application/json;+charset=utf-8 857.0782ms
dbug: Microsoft.EntityFrameworkCore.ChangeTracking[10806]
      Context 'OamDbContext' started tracking 'ExecutionTache' entity. Consider using 'DbContextOptionsBuilder.EnableSensitiveDataLogging' to see key values.
dbug: Microsoft.EntityFrameworkCore.Database.Connection[20001]
      Opened connection to database 'main' on server 'C:\OAM\src\OAM.Api\oam_dev.db'.
dbug: Microsoft.EntityFrameworkCore.ChangeTracking[10806]
      Context 'OamDbContext' started tracking 'InstanceWorkflow' entity. Consider using 'DbContextOptionsBuilder.EnableSensitiveDataLogging' to see key values.
dbug: Microsoft.EntityFrameworkCore.Database.Command[20103]
      Creating DbCommand for 'ExecuteReader'.
info: Microsoft.AspNetCore.Hosting.Diagnostics[1]
      Request starting HTTP/1.1 GET http://localhost:5000/api/instances - application/json -
dbug: Microsoft.EntityFrameworkCore.ChangeTracking[10806]
      Context 'OamDbContext' started tracking 'InstanceWorkflow' entity. Consider using 'DbContextOptionsBuilder.EnableSensitiveDataLogging' to see key values.
dbug: Microsoft.EntityFrameworkCore.Database.Command[20104]
      Created DbCommand for 'ExecuteReader' (61ms).
dbug: Microsoft.EntityFrameworkCore.Infrastructure[10407]
      'OamDbContext' disposed.
dbug: Microsoft.EntityFrameworkCore.Database.Command[20301]
      Closing data reader to 'main' on server 'C:\OAM\src\OAM.Api\oam_dev.db'.
dbug: Microsoft.EntityFrameworkCore.Database.Command[20300]
      A data reader for 'main' on server 'C:\OAM\src\OAM.Api\oam_dev.db' is being disposed after spending 1263ms reading results.
dbug: Microsoft.EntityFrameworkCore.Database.Command[20106]
      Initialized DbCommand for 'ExecuteReader' (92ms).
dbug: Microsoft.EntityFrameworkCore.Database.Connection[20007]
      Disposing connection to database 'main' on server 'oam_dev.db'.
dbug: Microsoft.EntityFrameworkCore.Database.Connection[20008]
      Disposed connection to database 'main' on server 'oam_dev.db' (1ms).
dbug: Microsoft.EntityFrameworkCore.ChangeTracking[10806]
      Context 'OamDbContext' started tracking 'InstanceWorkflow' entity. Consider using 'DbContextOptionsBuilder.EnableSensitiveDataLogging' to see key values.
dbug: Microsoft.EntityFrameworkCore.Database.Command[20300]
      A data reader for 'main' on server 'C:\OAM\src\OAM.Api\oam_dev.db' is being disposed after spending 983ms reading results.
dbug: Microsoft.EntityFrameworkCore.Database.Command[20100]
      Executing DbCommand [Parameters=[], CommandType='Text', CommandTimeout='30']
      SELECT "i"."Id", "i"."ContexteExecution", "i"."CorrelationId", "i"."DateCreation", "i"."DateDebut", "i"."DateFin", "i"."DefinitionWorkflowId", "i"."DonneesEntree", "i"."Erreur", "i"."Etat", "i"."HashVersionConfig", "d"."Id", "e0"."Id", "e0"."DateDebut", "e0"."DateFin", "e0"."DonneesEntree", "e0"."DonneesSortie", "e0"."Erreur", "e0"."Etat", "e0"."InstanceWorkflowId", "e0"."NomTache", "e0"."NombreTentatives", "e0"."Ordre", "e0"."TypeConnecteur", "d"."Actif", "d"."ContenuYaml", "d"."DateCreation", "d"."DateModification", "d"."Description", "d"."Equipe", "d"."HashVersion", "d"."Nom"
      FROM "InstancesWorkflow" AS "i"
      INNER JOIN "DefinitionsWorkflow" AS "d" ON "i"."DefinitionWorkflowId" = "d"."Id"
      LEFT JOIN (
          SELECT "e"."Id", "e"."DateDebut", "e"."DateFin", "e"."DonneesEntree", "e"."DonneesSortie", "e"."Erreur", "e"."Etat", "e"."InstanceWorkflowId", "e"."NomTache", "e"."NombreTentatives", "e"."Ordre", "e"."TypeConnecteur"
          FROM "ExecutionsTache" AS "e"
          WHERE "e"."Etat" = 'EnErreur'
      ) AS "e0" ON "i"."Id" = "e0"."InstanceWorkflowId"
      WHERE "i"."Etat" = 'EnErreur'
      ORDER BY "i"."DateCreation" DESC, "i"."Id", "d"."Id"
info: Microsoft.AspNetCore.Routing.EndpointMiddleware[0]
      Executing endpoint 'HTTP: GET /api/instances/'
info: Microsoft.AspNetCore.Hosting.Diagnostics[2]
      Request finished HTTP/1.1 GET http://localhost:5000/api/definitions - 200 - application/json;+charset=utf-8 1857.6150ms
info: Microsoft.AspNetCore.Hosting.Diagnostics[1]
      Request starting HTTP/1.1 GET http://localhost:5000/api/instances/erreurs - application/json -
info: Microsoft.EntityFrameworkCore.Database.Command[20101]
      Executed DbCommand (59ms) [Parameters=[], CommandType='Text', CommandTimeout='30']
      SELECT "i"."Id", "i"."ContexteExecution", "i"."CorrelationId", "i"."DateCreation", "i"."DateDebut", "i"."DateFin", "i"."DefinitionWorkflowId", "i"."DonneesEntree", "i"."Erreur", "i"."Etat", "i"."HashVersionConfig", "d"."Id", "e0"."Id", "e0"."DateDebut", "e0"."DateFin", "e0"."DonneesEntree", "e0"."DonneesSortie", "e0"."Erreur", "e0"."Etat", "e0"."InstanceWorkflowId", "e0"."NomTache", "e0"."NombreTentatives", "e0"."Ordre", "e0"."TypeConnecteur", "d"."Actif", "d"."ContenuYaml", "d"."DateCreation", "d"."DateModification", "d"."Description", "d"."Equipe", "d"."HashVersion", "d"."Nom"
      FROM "InstancesWorkflow" AS "i"
      INNER JOIN "DefinitionsWorkflow" AS "d" ON "i"."DefinitionWorkflowId" = "d"."Id"
      LEFT JOIN (
          SELECT "e"."Id", "e"."DateDebut", "e"."DateFin", "e"."DonneesEntree", "e"."DonneesSortie", "e"."Erreur", "e"."Etat", "e"."InstanceWorkflowId", "e"."NomTache", "e"."NombreTentatives", "e"."Ordre", "e"."TypeConnecteur"
          FROM "ExecutionsTache" AS "e"
          WHERE "e"."Etat" = 'EnErreur'
      ) AS "e0" ON "i"."Id" = "e0"."InstanceWorkflowId"
      WHERE "i"."Etat" = 'EnErreur'
      ORDER BY "i"."DateCreation" DESC, "i"."Id", "d"."Id"
dbug: Microsoft.EntityFrameworkCore.Infrastructure[10403]
      Entity Framework Core 10.0.5 initialized 'OamDbContext' using provider 'Microsoft.EntityFrameworkCore.Sqlite:10.0.5' with options: None
dbug: Microsoft.EntityFrameworkCore.Database.Command[20301]
      Closing data reader to 'main' on server 'C:\OAM\src\OAM.Api\oam_dev.db'.
dbug: Microsoft.EntityFrameworkCore.Database.Connection[20002]
      Closing connection to database 'main' on server 'C:\OAM\src\OAM.Api\oam_dev.db'.
dbug: Microsoft.EntityFrameworkCore.ChangeTracking[10806]
      Context 'OamDbContext' started tracking 'InstanceWorkflow' entity. Consider using 'DbContextOptionsBuilder.EnableSensitiveDataLogging' to see key values.
dbug: Microsoft.EntityFrameworkCore.Database.Connection[20002]
      Closing connection to database 'main' on server 'C:\OAM\src\OAM.Api\oam_dev.db'.
dbug: Microsoft.EntityFrameworkCore.Database.Connection[20005]
      Creating DbConnection.
dbug: Microsoft.EntityFrameworkCore.Database.Connection[20006]
      Created DbConnection. (493ms).
info: Microsoft.AspNetCore.Routing.EndpointMiddleware[0]
      Executing endpoint 'HTTP: GET /api/instances/erreurs'
dbug: Microsoft.EntityFrameworkCore.Database.Command[20300]
      A data reader for 'main' on server 'C:\OAM\src\OAM.Api\oam_dev.db' is being disposed after spending 946ms reading results.
dbug: Microsoft.EntityFrameworkCore.Database.Connection[20002]
      Closing connection to database 'main' on server 'C:\OAM\src\OAM.Api\oam_dev.db'.
dbug: Microsoft.EntityFrameworkCore.Database.Connection[20006]
      Created DbConnection. (31ms).
dbug: Microsoft.EntityFrameworkCore.ChangeTracking[10805]
      The navigation 'InstanceWorkflow.DefinitionWorkflow' was detected as changed. Consider using 'DbContextOptionsBuilder.EnableSensitiveDataLogging' to see key values.
dbug: Microsoft.EntityFrameworkCore.Database.Connection[20000]
      Opening connection to database 'main' on server 'oam_dev.db'.
dbug: Microsoft.EntityFrameworkCore.Database.Connection[20003]
      Closed connection to database 'main' on server 'oam_dev.db' (31ms).
dbug: Microsoft.EntityFrameworkCore.Database.Connection[20003]
      Closed connection to database 'main' on server 'oam_dev.db' (94ms).
dbug: Microsoft.EntityFrameworkCore.Database.Connection[20001]
      Opened connection to database 'main' on server 'C:\OAM\src\OAM.Api\oam_dev.db'.
info: Microsoft.AspNetCore.Http.Result.OkObjectResult[1]
      Setting HTTP status code 200.
dbug: Microsoft.EntityFrameworkCore.Database.Command[20103]
      Creating DbCommand for 'ExecuteReader'.
info: Microsoft.AspNetCore.Http.Result.OkObjectResult[1]
      Setting HTTP status code 200.
info: Microsoft.AspNetCore.Http.Result.OkObjectResult[3]
      Writing value of type 'ListSelectIterator`2' as Json.
dbug: Microsoft.EntityFrameworkCore.Database.Command[20104]
      Created DbCommand for 'ExecuteReader' (64ms).
info: Microsoft.AspNetCore.Http.Result.OkObjectResult[3]
      Writing value of type 'ListSelectIterator`2' as Json.
dbug: Microsoft.EntityFrameworkCore.Database.Command[20106]
      Initialized DbCommand for 'ExecuteReader' (66ms).
dbug: Microsoft.EntityFrameworkCore.ChangeTracking[10806]
      Context 'OamDbContext' started tracking 'DefinitionWorkflow' entity. Consider using 'DbContextOptionsBuilder.EnableSensitiveDataLogging' to see key values.
dbug: Microsoft.EntityFrameworkCore.Database.Command[20100]
      Executing DbCommand [Parameters=[], CommandType='Text', CommandTimeout='30']
      SELECT "i"."Id", "i"."ContexteExecution", "i"."CorrelationId", "i"."DateCreation", "i"."DateDebut", "i"."DateFin", "i"."DefinitionWorkflowId", "i"."DonneesEntree", "i"."Erreur", "i"."Etat", "i"."HashVersionConfig", "d"."Id", "d"."Actif", "d"."ContenuYaml", "d"."DateCreation", "d"."DateModification", "d"."Description", "d"."Equipe", "d"."HashVersion", "d"."Nom"
      FROM "InstancesWorkflow" AS "i"
      INNER JOIN "DefinitionsWorkflow" AS "d" ON "i"."DefinitionWorkflowId" = "d"."Id"
      ORDER BY "i"."DateCreation" DESC
dbug: Microsoft.EntityFrameworkCore.ChangeTracking[10806]
      Context 'OamDbContext' started tracking 'ExecutionTache' entity. Consider using 'DbContextOptionsBuilder.EnableSensitiveDataLogging' to see key values.
dbug: Microsoft.EntityFrameworkCore.Infrastructure[10403]
      Entity Framework Core 10.0.5 initialized 'OamDbContext' using provider 'Microsoft.EntityFrameworkCore.Sqlite:10.0.5' with options: None
info: Microsoft.AspNetCore.Routing.EndpointMiddleware[1]
      Executed endpoint 'HTTP: GET /api/instances/'
dbug: Microsoft.EntityFrameworkCore.Database.Connection[20003]
      Closed connection to database 'main' on server 'oam_dev.db' (308ms).
info: Microsoft.AspNetCore.Http.Result.OkObjectResult[1]
      Setting HTTP status code 200.
info: Microsoft.AspNetCore.Routing.EndpointMiddleware[1]
      Executed endpoint 'HTTP: GET /api/instances/erreurs'
info: Microsoft.AspNetCore.Http.Result.OkObjectResult[3]
      Writing value of type 'ListSelectIterator`2' as Json.
dbug: Microsoft.EntityFrameworkCore.Infrastructure[10407]
      'OamDbContext' disposed.
info: Microsoft.AspNetCore.Routing.EndpointMiddleware[1]
      Executed endpoint 'HTTP: GET /api/instances/erreurs'
info: Microsoft.EntityFrameworkCore.Database.Command[20101]
      Executed DbCommand (76ms) [Parameters=[], CommandType='Text', CommandTimeout='30']
      SELECT "i"."Id", "i"."ContexteExecution", "i"."CorrelationId", "i"."DateCreation", "i"."DateDebut", "i"."DateFin", "i"."DefinitionWorkflowId", "i"."DonneesEntree", "i"."Erreur", "i"."Etat", "i"."HashVersionConfig", "d"."Id", "d"."Actif", "d"."ContenuYaml", "d"."DateCreation", "d"."DateModification", "d"."Description", "d"."Equipe", "d"."HashVersion", "d"."Nom"
      FROM "InstancesWorkflow" AS "i"
      INNER JOIN "DefinitionsWorkflow" AS "d" ON "i"."DefinitionWorkflowId" = "d"."Id"
      ORDER BY "i"."DateCreation" DESC
dbug: Microsoft.EntityFrameworkCore.Database.Connection[20007]
      Disposing connection to database 'main' on server 'oam_dev.db'.
dbug: Microsoft.EntityFrameworkCore.Infrastructure[10407]
      'OamDbContext' disposed.
dbug: Microsoft.EntityFrameworkCore.ChangeTracking[10806]
      Context 'OamDbContext' started tracking 'InstanceWorkflow' entity. Consider using 'DbContextOptionsBuilder.EnableSensitiveDataLogging' to see key values.
dbug: Microsoft.EntityFrameworkCore.Database.Connection[20008]
      Disposed connection to database 'main' on server 'oam_dev.db' (29ms).
info: Microsoft.AspNetCore.Hosting.Diagnostics[2]
      Request finished HTTP/1.1 GET http://localhost:5000/api/instances - 200 - application/json;+charset=utf-8 2042.0458ms
dbug: Microsoft.EntityFrameworkCore.ChangeTracking[10805]
      The navigation 'InstanceWorkflow.DefinitionWorkflow' was detected as changed. Consider using 'DbContextOptionsBuilder.EnableSensitiveDataLogging' to see key values.
dbug: Microsoft.EntityFrameworkCore.ChangeTracking[10806]
      Context 'OamDbContext' started tracking 'InstanceWorkflow' entity. Consider using 'DbContextOptionsBuilder.EnableSensitiveDataLogging' to see key values.
dbug: Microsoft.EntityFrameworkCore.Infrastructure[10407]
      'OamDbContext' disposed.
dbug: Microsoft.EntityFrameworkCore.ChangeTracking[10806]
      Context 'OamDbContext' started tracking 'DefinitionWorkflow' entity. Consider using 'DbContextOptionsBuilder.EnableSensitiveDataLogging' to see key values.
info: Microsoft.AspNetCore.Hosting.Diagnostics[1]
      Request starting HTTP/1.1 GET http://localhost:5000/api/instances - application/json -
dbug: Microsoft.EntityFrameworkCore.ChangeTracking[10806]
      Context 'OamDbContext' started tracking 'ExecutionTache' entity. Consider using 'DbContextOptionsBuilder.EnableSensitiveDataLogging' to see key values.
dbug: Microsoft.EntityFrameworkCore.ChangeTracking[10806]
      Context 'OamDbContext' started tracking 'InstanceWorkflow' entity. Consider using 'DbContextOptionsBuilder.EnableSensitiveDataLogging' to see key values.
info: Microsoft.AspNetCore.Routing.EndpointMiddleware[0]
      Executing endpoint 'HTTP: GET /api/instances/'
dbug: Microsoft.EntityFrameworkCore.ChangeTracking[10806]
      Context 'OamDbContext' started tracking 'ExecutionTache' entity. Consider using 'DbContextOptionsBuilder.EnableSensitiveDataLogging' to see key values.
dbug: Microsoft.EntityFrameworkCore.Database.Connection[20005]
      Creating DbConnection.
dbug: Microsoft.EntityFrameworkCore.Database.Connection[20006]
      Created DbConnection. (56ms).
dbug: Microsoft.EntityFrameworkCore.ChangeTracking[10806]
      Context 'OamDbContext' started tracking 'InstanceWorkflow' entity. Consider using 'DbContextOptionsBuilder.EnableSensitiveDataLogging' to see key values.
dbug: Microsoft.EntityFrameworkCore.Database.Connection[20007]
      Disposing connection to database 'main' on server 'oam_dev.db'.
dbug: Microsoft.EntityFrameworkCore.Database.Connection[20000]
      Opening connection to database 'main' on server 'oam_dev.db'.
dbug: Microsoft.EntityFrameworkCore.ChangeTracking[10806]
      Context 'OamDbContext' started tracking 'InstanceWorkflow' entity. Consider using 'DbContextOptionsBuilder.EnableSensitiveDataLogging' to see key values.
dbug: Microsoft.EntityFrameworkCore.Database.Connection[20001]
      Opened connection to database 'main' on server 'C:\OAM\src\OAM.Api\oam_dev.db'.
dbug: Microsoft.EntityFrameworkCore.Database.Command[20103]
      Creating DbCommand for 'ExecuteReader'.
dbug: Microsoft.EntityFrameworkCore.ChangeTracking[10806]
      Context 'OamDbContext' started tracking 'InstanceWorkflow' entity. Consider using 'DbContextOptionsBuilder.EnableSensitiveDataLogging' to see key values.
dbug: Microsoft.EntityFrameworkCore.ChangeTracking[10806]
      Context 'OamDbContext' started tracking 'ExecutionTache' entity. Consider using 'DbContextOptionsBuilder.EnableSensitiveDataLogging' to see key values.
dbug: Microsoft.EntityFrameworkCore.Database.Command[20104]
      Created DbCommand for 'ExecuteReader' (1ms).
dbug: Microsoft.EntityFrameworkCore.Database.Connection[20008]
      Disposed connection to database 'main' on server 'oam_dev.db' (8ms).
dbug: Microsoft.EntityFrameworkCore.Database.Command[20106]
      Initialized DbCommand for 'ExecuteReader' (5ms).
dbug: Microsoft.EntityFrameworkCore.Infrastructure[10403]
      Entity Framework Core 10.0.5 initialized 'OamDbContext' using provider 'Microsoft.EntityFrameworkCore.Sqlite:10.0.5' with options: None
dbug: Microsoft.EntityFrameworkCore.ChangeTracking[10806]
      Context 'OamDbContext' started tracking 'InstanceWorkflow' entity. Consider using 'DbContextOptionsBuilder.EnableSensitiveDataLogging' to see key values.
dbug: Microsoft.EntityFrameworkCore.ChangeTracking[10806]
      Context 'OamDbContext' started tracking 'InstanceWorkflow' entity. Consider using 'DbContextOptionsBuilder.EnableSensitiveDataLogging' to see key values.
info: Microsoft.AspNetCore.Hosting.Diagnostics[2]
      Request finished HTTP/1.1 GET http://localhost:5000/api/instances/erreurs - 200 - application/json;+charset=utf-8 2328.2798ms
dbug: Microsoft.EntityFrameworkCore.Database.Command[20100]
      Executing DbCommand [Parameters=[], CommandType='Text', CommandTimeout='30']
      SELECT "i"."Id", "i"."ContexteExecution", "i"."CorrelationId", "i"."DateCreation", "i"."DateDebut", "i"."DateFin", "i"."DefinitionWorkflowId", "i"."DonneesEntree", "i"."Erreur", "i"."Etat", "i"."HashVersionConfig", "d"."Id", "e0"."Id", "e0"."DateDebut", "e0"."DateFin", "e0"."DonneesEntree", "e0"."DonneesSortie", "e0"."Erreur", "e0"."Etat", "e0"."InstanceWorkflowId", "e0"."NomTache", "e0"."NombreTentatives", "e0"."Ordre", "e0"."TypeConnecteur", "d"."Actif", "d"."ContenuYaml", "d"."DateCreation", "d"."DateModification", "d"."Description", "d"."Equipe", "d"."HashVersion", "d"."Nom"
      FROM "InstancesWorkflow" AS "i"
      INNER JOIN "DefinitionsWorkflow" AS "d" ON "i"."DefinitionWorkflowId" = "d"."Id"
      LEFT JOIN (
          SELECT "e"."Id", "e"."DateDebut", "e"."DateFin", "e"."DonneesEntree", "e"."DonneesSortie", "e"."Erreur", "e"."Etat", "e"."InstanceWorkflowId", "e"."NomTache", "e"."NombreTentatives", "e"."Ordre", "e"."TypeConnecteur"
          FROM "ExecutionsTache" AS "e"
          WHERE "e"."Etat" = 'EnErreur'
      ) AS "e0" ON "i"."Id" = "e0"."InstanceWorkflowId"
      WHERE "i"."Etat" = 'EnErreur'
      ORDER BY "i"."DateCreation" DESC, "i"."Id", "d"."Id"
dbug: Microsoft.EntityFrameworkCore.ChangeTracking[10806]
      Context 'OamDbContext' started tracking 'InstanceWorkflow' entity. Consider using 'DbContextOptionsBuilder.EnableSensitiveDataLogging' to see key values.
dbug: Microsoft.EntityFrameworkCore.Database.Connection[20005]
      Creating DbConnection.
info: Microsoft.EntityFrameworkCore.Database.Command[20101]
      Executed DbCommand (35ms) [Parameters=[], CommandType='Text', CommandTimeout='30']
      SELECT "i"."Id", "i"."ContexteExecution", "i"."CorrelationId", "i"."DateCreation", "i"."DateDebut", "i"."DateFin", "i"."DefinitionWorkflowId", "i"."DonneesEntree", "i"."Erreur", "i"."Etat", "i"."HashVersionConfig", "d"."Id", "e0"."Id", "e0"."DateDebut", "e0"."DateFin", "e0"."DonneesEntree", "e0"."DonneesSortie", "e0"."Erreur", "e0"."Etat", "e0"."InstanceWorkflowId", "e0"."NomTache", "e0"."NombreTentatives", "e0"."Ordre", "e0"."TypeConnecteur", "d"."Actif", "d"."ContenuYaml", "d"."DateCreation", "d"."DateModification", "d"."Description", "d"."Equipe", "d"."HashVersion", "d"."Nom"
      FROM "InstancesWorkflow" AS "i"
      INNER JOIN "DefinitionsWorkflow" AS "d" ON "i"."DefinitionWorkflowId" = "d"."Id"
      LEFT JOIN (
          SELECT "e"."Id", "e"."DateDebut", "e"."DateFin", "e"."DonneesEntree", "e"."DonneesSortie", "e"."Erreur", "e"."Etat", "e"."InstanceWorkflowId", "e"."NomTache", "e"."NombreTentatives", "e"."Ordre", "e"."TypeConnecteur"
          FROM "ExecutionsTache" AS "e"
          WHERE "e"."Etat" = 'EnErreur'
      ) AS "e0" ON "i"."Id" = "e0"."InstanceWorkflowId"
      WHERE "i"."Etat" = 'EnErreur'
      ORDER BY "i"."DateCreation" DESC, "i"."Id", "d"."Id"
dbug: Microsoft.EntityFrameworkCore.Database.Connection[20006]
      Created DbConnection. (32ms).
dbug: Microsoft.EntityFrameworkCore.ChangeTracking[10806]
      Context 'OamDbContext' started tracking 'ExecutionTache' entity. Consider using 'DbContextOptionsBuilder.EnableSensitiveDataLogging' to see key values.
dbug: Microsoft.EntityFrameworkCore.ChangeTracking[10806]
      Context 'OamDbContext' started tracking 'InstanceWorkflow' entity. Consider using 'DbContextOptionsBuilder.EnableSensitiveDataLogging' to see key values.
dbug: Microsoft.EntityFrameworkCore.Database.Connection[20000]
      Opening connection to database 'main' on server 'oam_dev.db'.
dbug: Microsoft.EntityFrameworkCore.ChangeTracking[10806]
      Context 'OamDbContext' started tracking 'InstanceWorkflow' entity. Consider using 'DbContextOptionsBuilder.EnableSensitiveDataLogging' to see key values.
dbug: Microsoft.EntityFrameworkCore.Database.Command[20301]
      Closing data reader to 'main' on server 'C:\OAM\src\OAM.Api\oam_dev.db'.
info: Microsoft.AspNetCore.Hosting.Diagnostics[1]
      Request starting HTTP/1.1 GET http://localhost:5000/api/definitions - application/json -
dbug: Microsoft.EntityFrameworkCore.ChangeTracking[10806]
      Context 'OamDbContext' started tracking 'InstanceWorkflow' entity. Consider using 'DbContextOptionsBuilder.EnableSensitiveDataLogging' to see key values.
dbug: Microsoft.EntityFrameworkCore.Database.Connection[20001]
      Opened connection to database 'main' on server 'C:\OAM\src\OAM.Api\oam_dev.db'.
info: Microsoft.AspNetCore.Routing.EndpointMiddleware[0]
      Executing endpoint 'HTTP: GET /api/definitions/'
dbug: Microsoft.EntityFrameworkCore.Database.Command[20103]
      Creating DbCommand for 'ExecuteReader'.
dbug: Microsoft.EntityFrameworkCore.Database.Command[20104]
      Created DbCommand for 'ExecuteReader' (1ms).
dbug: Microsoft.EntityFrameworkCore.Database.Command[20106]
      Initialized DbCommand for 'ExecuteReader' (24ms).
dbug: Microsoft.EntityFrameworkCore.Database.Command[20100]
      Executing DbCommand [Parameters=[], CommandType='Text', CommandTimeout='30']
      SELECT "i"."Id", "i"."ContexteExecution", "i"."CorrelationId", "i"."DateCreation", "i"."DateDebut", "i"."DateFin", "i"."DefinitionWorkflowId", "i"."DonneesEntree", "i"."Erreur", "i"."Etat", "i"."HashVersionConfig", "d"."Id", "d"."Actif", "d"."ContenuYaml", "d"."DateCreation", "d"."DateModification", "d"."Description", "d"."Equipe", "d"."HashVersion", "d"."Nom"
      FROM "InstancesWorkflow" AS "i"
      INNER JOIN "DefinitionsWorkflow" AS "d" ON "i"."DefinitionWorkflowId" = "d"."Id"
      ORDER BY "i"."DateCreation" DESC
dbug: Microsoft.EntityFrameworkCore.ChangeTracking[10806]
      Context 'OamDbContext' started tracking 'InstanceWorkflow' entity. Consider using 'DbContextOptionsBuilder.EnableSensitiveDataLogging' to see key values.
dbug: Microsoft.EntityFrameworkCore.Database.Command[20300]
      A data reader for 'main' on server 'C:\OAM\src\OAM.Api\oam_dev.db' is being disposed after spending 741ms reading results.
info: Microsoft.EntityFrameworkCore.Database.Command[20101]
      Executed DbCommand (95ms) [Parameters=[], CommandType='Text', CommandTimeout='30']
      SELECT "i"."Id", "i"."ContexteExecution", "i"."CorrelationId", "i"."DateCreation", "i"."DateDebut", "i"."DateFin", "i"."DefinitionWorkflowId", "i"."DonneesEntree", "i"."Erreur", "i"."Etat", "i"."HashVersionConfig", "d"."Id", "d"."Actif", "d"."ContenuYaml", "d"."DateCreation", "d"."DateModification", "d"."Description", "d"."Equipe", "d"."HashVersion", "d"."Nom"
      FROM "InstancesWorkflow" AS "i"
      INNER JOIN "DefinitionsWorkflow" AS "d" ON "i"."DefinitionWorkflowId" = "d"."Id"
      ORDER BY "i"."DateCreation" DESC
dbug: Microsoft.EntityFrameworkCore.Database.Connection[20002]
      Closing connection to database 'main' on server 'C:\OAM\src\OAM.Api\oam_dev.db'.
dbug: Microsoft.EntityFrameworkCore.ChangeTracking[10806]
      Context 'OamDbContext' started tracking 'InstanceWorkflow' entity. Consider using 'DbContextOptionsBuilder.EnableSensitiveDataLogging' to see key values.
dbug: Microsoft.EntityFrameworkCore.ChangeTracking[10805]
      The navigation 'InstanceWorkflow.DefinitionWorkflow' was detected as changed. Consider using 'DbContextOptionsBuilder.EnableSensitiveDataLogging' to see key values.
dbug: Microsoft.EntityFrameworkCore.Database.Connection[20003]
      Closed connection to database 'main' on server 'oam_dev.db' (1ms).
info: Microsoft.AspNetCore.Http.Result.OkObjectResult[1]
      Setting HTTP status code 200.
dbug: Microsoft.EntityFrameworkCore.ChangeTracking[10806]
      Context 'OamDbContext' started tracking 'DefinitionWorkflow' entity. Consider using 'DbContextOptionsBuilder.EnableSensitiveDataLogging' to see key values.
info: Microsoft.AspNetCore.Http.Result.OkObjectResult[3]
      Writing value of type 'ListSelectIterator`2' as Json.
dbug: Microsoft.EntityFrameworkCore.ChangeTracking[10806]
      Context 'OamDbContext' started tracking 'InstanceWorkflow' entity. Consider using 'DbContextOptionsBuilder.EnableSensitiveDataLogging' to see key values.
dbug: Microsoft.EntityFrameworkCore.ChangeTracking[10806]
      Context 'OamDbContext' started tracking 'InstanceWorkflow' entity. Consider using 'DbContextOptionsBuilder.EnableSensitiveDataLogging' to see key values.
dbug: Microsoft.EntityFrameworkCore.ChangeTracking[10805]
      The navigation 'InstanceWorkflow.DefinitionWorkflow' was detected as changed. Consider using 'DbContextOptionsBuilder.EnableSensitiveDataLogging' to see key values.
dbug: Microsoft.EntityFrameworkCore.ChangeTracking[10806]
      Context 'OamDbContext' started tracking 'InstanceWorkflow' entity. Consider using 'DbContextOptionsBuilder.EnableSensitiveDataLogging' to see key values.
dbug: Microsoft.EntityFrameworkCore.Infrastructure[10403]
      Entity Framework Core 10.0.5 initialized 'OamDbContext' using provider 'Microsoft.EntityFrameworkCore.Sqlite:10.0.5' with options: None
dbug: Microsoft.EntityFrameworkCore.ChangeTracking[10806]
      Context 'OamDbContext' started tracking 'ExecutionTache' entity. Consider using 'DbContextOptionsBuilder.EnableSensitiveDataLogging' to see key values.
dbug: Microsoft.EntityFrameworkCore.ChangeTracking[10806]
      Context 'OamDbContext' started tracking 'DefinitionWorkflow' entity. Consider using 'DbContextOptionsBuilder.EnableSensitiveDataLogging' to see key values.
dbug: Microsoft.EntityFrameworkCore.ChangeTracking[10806]
      Context 'OamDbContext' started tracking 'InstanceWorkflow' entity. Consider using 'DbContextOptionsBuilder.EnableSensitiveDataLogging' to see key values.
dbug: Microsoft.EntityFrameworkCore.ChangeTracking[10806]
      Context 'OamDbContext' started tracking 'InstanceWorkflow' entity. Consider using 'DbContextOptionsBuilder.EnableSensitiveDataLogging' to see key values.
dbug: Microsoft.EntityFrameworkCore.ChangeTracking[10806]
      Context 'OamDbContext' started tracking 'InstanceWorkflow' entity. Consider using 'DbContextOptionsBuilder.EnableSensitiveDataLogging' to see key values.
dbug: Microsoft.EntityFrameworkCore.ChangeTracking[10806]
      Context 'OamDbContext' started tracking 'InstanceWorkflow' entity. Consider using 'DbContextOptionsBuilder.EnableSensitiveDataLogging' to see key values.
dbug: Microsoft.EntityFrameworkCore.Database.Connection[20007]
      Disposing connection to database 'main' on server 'oam_dev.db'.
dbug: Microsoft.EntityFrameworkCore.ChangeTracking[10806]
      Context 'OamDbContext' started tracking 'InstanceWorkflow' entity. Consider using 'DbContextOptionsBuilder.EnableSensitiveDataLogging' to see key values.
dbug: Microsoft.EntityFrameworkCore.ChangeTracking[10806]
      Context 'OamDbContext' started tracking 'InstanceWorkflow' entity. Consider using 'DbContextOptionsBuilder.EnableSensitiveDataLogging' to see key values.
info: Microsoft.AspNetCore.Routing.EndpointMiddleware[1]
      Executed endpoint 'HTTP: GET /api/instances/erreurs'
dbug: Microsoft.EntityFrameworkCore.ChangeTracking[10806]
      Context 'OamDbContext' started tracking 'InstanceWorkflow' entity. Consider using 'DbContextOptionsBuilder.EnableSensitiveDataLogging' to see key values.
dbug: Microsoft.EntityFrameworkCore.ChangeTracking[10806]
      Context 'OamDbContext' started tracking 'ExecutionTache' entity. Consider using 'DbContextOptionsBuilder.EnableSensitiveDataLogging' to see key values.
dbug: Microsoft.EntityFrameworkCore.ChangeTracking[10806]
      Context 'OamDbContext' started tracking 'InstanceWorkflow' entity. Consider using 'DbContextOptionsBuilder.EnableSensitiveDataLogging' to see key values.
dbug: Microsoft.EntityFrameworkCore.Database.Connection[20008]
      Disposed connection to database 'main' on server 'oam_dev.db' (8ms).
dbug: Microsoft.EntityFrameworkCore.Infrastructure[10407]
      'OamDbContext' disposed.
dbug: Microsoft.EntityFrameworkCore.Database.Connection[20005]
      Creating DbConnection.
dbug: Microsoft.EntityFrameworkCore.Database.Connection[20007]
      Disposing connection to database 'main' on server 'oam_dev.db'.
dbug: Microsoft.EntityFrameworkCore.ChangeTracking[10806]
      Context 'OamDbContext' started tracking 'InstanceWorkflow' entity. Consider using 'DbContextOptionsBuilder.EnableSensitiveDataLogging' to see key values.
dbug: Microsoft.EntityFrameworkCore.ChangeTracking[10806]
      Context 'OamDbContext' started tracking 'InstanceWorkflow' entity. Consider using 'DbContextOptionsBuilder.EnableSensitiveDataLogging' to see key values.
dbug: Microsoft.EntityFrameworkCore.Database.Connection[20006]
      Created DbConnection. (5ms).
dbug: Microsoft.EntityFrameworkCore.ChangeTracking[10806]
      Context 'OamDbContext' started tracking 'InstanceWorkflow' entity. Consider using 'DbContextOptionsBuilder.EnableSensitiveDataLogging' to see key values.
dbug: Microsoft.EntityFrameworkCore.Database.Connection[20008]
      Disposed connection to database 'main' on server 'oam_dev.db' (6ms).
dbug: Microsoft.EntityFrameworkCore.Database.Connection[20000]
      Opening connection to database 'main' on server 'oam_dev.db'.
dbug: Microsoft.EntityFrameworkCore.ChangeTracking[10806]
      Context 'OamDbContext' started tracking 'InstanceWorkflow' entity. Consider using 'DbContextOptionsBuilder.EnableSensitiveDataLogging' to see key values.
dbug: Microsoft.EntityFrameworkCore.ChangeTracking[10806]
      Context 'OamDbContext' started tracking 'InstanceWorkflow' entity. Consider using 'DbContextOptionsBuilder.EnableSensitiveDataLogging' to see key values.
dbug: Microsoft.EntityFrameworkCore.Database.Command[20301]
      Closing data reader to 'main' on server 'C:\OAM\src\OAM.Api\oam_dev.db'.
dbug: Microsoft.EntityFrameworkCore.ChangeTracking[10806]
      Context 'OamDbContext' started tracking 'ExecutionTache' entity. Consider using 'DbContextOptionsBuilder.EnableSensitiveDataLogging' to see key values.
dbug: Microsoft.EntityFrameworkCore.Database.Command[20300]
      A data reader for 'main' on server 'C:\OAM\src\OAM.Api\oam_dev.db' is being disposed after spending 611ms reading results.
dbug: Microsoft.EntityFrameworkCore.ChangeTracking[10806]
      Context 'OamDbContext' started tracking 'InstanceWorkflow' entity. Consider using 'DbContextOptionsBuilder.EnableSensitiveDataLogging' to see key values.
info: Microsoft.AspNetCore.Hosting.Diagnostics[2]
      Request finished HTTP/1.1 GET http://localhost:5000/api/instances/erreurs - 200 - application/json;+charset=utf-8 1717.7655ms
dbug: Microsoft.EntityFrameworkCore.Database.Connection[20002]
      Closing connection to database 'main' on server 'C:\OAM\src\OAM.Api\oam_dev.db'.
dbug: Microsoft.EntityFrameworkCore.Database.Connection[20003]
      Closed connection to database 'main' on server 'oam_dev.db' (3ms).
dbug: Microsoft.EntityFrameworkCore.ChangeTracking[10806]
      Context 'OamDbContext' started tracking 'InstanceWorkflow' entity. Consider using 'DbContextOptionsBuilder.EnableSensitiveDataLogging' to see key values.
dbug: Microsoft.EntityFrameworkCore.ChangeTracking[10806]
      Context 'OamDbContext' started tracking 'InstanceWorkflow' entity. Consider using 'DbContextOptionsBuilder.EnableSensitiveDataLogging' to see key values.
dbug: Microsoft.EntityFrameworkCore.Database.Connection[20001]
      Opened connection to database 'main' on server 'C:\OAM\src\OAM.Api\oam_dev.db'.
info: Microsoft.AspNetCore.Http.Result.OkObjectResult[1]
      Setting HTTP status code 200.
info: Microsoft.AspNetCore.Hosting.Diagnostics[1]
      Request starting HTTP/1.1 POST http://localhost:5173/hubs/workflow/negotiate?negotiateVersion=1 - - 0
dbug: Microsoft.EntityFrameworkCore.Database.Command[20103]
      Creating DbCommand for 'ExecuteReader'.
info: Microsoft.AspNetCore.Http.Result.OkObjectResult[3]
      Writing value of type 'ListSelectIterator`2' as Json.
info: Microsoft.AspNetCore.Cors.Infrastructure.CorsService[4]
      CORS policy execution successful.
dbug: Microsoft.EntityFrameworkCore.ChangeTracking[10806]
      Context 'OamDbContext' started tracking 'InstanceWorkflow' entity. Consider using 'DbContextOptionsBuilder.EnableSensitiveDataLogging' to see key values.
dbug: Microsoft.EntityFrameworkCore.Database.Command[20104]
      Created DbCommand for 'ExecuteReader' (32ms).
dbug: Microsoft.EntityFrameworkCore.ChangeTracking[10806]
      Context 'OamDbContext' started tracking 'InstanceWorkflow' entity. Consider using 'DbContextOptionsBuilder.EnableSensitiveDataLogging' to see key values.
dbug: Microsoft.EntityFrameworkCore.Database.Command[20106]
      Initialized DbCommand for 'ExecuteReader' (33ms).
dbug: Microsoft.EntityFrameworkCore.ChangeTracking[10806]
      Context 'OamDbContext' started tracking 'ExecutionTache' entity. Consider using 'DbContextOptionsBuilder.EnableSensitiveDataLogging' to see key values.
info: Microsoft.AspNetCore.Routing.EndpointMiddleware[1]
      Executed endpoint 'HTTP: GET /api/instances/'
dbug: Microsoft.EntityFrameworkCore.Database.Connection[20000]
      Opening connection to database 'main' on server 'oam_dev.db'.
dbug: Microsoft.EntityFrameworkCore.Infrastructure[10407]
      'OamDbContext' disposed.
dbug: Microsoft.EntityFrameworkCore.ChangeTracking[10806]
      Context 'OamDbContext' started tracking 'InstanceWorkflow' entity. Consider using 'DbContextOptionsBuilder.EnableSensitiveDataLogging' to see key values.
info: Microsoft.AspNetCore.Routing.EndpointMiddleware[0]
      Executing endpoint '/hubs/workflow/negotiate'
dbug: Microsoft.EntityFrameworkCore.Database.Command[20100]
      Executing DbCommand [Parameters=[], CommandType='Text', CommandTimeout='30']
      SELECT "d"."Id", "d"."Actif", "d"."ContenuYaml", "d"."DateCreation", "d"."DateModification", "d"."Description", "d"."Equipe", "d"."HashVersion", "d"."Nom"
      FROM "DefinitionsWorkflow" AS "d"
      WHERE "d"."Actif"
      ORDER BY "d"."Nom"
dbug: Microsoft.EntityFrameworkCore.Database.Connection[20007]
      Disposing connection to database 'main' on server 'oam_dev.db'.
dbug: Microsoft.EntityFrameworkCore.Database.Connection[20008]
      Disposed connection to database 'main' on server 'oam_dev.db' (29ms).
dbug: Microsoft.EntityFrameworkCore.ChangeTracking[10806]
      Context 'OamDbContext' started tracking 'InstanceWorkflow' entity. Consider using 'DbContextOptionsBuilder.EnableSensitiveDataLogging' to see key values.
dbug: Microsoft.EntityFrameworkCore.ChangeTracking[10806]
      Context 'OamDbContext' started tracking 'InstanceWorkflow' entity. Consider using 'DbContextOptionsBuilder.EnableSensitiveDataLogging' to see key values.
info: Microsoft.AspNetCore.Hosting.Diagnostics[2]
      Request finished HTTP/1.1 GET http://localhost:5000/api/instances/erreurs - 200 - application/json;+charset=utf-8 4173.9151ms
info: Microsoft.AspNetCore.Hosting.Diagnostics[2]
      Request finished HTTP/1.1 GET http://localhost:5000/api/instances - 200 - application/json;+charset=utf-8 1411.7077ms
dbug: Microsoft.EntityFrameworkCore.ChangeTracking[10806]
      Context 'OamDbContext' started tracking 'ExecutionTache' entity. Consider using 'DbContextOptionsBuilder.EnableSensitiveDataLogging' to see key values.
info: Microsoft.AspNetCore.Routing.EndpointMiddleware[1]
      Executed endpoint '/hubs/workflow/negotiate'
dbug: Microsoft.EntityFrameworkCore.ChangeTracking[10806]
      Context 'OamDbContext' started tracking 'InstanceWorkflow' entity. Consider using 'DbContextOptionsBuilder.EnableSensitiveDataLogging' to see key values.
info: Microsoft.EntityFrameworkCore.Database.Command[20101]
      Executed DbCommand (128ms) [Parameters=[], CommandType='Text', CommandTimeout='30']
      SELECT "d"."Id", "d"."Actif", "d"."ContenuYaml", "d"."DateCreation", "d"."DateModification", "d"."Description", "d"."Equipe", "d"."HashVersion", "d"."Nom"
      FROM "DefinitionsWorkflow" AS "d"
      WHERE "d"."Actif"
      ORDER BY "d"."Nom"
info: Microsoft.AspNetCore.Hosting.Diagnostics[2]
      Request finished HTTP/1.1 POST http://localhost:5173/hubs/workflow/negotiate?negotiateVersion=1 - 200 316 application/json 254.4888ms
info: Microsoft.AspNetCore.Hosting.Diagnostics[1]
      Request starting HTTP/1.1 GET http://localhost:5000/api/definitions - application/json -
dbug: Microsoft.EntityFrameworkCore.ChangeTracking[10806]
      Context 'OamDbContext' started tracking 'InstanceWorkflow' entity. Consider using 'DbContextOptionsBuilder.EnableSensitiveDataLogging' to see key values.
dbug: Microsoft.EntityFrameworkCore.Database.Command[20301]
      Closing data reader to 'main' on server 'C:\OAM\src\OAM.Api\oam_dev.db'.
info: Microsoft.AspNetCore.Hosting.Diagnostics[1]
      Request starting HTTP/1.1 GET http://localhost:5000/api/instances/erreurs - application/json -
dbug: Microsoft.EntityFrameworkCore.ChangeTracking[10806]
      Context 'OamDbContext' started tracking 'DefinitionWorkflow' entity. Consider using 'DbContextOptionsBuilder.EnableSensitiveDataLogging' to see key values.
info: Microsoft.AspNetCore.Routing.EndpointMiddleware[0]
      Executing endpoint 'HTTP: GET /api/definitions/'
dbug: Microsoft.EntityFrameworkCore.ChangeTracking[10806]
      Context 'OamDbContext' started tracking 'InstanceWorkflow' entity. Consider using 'DbContextOptionsBuilder.EnableSensitiveDataLogging' to see key values.
dbug: Microsoft.EntityFrameworkCore.Database.Command[20301]
      Closing data reader to 'main' on server 'C:\OAM\src\OAM.Api\oam_dev.db'.
dbug: Microsoft.EntityFrameworkCore.Database.Command[20300]
      A data reader for 'main' on server 'C:\OAM\src\OAM.Api\oam_dev.db' is being disposed after spending 757ms reading results.
dbug: Microsoft.EntityFrameworkCore.Database.Connection[20002]
      Closing connection to database 'main' on server 'C:\OAM\src\OAM.Api\oam_dev.db'.
info: Microsoft.AspNetCore.Hosting.Diagnostics[1]
      Request starting HTTP/1.1 POST http://localhost:5173/hubs/workflow/negotiate?negotiateVersion=1 - - 0
info: Microsoft.AspNetCore.Routing.EndpointMiddleware[0]
      Executing endpoint 'HTTP: GET /api/instances/erreurs'
info: Microsoft.AspNetCore.Cors.Infrastructure.CorsService[4]
      CORS policy execution successful.
dbug: Microsoft.EntityFrameworkCore.ChangeTracking[10806]
      Context 'OamDbContext' started tracking 'InstanceWorkflow' entity. Consider using 'DbContextOptionsBuilder.EnableSensitiveDataLogging' to see key values.
dbug: Microsoft.EntityFrameworkCore.Infrastructure[10403]
      Entity Framework Core 10.0.5 initialized 'OamDbContext' using provider 'Microsoft.EntityFrameworkCore.Sqlite:10.0.5' with options: None
dbug: Microsoft.EntityFrameworkCore.Database.Connection[20003]
      Closed connection to database 'main' on server 'oam_dev.db' (62ms).
info: Microsoft.AspNetCore.Http.Result.OkObjectResult[1]
      Setting HTTP status code 200.
info: Microsoft.AspNetCore.Http.Result.OkObjectResult[3]
      Writing value of type 'ListSelectIterator`2' as Json.
dbug: Microsoft.EntityFrameworkCore.ChangeTracking[10806]
      Context 'OamDbContext' started tracking 'InstanceWorkflow' entity. Consider using 'DbContextOptionsBuilder.EnableSensitiveDataLogging' to see key values.
dbug: Microsoft.EntityFrameworkCore.Infrastructure[10403]
      Entity Framework Core 10.0.5 initialized 'OamDbContext' using provider 'Microsoft.EntityFrameworkCore.Sqlite:10.0.5' with options: None
dbug: Microsoft.EntityFrameworkCore.Database.Connection[20005]
      Creating DbConnection.
dbug: Microsoft.EntityFrameworkCore.Database.Command[20300]
      A data reader for 'main' on server 'C:\OAM\src\OAM.Api\oam_dev.db' is being disposed after spending 216ms reading results.
dbug: Microsoft.EntityFrameworkCore.Database.Command[20301]
      Closing data reader to 'main' on server 'C:\OAM\src\OAM.Api\oam_dev.db'.
dbug: Microsoft.EntityFrameworkCore.Database.Connection[20006]
      Created DbConnection. (56ms).
dbug: Microsoft.EntityFrameworkCore.Database.Command[20300]
      A data reader for 'main' on server 'C:\OAM\src\OAM.Api\oam_dev.db' is being disposed after spending 632ms reading results.
dbug: Microsoft.EntityFrameworkCore.Database.Connection[20002]
      Closing connection to database 'main' on server 'C:\OAM\src\OAM.Api\oam_dev.db'.
dbug: Microsoft.EntityFrameworkCore.Database.Connection[20003]
      Closed connection to database 'main' on server 'oam_dev.db' (30ms).
dbug: Microsoft.EntityFrameworkCore.Database.Connection[20000]
      Opening connection to database 'main' on server 'oam_dev.db'.
info: Microsoft.AspNetCore.Routing.EndpointMiddleware[0]
      Executing endpoint '/hubs/workflow/negotiate'
info: Microsoft.AspNetCore.Routing.EndpointMiddleware[1]
      Executed endpoint 'HTTP: GET /api/instances/erreurs'
dbug: Microsoft.EntityFrameworkCore.Database.Connection[20001]
      Opened connection to database 'main' on server 'C:\OAM\src\OAM.Api\oam_dev.db'.
dbug: Microsoft.EntityFrameworkCore.Database.Connection[20002]
      Closing connection to database 'main' on server 'C:\OAM\src\OAM.Api\oam_dev.db'.
dbug: Microsoft.EntityFrameworkCore.Database.Connection[20003]
      Closed connection to database 'main' on server 'oam_dev.db' (26ms).
dbug: Microsoft.EntityFrameworkCore.Infrastructure[10407]
      'OamDbContext' disposed.
dbug: Microsoft.EntityFrameworkCore.Database.Command[20103]
      Creating DbCommand for 'ExecuteReader'.
dbug: Microsoft.EntityFrameworkCore.Database.Connection[20005]
      Creating DbConnection.
dbug: Microsoft.EntityFrameworkCore.Database.Connection[20007]
      Disposing connection to database 'main' on server 'oam_dev.db'.
dbug: Microsoft.EntityFrameworkCore.Database.Connection[20006]
      Created DbConnection. (2ms).
dbug: Microsoft.EntityFrameworkCore.Database.Command[20104]
      Created DbCommand for 'ExecuteReader' (3ms).
info: Microsoft.AspNetCore.Http.Result.OkObjectResult[1]
      Setting HTTP status code 200.
dbug: Microsoft.EntityFrameworkCore.Database.Command[20106]
      Initialized DbCommand for 'ExecuteReader' (5ms).
dbug: Microsoft.EntityFrameworkCore.Database.Connection[20000]
      Opening connection to database 'main' on server 'oam_dev.db'.
dbug: Microsoft.EntityFrameworkCore.Database.Command[20100]
      Executing DbCommand [Parameters=[], CommandType='Text', CommandTimeout='30']
      SELECT "d"."Id", "d"."Actif", "d"."ContenuYaml", "d"."DateCreation", "d"."DateModification", "d"."Description", "d"."Equipe", "d"."HashVersion", "d"."Nom"
      FROM "DefinitionsWorkflow" AS "d"
      WHERE "d"."Actif"
      ORDER BY "d"."Nom"
info: Microsoft.AspNetCore.Http.Result.OkObjectResult[3]
      Writing value of type 'ListSelectIterator`2' as Json.
info: Microsoft.EntityFrameworkCore.Database.Command[20101]
      Executed DbCommand (4ms) [Parameters=[], CommandType='Text', CommandTimeout='30']
      SELECT "d"."Id", "d"."Actif", "d"."ContenuYaml", "d"."DateCreation", "d"."DateModification", "d"."Description", "d"."Equipe", "d"."HashVersion", "d"."Nom"
      FROM "DefinitionsWorkflow" AS "d"
      WHERE "d"."Actif"
      ORDER BY "d"."Nom"
dbug: Microsoft.EntityFrameworkCore.Database.Connection[20001]
      Opened connection to database 'main' on server 'C:\OAM\src\OAM.Api\oam_dev.db'.
dbug: Microsoft.EntityFrameworkCore.Database.Connection[20008]
      Disposed connection to database 'main' on server 'oam_dev.db' (12ms).
dbug: Microsoft.EntityFrameworkCore.Database.Command[20103]
      Creating DbCommand for 'ExecuteReader'.
dbug: Microsoft.EntityFrameworkCore.ChangeTracking[10806]
      Context 'OamDbContext' started tracking 'DefinitionWorkflow' entity. Consider using 'DbContextOptionsBuilder.EnableSensitiveDataLogging' to see key values.
info: Microsoft.AspNetCore.Hosting.Diagnostics[2]
      Request finished HTTP/1.1 GET http://localhost:5000/api/instances/erreurs - 200 - application/json;+charset=utf-8 1761.9314ms
dbug: Microsoft.EntityFrameworkCore.Database.Command[20104]
      Created DbCommand for 'ExecuteReader' (34ms).
dbug: Microsoft.EntityFrameworkCore.Database.Command[20301]
      Closing data reader to 'main' on server 'C:\OAM\src\OAM.Api\oam_dev.db'.
dbug: Microsoft.EntityFrameworkCore.Database.Command[20106]
      Initialized DbCommand for 'ExecuteReader' (63ms).
dbug: Microsoft.EntityFrameworkCore.Database.Command[20300]
      A data reader for 'main' on server 'C:\OAM\src\OAM.Api\oam_dev.db' is being disposed after spending 94ms reading results.
info: Microsoft.AspNetCore.Routing.EndpointMiddleware[1]
      Executed endpoint 'HTTP: GET /api/instances/'
dbug: Microsoft.EntityFrameworkCore.Database.Connection[20002]
      Closing connection to database 'main' on server 'C:\OAM\src\OAM.Api\oam_dev.db'.
dbug: Microsoft.EntityFrameworkCore.Database.Command[20100]
      Executing DbCommand [Parameters=[], CommandType='Text', CommandTimeout='30']
      SELECT "i"."Id", "i"."ContexteExecution", "i"."CorrelationId", "i"."DateCreation", "i"."DateDebut", "i"."DateFin", "i"."DefinitionWorkflowId", "i"."DonneesEntree", "i"."Erreur", "i"."Etat", "i"."HashVersionConfig", "d"."Id", "e0"."Id", "e0"."DateDebut", "e0"."DateFin", "e0"."DonneesEntree", "e0"."DonneesSortie", "e0"."Erreur", "e0"."Etat", "e0"."InstanceWorkflowId", "e0"."NomTache", "e0"."NombreTentatives", "e0"."Ordre", "e0"."TypeConnecteur", "d"."Actif", "d"."ContenuYaml", "d"."DateCreation", "d"."DateModification", "d"."Description", "d"."Equipe", "d"."HashVersion", "d"."Nom"
      FROM "InstancesWorkflow" AS "i"
      INNER JOIN "DefinitionsWorkflow" AS "d" ON "i"."DefinitionWorkflowId" = "d"."Id"
      LEFT JOIN (
          SELECT "e"."Id", "e"."DateDebut", "e"."DateFin", "e"."DonneesEntree", "e"."DonneesSortie", "e"."Erreur", "e"."Etat", "e"."InstanceWorkflowId", "e"."NomTache", "e"."NombreTentatives", "e"."Ordre", "e"."TypeConnecteur"
          FROM "ExecutionsTache" AS "e"
          WHERE "e"."Etat" = 'EnErreur'
      ) AS "e0" ON "i"."Id" = "e0"."InstanceWorkflowId"
      WHERE "i"."Etat" = 'EnErreur'
      ORDER BY "i"."DateCreation" DESC, "i"."Id", "d"."Id"
info: Microsoft.AspNetCore.Routing.EndpointMiddleware[1]
      Executed endpoint '/hubs/workflow/negotiate'
dbug: Microsoft.EntityFrameworkCore.Infrastructure[10407]
      'OamDbContext' disposed.
dbug: Microsoft.EntityFrameworkCore.Database.Connection[20003]
      Closed connection to database 'main' on server 'oam_dev.db' (2ms).
info: Microsoft.AspNetCore.Hosting.Diagnostics[1]
      Request starting HTTP/1.1 GET http://localhost:5000/api/instances - application/json -
info: Microsoft.AspNetCore.Http.Result.OkObjectResult[1]
      Setting HTTP status code 200.
info: Microsoft.AspNetCore.Http.Result.OkObjectResult[1]
      Setting HTTP status code 200.
dbug: Microsoft.EntityFrameworkCore.Database.Connection[20007]
      Disposing connection to database 'main' on server 'oam_dev.db'.
info: Microsoft.AspNetCore.Http.Result.OkObjectResult[3]
      Writing value of type 'ListSelectIterator`2' as Json.
info: Microsoft.AspNetCore.Routing.EndpointMiddleware[1]
      Executed endpoint 'HTTP: GET /api/definitions/'
info: Microsoft.AspNetCore.Routing.EndpointMiddleware[0]
      Executing endpoint 'HTTP: GET /api/instances/'
dbug: Microsoft.EntityFrameworkCore.Database.Connection[20008]
      Disposed connection to database 'main' on server 'oam_dev.db' (128ms).
info: Microsoft.EntityFrameworkCore.Database.Command[20101]
      Executed DbCommand (77ms) [Parameters=[], CommandType='Text', CommandTimeout='30']
      SELECT "i"."Id", "i"."ContexteExecution", "i"."CorrelationId", "i"."DateCreation", "i"."DateDebut", "i"."DateFin", "i"."DefinitionWorkflowId", "i"."DonneesEntree", "i"."Erreur", "i"."Etat", "i"."HashVersionConfig", "d"."Id", "e0"."Id", "e0"."DateDebut", "e0"."DateFin", "e0"."DonneesEntree", "e0"."DonneesSortie", "e0"."Erreur", "e0"."Etat", "e0"."InstanceWorkflowId", "e0"."NomTache", "e0"."NombreTentatives", "e0"."Ordre", "e0"."TypeConnecteur", "d"."Actif", "d"."ContenuYaml", "d"."DateCreation", "d"."DateModification", "d"."Description", "d"."Equipe", "d"."HashVersion", "d"."Nom"
      FROM "InstancesWorkflow" AS "i"
      INNER JOIN "DefinitionsWorkflow" AS "d" ON "i"."DefinitionWorkflowId" = "d"."Id"
      LEFT JOIN (
          SELECT "e"."Id", "e"."DateDebut", "e"."DateFin", "e"."DonneesEntree", "e"."DonneesSortie", "e"."Erreur", "e"."Etat", "e"."InstanceWorkflowId", "e"."NomTache", "e"."NombreTentatives", "e"."Ordre", "e"."TypeConnecteur"
          FROM "ExecutionsTache" AS "e"
          WHERE "e"."Etat" = 'EnErreur'
      ) AS "e0" ON "i"."Id" = "e0"."InstanceWorkflowId"
      WHERE "i"."Etat" = 'EnErreur'
      ORDER BY "i"."DateCreation" DESC, "i"."Id", "d"."Id"
info: Microsoft.AspNetCore.Http.Result.OkObjectResult[3]
      Writing value of type 'ListSelectIterator`2' as Json.
info: Microsoft.AspNetCore.Hosting.Diagnostics[2]
      Request finished HTTP/1.1 GET http://localhost:5000/api/instances - 200 - application/json;+charset=utf-8 1458.2117ms
dbug: Microsoft.EntityFrameworkCore.Infrastructure[10407]
      'OamDbContext' disposed.
info: Microsoft.AspNetCore.Hosting.Diagnostics[2]
      Request finished HTTP/1.1 POST http://localhost:5173/hubs/workflow/negotiate?negotiateVersion=1 - 200 316 application/json 497.2867ms
dbug: Microsoft.EntityFrameworkCore.Database.Connection[20007]
      Disposing connection to database 'main' on server 'oam_dev.db'.
dbug: Microsoft.EntityFrameworkCore.Database.Connection[20008]
      Disposed connection to database 'main' on server 'oam_dev.db' (2ms).
info: Microsoft.AspNetCore.Hosting.Diagnostics[1]
      Request starting HTTP/1.1 GET http://localhost:5173/hubs/workflow?id=R0DB6ZAGH36DH88_8C-E_A&access_token=eyJhbGciOiJIUzI1NiIsInR5cCI6IkpXVCJ9.eyJodHRwOi8vc2NoZW1hcy54bWxzb2FwLm9yZy93cy8yMDA1LzA1L2lkZW50aXR5L2NsYWltcy9uYW1lIjoiaW5mb2wiLCJodHRwOi8vc2NoZW1hcy5taWNyb3NvZnQuY29tL3dzLzIwMDgvMDYvaWRlbnRpdHkvY2xhaW1zL2F1dGhlbnRpY2F0aW9ubWV0aG9kIjoiRGV2IiwianRpIjoiMjIzYjEwOTEtYTA5MS00ZTQ4LTgyZTMtMTZlNjZjNDliMzQ1IiwiZXhwIjoxNzc0ODIxNjIxLCJpc3MiOiJPQU0iLCJhdWQiOiJPQU0tRnJvbnRlbmQifQ.hHzaTgOheQaUuqQU1s4TikTVrA_rHTDJX_wwg09al7Y - - -
info: Microsoft.AspNetCore.Hosting.Diagnostics[2]
      Request finished HTTP/1.1 GET http://localhost:5000/api/definitions - 200 - application/json;+charset=utf-8 670.4694ms
dbug: Microsoft.EntityFrameworkCore.ChangeTracking[10806]
      Context 'OamDbContext' started tracking 'InstanceWorkflow' entity. Consider using 'DbContextOptionsBuilder.EnableSensitiveDataLogging' to see key values.
info: Microsoft.AspNetCore.Hosting.Diagnostics[1]
      Request starting HTTP/1.1 GET http://localhost:5000/api/definitions - application/json -
info: Microsoft.AspNetCore.Cors.Infrastructure.CorsService[4]
      CORS policy execution successful.
dbug: Microsoft.EntityFrameworkCore.ChangeTracking[10805]
      The navigation 'InstanceWorkflow.DefinitionWorkflow' was detected as changed. Consider using 'DbContextOptionsBuilder.EnableSensitiveDataLogging' to see key values.
dbug: Microsoft.EntityFrameworkCore.Database.Connection[20001]
      Opened connection to database 'main' on server 'C:\OAM\src\OAM.Api\oam_dev.db'.
info: Microsoft.AspNetCore.Routing.EndpointMiddleware[1]
      Executed endpoint 'HTTP: GET /api/definitions/'
dbug: Microsoft.EntityFrameworkCore.Infrastructure[10403]
      Entity Framework Core 10.0.5 initialized 'OamDbContext' using provider 'Microsoft.EntityFrameworkCore.Sqlite:10.0.5' with options: None
dbug: Microsoft.EntityFrameworkCore.ChangeTracking[10806]
      Context 'OamDbContext' started tracking 'DefinitionWorkflow' entity. Consider using 'DbContextOptionsBuilder.EnableSensitiveDataLogging' to see key values.
info: Microsoft.AspNetCore.Routing.EndpointMiddleware[0]
      Executing endpoint 'HTTP: GET /api/definitions/'
dbug: Microsoft.EntityFrameworkCore.ChangeTracking[10806]
      Context 'OamDbContext' started tracking 'ExecutionTache' entity. Consider using 'DbContextOptionsBuilder.EnableSensitiveDataLogging' to see key values.
info: Microsoft.AspNetCore.Routing.EndpointMiddleware[0]
      Executing endpoint '/hubs/workflow'
dbug: Microsoft.EntityFrameworkCore.Infrastructure[10407]
      'OamDbContext' disposed.
dbug: Microsoft.EntityFrameworkCore.Database.Command[20103]
      Creating DbCommand for 'ExecuteReader'.
info: Microsoft.AspNetCore.Routing.EndpointMiddleware[0]
      Executing endpoint 'HTTP: GET /api/definitions/'
dbug: Microsoft.EntityFrameworkCore.Database.Command[20104]
      Created DbCommand for 'ExecuteReader' (89ms).
dbug: Microsoft.EntityFrameworkCore.Database.Command[20106]
      Initialized DbCommand for 'ExecuteReader' (90ms).
dbug: Microsoft.EntityFrameworkCore.ChangeTracking[10806]
      Context 'OamDbContext' started tracking 'InstanceWorkflow' entity. Consider using 'DbContextOptionsBuilder.EnableSensitiveDataLogging' to see key values.
dbug: Microsoft.EntityFrameworkCore.Database.Connection[20005]
      Creating DbConnection.
dbug: Microsoft.EntityFrameworkCore.Infrastructure[10403]
      Entity Framework Core 10.0.5 initialized 'OamDbContext' using provider 'Microsoft.EntityFrameworkCore.Sqlite:10.0.5' with options: None
dbug: Microsoft.EntityFrameworkCore.Database.Command[20100]
      Executing DbCommand [Parameters=[], CommandType='Text', CommandTimeout='30']
      SELECT "i"."Id", "i"."ContexteExecution", "i"."CorrelationId", "i"."DateCreation", "i"."DateDebut", "i"."DateFin", "i"."DefinitionWorkflowId", "i"."DonneesEntree", "i"."Erreur", "i"."Etat", "i"."HashVersionConfig", "d"."Id", "e0"."Id", "e0"."DateDebut", "e0"."DateFin", "e0"."DonneesEntree", "e0"."DonneesSortie", "e0"."Erreur", "e0"."Etat", "e0"."InstanceWorkflowId", "e0"."NomTache", "e0"."NombreTentatives", "e0"."Ordre", "e0"."TypeConnecteur", "d"."Actif", "d"."ContenuYaml", "d"."DateCreation", "d"."DateModification", "d"."Description", "d"."Equipe", "d"."HashVersion", "d"."Nom"
      FROM "InstancesWorkflow" AS "i"
      INNER JOIN "DefinitionsWorkflow" AS "d" ON "i"."DefinitionWorkflowId" = "d"."Id"
      LEFT JOIN (
          SELECT "e"."Id", "e"."DateDebut", "e"."DateFin", "e"."DonneesEntree", "e"."DonneesSortie", "e"."Erreur", "e"."Etat", "e"."InstanceWorkflowId", "e"."NomTache", "e"."NombreTentatives", "e"."Ordre", "e"."TypeConnecteur"
          FROM "ExecutionsTache" AS "e"
          WHERE "e"."Etat" = 'EnErreur'
      ) AS "e0" ON "i"."Id" = "e0"."InstanceWorkflowId"
      WHERE "i"."Etat" = 'EnErreur'
      ORDER BY "i"."DateCreation" DESC, "i"."Id", "d"."Id"
dbug: Microsoft.EntityFrameworkCore.Database.Connection[20006]
      Created DbConnection. (62ms).
dbug: Microsoft.EntityFrameworkCore.Database.Connection[20000]
      Opening connection to database 'main' on server 'oam_dev.db'.
info: Microsoft.EntityFrameworkCore.Database.Command[20101]
      Executed DbCommand (61ms) [Parameters=[], CommandType='Text', CommandTimeout='30']
      SELECT "i"."Id", "i"."ContexteExecution", "i"."CorrelationId", "i"."DateCreation", "i"."DateDebut", "i"."DateFin", "i"."DefinitionWorkflowId", "i"."DonneesEntree", "i"."Erreur", "i"."Etat", "i"."HashVersionConfig", "d"."Id", "e0"."Id", "e0"."DateDebut", "e0"."DateFin", "e0"."DonneesEntree", "e0"."DonneesSortie", "e0"."Erreur", "e0"."Etat", "e0"."InstanceWorkflowId", "e0"."NomTache", "e0"."NombreTentatives", "e0"."Ordre", "e0"."TypeConnecteur", "d"."Actif", "d"."ContenuYaml", "d"."DateCreation", "d"."DateModification", "d"."Description", "d"."Equipe", "d"."HashVersion", "d"."Nom"
      FROM "InstancesWorkflow" AS "i"
      INNER JOIN "DefinitionsWorkflow" AS "d" ON "i"."DefinitionWorkflowId" = "d"."Id"
      LEFT JOIN (
          SELECT "e"."Id", "e"."DateDebut", "e"."DateFin", "e"."DonneesEntree", "e"."DonneesSortie", "e"."Erreur", "e"."Etat", "e"."InstanceWorkflowId", "e"."NomTache", "e"."NombreTentatives", "e"."Ordre", "e"."TypeConnecteur"
          FROM "ExecutionsTache" AS "e"
          WHERE "e"."Etat" = 'EnErreur'
      ) AS "e0" ON "i"."Id" = "e0"."InstanceWorkflowId"
      WHERE "i"."Etat" = 'EnErreur'
      ORDER BY "i"."DateCreation" DESC, "i"."Id", "d"."Id"
dbug: Microsoft.EntityFrameworkCore.ChangeTracking[10806]
      Context 'OamDbContext' started tracking 'ExecutionTache' entity. Consider using 'DbContextOptionsBuilder.EnableSensitiveDataLogging' to see key values.
dbug: Microsoft.EntityFrameworkCore.Database.Connection[20001]
      Opened connection to database 'main' on server 'C:\OAM\src\OAM.Api\oam_dev.db'.
dbug: Microsoft.EntityFrameworkCore.Database.Connection[20007]
      Disposing connection to database 'main' on server 'oam_dev.db'.
dbug: Microsoft.EntityFrameworkCore.Database.Connection[20008]
      Disposed connection to database 'main' on server 'oam_dev.db' (1ms).
dbug: Microsoft.EntityFrameworkCore.ChangeTracking[10806]
      Context 'OamDbContext' started tracking 'InstanceWorkflow' entity. Consider using 'DbContextOptionsBuilder.EnableSensitiveDataLogging' to see key values.
dbug: Microsoft.EntityFrameworkCore.Database.Connection[20005]
      Creating DbConnection.
dbug: Microsoft.EntityFrameworkCore.Database.Command[20103]
      Creating DbCommand for 'ExecuteReader'.
dbug: Microsoft.EntityFrameworkCore.ChangeTracking[10806]
      Context 'OamDbContext' started tracking 'InstanceWorkflow' entity. Consider using 'DbContextOptionsBuilder.EnableSensitiveDataLogging' to see key values.
dbug: Microsoft.EntityFrameworkCore.Database.Connection[20006]
      Created DbConnection. (30ms).
dbug: Microsoft.EntityFrameworkCore.Database.Command[20104]
      Created DbCommand for 'ExecuteReader' (60ms).
dbug: Microsoft.EntityFrameworkCore.Database.Connection[20000]
      Opening connection to database 'main' on server 'oam_dev.db'.
dbug: Microsoft.EntityFrameworkCore.ChangeTracking[10805]
      The navigation 'InstanceWorkflow.DefinitionWorkflow' was detected as changed. Consider using 'DbContextOptionsBuilder.EnableSensitiveDataLogging' to see key values.
dbug: Microsoft.EntityFrameworkCore.Database.Command[20106]
      Initialized DbCommand for 'ExecuteReader' (65ms).
dbug: Microsoft.EntityFrameworkCore.Database.Connection[20001]
      Opened connection to database 'main' on server 'C:\OAM\src\OAM.Api\oam_dev.db'.
info: Microsoft.AspNetCore.Hosting.Diagnostics[2]
      Request finished HTTP/1.1 GET http://localhost:5000/api/definitions - 200 - application/json;+charset=utf-8 1632.5729ms
dbug: Microsoft.EntityFrameworkCore.Database.Command[20100]
      Executing DbCommand [Parameters=[], CommandType='Text', CommandTimeout='30']
      SELECT "i"."Id", "i"."ContexteExecution", "i"."CorrelationId", "i"."DateCreation", "i"."DateDebut", "i"."DateFin", "i"."DefinitionWorkflowId", "i"."DonneesEntree", "i"."Erreur", "i"."Etat", "i"."HashVersionConfig", "d"."Id", "d"."Actif", "d"."ContenuYaml", "d"."DateCreation", "d"."DateModification", "d"."Description", "d"."Equipe", "d"."HashVersion", "d"."Nom"
      FROM "InstancesWorkflow" AS "i"
      INNER JOIN "DefinitionsWorkflow" AS "d" ON "i"."DefinitionWorkflowId" = "d"."Id"
      ORDER BY "i"."DateCreation" DESC
dbug: Microsoft.EntityFrameworkCore.ChangeTracking[10806]
      Context 'OamDbContext' started tracking 'ExecutionTache' entity. Consider using 'DbContextOptionsBuilder.EnableSensitiveDataLogging' to see key values.
dbug: Microsoft.EntityFrameworkCore.Database.Command[20103]
      Creating DbCommand for 'ExecuteReader'.
info: Microsoft.EntityFrameworkCore.Database.Command[20101]
      Executed DbCommand (6ms) [Parameters=[], CommandType='Text', CommandTimeout='30']
      SELECT "i"."Id", "i"."ContexteExecution", "i"."CorrelationId", "i"."DateCreation", "i"."DateDebut", "i"."DateFin", "i"."DefinitionWorkflowId", "i"."DonneesEntree", "i"."Erreur", "i"."Etat", "i"."HashVersionConfig", "d"."Id", "d"."Actif", "d"."ContenuYaml", "d"."DateCreation", "d"."DateModification", "d"."Description", "d"."Equipe", "d"."HashVersion", "d"."Nom"
      FROM "InstancesWorkflow" AS "i"
      INNER JOIN "DefinitionsWorkflow" AS "d" ON "i"."DefinitionWorkflowId" = "d"."Id"
      ORDER BY "i"."DateCreation" DESC
dbug: Microsoft.EntityFrameworkCore.ChangeTracking[10806]
      Context 'OamDbContext' started tracking 'InstanceWorkflow' entity. Consider using 'DbContextOptionsBuilder.EnableSensitiveDataLogging' to see key values.
dbug: Microsoft.EntityFrameworkCore.ChangeTracking[10806]
      Context 'OamDbContext' started tracking 'DefinitionWorkflow' entity. Consider using 'DbContextOptionsBuilder.EnableSensitiveDataLogging' to see key values.
dbug: Microsoft.EntityFrameworkCore.Database.Command[20104]
      Created DbCommand for 'ExecuteReader' (27ms).
info: Microsoft.AspNetCore.Routing.EndpointMiddleware[0]
      Executing endpoint 'HTTP: GET /api/instances/erreurs'
dbug: Microsoft.EntityFrameworkCore.ChangeTracking[10806]
      Context 'OamDbContext' started tracking 'ExecutionTache' entity. Consider using 'DbContextOptionsBuilder.EnableSensitiveDataLogging' to see key values.
dbug: Microsoft.EntityFrameworkCore.Infrastructure[10403]
      Entity Framework Core 10.0.5 initialized 'OamDbContext' using provider 'Microsoft.EntityFrameworkCore.Sqlite:10.0.5' with options: None
dbug: Microsoft.EntityFrameworkCore.Infrastructure[10403]
      Entity Framework Core 10.0.5 initialized 'OamDbContext' using provider 'Microsoft.EntityFrameworkCore.Sqlite:10.0.5' with options: None
dbug: Microsoft.EntityFrameworkCore.ChangeTracking[10806]
      Context 'OamDbContext' started tracking 'ExecutionTache' entity. Consider using 'DbContextOptionsBuilder.EnableSensitiveDataLogging' to see key values.
dbug: Microsoft.EntityFrameworkCore.ChangeTracking[10806]
      Context 'OamDbContext' started tracking 'InstanceWorkflow' entity. Consider using 'DbContextOptionsBuilder.EnableSensitiveDataLogging' to see key values.
dbug: Microsoft.EntityFrameworkCore.ChangeTracking[10806]
      Context 'OamDbContext' started tracking 'ExecutionTache' entity. Consider using 'DbContextOptionsBuilder.EnableSensitiveDataLogging' to see key values.
dbug: Microsoft.EntityFrameworkCore.Database.Command[20106]
      Initialized DbCommand for 'ExecuteReader' (135ms).
dbug: Microsoft.EntityFrameworkCore.Database.Command[20100]
      Executing DbCommand [Parameters=[], CommandType='Text', CommandTimeout='30']
      SELECT "d"."Id", "d"."Actif", "d"."ContenuYaml", "d"."DateCreation", "d"."DateModification", "d"."Description", "d"."Equipe", "d"."HashVersion", "d"."Nom"
      FROM "DefinitionsWorkflow" AS "d"
      WHERE "d"."Actif"
      ORDER BY "d"."Nom"
info: Microsoft.EntityFrameworkCore.Database.Command[20101]
      Executed DbCommand (60ms) [Parameters=[], CommandType='Text', CommandTimeout='30']
      SELECT "d"."Id", "d"."Actif", "d"."ContenuYaml", "d"."DateCreation", "d"."DateModification", "d"."Description", "d"."Equipe", "d"."HashVersion", "d"."Nom"
      FROM "DefinitionsWorkflow" AS "d"
      WHERE "d"."Actif"
      ORDER BY "d"."Nom"
dbug: Microsoft.EntityFrameworkCore.ChangeTracking[10806]
      Context 'OamDbContext' started tracking 'InstanceWorkflow' entity. Consider using 'DbContextOptionsBuilder.EnableSensitiveDataLogging' to see key values.
dbug: Microsoft.EntityFrameworkCore.ChangeTracking[10806]
      Context 'OamDbContext' started tracking 'InstanceWorkflow' entity. Consider using 'DbContextOptionsBuilder.EnableSensitiveDataLogging' to see key values.
dbug: Microsoft.EntityFrameworkCore.ChangeTracking[10806]
      Context 'OamDbContext' started tracking 'InstanceWorkflow' entity. Consider using 'DbContextOptionsBuilder.EnableSensitiveDataLogging' to see key values.
dbug: Microsoft.EntityFrameworkCore.ChangeTracking[10806]
      Context 'OamDbContext' started tracking 'DefinitionWorkflow' entity. Consider using 'DbContextOptionsBuilder.EnableSensitiveDataLogging' to see key values.
dbug: Microsoft.EntityFrameworkCore.ChangeTracking[10805]
      The navigation 'InstanceWorkflow.DefinitionWorkflow' was detected as changed. Consider using 'DbContextOptionsBuilder.EnableSensitiveDataLogging' to see key values.
dbug: Microsoft.EntityFrameworkCore.Database.Command[20301]
      Closing data reader to 'main' on server 'C:\OAM\src\OAM.Api\oam_dev.db'.
dbug: Microsoft.EntityFrameworkCore.ChangeTracking[10806]
      Context 'OamDbContext' started tracking 'ExecutionTache' entity. Consider using 'DbContextOptionsBuilder.EnableSensitiveDataLogging' to see key values.
dbug: Microsoft.EntityFrameworkCore.ChangeTracking[10806]
      Context 'OamDbContext' started tracking 'ExecutionTache' entity. Consider using 'DbContextOptionsBuilder.EnableSensitiveDataLogging' to see key values.
dbug: Microsoft.EntityFrameworkCore.Database.Connection[20005]
      Creating DbConnection.
dbug: Microsoft.EntityFrameworkCore.Database.Command[20300]
      A data reader for 'main' on server 'C:\OAM\src\OAM.Api\oam_dev.db' is being disposed after spending 122ms reading results.
dbug: Microsoft.EntityFrameworkCore.Database.Command[20301]
      Closing data reader to 'main' on server 'C:\OAM\src\OAM.Api\oam_dev.db'.
dbug: Microsoft.EntityFrameworkCore.ChangeTracking[10806]
      Context 'OamDbContext' started tracking 'DefinitionWorkflow' entity. Consider using 'DbContextOptionsBuilder.EnableSensitiveDataLogging' to see key values.
dbug: Microsoft.EntityFrameworkCore.Database.Connection[20005]
      Creating DbConnection.
dbug: Microsoft.EntityFrameworkCore.Database.Command[20300]
      A data reader for 'main' on server 'C:\OAM\src\OAM.Api\oam_dev.db' is being disposed after spending 845ms reading results.
dbug: Microsoft.EntityFrameworkCore.Database.Connection[20002]
      Closing connection to database 'main' on server 'C:\OAM\src\OAM.Api\oam_dev.db'.
dbug: Microsoft.EntityFrameworkCore.Database.Connection[20002]
      Closing connection to database 'main' on server 'C:\OAM\src\OAM.Api\oam_dev.db'.
dbug: Microsoft.EntityFrameworkCore.Database.Connection[20003]
      Closed connection to database 'main' on server 'oam_dev.db' (3ms).
dbug: Microsoft.EntityFrameworkCore.Database.Connection[20006]
      Created DbConnection. (124ms).
info: Microsoft.AspNetCore.Http.Result.OkObjectResult[1]
      Setting HTTP status code 200.
info: Microsoft.AspNetCore.Http.Result.OkObjectResult[3]
      Writing value of type 'ListSelectIterator`2' as Json.
dbug: Microsoft.EntityFrameworkCore.ChangeTracking[10806]
      Context 'OamDbContext' started tracking 'InstanceWorkflow' entity. Consider using 'DbContextOptionsBuilder.EnableSensitiveDataLogging' to see key values.
dbug: Microsoft.EntityFrameworkCore.Database.Connection[20003]
      Closed connection to database 'main' on server 'oam_dev.db' (119ms).
dbug: Microsoft.EntityFrameworkCore.Database.Connection[20000]
      Opening connection to database 'main' on server 'oam_dev.db'.
info: Microsoft.AspNetCore.Http.Result.OkObjectResult[1]
      Setting HTTP status code 200.
info: Microsoft.AspNetCore.Http.Result.OkObjectResult[3]
      Writing value of type 'ListSelectIterator`2' as Json.
dbug: Microsoft.EntityFrameworkCore.Database.Connection[20001]
      Opened connection to database 'main' on server 'C:\OAM\src\OAM.Api\oam_dev.db'.
info: Microsoft.AspNetCore.Routing.EndpointMiddleware[1]
      Executed endpoint 'HTTP: GET /api/definitions/'
dbug: Microsoft.EntityFrameworkCore.ChangeTracking[10806]
      Context 'OamDbContext' started tracking 'InstanceWorkflow' entity. Consider using 'DbContextOptionsBuilder.EnableSensitiveDataLogging' to see key values.
dbug: Microsoft.EntityFrameworkCore.Database.Command[20103]
      Creating DbCommand for 'ExecuteReader'.
dbug: Microsoft.EntityFrameworkCore.Database.Connection[20006]
      Created DbConnection. (159ms).
dbug: Microsoft.EntityFrameworkCore.Infrastructure[10407]
      'OamDbContext' disposed.
dbug: Microsoft.EntityFrameworkCore.Database.Connection[20007]
      Disposing connection to database 'main' on server 'oam_dev.db'.
dbug: Microsoft.EntityFrameworkCore.Database.Command[20104]
      Created DbCommand for 'ExecuteReader' (58ms).
dbug: Microsoft.EntityFrameworkCore.Database.Connection[20008]
      Disposed connection to database 'main' on server 'oam_dev.db' (2ms).
dbug: Microsoft.EntityFrameworkCore.Database.Connection[20000]
      Opening connection to database 'main' on server 'oam_dev.db'.
info: Microsoft.AspNetCore.Hosting.Diagnostics[2]
      Request finished HTTP/1.1 GET http://localhost:5000/api/definitions - 200 - application/json;+charset=utf-8 1039.7489ms
dbug: Microsoft.EntityFrameworkCore.ChangeTracking[10806]
      Context 'OamDbContext' started tracking 'InstanceWorkflow' entity. Consider using 'DbContextOptionsBuilder.EnableSensitiveDataLogging' to see key values.
dbug: Microsoft.EntityFrameworkCore.Database.Command[20106]
      Initialized DbCommand for 'ExecuteReader' (91ms).
dbug: Microsoft.EntityFrameworkCore.Database.Command[20100]
      Executing DbCommand [Parameters=[], CommandType='Text', CommandTimeout='30']
      SELECT "i"."Id", "i"."ContexteExecution", "i"."CorrelationId", "i"."DateCreation", "i"."DateDebut", "i"."DateFin", "i"."DefinitionWorkflowId", "i"."DonneesEntree", "i"."Erreur", "i"."Etat", "i"."HashVersionConfig", "d"."Id", "e0"."Id", "e0"."DateDebut", "e0"."DateFin", "e0"."DonneesEntree", "e0"."DonneesSortie", "e0"."Erreur", "e0"."Etat", "e0"."InstanceWorkflowId", "e0"."NomTache", "e0"."NombreTentatives", "e0"."Ordre", "e0"."TypeConnecteur", "d"."Actif", "d"."ContenuYaml", "d"."DateCreation", "d"."DateModification", "d"."Description", "d"."Equipe", "d"."HashVersion", "d"."Nom"
      FROM "InstancesWorkflow" AS "i"
      INNER JOIN "DefinitionsWorkflow" AS "d" ON "i"."DefinitionWorkflowId" = "d"."Id"
      LEFT JOIN (
          SELECT "e"."Id", "e"."DateDebut", "e"."DateFin", "e"."DonneesEntree", "e"."DonneesSortie", "e"."Erreur", "e"."Etat", "e"."InstanceWorkflowId", "e"."NomTache", "e"."NombreTentatives", "e"."Ordre", "e"."TypeConnecteur"
          FROM "ExecutionsTache" AS "e"
          WHERE "e"."Etat" = 'EnErreur'
      ) AS "e0" ON "i"."Id" = "e0"."InstanceWorkflowId"
      WHERE "i"."Etat" = 'EnErreur'
      ORDER BY "i"."DateCreation" DESC, "i"."Id", "d"."Id"
dbug: Microsoft.EntityFrameworkCore.ChangeTracking[10806]
      Context 'OamDbContext' started tracking 'InstanceWorkflow' entity. Consider using 'DbContextOptionsBuilder.EnableSensitiveDataLogging' to see key values.
info: Microsoft.AspNetCore.Routing.EndpointMiddleware[1]
      Executed endpoint 'HTTP: GET /api/instances/erreurs'
dbug: Microsoft.EntityFrameworkCore.Database.Connection[20001]
      Opened connection to database 'main' on server 'C:\OAM\src\OAM.Api\oam_dev.db'.
dbug: Microsoft.EntityFrameworkCore.Database.Command[20103]
      Creating DbCommand for 'ExecuteReader'.
dbug: Microsoft.EntityFrameworkCore.Database.Command[20104]
      Created DbCommand for 'ExecuteReader' (27ms).
dbug: Microsoft.EntityFrameworkCore.ChangeTracking[10806]
      Context 'OamDbContext' started tracking 'InstanceWorkflow' entity. Consider using 'DbContextOptionsBuilder.EnableSensitiveDataLogging' to see key values.
dbug: Microsoft.EntityFrameworkCore.Infrastructure[10407]
      'OamDbContext' disposed.
dbug: Microsoft.EntityFrameworkCore.ChangeTracking[10806]
      Context 'OamDbContext' started tracking 'InstanceWorkflow' entity. Consider using 'DbContextOptionsBuilder.EnableSensitiveDataLogging' to see key values.
dbug: Microsoft.EntityFrameworkCore.Database.Connection[20007]
      Disposing connection to database 'main' on server 'oam_dev.db'.
dbug: Microsoft.EntityFrameworkCore.Database.Connection[20008]
      Disposed connection to database 'main' on server 'oam_dev.db' (1ms).
dbug: Microsoft.EntityFrameworkCore.ChangeTracking[10806]
      Context 'OamDbContext' started tracking 'ExecutionTache' entity. Consider using 'DbContextOptionsBuilder.EnableSensitiveDataLogging' to see key values.
dbug: Microsoft.EntityFrameworkCore.ChangeTracking[10806]
      Context 'OamDbContext' started tracking 'InstanceWorkflow' entity. Consider using 'DbContextOptionsBuilder.EnableSensitiveDataLogging' to see key values.
info: Microsoft.AspNetCore.Hosting.Diagnostics[2]
      Request finished HTTP/1.1 GET http://localhost:5000/api/instances/erreurs - 200 - application/json;+charset=utf-8 1842.8271ms
info: Microsoft.AspNetCore.Cors.Infrastructure.CorsService[4]
      CORS policy execution successful.
dbug: Microsoft.EntityFrameworkCore.ChangeTracking[10806]
      Context 'OamDbContext' started tracking 'InstanceWorkflow' entity. Consider using 'DbContextOptionsBuilder.EnableSensitiveDataLogging' to see key values.
info: Microsoft.EntityFrameworkCore.Database.Command[20101]
      Executed DbCommand (182ms) [Parameters=[], CommandType='Text', CommandTimeout='30']
      SELECT "i"."Id", "i"."ContexteExecution", "i"."CorrelationId", "i"."DateCreation", "i"."DateDebut", "i"."DateFin", "i"."DefinitionWorkflowId", "i"."DonneesEntree", "i"."Erreur", "i"."Etat", "i"."HashVersionConfig", "d"."Id", "e0"."Id", "e0"."DateDebut", "e0"."DateFin", "e0"."DonneesEntree", "e0"."DonneesSortie", "e0"."Erreur", "e0"."Etat", "e0"."InstanceWorkflowId", "e0"."NomTache", "e0"."NombreTentatives", "e0"."Ordre", "e0"."TypeConnecteur", "d"."Actif", "d"."ContenuYaml", "d"."DateCreation", "d"."DateModification", "d"."Description", "d"."Equipe", "d"."HashVersion", "d"."Nom"
      FROM "InstancesWorkflow" AS "i"
      INNER JOIN "DefinitionsWorkflow" AS "d" ON "i"."DefinitionWorkflowId" = "d"."Id"
      LEFT JOIN (
          SELECT "e"."Id", "e"."DateDebut", "e"."DateFin", "e"."DonneesEntree", "e"."DonneesSortie", "e"."Erreur", "e"."Etat", "e"."InstanceWorkflowId", "e"."NomTache", "e"."NombreTentatives", "e"."Ordre", "e"."TypeConnecteur"
          FROM "ExecutionsTache" AS "e"
          WHERE "e"."Etat" = 'EnErreur'
      ) AS "e0" ON "i"."Id" = "e0"."InstanceWorkflowId"
      WHERE "i"."Etat" = 'EnErreur'
      ORDER BY "i"."DateCreation" DESC, "i"."Id", "d"."Id"
dbug: Microsoft.EntityFrameworkCore.ChangeTracking[10806]
      Context 'OamDbContext' started tracking 'InstanceWorkflow' entity. Consider using 'DbContextOptionsBuilder.EnableSensitiveDataLogging' to see key values.
dbug: Microsoft.EntityFrameworkCore.Database.Command[20106]
      Initialized DbCommand for 'ExecuteReader' (245ms).
dbug: Microsoft.EntityFrameworkCore.ChangeTracking[10806]
      Context 'OamDbContext' started tracking 'InstanceWorkflow' entity. Consider using 'DbContextOptionsBuilder.EnableSensitiveDataLogging' to see key values.
dbug: Microsoft.EntityFrameworkCore.ChangeTracking[10806]
      Context 'OamDbContext' started tracking 'InstanceWorkflow' entity. Consider using 'DbContextOptionsBuilder.EnableSensitiveDataLogging' to see key values.
info: Microsoft.AspNetCore.Routing.EndpointMiddleware[0]
      Executing endpoint '/hubs/workflow/negotiate'
dbug: Microsoft.EntityFrameworkCore.Database.Command[20301]
      Closing data reader to 'main' on server 'C:\OAM\src\OAM.Api\oam_dev.db'.
dbug: Microsoft.EntityFrameworkCore.ChangeTracking[10805]
      The navigation 'InstanceWorkflow.DefinitionWorkflow' was detected as changed. Consider using 'DbContextOptionsBuilder.EnableSensitiveDataLogging' to see key values.
dbug: Microsoft.EntityFrameworkCore.ChangeTracking[10806]
      Context 'OamDbContext' started tracking 'DefinitionWorkflow' entity. Consider using 'DbContextOptionsBuilder.EnableSensitiveDataLogging' to see key values.
dbug: Microsoft.EntityFrameworkCore.Database.Command[20100]
      Executing DbCommand [Parameters=[], CommandType='Text', CommandTimeout='30']
      SELECT "d"."Id", "d"."Actif", "d"."ContenuYaml", "d"."DateCreation", "d"."DateModification", "d"."Description", "d"."Equipe", "d"."HashVersion", "d"."Nom"
      FROM "DefinitionsWorkflow" AS "d"
      WHERE "d"."Actif"
      ORDER BY "d"."Nom"
dbug: Microsoft.EntityFrameworkCore.ChangeTracking[10806]
      Context 'OamDbContext' started tracking 'InstanceWorkflow' entity. Consider using 'DbContextOptionsBuilder.EnableSensitiveDataLogging' to see key values.
info: Microsoft.AspNetCore.Routing.EndpointMiddleware[1]
      Executed endpoint '/hubs/workflow/negotiate'
info: Microsoft.EntityFrameworkCore.Database.Command[20101]
      Executed DbCommand (4ms) [Parameters=[], CommandType='Text', CommandTimeout='30']
      SELECT "d"."Id", "d"."Actif", "d"."ContenuYaml", "d"."DateCreation", "d"."DateModification", "d"."Description", "d"."Equipe", "d"."HashVersion", "d"."Nom"
      FROM "DefinitionsWorkflow" AS "d"
      WHERE "d"."Actif"
      ORDER BY "d"."Nom"
info: Microsoft.AspNetCore.Hosting.Diagnostics[2]
      Request finished HTTP/1.1 POST http://localhost:5173/hubs/workflow/negotiate?negotiateVersion=1 - 200 316 application/json 19123.2309ms
dbug: Microsoft.EntityFrameworkCore.ChangeTracking[10806]
      Context 'OamDbContext' started tracking 'ExecutionTache' entity. Consider using 'DbContextOptionsBuilder.EnableSensitiveDataLogging' to see key values.
dbug: Microsoft.EntityFrameworkCore.ChangeTracking[10806]
      Context 'OamDbContext' started tracking 'InstanceWorkflow' entity. Consider using 'DbContextOptionsBuilder.EnableSensitiveDataLogging' to see key values.
dbug: Microsoft.EntityFrameworkCore.ChangeTracking[10806]
      Context 'OamDbContext' started tracking 'DefinitionWorkflow' entity. Consider using 'DbContextOptionsBuilder.EnableSensitiveDataLogging' to see key values.
info: Microsoft.AspNetCore.Cors.Infrastructure.CorsService[4]
      CORS policy execution successful.
dbug: Microsoft.EntityFrameworkCore.Database.Command[20301]
      Closing data reader to 'main' on server 'C:\OAM\src\OAM.Api\oam_dev.db'.
dbug: Microsoft.EntityFrameworkCore.ChangeTracking[10806]
      Context 'OamDbContext' started tracking 'InstanceWorkflow' entity. Consider using 'DbContextOptionsBuilder.EnableSensitiveDataLogging' to see key values.
dbug: Microsoft.EntityFrameworkCore.ChangeTracking[10806]
      Context 'OamDbContext' started tracking 'InstanceWorkflow' entity. Consider using 'DbContextOptionsBuilder.EnableSensitiveDataLogging' to see key values.
dbug: Microsoft.EntityFrameworkCore.ChangeTracking[10806]
      Context 'OamDbContext' started tracking 'ExecutionTache' entity. Consider using 'DbContextOptionsBuilder.EnableSensitiveDataLogging' to see key values.
dbug: Microsoft.EntityFrameworkCore.ChangeTracking[10806]
      Context 'OamDbContext' started tracking 'InstanceWorkflow' entity. Consider using 'DbContextOptionsBuilder.EnableSensitiveDataLogging' to see key values.
dbug: Microsoft.EntityFrameworkCore.ChangeTracking[10806]
      Context 'OamDbContext' started tracking 'ExecutionTache' entity. Consider using 'DbContextOptionsBuilder.EnableSensitiveDataLogging' to see key values.
dbug: Microsoft.EntityFrameworkCore.Database.Command[20300]
      A data reader for 'main' on server 'C:\OAM\src\OAM.Api\oam_dev.db' is being disposed after spending 65ms reading results.
dbug: Microsoft.EntityFrameworkCore.ChangeTracking[10806]
      Context 'OamDbContext' started tracking 'InstanceWorkflow' entity. Consider using 'DbContextOptionsBuilder.EnableSensitiveDataLogging' to see key values.
dbug: Microsoft.EntityFrameworkCore.Database.Connection[20002]
      Closing connection to database 'main' on server 'C:\OAM\src\OAM.Api\oam_dev.db'.
dbug: Microsoft.EntityFrameworkCore.Database.Connection[20003]
      Closed connection to database 'main' on server 'oam_dev.db' (1ms).
info: Microsoft.AspNetCore.Http.Result.OkObjectResult[1]
      Setting HTTP status code 200.
info: Microsoft.AspNetCore.Routing.EndpointMiddleware[0]
      Executing endpoint '/hubs/workflow/negotiate'
dbug: Microsoft.EntityFrameworkCore.ChangeTracking[10806]
      Context 'OamDbContext' started tracking 'ExecutionTache' entity. Consider using 'DbContextOptionsBuilder.EnableSensitiveDataLogging' to see key values.
dbug: Microsoft.EntityFrameworkCore.ChangeTracking[10806]
      Context 'OamDbContext' started tracking 'InstanceWorkflow' entity. Consider using 'DbContextOptionsBuilder.EnableSensitiveDataLogging' to see key values.
dbug: Microsoft.EntityFrameworkCore.Database.Command[20300]
      A data reader for 'main' on server 'C:\OAM\src\OAM.Api\oam_dev.db' is being disposed after spending 13845ms reading results.
dbug: Microsoft.EntityFrameworkCore.ChangeTracking[10806]
      Context 'OamDbContext' started tracking 'ExecutionTache' entity. Consider using 'DbContextOptionsBuilder.EnableSensitiveDataLogging' to see key values.
info: Microsoft.AspNetCore.Routing.EndpointMiddleware[1]
      Executed endpoint '/hubs/workflow/negotiate'
dbug: Microsoft.EntityFrameworkCore.ChangeTracking[10806]
      Context 'OamDbContext' started tracking 'InstanceWorkflow' entity. Consider using 'DbContextOptionsBuilder.EnableSensitiveDataLogging' to see key values.
dbug: Microsoft.EntityFrameworkCore.ChangeTracking[10806]
      Context 'OamDbContext' started tracking 'InstanceWorkflow' entity. Consider using 'DbContextOptionsBuilder.EnableSensitiveDataLogging' to see key values.
dbug: Microsoft.EntityFrameworkCore.Database.Connection[20002]
      Closing connection to database 'main' on server 'C:\OAM\src\OAM.Api\oam_dev.db'.
dbug: Microsoft.EntityFrameworkCore.ChangeTracking[10806]
      Context 'OamDbContext' started tracking 'InstanceWorkflow' entity. Consider using 'DbContextOptionsBuilder.EnableSensitiveDataLogging' to see key values.
dbug: Microsoft.EntityFrameworkCore.ChangeTracking[10806]
      Context 'OamDbContext' started tracking 'InstanceWorkflow' entity. Consider using 'DbContextOptionsBuilder.EnableSensitiveDataLogging' to see key values.
info: Microsoft.AspNetCore.Hosting.Diagnostics[2]
      Request finished HTTP/1.1 POST http://localhost:5173/hubs/workflow/negotiate?negotiateVersion=1 - 200 316 application/json 19357.4081ms
dbug: Microsoft.EntityFrameworkCore.ChangeTracking[10806]
      Context 'OamDbContext' started tracking 'ExecutionTache' entity. Consider using 'DbContextOptionsBuilder.EnableSensitiveDataLogging' to see key values.
dbug: Microsoft.EntityFrameworkCore.ChangeTracking[10806]
      Context 'OamDbContext' started tracking 'InstanceWorkflow' entity. Consider using 'DbContextOptionsBuilder.EnableSensitiveDataLogging' to see key values.
info: Microsoft.AspNetCore.Routing.EndpointMiddleware[0]
      Executing endpoint 'HTTP: GET /api/definitions/'
dbug: Microsoft.EntityFrameworkCore.Database.Command[20301]
      Closing data reader to 'main' on server 'C:\OAM\src\OAM.Api\oam_dev.db'.
dbug: Microsoft.EntityFrameworkCore.Database.Command[20300]
      A data reader for 'main' on server 'C:\OAM\src\OAM.Api\oam_dev.db' is being disposed after spending 410ms reading results.
dbug: Microsoft.EntityFrameworkCore.Database.Connection[20002]
      Closing connection to database 'main' on server 'C:\OAM\src\OAM.Api\oam_dev.db'.
dbug: Microsoft.EntityFrameworkCore.Database.Connection[20003]
      Closed connection to database 'main' on server 'oam_dev.db' (62ms).
info: Microsoft.AspNetCore.Http.Result.OkObjectResult[1]
      Setting HTTP status code 200.
dbug: Microsoft.EntityFrameworkCore.Database.Command[20301]
      Closing data reader to 'main' on server 'C:\OAM\src\OAM.Api\oam_dev.db'.
info: Microsoft.AspNetCore.Http.Result.OkObjectResult[3]
      Writing value of type 'ListSelectIterator`2' as Json.
info: Microsoft.AspNetCore.Routing.EndpointMiddleware[0]
      Executing endpoint 'HTTP: GET /api/definitions/'
dbug: Microsoft.EntityFrameworkCore.Database.Command[20300]
      A data reader for 'main' on server 'C:\OAM\src\OAM.Api\oam_dev.db' is being disposed after spending 1341ms reading results.
dbug: Microsoft.EntityFrameworkCore.Database.Connection[20002]
      Closing connection to database 'main' on server 'C:\OAM\src\OAM.Api\oam_dev.db'.
info: Microsoft.AspNetCore.Routing.EndpointMiddleware[0]
      Executing endpoint 'HTTP: GET /api/instances/erreurs'
dbug: Microsoft.EntityFrameworkCore.Infrastructure[10403]
      Entity Framework Core 10.0.5 initialized 'OamDbContext' using provider 'Microsoft.EntityFrameworkCore.Sqlite:10.0.5' with options: None
dbug: Microsoft.EntityFrameworkCore.Database.Connection[20003]
      Closed connection to database 'main' on server 'oam_dev.db' (30ms).
info: Microsoft.AspNetCore.Http.Result.OkObjectResult[1]
      Setting HTTP status code 200.
info: Microsoft.AspNetCore.Http.Result.OkObjectResult[3]
      Writing value of type 'ListSelectIterator`2' as Json.
dbug: Microsoft.EntityFrameworkCore.Database.Connection[20005]
      Creating DbConnection.
dbug: Microsoft.EntityFrameworkCore.Database.Connection[20006]
      Created DbConnection. (62ms).
info: Microsoft.AspNetCore.Http.Result.OkObjectResult[3]
      Writing value of type 'ListSelectIterator`2' as Json.
dbug: Microsoft.EntityFrameworkCore.Infrastructure[10403]
      Entity Framework Core 10.0.5 initialized 'OamDbContext' using provider 'Microsoft.EntityFrameworkCore.Sqlite:10.0.5' with options: None
dbug: Microsoft.EntityFrameworkCore.Database.Connection[20000]
      Opening connection to database 'main' on server 'oam_dev.db'.
info: Microsoft.AspNetCore.Routing.EndpointMiddleware[1]
      Executed endpoint 'HTTP: GET /api/instances/erreurs'
dbug: Microsoft.EntityFrameworkCore.Database.Connection[20001]
      Opened connection to database 'main' on server 'C:\OAM\src\OAM.Api\oam_dev.db'.
dbug: Microsoft.EntityFrameworkCore.Database.Command[20103]
      Creating DbCommand for 'ExecuteReader'.
info: Microsoft.AspNetCore.Routing.EndpointMiddleware[1]
      Executed endpoint 'HTTP: GET /api/definitions/'
dbug: Microsoft.EntityFrameworkCore.Database.Command[20104]
      Created DbCommand for 'ExecuteReader' (32ms).
dbug: Microsoft.EntityFrameworkCore.Infrastructure[10407]
      'OamDbContext' disposed.
dbug: Microsoft.EntityFrameworkCore.Database.Command[20106]
      Initialized DbCommand for 'ExecuteReader' (35ms).
dbug: Microsoft.EntityFrameworkCore.Database.Connection[20007]
      Disposing connection to database 'main' on server 'oam_dev.db'.
dbug: Microsoft.EntityFrameworkCore.Database.Command[20301]
      Closing data reader to 'main' on server 'C:\OAM\src\OAM.Api\oam_dev.db'.
dbug: Microsoft.EntityFrameworkCore.Database.Command[20100]
      Executing DbCommand [Parameters=[], CommandType='Text', CommandTimeout='30']
      SELECT "d"."Id", "d"."Actif", "d"."ContenuYaml", "d"."DateCreation", "d"."DateModification", "d"."Description", "d"."Equipe", "d"."HashVersion", "d"."Nom"
      FROM "DefinitionsWorkflow" AS "d"
      WHERE "d"."Actif"
      ORDER BY "d"."Nom"
dbug: Microsoft.EntityFrameworkCore.Database.Connection[20008]
      Disposed connection to database 'main' on server 'oam_dev.db' (2ms).
info: Microsoft.AspNetCore.Hosting.Diagnostics[2]
      Request finished HTTP/1.1 GET http://localhost:5000/api/instances/erreurs - 200 - application/json;+charset=utf-8 20017.3385ms
info: Microsoft.EntityFrameworkCore.Database.Command[20101]
      Executed DbCommand (4ms) [Parameters=[], CommandType='Text', CommandTimeout='30']
      SELECT "d"."Id", "d"."Actif", "d"."ContenuYaml", "d"."DateCreation", "d"."DateModification", "d"."Description", "d"."Equipe", "d"."HashVersion", "d"."Nom"
      FROM "DefinitionsWorkflow" AS "d"
      WHERE "d"."Actif"
      ORDER BY "d"."Nom"
info: Microsoft.AspNetCore.Routing.EndpointMiddleware[1]
      Executed endpoint 'HTTP: GET /api/instances/'
dbug: Microsoft.EntityFrameworkCore.Database.Command[20300]
      A data reader for 'main' on server 'C:\OAM\src\OAM.Api\oam_dev.db' is being disposed after spending 2003ms reading results.
dbug: Microsoft.EntityFrameworkCore.Database.Connection[20005]
      Creating DbConnection.
dbug: Microsoft.EntityFrameworkCore.Infrastructure[10407]
      'OamDbContext' disposed.
dbug: Microsoft.EntityFrameworkCore.Database.Connection[20006]
      Created DbConnection. (3ms).
info: Microsoft.AspNetCore.Cors.Infrastructure.CorsService[4]
      CORS policy execution successful.
dbug: Microsoft.EntityFrameworkCore.ChangeTracking[10806]
      Context 'OamDbContext' started tracking 'DefinitionWorkflow' entity. Consider using 'DbContextOptionsBuilder.EnableSensitiveDataLogging' to see key values.
dbug: Microsoft.EntityFrameworkCore.Database.Connection[20000]
      Opening connection to database 'main' on server 'oam_dev.db'.
dbug: Microsoft.EntityFrameworkCore.Infrastructure[10407]
      'OamDbContext' disposed.
dbug: Microsoft.EntityFrameworkCore.Database.Command[20301]
      Closing data reader to 'main' on server 'C:\OAM\src\OAM.Api\oam_dev.db'.
dbug: Microsoft.EntityFrameworkCore.Database.Connection[20007]
      Disposing connection to database 'main' on server 'oam_dev.db'.
dbug: Microsoft.EntityFrameworkCore.Database.Connection[20001]
      Opened connection to database 'main' on server 'C:\OAM\src\OAM.Api\oam_dev.db'.
dbug: Microsoft.EntityFrameworkCore.Database.Command[20300]
      A data reader for 'main' on server 'C:\OAM\src\OAM.Api\oam_dev.db' is being disposed after spending 34ms reading results.
dbug: Microsoft.EntityFrameworkCore.Database.Command[20103]
      Creating DbCommand for 'ExecuteReader'.
info: Microsoft.AspNetCore.Routing.EndpointMiddleware[0]
      Executing endpoint '/hubs/workflow/negotiate'
dbug: Microsoft.EntityFrameworkCore.Database.Connection[20008]
      Disposed connection to database 'main' on server 'oam_dev.db' (30ms).
dbug: Microsoft.EntityFrameworkCore.Database.Command[20104]
      Created DbCommand for 'ExecuteReader' (30ms).
dbug: Microsoft.EntityFrameworkCore.Database.Connection[20002]
      Closing connection to database 'main' on server 'C:\OAM\src\OAM.Api\oam_dev.db'.
dbug: Microsoft.EntityFrameworkCore.Database.Command[20106]
      Initialized DbCommand for 'ExecuteReader' (60ms).
info: Microsoft.AspNetCore.Hosting.Diagnostics[2]
      Request finished HTTP/1.1 GET http://localhost:5000/api/instances - 200 - application/json;+charset=utf-8 2548.5190ms
dbug: Microsoft.EntityFrameworkCore.Database.Connection[20003]
      Closed connection to database 'main' on server 'oam_dev.db' (33ms).
dbug: Microsoft.EntityFrameworkCore.Database.Command[20100]
      Executing DbCommand [Parameters=[], CommandType='Text', CommandTimeout='30']
      SELECT "i"."Id", "i"."ContexteExecution", "i"."CorrelationId", "i"."DateCreation", "i"."DateDebut", "i"."DateFin", "i"."DefinitionWorkflowId", "i"."DonneesEntree", "i"."Erreur", "i"."Etat", "i"."HashVersionConfig", "d"."Id", "e0"."Id", "e0"."DateDebut", "e0"."DateFin", "e0"."DonneesEntree", "e0"."DonneesSortie", "e0"."Erreur", "e0"."Etat", "e0"."InstanceWorkflowId", "e0"."NomTache", "e0"."NombreTentatives", "e0"."Ordre", "e0"."TypeConnecteur", "d"."Actif", "d"."ContenuYaml", "d"."DateCreation", "d"."DateModification", "d"."Description", "d"."Equipe", "d"."HashVersion", "d"."Nom"
      FROM "InstancesWorkflow" AS "i"
      INNER JOIN "DefinitionsWorkflow" AS "d" ON "i"."DefinitionWorkflowId" = "d"."Id"
      LEFT JOIN (
          SELECT "e"."Id", "e"."DateDebut", "e"."DateFin", "e"."DonneesEntree", "e"."DonneesSortie", "e"."Erreur", "e"."Etat", "e"."InstanceWorkflowId", "e"."NomTache", "e"."NombreTentatives", "e"."Ordre", "e"."TypeConnecteur"
          FROM "ExecutionsTache" AS "e"
          WHERE "e"."Etat" = 'EnErreur'
      ) AS "e0" ON "i"."Id" = "e0"."InstanceWorkflowId"
      WHERE "i"."Etat" = 'EnErreur'
      ORDER BY "i"."DateCreation" DESC, "i"."Id", "d"."Id"
info: Microsoft.AspNetCore.Http.Result.OkObjectResult[1]
      Setting HTTP status code 200.
info: Microsoft.AspNetCore.Http.Result.OkObjectResult[3]
      Writing value of type 'ListSelectIterator`2' as Json.
info: Microsoft.EntityFrameworkCore.Database.Command[20101]
      Executed DbCommand (57ms) [Parameters=[], CommandType='Text', CommandTimeout='30']
      SELECT "i"."Id", "i"."ContexteExecution", "i"."CorrelationId", "i"."DateCreation", "i"."DateDebut", "i"."DateFin", "i"."DefinitionWorkflowId", "i"."DonneesEntree", "i"."Erreur", "i"."Etat", "i"."HashVersionConfig", "d"."Id", "e0"."Id", "e0"."DateDebut", "e0"."DateFin", "e0"."DonneesEntree", "e0"."DonneesSortie", "e0"."Erreur", "e0"."Etat", "e0"."InstanceWorkflowId", "e0"."NomTache", "e0"."NombreTentatives", "e0"."Ordre", "e0"."TypeConnecteur", "d"."Actif", "d"."ContenuYaml", "d"."DateCreation", "d"."DateModification", "d"."Description", "d"."Equipe", "d"."HashVersion", "d"."Nom"
      FROM "InstancesWorkflow" AS "i"
      INNER JOIN "DefinitionsWorkflow" AS "d" ON "i"."DefinitionWorkflowId" = "d"."Id"
      LEFT JOIN (
          SELECT "e"."Id", "e"."DateDebut", "e"."DateFin", "e"."DonneesEntree", "e"."DonneesSortie", "e"."Erreur", "e"."Etat", "e"."InstanceWorkflowId", "e"."NomTache", "e"."NombreTentatives", "e"."Ordre", "e"."TypeConnecteur"
          FROM "ExecutionsTache" AS "e"
          WHERE "e"."Etat" = 'EnErreur'
      ) AS "e0" ON "i"."Id" = "e0"."InstanceWorkflowId"
      WHERE "i"."Etat" = 'EnErreur'
      ORDER BY "i"."DateCreation" DESC, "i"."Id", "d"."Id"
dbug: Microsoft.EntityFrameworkCore.Database.Connection[20007]
      Disposing connection to database 'main' on server 'oam_dev.db'.
info: Microsoft.AspNetCore.Routing.EndpointMiddleware[1]
      Executed endpoint '/hubs/workflow/negotiate'
dbug: Microsoft.EntityFrameworkCore.Database.Connection[20008]
      Disposed connection to database 'main' on server 'oam_dev.db' (27ms).
dbug: Microsoft.EntityFrameworkCore.ChangeTracking[10806]
      Context 'OamDbContext' started tracking 'InstanceWorkflow' entity. Consider using 'DbContextOptionsBuilder.EnableSensitiveDataLogging' to see key values.
info: Microsoft.AspNetCore.Hosting.Diagnostics[2]
      Request finished HTTP/1.1 POST http://localhost:5173/hubs/workflow/negotiate?negotiateVersion=1 - 200 316 application/json 20054.5878ms
info: Microsoft.AspNetCore.Hosting.Diagnostics[2]
      Request finished HTTP/1.1 GET http://localhost:5000/api/definitions - 200 - application/json;+charset=utf-8 20176.7190ms
info: Microsoft.AspNetCore.Cors.Infrastructure.CorsService[4]
      CORS policy execution successful.
info: Microsoft.AspNetCore.Routing.EndpointMiddleware[0]
      Executing endpoint 'HTTP: GET /api/instances/'
info: Microsoft.AspNetCore.Routing.EndpointMiddleware[0]
      Executing endpoint 'HTTP: GET /api/instances/erreurs'
info: Microsoft.AspNetCore.Routing.EndpointMiddleware[1]
      Executed endpoint 'HTTP: GET /api/definitions/'
info: Microsoft.AspNetCore.Routing.EndpointMiddleware[0]
      Executing endpoint '/hubs/workflow/negotiate'
info: Microsoft.AspNetCore.Routing.EndpointMiddleware[0]
      Executing endpoint 'HTTP: GET /api/definitions/'
dbug: Microsoft.EntityFrameworkCore.Infrastructure[10403]
      Entity Framework Core 10.0.5 initialized 'OamDbContext' using provider 'Microsoft.EntityFrameworkCore.Sqlite:10.0.5' with options: None
dbug: Microsoft.EntityFrameworkCore.Infrastructure[10403]
      Entity Framework Core 10.0.5 initialized 'OamDbContext' using provider 'Microsoft.EntityFrameworkCore.Sqlite:10.0.5' with options: None
dbug: Microsoft.EntityFrameworkCore.ChangeTracking[10805]
      The navigation 'InstanceWorkflow.DefinitionWorkflow' was detected as changed. Consider using 'DbContextOptionsBuilder.EnableSensitiveDataLogging' to see key values.
dbug: Microsoft.EntityFrameworkCore.ChangeTracking[10806]
      Context 'OamDbContext' started tracking 'DefinitionWorkflow' entity. Consider using 'DbContextOptionsBuilder.EnableSensitiveDataLogging' to see key values.
dbug: Microsoft.EntityFrameworkCore.Infrastructure[10407]
      'OamDbContext' disposed.
dbug: Microsoft.EntityFrameworkCore.Database.Connection[20007]
      Disposing connection to database 'main' on server 'oam_dev.db'.
dbug: Microsoft.EntityFrameworkCore.Database.Connection[20008]
      Disposed connection to database 'main' on server 'oam_dev.db' (38ms).
dbug: Microsoft.EntityFrameworkCore.ChangeTracking[10806]
      Context 'OamDbContext' started tracking 'ExecutionTache' entity. Consider using 'DbContextOptionsBuilder.EnableSensitiveDataLogging' to see key values.
dbug: Microsoft.EntityFrameworkCore.Database.Connection[20005]
      Creating DbConnection.
dbug: Microsoft.EntityFrameworkCore.Database.Connection[20002]
      Closing connection to database 'main' on server 'C:\OAM\src\OAM.Api\oam_dev.db'.
dbug: Microsoft.EntityFrameworkCore.Database.Connection[20005]
      Creating DbConnection.
dbug: Microsoft.EntityFrameworkCore.Infrastructure[10403]
      Entity Framework Core 10.0.5 initialized 'OamDbContext' using provider 'Microsoft.EntityFrameworkCore.Sqlite:10.0.5' with options: None
info: Microsoft.AspNetCore.Hosting.Diagnostics[2]
      Request finished HTTP/1.1 GET http://localhost:5000/api/definitions - 200 - application/json;+charset=utf-8 20408.7988ms
info: Microsoft.AspNetCore.Routing.EndpointMiddleware[1]
      Executed endpoint '/hubs/workflow/negotiate'
dbug: Microsoft.EntityFrameworkCore.Database.Connection[20006]
      Created DbConnection. (123ms).
dbug: Microsoft.EntityFrameworkCore.ChangeTracking[10806]
      Context 'OamDbContext' started tracking 'InstanceWorkflow' entity. Consider using 'DbContextOptionsBuilder.EnableSensitiveDataLogging' to see key values.
dbug: Microsoft.EntityFrameworkCore.Database.Connection[20006]
      Created DbConnection. (91ms).
dbug: Microsoft.EntityFrameworkCore.Database.Connection[20000]
      Opening connection to database 'main' on server 'oam_dev.db'.
dbug: Microsoft.EntityFrameworkCore.Database.Connection[20005]
      Creating DbConnection.
dbug: Microsoft.EntityFrameworkCore.Database.Connection[20006]
      Created DbConnection. (29ms).
info: Microsoft.AspNetCore.Cors.Infrastructure.CorsService[4]
      CORS policy execution successful.
dbug: Microsoft.EntityFrameworkCore.Database.Connection[20001]
      Opened connection to database 'main' on server 'C:\OAM\src\OAM.Api\oam_dev.db'.
dbug: Microsoft.EntityFrameworkCore.Database.Connection[20000]
      Opening connection to database 'main' on server 'oam_dev.db'.
dbug: Microsoft.EntityFrameworkCore.Database.Connection[20000]
      Opening connection to database 'main' on server 'oam_dev.db'.
dbug: Microsoft.EntityFrameworkCore.Database.Connection[20001]
      Opened connection to database 'main' on server 'C:\OAM\src\OAM.Api\oam_dev.db'.
dbug: Microsoft.EntityFrameworkCore.ChangeTracking[10806]
      Context 'OamDbContext' started tracking 'ExecutionTache' entity. Consider using 'DbContextOptionsBuilder.EnableSensitiveDataLogging' to see key values.
dbug: Microsoft.EntityFrameworkCore.Database.Connection[20001]
      Opened connection to database 'main' on server 'C:\OAM\src\OAM.Api\oam_dev.db'.
dbug: Microsoft.EntityFrameworkCore.Database.Command[20103]
      Creating DbCommand for 'ExecuteReader'.
dbug: Microsoft.EntityFrameworkCore.Database.Command[20103]
      Creating DbCommand for 'ExecuteReader'.
dbug: Microsoft.EntityFrameworkCore.Database.Command[20104]
      Created DbCommand for 'ExecuteReader' (29ms).
info: Microsoft.AspNetCore.Routing.EndpointMiddleware[0]
      Executing endpoint '/hubs/workflow/negotiate'
dbug: Microsoft.EntityFrameworkCore.Database.Command[20103]
      Creating DbCommand for 'ExecuteReader'.
dbug: Microsoft.EntityFrameworkCore.Database.Command[20106]
      Initialized DbCommand for 'ExecuteReader' (33ms).
dbug: Microsoft.EntityFrameworkCore.Database.Command[20104]
      Created DbCommand for 'ExecuteReader' (2ms).
dbug: Microsoft.EntityFrameworkCore.ChangeTracking[10806]
      Context 'OamDbContext' started tracking 'InstanceWorkflow' entity. Consider using 'DbContextOptionsBuilder.EnableSensitiveDataLogging' to see key values.
dbug: Microsoft.EntityFrameworkCore.Database.Command[20100]
      Executing DbCommand [Parameters=[], CommandType='Text', CommandTimeout='30']
      SELECT "d"."Id", "d"."Actif", "d"."ContenuYaml", "d"."DateCreation", "d"."DateModification", "d"."Description", "d"."Equipe", "d"."HashVersion", "d"."Nom"
      FROM "DefinitionsWorkflow" AS "d"
      WHERE "d"."Actif"
      ORDER BY "d"."Nom"
dbug: Microsoft.EntityFrameworkCore.Database.Command[20106]
      Initialized DbCommand for 'ExecuteReader' (59ms).
info: Microsoft.EntityFrameworkCore.Database.Command[20101]
      Executed DbCommand (109ms) [Parameters=[], CommandType='Text', CommandTimeout='30']
      SELECT "d"."Id", "d"."Actif", "d"."ContenuYaml", "d"."DateCreation", "d"."DateModification", "d"."Description", "d"."Equipe", "d"."HashVersion", "d"."Nom"
      FROM "DefinitionsWorkflow" AS "d"
      WHERE "d"."Actif"
      ORDER BY "d"."Nom"
dbug: Microsoft.EntityFrameworkCore.Database.Command[20100]
      Executing DbCommand [Parameters=[], CommandType='Text', CommandTimeout='30']
      SELECT "i"."Id", "i"."ContexteExecution", "i"."CorrelationId", "i"."DateCreation", "i"."DateDebut", "i"."DateFin", "i"."DefinitionWorkflowId", "i"."DonneesEntree", "i"."Erreur", "i"."Etat", "i"."HashVersionConfig", "d"."Id", "e0"."Id", "e0"."DateDebut", "e0"."DateFin", "e0"."DonneesEntree", "e0"."DonneesSortie", "e0"."Erreur", "e0"."Etat", "e0"."InstanceWorkflowId", "e0"."NomTache", "e0"."NombreTentatives", "e0"."Ordre", "e0"."TypeConnecteur", "d"."Actif", "d"."ContenuYaml", "d"."DateCreation", "d"."DateModification", "d"."Description", "d"."Equipe", "d"."HashVersion", "d"."Nom"
      FROM "InstancesWorkflow" AS "i"
      INNER JOIN "DefinitionsWorkflow" AS "d" ON "i"."DefinitionWorkflowId" = "d"."Id"
      LEFT JOIN (
          SELECT "e"."Id", "e"."DateDebut", "e"."DateFin", "e"."DonneesEntree", "e"."DonneesSortie", "e"."Erreur", "e"."Etat", "e"."InstanceWorkflowId", "e"."NomTache", "e"."NombreTentatives", "e"."Ordre", "e"."TypeConnecteur"
          FROM "ExecutionsTache" AS "e"
          WHERE "e"."Etat" = 'EnErreur'
      ) AS "e0" ON "i"."Id" = "e0"."InstanceWorkflowId"
      WHERE "i"."Etat" = 'EnErreur'
      ORDER BY "i"."DateCreation" DESC, "i"."Id", "d"."Id"
dbug: Microsoft.EntityFrameworkCore.ChangeTracking[10806]
      Context 'OamDbContext' started tracking 'ExecutionTache' entity. Consider using 'DbContextOptionsBuilder.EnableSensitiveDataLogging' to see key values.
info: Microsoft.AspNetCore.Routing.EndpointMiddleware[1]
      Executed endpoint '/hubs/workflow/negotiate'
dbug: Microsoft.EntityFrameworkCore.Database.Command[20104]
      Created DbCommand for 'ExecuteReader' (201ms).
dbug: Microsoft.EntityFrameworkCore.ChangeTracking[10806]
      Context 'OamDbContext' started tracking 'DefinitionWorkflow' entity. Consider using 'DbContextOptionsBuilder.EnableSensitiveDataLogging' to see key values.
dbug: Microsoft.EntityFrameworkCore.Database.Command[20301]
      Closing data reader to 'main' on server 'C:\OAM\src\OAM.Api\oam_dev.db'.
info: Microsoft.AspNetCore.Hosting.Diagnostics[2]
      Request finished HTTP/1.1 POST http://localhost:5173/hubs/workflow/negotiate?negotiateVersion=1 - 200 316 application/json 20672.7293ms
dbug: Microsoft.EntityFrameworkCore.Database.Command[20300]
      A data reader for 'main' on server 'C:\OAM\src\OAM.Api\oam_dev.db' is being disposed after spending 61ms reading results.
dbug: Microsoft.EntityFrameworkCore.ChangeTracking[10806]
      Context 'OamDbContext' started tracking 'InstanceWorkflow' entity. Consider using 'DbContextOptionsBuilder.EnableSensitiveDataLogging' to see key values.
dbug: Microsoft.EntityFrameworkCore.Database.Connection[20002]
      Closing connection to database 'main' on server 'C:\OAM\src\OAM.Api\oam_dev.db'.
dbug: Microsoft.EntityFrameworkCore.Database.Command[20106]
      Initialized DbCommand for 'ExecuteReader' (239ms).
dbug: Microsoft.EntityFrameworkCore.ChangeTracking[10806]
      Context 'OamDbContext' started tracking 'ExecutionTache' entity. Consider using 'DbContextOptionsBuilder.EnableSensitiveDataLogging' to see key values.
dbug: Microsoft.EntityFrameworkCore.Database.Command[20100]
      Executing DbCommand [Parameters=[], CommandType='Text', CommandTimeout='30']
      SELECT "i"."Id", "i"."ContexteExecution", "i"."CorrelationId", "i"."DateCreation", "i"."DateDebut", "i"."DateFin", "i"."DefinitionWorkflowId", "i"."DonneesEntree", "i"."Erreur", "i"."Etat", "i"."HashVersionConfig", "d"."Id", "d"."Actif", "d"."ContenuYaml", "d"."DateCreation", "d"."DateModification", "d"."Description", "d"."Equipe", "d"."HashVersion", "d"."Nom"
      FROM "InstancesWorkflow" AS "i"
      INNER JOIN "DefinitionsWorkflow" AS "d" ON "i"."DefinitionWorkflowId" = "d"."Id"
      ORDER BY "i"."DateCreation" DESC
dbug: Microsoft.EntityFrameworkCore.Database.Connection[20003]
      Closed connection to database 'main' on server 'oam_dev.db' (25ms).
info: Microsoft.AspNetCore.Routing.EndpointMiddleware[0]
      Executing endpoint 'HTTP: GET /api/instances/'
info: Microsoft.EntityFrameworkCore.Database.Command[20101]
      Executed DbCommand (3ms) [Parameters=[], CommandType='Text', CommandTimeout='30']
      SELECT "i"."Id", "i"."ContexteExecution", "i"."CorrelationId", "i"."DateCreation", "i"."DateDebut", "i"."DateFin", "i"."DefinitionWorkflowId", "i"."DonneesEntree", "i"."Erreur", "i"."Etat", "i"."HashVersionConfig", "d"."Id", "d"."Actif", "d"."ContenuYaml", "d"."DateCreation", "d"."DateModification", "d"."Description", "d"."Equipe", "d"."HashVersion", "d"."Nom"
      FROM "InstancesWorkflow" AS "i"
      INNER JOIN "DefinitionsWorkflow" AS "d" ON "i"."DefinitionWorkflowId" = "d"."Id"
      ORDER BY "i"."DateCreation" DESC
info: Microsoft.EntityFrameworkCore.Database.Command[20101]
      Executed DbCommand (96ms) [Parameters=[], CommandType='Text', CommandTimeout='30']
      SELECT "i"."Id", "i"."ContexteExecution", "i"."CorrelationId", "i"."DateCreation", "i"."DateDebut", "i"."DateFin", "i"."DefinitionWorkflowId", "i"."DonneesEntree", "i"."Erreur", "i"."Etat", "i"."HashVersionConfig", "d"."Id", "e0"."Id", "e0"."DateDebut", "e0"."DateFin", "e0"."DonneesEntree", "e0"."DonneesSortie", "e0"."Erreur", "e0"."Etat", "e0"."InstanceWorkflowId", "e0"."NomTache", "e0"."NombreTentatives", "e0"."Ordre", "e0"."TypeConnecteur", "d"."Actif", "d"."ContenuYaml", "d"."DateCreation", "d"."DateModification", "d"."Description", "d"."Equipe", "d"."HashVersion", "d"."Nom"
      FROM "InstancesWorkflow" AS "i"
      INNER JOIN "DefinitionsWorkflow" AS "d" ON "i"."DefinitionWorkflowId" = "d"."Id"
      LEFT JOIN (
          SELECT "e"."Id", "e"."DateDebut", "e"."DateFin", "e"."DonneesEntree", "e"."DonneesSortie", "e"."Erreur", "e"."Etat", "e"."InstanceWorkflowId", "e"."NomTache", "e"."NombreTentatives", "e"."Ordre", "e"."TypeConnecteur"
          FROM "ExecutionsTache" AS "e"
          WHERE "e"."Etat" = 'EnErreur'
      ) AS "e0" ON "i"."Id" = "e0"."InstanceWorkflowId"
      WHERE "i"."Etat" = 'EnErreur'
      ORDER BY "i"."DateCreation" DESC, "i"."Id", "d"."Id"
info: Microsoft.AspNetCore.Http.Result.OkObjectResult[1]
      Setting HTTP status code 200.
dbug: Microsoft.EntityFrameworkCore.ChangeTracking[10806]
      Context 'OamDbContext' started tracking 'InstanceWorkflow' entity. Consider using 'DbContextOptionsBuilder.EnableSensitiveDataLogging' to see key values.
dbug: Microsoft.EntityFrameworkCore.ChangeTracking[10806]
      Context 'OamDbContext' started tracking 'InstanceWorkflow' entity. Consider using 'DbContextOptionsBuilder.EnableSensitiveDataLogging' to see key values.
dbug: Microsoft.EntityFrameworkCore.ChangeTracking[10806]
      Context 'OamDbContext' started tracking 'InstanceWorkflow' entity. Consider using 'DbContextOptionsBuilder.EnableSensitiveDataLogging' to see key values.
dbug: Microsoft.EntityFrameworkCore.ChangeTracking[10805]
      The navigation 'InstanceWorkflow.DefinitionWorkflow' was detected as changed. Consider using 'DbContextOptionsBuilder.EnableSensitiveDataLogging' to see key values.
dbug: Microsoft.EntityFrameworkCore.ChangeTracking[10806]
      Context 'OamDbContext' started tracking 'DefinitionWorkflow' entity. Consider using 'DbContextOptionsBuilder.EnableSensitiveDataLogging' to see key values.
dbug: Microsoft.EntityFrameworkCore.ChangeTracking[10806]
      Context 'OamDbContext' started tracking 'ExecutionTache' entity. Consider using 'DbContextOptionsBuilder.EnableSensitiveDataLogging' to see key values.
dbug: Microsoft.EntityFrameworkCore.Infrastructure[10403]
      Entity Framework Core 10.0.5 initialized 'OamDbContext' using provider 'Microsoft.EntityFrameworkCore.Sqlite:10.0.5' with options: None
info: Microsoft.AspNetCore.Http.Result.OkObjectResult[3]
      Writing value of type 'ListSelectIterator`2' as Json.
dbug: Microsoft.EntityFrameworkCore.Database.Command[20301]
      Closing data reader to 'main' on server 'C:\OAM\src\OAM.Api\oam_dev.db'.
dbug: Microsoft.EntityFrameworkCore.ChangeTracking[10806]
      Context 'OamDbContext' started tracking 'InstanceWorkflow' entity. Consider using 'DbContextOptionsBuilder.EnableSensitiveDataLogging' to see key values.
dbug: Microsoft.EntityFrameworkCore.Database.Command[20300]
      A data reader for 'main' on server 'C:\OAM\src\OAM.Api\oam_dev.db' is being disposed after spending 806ms reading results.
dbug: Microsoft.EntityFrameworkCore.Database.Connection[20002]
      Closing connection to database 'main' on server 'C:\OAM\src\OAM.Api\oam_dev.db'.
dbug: Microsoft.EntityFrameworkCore.ChangeTracking[10805]
      The navigation 'InstanceWorkflow.DefinitionWorkflow' was detected as changed. Consider using 'DbContextOptionsBuilder.EnableSensitiveDataLogging' to see key values.
dbug: Microsoft.EntityFrameworkCore.Database.Connection[20005]
      Creating DbConnection.
info: Microsoft.AspNetCore.Routing.EndpointMiddleware[1]
      Executed endpoint 'HTTP: GET /api/definitions/'
dbug: Microsoft.EntityFrameworkCore.Database.Connection[20003]
      Closed connection to database 'main' on server 'oam_dev.db' (32ms).
dbug: Microsoft.EntityFrameworkCore.ChangeTracking[10806]
      Context 'OamDbContext' started tracking 'DefinitionWorkflow' entity. Consider using 'DbContextOptionsBuilder.EnableSensitiveDataLogging' to see key values.
dbug: Microsoft.EntityFrameworkCore.Database.Connection[20006]
      Created DbConnection. (2ms).
info: Microsoft.AspNetCore.Http.Result.OkObjectResult[1]
      Setting HTTP status code 200.
dbug: Microsoft.EntityFrameworkCore.ChangeTracking[10806]
      Context 'OamDbContext' started tracking 'InstanceWorkflow' entity. Consider using 'DbContextOptionsBuilder.EnableSensitiveDataLogging' to see key values.
dbug: Microsoft.EntityFrameworkCore.Database.Connection[20000]
      Opening connection to database 'main' on server 'oam_dev.db'.
info: Microsoft.AspNetCore.Http.Result.OkObjectResult[3]
      Writing value of type 'ListSelectIterator`2' as Json.
dbug: Microsoft.EntityFrameworkCore.Infrastructure[10407]
      'OamDbContext' disposed.
dbug: Microsoft.EntityFrameworkCore.Database.Connection[20001]
      Opened connection to database 'main' on server 'C:\OAM\src\OAM.Api\oam_dev.db'.
dbug: Microsoft.EntityFrameworkCore.Database.Connection[20007]
      Disposing connection to database 'main' on server 'oam_dev.db'.
dbug: Microsoft.EntityFrameworkCore.Database.Command[20103]
      Creating DbCommand for 'ExecuteReader'.
dbug: Microsoft.EntityFrameworkCore.Database.Connection[20008]
      Disposed connection to database 'main' on server 'oam_dev.db' (3ms).
dbug: Microsoft.EntityFrameworkCore.Database.Command[20104]
      Created DbCommand for 'ExecuteReader' (3ms).
info: Microsoft.AspNetCore.Hosting.Diagnostics[2]
      Request finished HTTP/1.1 GET http://localhost:5000/api/definitions - 200 - application/json;+charset=utf-8 20967.7862ms
dbug: Microsoft.EntityFrameworkCore.ChangeTracking[10806]
      Context 'OamDbContext' started tracking 'InstanceWorkflow' entity. Consider using 'DbContextOptionsBuilder.EnableSensitiveDataLogging' to see key values.
dbug: Microsoft.EntityFrameworkCore.ChangeTracking[10806]
      Context 'OamDbContext' started tracking 'ExecutionTache' entity. Consider using 'DbContextOptionsBuilder.EnableSensitiveDataLogging' to see key values.
info: Microsoft.AspNetCore.Routing.EndpointMiddleware[1]
      Executed endpoint 'HTTP: GET /api/instances/erreurs'
info: Microsoft.AspNetCore.Routing.EndpointMiddleware[0]
      Executing endpoint 'HTTP: GET /api/instances/erreurs'
dbug: Microsoft.EntityFrameworkCore.ChangeTracking[10806]
      Context 'OamDbContext' started tracking 'InstanceWorkflow' entity. Consider using 'DbContextOptionsBuilder.EnableSensitiveDataLogging' to see key values.
dbug: Microsoft.EntityFrameworkCore.Infrastructure[10407]
      'OamDbContext' disposed.
dbug: Microsoft.EntityFrameworkCore.Database.Command[20106]
      Initialized DbCommand for 'ExecuteReader' (129ms).
dbug: Microsoft.EntityFrameworkCore.ChangeTracking[10806]
      Context 'OamDbContext' started tracking 'InstanceWorkflow' entity. Consider using 'DbContextOptionsBuilder.EnableSensitiveDataLogging' to see key values.
dbug: Microsoft.EntityFrameworkCore.Database.Connection[20007]
      Disposing connection to database 'main' on server 'oam_dev.db'.
dbug: Microsoft.EntityFrameworkCore.ChangeTracking[10806]
      Context 'OamDbContext' started tracking 'InstanceWorkflow' entity. Consider using 'DbContextOptionsBuilder.EnableSensitiveDataLogging' to see key values.
dbug: Microsoft.EntityFrameworkCore.Database.Connection[20008]
      Disposed connection to database 'main' on server 'oam_dev.db' (2ms).
info: Microsoft.AspNetCore.Hosting.Diagnostics[2]
      Request finished HTTP/1.1 GET http://localhost:5000/api/instances/erreurs - 200 - application/json;+charset=utf-8 21219.0103ms
dbug: Microsoft.EntityFrameworkCore.ChangeTracking[10806]
      Context 'OamDbContext' started tracking 'InstanceWorkflow' entity. Consider using 'DbContextOptionsBuilder.EnableSensitiveDataLogging' to see key values.
dbug: Microsoft.EntityFrameworkCore.Infrastructure[10403]
      Entity Framework Core 10.0.5 initialized 'OamDbContext' using provider 'Microsoft.EntityFrameworkCore.Sqlite:10.0.5' with options: None
dbug: Microsoft.EntityFrameworkCore.Database.Command[20100]
      Executing DbCommand [Parameters=[], CommandType='Text', CommandTimeout='30']
      SELECT "i"."Id", "i"."ContexteExecution", "i"."CorrelationId", "i"."DateCreation", "i"."DateDebut", "i"."DateFin", "i"."DefinitionWorkflowId", "i"."DonneesEntree", "i"."Erreur", "i"."Etat", "i"."HashVersionConfig", "d"."Id", "d"."Actif", "d"."ContenuYaml", "d"."DateCreation", "d"."DateModification", "d"."Description", "d"."Equipe", "d"."HashVersion", "d"."Nom"
      FROM "InstancesWorkflow" AS "i"
      INNER JOIN "DefinitionsWorkflow" AS "d" ON "i"."DefinitionWorkflowId" = "d"."Id"
      ORDER BY "i"."DateCreation" DESC
dbug: Microsoft.EntityFrameworkCore.ChangeTracking[10806]
      Context 'OamDbContext' started tracking 'InstanceWorkflow' entity. Consider using 'DbContextOptionsBuilder.EnableSensitiveDataLogging' to see key values.
info: Microsoft.AspNetCore.Routing.EndpointMiddleware[0]
      Executing endpoint 'HTTP: GET /api/instances/'
dbug: Microsoft.EntityFrameworkCore.ChangeTracking[10806]
      Context 'OamDbContext' started tracking 'ExecutionTache' entity. Consider using 'DbContextOptionsBuilder.EnableSensitiveDataLogging' to see key values.
info: Microsoft.AspNetCore.Hosting.Diagnostics[2]
      Request finished HTTP/1.1 POST http://localhost:5173/hubs/workflow/negotiate?negotiateVersion=1 - 200 316 application/json 21174.1444ms
info: Microsoft.EntityFrameworkCore.Database.Command[20101]
      Executed DbCommand (70ms) [Parameters=[], CommandType='Text', CommandTimeout='30']
      SELECT "i"."Id", "i"."ContexteExecution", "i"."CorrelationId", "i"."DateCreation", "i"."DateDebut", "i"."DateFin", "i"."DefinitionWorkflowId", "i"."DonneesEntree", "i"."Erreur", "i"."Etat", "i"."HashVersionConfig", "d"."Id", "d"."Actif", "d"."ContenuYaml", "d"."DateCreation", "d"."DateModification", "d"."Description", "d"."Equipe", "d"."HashVersion", "d"."Nom"
      FROM "InstancesWorkflow" AS "i"
      INNER JOIN "DefinitionsWorkflow" AS "d" ON "i"."DefinitionWorkflowId" = "d"."Id"
      ORDER BY "i"."DateCreation" DESC
dbug: Microsoft.EntityFrameworkCore.ChangeTracking[10806]
      Context 'OamDbContext' started tracking 'InstanceWorkflow' entity. Consider using 'DbContextOptionsBuilder.EnableSensitiveDataLogging' to see key values.
dbug: Microsoft.EntityFrameworkCore.Database.Connection[20005]
      Creating DbConnection.
dbug: Microsoft.EntityFrameworkCore.ChangeTracking[10806]
      Context 'OamDbContext' started tracking 'InstanceWorkflow' entity. Consider using 'DbContextOptionsBuilder.EnableSensitiveDataLogging' to see key values.
dbug: Microsoft.EntityFrameworkCore.Database.Connection[20006]
      Created DbConnection. (1ms).
dbug: Microsoft.EntityFrameworkCore.ChangeTracking[10806]
      Context 'OamDbContext' started tracking 'InstanceWorkflow' entity. Consider using 'DbContextOptionsBuilder.EnableSensitiveDataLogging' to see key values.
dbug: Microsoft.EntityFrameworkCore.Database.Connection[20000]
      Opening connection to database 'main' on server 'oam_dev.db'.
info: Microsoft.AspNetCore.Hosting.Diagnostics[1]
      Request starting HTTP/1.1 GET http://localhost:5000/api/definitions/f64b5467-7b1c-4f92-95c9-db6a00032af1 - application/json -
dbug: Microsoft.EntityFrameworkCore.ChangeTracking[10806]
      Context 'OamDbContext' started tracking 'InstanceWorkflow' entity. Consider using 'DbContextOptionsBuilder.EnableSensitiveDataLogging' to see key values.
dbug: Microsoft.EntityFrameworkCore.Database.Connection[20001]
      Opened connection to database 'main' on server 'C:\OAM\src\OAM.Api\oam_dev.db'.
dbug: Microsoft.EntityFrameworkCore.Infrastructure[10403]
      Entity Framework Core 10.0.5 initialized 'OamDbContext' using provider 'Microsoft.EntityFrameworkCore.Sqlite:10.0.5' with options: None
dbug: Microsoft.EntityFrameworkCore.ChangeTracking[10806]
      Context 'OamDbContext' started tracking 'ExecutionTache' entity. Consider using 'DbContextOptionsBuilder.EnableSensitiveDataLogging' to see key values.
dbug: Microsoft.EntityFrameworkCore.ChangeTracking[10805]
      The navigation 'InstanceWorkflow.DefinitionWorkflow' was detected as changed. Consider using 'DbContextOptionsBuilder.EnableSensitiveDataLogging' to see key values.
dbug: Microsoft.EntityFrameworkCore.Database.Command[20103]
      Creating DbCommand for 'ExecuteReader'.
dbug: Microsoft.EntityFrameworkCore.ChangeTracking[10806]
      Context 'OamDbContext' started tracking 'DefinitionWorkflow' entity. Consider using 'DbContextOptionsBuilder.EnableSensitiveDataLogging' to see key values.
dbug: Microsoft.EntityFrameworkCore.Database.Command[20104]
      Created DbCommand for 'ExecuteReader' (93ms).
dbug: Microsoft.EntityFrameworkCore.Database.Connection[20005]
      Creating DbConnection.
dbug: Microsoft.EntityFrameworkCore.ChangeTracking[10806]
      Context 'OamDbContext' started tracking 'InstanceWorkflow' entity. Consider using 'DbContextOptionsBuilder.EnableSensitiveDataLogging' to see key values.
dbug: Microsoft.EntityFrameworkCore.ChangeTracking[10806]
      Context 'OamDbContext' started tracking 'InstanceWorkflow' entity. Consider using 'DbContextOptionsBuilder.EnableSensitiveDataLogging' to see key values.
dbug: Microsoft.EntityFrameworkCore.ChangeTracking[10806]
      Context 'OamDbContext' started tracking 'InstanceWorkflow' entity. Consider using 'DbContextOptionsBuilder.EnableSensitiveDataLogging' to see key values.
dbug: Microsoft.EntityFrameworkCore.Database.Connection[20003]
      Closed connection to database 'main' on server 'oam_dev.db' (1168ms).
dbug: Microsoft.EntityFrameworkCore.Database.Command[20106]
      Initialized DbCommand for 'ExecuteReader' (96ms).
info: Microsoft.AspNetCore.Routing.EndpointMiddleware[0]
      Executing endpoint 'HTTP: GET /api/definitions/{id:guid}'
dbug: Microsoft.EntityFrameworkCore.Database.Connection[20003]
      Closed connection to database 'main' on server 'oam_dev.db' (2261ms).
dbug: Microsoft.EntityFrameworkCore.Database.Connection[20006]
      Created DbConnection. (4ms).
dbug: Microsoft.EntityFrameworkCore.Database.Command[20100]
      Executing DbCommand [Parameters=[], CommandType='Text', CommandTimeout='30']
      SELECT "i"."Id", "i"."ContexteExecution", "i"."CorrelationId", "i"."DateCreation", "i"."DateDebut", "i"."DateFin", "i"."DefinitionWorkflowId", "i"."DonneesEntree", "i"."Erreur", "i"."Etat", "i"."HashVersionConfig", "d"."Id", "e0"."Id", "e0"."DateDebut", "e0"."DateFin", "e0"."DonneesEntree", "e0"."DonneesSortie", "e0"."Erreur", "e0"."Etat", "e0"."InstanceWorkflowId", "e0"."NomTache", "e0"."NombreTentatives", "e0"."Ordre", "e0"."TypeConnecteur", "d"."Actif", "d"."ContenuYaml", "d"."DateCreation", "d"."DateModification", "d"."Description", "d"."Equipe", "d"."HashVersion", "d"."Nom"
      FROM "InstancesWorkflow" AS "i"
      INNER JOIN "DefinitionsWorkflow" AS "d" ON "i"."DefinitionWorkflowId" = "d"."Id"
      LEFT JOIN (
          SELECT "e"."Id", "e"."DateDebut", "e"."DateFin", "e"."DonneesEntree", "e"."DonneesSortie", "e"."Erreur", "e"."Etat", "e"."InstanceWorkflowId", "e"."NomTache", "e"."NombreTentatives", "e"."Ordre", "e"."TypeConnecteur"
          FROM "ExecutionsTache" AS "e"
          WHERE "e"."Etat" = 'EnErreur'
      ) AS "e0" ON "i"."Id" = "e0"."InstanceWorkflowId"
      WHERE "i"."Etat" = 'EnErreur'
      ORDER BY "i"."DateCreation" DESC, "i"."Id", "d"."Id"
dbug: Microsoft.EntityFrameworkCore.Database.Connection[20000]
      Opening connection to database 'main' on server 'oam_dev.db'.
dbug: Microsoft.EntityFrameworkCore.Database.Connection[20001]
      Opened connection to database 'main' on server 'C:\OAM\src\OAM.Api\oam_dev.db'.
dbug: Microsoft.EntityFrameworkCore.ChangeTracking[10806]
      Context 'OamDbContext' started tracking 'InstanceWorkflow' entity. Consider using 'DbContextOptionsBuilder.EnableSensitiveDataLogging' to see key values.
dbug: Microsoft.EntityFrameworkCore.ChangeTracking[10806]
      Context 'OamDbContext' started tracking 'ExecutionTache' entity. Consider using 'DbContextOptionsBuilder.EnableSensitiveDataLogging' to see key values.
info: Microsoft.EntityFrameworkCore.Database.Command[20101]
      Executed DbCommand (29ms) [Parameters=[], CommandType='Text', CommandTimeout='30']
      SELECT "i"."Id", "i"."ContexteExecution", "i"."CorrelationId", "i"."DateCreation", "i"."DateDebut", "i"."DateFin", "i"."DefinitionWorkflowId", "i"."DonneesEntree", "i"."Erreur", "i"."Etat", "i"."HashVersionConfig", "d"."Id", "e0"."Id", "e0"."DateDebut", "e0"."DateFin", "e0"."DonneesEntree", "e0"."DonneesSortie", "e0"."Erreur", "e0"."Etat", "e0"."InstanceWorkflowId", "e0"."NomTache", "e0"."NombreTentatives", "e0"."Ordre", "e0"."TypeConnecteur", "d"."Actif", "d"."ContenuYaml", "d"."DateCreation", "d"."DateModification", "d"."Description", "d"."Equipe", "d"."HashVersion", "d"."Nom"
      FROM "InstancesWorkflow" AS "i"
      INNER JOIN "DefinitionsWorkflow" AS "d" ON "i"."DefinitionWorkflowId" = "d"."Id"
      LEFT JOIN (
          SELECT "e"."Id", "e"."DateDebut", "e"."DateFin", "e"."DonneesEntree", "e"."DonneesSortie", "e"."Erreur", "e"."Etat", "e"."InstanceWorkflowId", "e"."NomTache", "e"."NombreTentatives", "e"."Ordre", "e"."TypeConnecteur"
          FROM "ExecutionsTache" AS "e"
          WHERE "e"."Etat" = 'EnErreur'
      ) AS "e0" ON "i"."Id" = "e0"."InstanceWorkflowId"
      WHERE "i"."Etat" = 'EnErreur'
      ORDER BY "i"."DateCreation" DESC, "i"."Id", "d"."Id"
info: Microsoft.AspNetCore.Http.Result.OkObjectResult[1]
      Setting HTTP status code 200.
dbug: Microsoft.EntityFrameworkCore.ChangeTracking[10806]
      Context 'OamDbContext' started tracking 'InstanceWorkflow' entity. Consider using 'DbContextOptionsBuilder.EnableSensitiveDataLogging' to see key values.
dbug: Microsoft.EntityFrameworkCore.Database.Command[20103]
      Creating DbCommand for 'ExecuteReader'.
dbug: Microsoft.EntityFrameworkCore.ChangeTracking[10806]
      Context 'OamDbContext' started tracking 'InstanceWorkflow' entity. Consider using 'DbContextOptionsBuilder.EnableSensitiveDataLogging' to see key values.
dbug: Microsoft.EntityFrameworkCore.Database.Command[20104]
      Created DbCommand for 'ExecuteReader' (32ms).
dbug: Microsoft.EntityFrameworkCore.Database.Command[20106]
      Initialized DbCommand for 'ExecuteReader' (38ms).
dbug: Microsoft.EntityFrameworkCore.ChangeTracking[10806]
      Context 'OamDbContext' started tracking 'InstanceWorkflow' entity. Consider using 'DbContextOptionsBuilder.EnableSensitiveDataLogging' to see key values.
dbug: Microsoft.EntityFrameworkCore.ChangeTracking[10805]
      The navigation 'InstanceWorkflow.DefinitionWorkflow' was detected as changed. Consider using 'DbContextOptionsBuilder.EnableSensitiveDataLogging' to see key values.
dbug: Microsoft.EntityFrameworkCore.ChangeTracking[10806]
      Context 'OamDbContext' started tracking 'InstanceWorkflow' entity. Consider using 'DbContextOptionsBuilder.EnableSensitiveDataLogging' to see key values.
dbug: Microsoft.EntityFrameworkCore.ChangeTracking[10806]
      Context 'OamDbContext' started tracking 'DefinitionWorkflow' entity. Consider using 'DbContextOptionsBuilder.EnableSensitiveDataLogging' to see key values.
dbug: Microsoft.EntityFrameworkCore.ChangeTracking[10806]
      Context 'OamDbContext' started tracking 'InstanceWorkflow' entity. Consider using 'DbContextOptionsBuilder.EnableSensitiveDataLogging' to see key values.
dbug: Microsoft.EntityFrameworkCore.ChangeTracking[10806]
      Context 'OamDbContext' started tracking 'InstanceWorkflow' entity. Consider using 'DbContextOptionsBuilder.EnableSensitiveDataLogging' to see key values.
dbug: Microsoft.EntityFrameworkCore.Database.Command[20100]
      Executing DbCommand [Parameters=[], CommandType='Text', CommandTimeout='30']
      SELECT "i"."Id", "i"."ContexteExecution", "i"."CorrelationId", "i"."DateCreation", "i"."DateDebut", "i"."DateFin", "i"."DefinitionWorkflowId", "i"."DonneesEntree", "i"."Erreur", "i"."Etat", "i"."HashVersionConfig", "d"."Id", "d"."Actif", "d"."ContenuYaml", "d"."DateCreation", "d"."DateModification", "d"."Description", "d"."Equipe", "d"."HashVersion", "d"."Nom"
      FROM "InstancesWorkflow" AS "i"
      INNER JOIN "DefinitionsWorkflow" AS "d" ON "i"."DefinitionWorkflowId" = "d"."Id"
      ORDER BY "i"."DateCreation" DESC
dbug: Microsoft.EntityFrameworkCore.ChangeTracking[10806]
      Context 'OamDbContext' started tracking 'ExecutionTache' entity. Consider using 'DbContextOptionsBuilder.EnableSensitiveDataLogging' to see key values.
dbug: Microsoft.EntityFrameworkCore.ChangeTracking[10806]
      Context 'OamDbContext' started tracking 'ExecutionTache' entity. Consider using 'DbContextOptionsBuilder.EnableSensitiveDataLogging' to see key values.
dbug: Microsoft.EntityFrameworkCore.ChangeTracking[10806]
      Context 'OamDbContext' started tracking 'InstanceWorkflow' entity. Consider using 'DbContextOptionsBuilder.EnableSensitiveDataLogging' to see key values.
dbug: Microsoft.EntityFrameworkCore.ChangeTracking[10806]
      Context 'OamDbContext' started tracking 'InstanceWorkflow' entity. Consider using 'DbContextOptionsBuilder.EnableSensitiveDataLogging' to see key values.
dbug: Microsoft.EntityFrameworkCore.ChangeTracking[10806]
      Context 'OamDbContext' started tracking 'InstanceWorkflow' entity. Consider using 'DbContextOptionsBuilder.EnableSensitiveDataLogging' to see key values.
info: Microsoft.EntityFrameworkCore.Database.Command[20101]
      Executed DbCommand (63ms) [Parameters=[], CommandType='Text', CommandTimeout='30']
      SELECT "i"."Id", "i"."ContexteExecution", "i"."CorrelationId", "i"."DateCreation", "i"."DateDebut", "i"."DateFin", "i"."DefinitionWorkflowId", "i"."DonneesEntree", "i"."Erreur", "i"."Etat", "i"."HashVersionConfig", "d"."Id", "d"."Actif", "d"."ContenuYaml", "d"."DateCreation", "d"."DateModification", "d"."Description", "d"."Equipe", "d"."HashVersion", "d"."Nom"
      FROM "InstancesWorkflow" AS "i"
      INNER JOIN "DefinitionsWorkflow" AS "d" ON "i"."DefinitionWorkflowId" = "d"."Id"
      ORDER BY "i"."DateCreation" DESC
dbug: Microsoft.EntityFrameworkCore.ChangeTracking[10806]
      Context 'OamDbContext' started tracking 'InstanceWorkflow' entity. Consider using 'DbContextOptionsBuilder.EnableSensitiveDataLogging' to see key values.
dbug: Microsoft.EntityFrameworkCore.ChangeTracking[10806]
      Context 'OamDbContext' started tracking 'InstanceWorkflow' entity. Consider using 'DbContextOptionsBuilder.EnableSensitiveDataLogging' to see key values.
dbug: Microsoft.EntityFrameworkCore.ChangeTracking[10806]
      Context 'OamDbContext' started tracking 'InstanceWorkflow' entity. Consider using 'DbContextOptionsBuilder.EnableSensitiveDataLogging' to see key values.
dbug: Microsoft.EntityFrameworkCore.ChangeTracking[10806]
      Context 'OamDbContext' started tracking 'ExecutionTache' entity. Consider using 'DbContextOptionsBuilder.EnableSensitiveDataLogging' to see key values.
dbug: Microsoft.EntityFrameworkCore.ChangeTracking[10805]
      The navigation 'InstanceWorkflow.DefinitionWorkflow' was detected as changed. Consider using 'DbContextOptionsBuilder.EnableSensitiveDataLogging' to see key values.
dbug: Microsoft.EntityFrameworkCore.ChangeTracking[10806]
      Context 'OamDbContext' started tracking 'DefinitionWorkflow' entity. Consider using 'DbContextOptionsBuilder.EnableSensitiveDataLogging' to see key values.
dbug: Microsoft.EntityFrameworkCore.Database.Command[20301]
      Closing data reader to 'main' on server 'C:\OAM\src\OAM.Api\oam_dev.db'.
dbug: Microsoft.EntityFrameworkCore.ChangeTracking[10806]
      Context 'OamDbContext' started tracking 'InstanceWorkflow' entity. Consider using 'DbContextOptionsBuilder.EnableSensitiveDataLogging' to see key values.
dbug: Microsoft.EntityFrameworkCore.ChangeTracking[10806]
      Context 'OamDbContext' started tracking 'InstanceWorkflow' entity. Consider using 'DbContextOptionsBuilder.EnableSensitiveDataLogging' to see key values.
dbug: Microsoft.EntityFrameworkCore.ChangeTracking[10806]
      Context 'OamDbContext' started tracking 'InstanceWorkflow' entity. Consider using 'DbContextOptionsBuilder.EnableSensitiveDataLogging' to see key values.
dbug: Microsoft.EntityFrameworkCore.ChangeTracking[10806]
      Context 'OamDbContext' started tracking 'ExecutionTache' entity. Consider using 'DbContextOptionsBuilder.EnableSensitiveDataLogging' to see key values.
dbug: Microsoft.EntityFrameworkCore.Infrastructure[10403]
      Entity Framework Core 10.0.5 initialized 'OamDbContext' using provider 'Microsoft.EntityFrameworkCore.Sqlite:10.0.5' with options: None
dbug: Microsoft.EntityFrameworkCore.ChangeTracking[10806]
      Context 'OamDbContext' started tracking 'InstanceWorkflow' entity. Consider using 'DbContextOptionsBuilder.EnableSensitiveDataLogging' to see key values.
dbug: Microsoft.EntityFrameworkCore.ChangeTracking[10806]
      Context 'OamDbContext' started tracking 'InstanceWorkflow' entity. Consider using 'DbContextOptionsBuilder.EnableSensitiveDataLogging' to see key values.
dbug: Microsoft.EntityFrameworkCore.ChangeTracking[10806]
      Context 'OamDbContext' started tracking 'ExecutionTache' entity. Consider using 'DbContextOptionsBuilder.EnableSensitiveDataLogging' to see key values.
dbug: Microsoft.EntityFrameworkCore.ChangeTracking[10806]
      Context 'OamDbContext' started tracking 'InstanceWorkflow' entity. Consider using 'DbContextOptionsBuilder.EnableSensitiveDataLogging' to see key values.
dbug: Microsoft.EntityFrameworkCore.ChangeTracking[10806]
      Context 'OamDbContext' started tracking 'InstanceWorkflow' entity. Consider using 'DbContextOptionsBuilder.EnableSensitiveDataLogging' to see key values.
dbug: Microsoft.EntityFrameworkCore.Database.Command[20300]
      A data reader for 'main' on server 'C:\OAM\src\OAM.Api\oam_dev.db' is being disposed after spending 944ms reading results.
dbug: Microsoft.EntityFrameworkCore.ChangeTracking[10806]
      Context 'OamDbContext' started tracking 'InstanceWorkflow' entity. Consider using 'DbContextOptionsBuilder.EnableSensitiveDataLogging' to see key values.
dbug: Microsoft.EntityFrameworkCore.ChangeTracking[10806]
      Context 'OamDbContext' started tracking 'InstanceWorkflow' entity. Consider using 'DbContextOptionsBuilder.EnableSensitiveDataLogging' to see key values.
dbug: Microsoft.EntityFrameworkCore.ChangeTracking[10806]
      Context 'OamDbContext' started tracking 'InstanceWorkflow' entity. Consider using 'DbContextOptionsBuilder.EnableSensitiveDataLogging' to see key values.
dbug: Microsoft.EntityFrameworkCore.Database.Connection[20002]
      Closing connection to database 'main' on server 'C:\OAM\src\OAM.Api\oam_dev.db'.
dbug: Microsoft.EntityFrameworkCore.ChangeTracking[10806]
      Context 'OamDbContext' started tracking 'ExecutionTache' entity. Consider using 'DbContextOptionsBuilder.EnableSensitiveDataLogging' to see key values.
dbug: Microsoft.EntityFrameworkCore.ChangeTracking[10806]
      Context 'OamDbContext' started tracking 'InstanceWorkflow' entity. Consider using 'DbContextOptionsBuilder.EnableSensitiveDataLogging' to see key values.
dbug: Microsoft.EntityFrameworkCore.ChangeTracking[10806]
      Context 'OamDbContext' started tracking 'InstanceWorkflow' entity. Consider using 'DbContextOptionsBuilder.EnableSensitiveDataLogging' to see key values.
dbug: Microsoft.EntityFrameworkCore.Database.Command[20301]
      Closing data reader to 'main' on server 'C:\OAM\src\OAM.Api\oam_dev.db'.
dbug: Microsoft.EntityFrameworkCore.ChangeTracking[10806]
      Context 'OamDbContext' started tracking 'InstanceWorkflow' entity. Consider using 'DbContextOptionsBuilder.EnableSensitiveDataLogging' to see key values.
dbug: Microsoft.EntityFrameworkCore.Database.Command[20300]
      A data reader for 'main' on server 'C:\OAM\src\OAM.Api\oam_dev.db' is being disposed after spending 342ms reading results.
dbug: Microsoft.EntityFrameworkCore.ChangeTracking[10806]
      Context 'OamDbContext' started tracking 'InstanceWorkflow' entity. Consider using 'DbContextOptionsBuilder.EnableSensitiveDataLogging' to see key values.
dbug: Microsoft.EntityFrameworkCore.Database.Connection[20003]
      Closed connection to database 'main' on server 'oam_dev.db' (98ms).
dbug: Microsoft.EntityFrameworkCore.Database.Command[20301]
      Closing data reader to 'main' on server 'C:\OAM\src\OAM.Api\oam_dev.db'.
dbug: Microsoft.EntityFrameworkCore.Database.Connection[20002]
      Closing connection to database 'main' on server 'C:\OAM\src\OAM.Api\oam_dev.db'.
info: Microsoft.AspNetCore.Http.Result.OkObjectResult[1]
      Setting HTTP status code 200.
dbug: Microsoft.EntityFrameworkCore.ChangeTracking[10806]
      Context 'OamDbContext' started tracking 'InstanceWorkflow' entity. Consider using 'DbContextOptionsBuilder.EnableSensitiveDataLogging' to see key values.
dbug: Microsoft.EntityFrameworkCore.ChangeTracking[10806]
      Context 'OamDbContext' started tracking 'InstanceWorkflow' entity. Consider using 'DbContextOptionsBuilder.EnableSensitiveDataLogging' to see key values.
dbug: Microsoft.EntityFrameworkCore.Database.Connection[20003]
      Closed connection to database 'main' on server 'oam_dev.db' (2ms).
dbug: Microsoft.EntityFrameworkCore.Database.Command[20300]
      A data reader for 'main' on server 'C:\OAM\src\OAM.Api\oam_dev.db' is being disposed after spending 1093ms reading results.
info: Microsoft.AspNetCore.Http.Result.OkObjectResult[1]
      Setting HTTP status code 200.
info: Microsoft.AspNetCore.Http.Result.OkObjectResult[3]
      Writing value of type 'ListSelectIterator`2' as Json.
dbug: Microsoft.EntityFrameworkCore.ChangeTracking[10806]
      Context 'OamDbContext' started tracking 'InstanceWorkflow' entity. Consider using 'DbContextOptionsBuilder.EnableSensitiveDataLogging' to see key values.
info: Microsoft.AspNetCore.Http.Result.OkObjectResult[3]
      Writing value of type 'ListSelectIterator`2' as Json.
dbug: Microsoft.EntityFrameworkCore.ChangeTracking[10806]
      Context 'OamDbContext' started tracking 'InstanceWorkflow' entity. Consider using 'DbContextOptionsBuilder.EnableSensitiveDataLogging' to see key values.
dbug: Microsoft.EntityFrameworkCore.ChangeTracking[10806]
      Context 'OamDbContext' started tracking 'InstanceWorkflow' entity. Consider using 'DbContextOptionsBuilder.EnableSensitiveDataLogging' to see key values.
dbug: Microsoft.EntityFrameworkCore.Database.Connection[20002]
      Closing connection to database 'main' on server 'C:\OAM\src\OAM.Api\oam_dev.db'.
info: Microsoft.AspNetCore.Http.Result.OkObjectResult[3]
      Writing value of type 'ListSelectIterator`2' as Json.
info: Microsoft.AspNetCore.Routing.EndpointMiddleware[1]
      Executed endpoint 'HTTP: GET /api/instances/erreurs'
info: Microsoft.AspNetCore.Routing.EndpointMiddleware[1]
      Executed endpoint 'HTTP: GET /api/instances/erreurs'
dbug: Microsoft.EntityFrameworkCore.ChangeTracking[10806]
      Context 'OamDbContext' started tracking 'InstanceWorkflow' entity. Consider using 'DbContextOptionsBuilder.EnableSensitiveDataLogging' to see key values.
dbug: Microsoft.EntityFrameworkCore.ChangeTracking[10806]
      Context 'OamDbContext' started tracking 'InstanceWorkflow' entity. Consider using 'DbContextOptionsBuilder.EnableSensitiveDataLogging' to see key values.
info: Microsoft.AspNetCore.Routing.EndpointMiddleware[1]
      Executed endpoint 'HTTP: GET /api/instances/erreurs'
dbug: Microsoft.EntityFrameworkCore.ChangeTracking[10806]
      Context 'OamDbContext' started tracking 'InstanceWorkflow' entity. Consider using 'DbContextOptionsBuilder.EnableSensitiveDataLogging' to see key values.
dbug: Microsoft.EntityFrameworkCore.ChangeTracking[10806]
      Context 'OamDbContext' started tracking 'InstanceWorkflow' entity. Consider using 'DbContextOptionsBuilder.EnableSensitiveDataLogging' to see key values.
dbug: Microsoft.EntityFrameworkCore.Infrastructure[10407]
      'OamDbContext' disposed.
dbug: Microsoft.EntityFrameworkCore.Infrastructure[10407]
      'OamDbContext' disposed.
dbug: Microsoft.EntityFrameworkCore.Database.Connection[20007]
      Disposing connection to database 'main' on server 'oam_dev.db'.
dbug: Microsoft.EntityFrameworkCore.Database.Connection[20007]
      Disposing connection to database 'main' on server 'oam_dev.db'.
dbug: Microsoft.EntityFrameworkCore.ChangeTracking[10806]
      Context 'OamDbContext' started tracking 'InstanceWorkflow' entity. Consider using 'DbContextOptionsBuilder.EnableSensitiveDataLogging' to see key values.
dbug: Microsoft.EntityFrameworkCore.Database.Connection[20008]
      Disposed connection to database 'main' on server 'oam_dev.db' (62ms).
dbug: Microsoft.EntityFrameworkCore.Database.Connection[20008]
      Disposed connection to database 'main' on server 'oam_dev.db' (30ms).
info: Microsoft.AspNetCore.Hosting.Diagnostics[2]
      Request finished HTTP/1.1 GET http://localhost:5000/api/instances/erreurs - 200 - application/json;+charset=utf-8 22111.8028ms
dbug: Microsoft.EntityFrameworkCore.ChangeTracking[10806]
      Context 'OamDbContext' started tracking 'InstanceWorkflow' entity. Consider using 'DbContextOptionsBuilder.EnableSensitiveDataLogging' to see key values.
dbug: Microsoft.EntityFrameworkCore.ChangeTracking[10806]
      Context 'OamDbContext' started tracking 'InstanceWorkflow' entity. Consider using 'DbContextOptionsBuilder.EnableSensitiveDataLogging' to see key values.
info: Microsoft.AspNetCore.Hosting.Diagnostics[1]
      Request starting HTTP/1.1 GET http://localhost:5000/api/definitions/f64b5467-7b1c-4f92-95c9-db6a00032af1/versions - application/json -
info: Microsoft.AspNetCore.Hosting.Diagnostics[1]
      Request starting HTTP/1.1 GET http://localhost:5000/api/definitions/f64b5467-7b1c-4f92-95c9-db6a00032af1/yaml - - -
dbug: Microsoft.EntityFrameworkCore.Infrastructure[10407]
      'OamDbContext' disposed.
dbug: Microsoft.EntityFrameworkCore.Database.Connection[20007]
      Disposing connection to database 'main' on server 'oam_dev.db'.
dbug: Microsoft.EntityFrameworkCore.ChangeTracking[10806]
      Context 'OamDbContext' started tracking 'InstanceWorkflow' entity. Consider using 'DbContextOptionsBuilder.EnableSensitiveDataLogging' to see key values.
dbug: Microsoft.EntityFrameworkCore.ChangeTracking[10806]
      Context 'OamDbContext' started tracking 'InstanceWorkflow' entity. Consider using 'DbContextOptionsBuilder.EnableSensitiveDataLogging' to see key values.
dbug: Microsoft.EntityFrameworkCore.Database.Connection[20003]
      Closed connection to database 'main' on server 'oam_dev.db' (374ms).
info: Microsoft.AspNetCore.Hosting.Diagnostics[2]
      Request finished HTTP/1.1 GET http://localhost:5000/api/instances/erreurs - 200 - application/json;+charset=utf-8 10546.2009ms
info: Microsoft.AspNetCore.Http.Result.OkObjectResult[1]
      Setting HTTP status code 200.
dbug: Microsoft.EntityFrameworkCore.Database.Connection[20008]
      Disposed connection to database 'main' on server 'oam_dev.db' (62ms).
dbug: Microsoft.EntityFrameworkCore.ChangeTracking[10806]
      Context 'OamDbContext' started tracking 'InstanceWorkflow' entity. Consider using 'DbContextOptionsBuilder.EnableSensitiveDataLogging' to see key values.
dbug: Microsoft.EntityFrameworkCore.ChangeTracking[10806]
      Context 'OamDbContext' started tracking 'InstanceWorkflow' entity. Consider using 'DbContextOptionsBuilder.EnableSensitiveDataLogging' to see key values.
info: Microsoft.AspNetCore.Hosting.Diagnostics[2]
      Request finished HTTP/1.1 GET http://localhost:5000/api/instances/erreurs - 200 - application/json;+charset=utf-8 22338.8649ms
info: Microsoft.AspNetCore.Routing.EndpointMiddleware[0]
      Executing endpoint 'HTTP: GET /api/definitions/{id:guid}/yaml'
dbug: Microsoft.EntityFrameworkCore.Database.Command[20301]
      Closing data reader to 'main' on server 'C:\OAM\src\OAM.Api\oam_dev.db'.
dbug: Microsoft.EntityFrameworkCore.ChangeTracking[10806]
      Context 'OamDbContext' started tracking 'InstanceWorkflow' entity. Consider using 'DbContextOptionsBuilder.EnableSensitiveDataLogging' to see key values.
dbug: Microsoft.EntityFrameworkCore.Database.Command[20300]
      A data reader for 'main' on server 'C:\OAM\src\OAM.Api\oam_dev.db' is being disposed after spending 642ms reading results.
info: Microsoft.AspNetCore.Http.Result.OkObjectResult[3]
      Writing value of type 'ListSelectIterator`2' as Json.
dbug: Microsoft.EntityFrameworkCore.Database.Command[20301]
      Closing data reader to 'main' on server 'C:\OAM\src\OAM.Api\oam_dev.db'.
dbug: Microsoft.EntityFrameworkCore.Query[10111]
      Compiling query expression: 
      'DbSet<DefinitionWorkflow>()
          .Include(d => d.Versions
              .OrderByDescending(v => v.DateChargement)
              .Take(5))
          .FirstOrDefault(d => d.Id == @id)'
dbug: Microsoft.EntityFrameworkCore.Database.Connection[20002]
      Closing connection to database 'main' on server 'C:\OAM\src\OAM.Api\oam_dev.db'.
dbug: Microsoft.EntityFrameworkCore.Database.Connection[20003]
      Closed connection to database 'main' on server 'oam_dev.db' (60ms).
dbug: Microsoft.EntityFrameworkCore.Database.Command[20300]
      A data reader for 'main' on server 'C:\OAM\src\OAM.Api\oam_dev.db' is being disposed after spending 1208ms reading results.
info: Microsoft.AspNetCore.Routing.EndpointMiddleware[0]
      Executing endpoint 'HTTP: GET /api/definitions/'
info: Microsoft.AspNetCore.Http.Result.OkObjectResult[1]
      Setting HTTP status code 200.
info: Microsoft.AspNetCore.Http.Result.OkObjectResult[1]
      Setting HTTP status code 200.
info: Microsoft.AspNetCore.Http.Result.OkObjectResult[3]
      Writing value of type 'ListSelectIterator`2' as Json.
dbug: Microsoft.EntityFrameworkCore.Database.Connection[20002]
      Closing connection to database 'main' on server 'C:\OAM\src\OAM.Api\oam_dev.db'.
dbug: Microsoft.EntityFrameworkCore.Database.Connection[20003]
      Closed connection to database 'main' on server 'oam_dev.db' (2ms).
dbug: Microsoft.EntityFrameworkCore.Infrastructure[10403]
      Entity Framework Core 10.0.5 initialized 'OamDbContext' using provider 'Microsoft.EntityFrameworkCore.Sqlite:10.0.5' with options: None
info: Microsoft.AspNetCore.Routing.EndpointMiddleware[0]
      Executing endpoint 'HTTP: GET /api/instances/erreurs'
info: Microsoft.AspNetCore.Http.Result.OkObjectResult[3]
      Writing value of type 'ListSelectIterator`2' as Json.
dbug: Microsoft.EntityFrameworkCore.Infrastructure[10403]
      Entity Framework Core 10.0.5 initialized 'OamDbContext' using provider 'Microsoft.EntityFrameworkCore.Sqlite:10.0.5' with options: None
info: Microsoft.AspNetCore.Routing.EndpointMiddleware[1]
      Executed endpoint 'HTTP: GET /api/instances/'
info: Microsoft.AspNetCore.Routing.EndpointMiddleware[1]
      Executed endpoint 'HTTP: GET /api/instances/'
info: Microsoft.AspNetCore.Http.Result.OkObjectResult[1]
      Setting HTTP status code 200.
info: Microsoft.AspNetCore.Http.Result.OkObjectResult[3]
      Writing value of type 'ListSelectIterator`2' as Json.
dbug: Microsoft.EntityFrameworkCore.Infrastructure[10407]
      'OamDbContext' disposed.
info: Microsoft.AspNetCore.Routing.EndpointMiddleware[1]
      Executed endpoint 'HTTP: GET /api/instances/erreurs'
dbug: Microsoft.EntityFrameworkCore.Database.Connection[20007]
      Disposing connection to database 'main' on server 'oam_dev.db'.
dbug: Microsoft.EntityFrameworkCore.Database.Connection[20008]
      Disposed connection to database 'main' on server 'oam_dev.db' (2ms).
dbug: Microsoft.EntityFrameworkCore.Database.Connection[20005]
      Creating DbConnection.
info: Microsoft.AspNetCore.Hosting.Diagnostics[2]
      Request finished HTTP/1.1 GET http://localhost:5000/api/instances - 200 - application/json;+charset=utf-8 22590.3472ms
dbug: Microsoft.EntityFrameworkCore.Infrastructure[10407]
      'OamDbContext' disposed.
dbug: Microsoft.EntityFrameworkCore.Database.Connection[20006]
      Created DbConnection. (29ms).
info: Microsoft.AspNetCore.Routing.EndpointMiddleware[1]
      Executed endpoint 'HTTP: GET /api/instances/'
dbug: Microsoft.EntityFrameworkCore.Database.Connection[20007]
      Disposing connection to database 'main' on server 'oam_dev.db'.
info: Microsoft.AspNetCore.Cors.Infrastructure.CorsService[4]
      CORS policy execution successful.
dbug: Microsoft.EntityFrameworkCore.Database.Connection[20008]
      Disposed connection to database 'main' on server 'oam_dev.db' (31ms).
dbug: Microsoft.EntityFrameworkCore.Infrastructure[10407]
      'OamDbContext' disposed.
dbug: Microsoft.EntityFrameworkCore.Database.Connection[20000]
      Opening connection to database 'main' on server 'oam_dev.db'.
dbug: Microsoft.EntityFrameworkCore.Infrastructure[10407]
      'OamDbContext' disposed.
info: Microsoft.AspNetCore.Hosting.Diagnostics[2]
      Request finished HTTP/1.1 GET http://localhost:5000/api/instances - 200 - application/json;+charset=utf-8 22804.9249ms
dbug: Microsoft.EntityFrameworkCore.Database.Connection[20007]
      Disposing connection to database 'main' on server 'oam_dev.db'.
dbug: Microsoft.EntityFrameworkCore.Database.Connection[20001]
      Opened connection to database 'main' on server 'C:\OAM\src\OAM.Api\oam_dev.db'.
dbug: Microsoft.EntityFrameworkCore.Database.Connection[20007]
      Disposing connection to database 'main' on server 'oam_dev.db'.
dbug: Microsoft.EntityFrameworkCore.Database.Command[20103]
      Creating DbCommand for 'ExecuteReader'.
dbug: Microsoft.EntityFrameworkCore.Query[10112]
      Including navigation: 'DefinitionWorkflow.Versions'.
dbug: Microsoft.EntityFrameworkCore.Database.Connection[20008]
      Disposed connection to database 'main' on server 'oam_dev.db' (2ms).
dbug: Microsoft.EntityFrameworkCore.Infrastructure[10403]
      Entity Framework Core 10.0.5 initialized 'OamDbContext' using provider 'Microsoft.EntityFrameworkCore.Sqlite:10.0.5' with options: None
info: Microsoft.AspNetCore.Hosting.Diagnostics[2]
      Request finished HTTP/1.1 GET http://localhost:5000/api/instances - 200 - application/json;+charset=utf-8 22832.5364ms
dbug: Microsoft.EntityFrameworkCore.Database.Command[20104]
      Created DbCommand for 'ExecuteReader' (4ms).
info: Microsoft.AspNetCore.Routing.EndpointMiddleware[0]
      Executing endpoint '/hubs/workflow/negotiate'
dbug: Microsoft.EntityFrameworkCore.Database.Command[20106]
      Initialized DbCommand for 'ExecuteReader' (7ms).
dbug: Microsoft.EntityFrameworkCore.Database.Command[20100]
      Executing DbCommand [Parameters=[], CommandType='Text', CommandTimeout='30']
      SELECT "d"."Id", "d"."Actif", "d"."ContenuYaml", "d"."DateCreation", "d"."DateModification", "d"."Description", "d"."Equipe", "d"."HashVersion", "d"."Nom"
      FROM "DefinitionsWorkflow" AS "d"
      WHERE "d"."Actif"
      ORDER BY "d"."Nom"
dbug: Microsoft.EntityFrameworkCore.Database.Connection[20008]
      Disposed connection to database 'main' on server 'oam_dev.db' (107ms).
info: Microsoft.AspNetCore.Routing.EndpointMiddleware[1]
      Executed endpoint '/hubs/workflow/negotiate'
info: Microsoft.AspNetCore.Routing.EndpointMiddleware[0]
      Executing endpoint 'HTTP: GET /api/definitions/'
info: Microsoft.AspNetCore.Routing.EndpointMiddleware[0]
      Executing endpoint 'HTTP: GET /api/instances/erreurs'
info: Microsoft.AspNetCore.Hosting.Diagnostics[2]
      Request finished HTTP/1.1 POST http://localhost:5173/hubs/workflow/negotiate?negotiateVersion=1 - 200 316 application/json 22904.7160ms
info: Microsoft.EntityFrameworkCore.Database.Command[20101]
      Executed DbCommand (92ms) [Parameters=[], CommandType='Text', CommandTimeout='30']
      SELECT "d"."Id", "d"."Actif", "d"."ContenuYaml", "d"."DateCreation", "d"."DateModification", "d"."Description", "d"."Equipe", "d"."HashVersion", "d"."Nom"
      FROM "DefinitionsWorkflow" AS "d"
      WHERE "d"."Actif"
      ORDER BY "d"."Nom"
dbug: Microsoft.EntityFrameworkCore.Database.Connection[20005]
      Creating DbConnection.
dbug: Microsoft.EntityFrameworkCore.Database.Connection[20006]
      Created DbConnection. (62ms).
dbug: Microsoft.EntityFrameworkCore.ChangeTracking[10806]
      Context 'OamDbContext' started tracking 'DefinitionWorkflow' entity. Consider using 'DbContextOptionsBuilder.EnableSensitiveDataLogging' to see key values.
dbug: Microsoft.EntityFrameworkCore.Database.Connection[20000]
      Opening connection to database 'main' on server 'oam_dev.db'.
dbug: Microsoft.EntityFrameworkCore.Database.Connection[20001]
      Opened connection to database 'main' on server 'C:\OAM\src\OAM.Api\oam_dev.db'.
dbug: Microsoft.EntityFrameworkCore.ChangeTracking[10806]
      Context 'OamDbContext' started tracking 'InstanceWorkflow' entity. Consider using 'DbContextOptionsBuilder.EnableSensitiveDataLogging' to see key values.
dbug: Microsoft.EntityFrameworkCore.ChangeTracking[10806]
      Context 'OamDbContext' started tracking 'InstanceWorkflow' entity. Consider using 'DbContextOptionsBuilder.EnableSensitiveDataLogging' to see key values.
info: Microsoft.AspNetCore.Routing.EndpointMiddleware[0]
      Executing endpoint 'HTTP: GET /api/instances/'
dbug: Microsoft.EntityFrameworkCore.Database.Command[20301]
      Closing data reader to 'main' on server 'C:\OAM\src\OAM.Api\oam_dev.db'.
dbug: Microsoft.EntityFrameworkCore.Database.Command[20301]
      Closing data reader to 'main' on server 'C:\OAM\src\OAM.Api\oam_dev.db'.
dbug: Microsoft.EntityFrameworkCore.Database.Command[20300]
      A data reader for 'main' on server 'C:\OAM\src\OAM.Api\oam_dev.db' is being disposed after spending 21187ms reading results.
dbug: Microsoft.EntityFrameworkCore.Database.Command[20300]
      A data reader for 'main' on server 'C:\OAM\src\OAM.Api\oam_dev.db' is being disposed after spending 158ms reading results.
dbug: Microsoft.EntityFrameworkCore.Infrastructure[10403]
      Entity Framework Core 10.0.5 initialized 'OamDbContext' using provider 'Microsoft.EntityFrameworkCore.Sqlite:10.0.5' with options: None
dbug: Microsoft.EntityFrameworkCore.Infrastructure[10403]
      Entity Framework Core 10.0.5 initialized 'OamDbContext' using provider 'Microsoft.EntityFrameworkCore.Sqlite:10.0.5' with options: None
dbug: Microsoft.EntityFrameworkCore.Database.Connection[20002]
      Closing connection to database 'main' on server 'C:\OAM\src\OAM.Api\oam_dev.db'.
dbug: Microsoft.EntityFrameworkCore.Database.Command[20103]
      Creating DbCommand for 'ExecuteReader'.
dbug: Microsoft.EntityFrameworkCore.Database.Connection[20005]
      Creating DbConnection.
info: Microsoft.AspNetCore.Hosting.Diagnostics[2]
      Request finished HTTP/1.1 GET http://localhost:5000/api/instances/erreurs - 200 - application/json;+charset=utf-8 18977.5342ms
dbug: Microsoft.EntityFrameworkCore.Database.Command[20104]
      Created DbCommand for 'ExecuteReader' (33ms).
dbug: Microsoft.EntityFrameworkCore.Database.Connection[20003]
      Closed connection to database 'main' on server 'oam_dev.db' (93ms).
dbug: Microsoft.EntityFrameworkCore.Database.Connection[20005]
      Creating DbConnection.
dbug: Microsoft.EntityFrameworkCore.Database.Command[20106]
      Initialized DbCommand for 'ExecuteReader' (60ms).
dbug: Microsoft.EntityFrameworkCore.Database.Connection[20006]
      Created DbConnection. (41ms).
dbug: Microsoft.EntityFrameworkCore.Infrastructure[10403]
      Entity Framework Core 10.0.5 initialized 'OamDbContext' using provider 'Microsoft.EntityFrameworkCore.Sqlite:10.0.5' with options: None
dbug: Microsoft.EntityFrameworkCore.Database.Connection[20000]
      Opening connection to database 'main' on server 'oam_dev.db'.
dbug: Microsoft.EntityFrameworkCore.Database.Connection[20006]
      Created DbConnection. (18ms).
dbug: Microsoft.EntityFrameworkCore.Database.Connection[20001]
      Opened connection to database 'main' on server 'C:\OAM\src\OAM.Api\oam_dev.db'.
dbug: Microsoft.EntityFrameworkCore.Database.Connection[20000]
      Opening connection to database 'main' on server 'oam_dev.db'.
dbug: Microsoft.EntityFrameworkCore.Database.Command[20103]
      Creating DbCommand for 'ExecuteReader'.
dbug: Microsoft.EntityFrameworkCore.Database.Connection[20005]
      Creating DbConnection.
info: Microsoft.AspNetCore.Http.Result.OkObjectResult[1]
      Setting HTTP status code 200.
dbug: Microsoft.EntityFrameworkCore.Database.Connection[20006]
      Created DbConnection. (30ms).
info: Microsoft.AspNetCore.Http.Result.OkObjectResult[3]
      Writing value of type 'ListSelectIterator`2' as Json.
dbug: Microsoft.EntityFrameworkCore.Database.Command[20104]
      Created DbCommand for 'ExecuteReader' (123ms).
dbug: Microsoft.EntityFrameworkCore.Database.Command[20106]
      Initialized DbCommand for 'ExecuteReader' (185ms).
dbug: Microsoft.EntityFrameworkCore.Database.Connection[20001]
      Opened connection to database 'main' on server 'C:\OAM\src\OAM.Api\oam_dev.db'.
dbug: Microsoft.EntityFrameworkCore.Database.Command[20100]
      Executing DbCommand [Parameters=[], CommandType='Text', CommandTimeout='30']
      SELECT "i"."Id", "i"."ContexteExecution", "i"."CorrelationId", "i"."DateCreation", "i"."DateDebut", "i"."DateFin", "i"."DefinitionWorkflowId", "i"."DonneesEntree", "i"."Erreur", "i"."Etat", "i"."HashVersionConfig", "d"."Id", "d"."Actif", "d"."ContenuYaml", "d"."DateCreation", "d"."DateModification", "d"."Description", "d"."Equipe", "d"."HashVersion", "d"."Nom"
      FROM "InstancesWorkflow" AS "i"
      INNER JOIN "DefinitionsWorkflow" AS "d" ON "i"."DefinitionWorkflowId" = "d"."Id"
      ORDER BY "i"."DateCreation" DESC
dbug: Microsoft.EntityFrameworkCore.Database.Command[20100]
      Executing DbCommand [Parameters=[], CommandType='Text', CommandTimeout='30']
      SELECT "i"."Id", "i"."ContexteExecution", "i"."CorrelationId", "i"."DateCreation", "i"."DateDebut", "i"."DateFin", "i"."DefinitionWorkflowId", "i"."DonneesEntree", "i"."Erreur", "i"."Etat", "i"."HashVersionConfig", "d"."Id", "e0"."Id", "e0"."DateDebut", "e0"."DateFin", "e0"."DonneesEntree", "e0"."DonneesSortie", "e0"."Erreur", "e0"."Etat", "e0"."InstanceWorkflowId", "e0"."NomTache", "e0"."NombreTentatives", "e0"."Ordre", "e0"."TypeConnecteur", "d"."Actif", "d"."ContenuYaml", "d"."DateCreation", "d"."DateModification", "d"."Description", "d"."Equipe", "d"."HashVersion", "d"."Nom"
      FROM "InstancesWorkflow" AS "i"
      INNER JOIN "DefinitionsWorkflow" AS "d" ON "i"."DefinitionWorkflowId" = "d"."Id"
      LEFT JOIN (
          SELECT "e"."Id", "e"."DateDebut", "e"."DateFin", "e"."DonneesEntree", "e"."DonneesSortie", "e"."Erreur", "e"."Etat", "e"."InstanceWorkflowId", "e"."NomTache", "e"."NombreTentatives", "e"."Ordre", "e"."TypeConnecteur"
          FROM "ExecutionsTache" AS "e"
          WHERE "e"."Etat" = 'EnErreur'
      ) AS "e0" ON "i"."Id" = "e0"."InstanceWorkflowId"
      WHERE "i"."Etat" = 'EnErreur'
      ORDER BY "i"."DateCreation" DESC, "i"."Id", "d"."Id"
info: Microsoft.EntityFrameworkCore.Database.Command[20101]
      Executed DbCommand (58ms) [Parameters=[], CommandType='Text', CommandTimeout='30']
      SELECT "i"."Id", "i"."ContexteExecution", "i"."CorrelationId", "i"."DateCreation", "i"."DateDebut", "i"."DateFin", "i"."DefinitionWorkflowId", "i"."DonneesEntree", "i"."Erreur", "i"."Etat", "i"."HashVersionConfig", "d"."Id", "d"."Actif", "d"."ContenuYaml", "d"."DateCreation", "d"."DateModification", "d"."Description", "d"."Equipe", "d"."HashVersion", "d"."Nom"
      FROM "InstancesWorkflow" AS "i"
      INNER JOIN "DefinitionsWorkflow" AS "d" ON "i"."DefinitionWorkflowId" = "d"."Id"
      ORDER BY "i"."DateCreation" DESC
dbug: Microsoft.EntityFrameworkCore.Database.Command[20103]
      Creating DbCommand for 'ExecuteReader'.
dbug: Microsoft.EntityFrameworkCore.Database.Command[20104]
      Created DbCommand for 'ExecuteReader' (2ms).
dbug: Microsoft.EntityFrameworkCore.Database.Command[20106]
      Initialized DbCommand for 'ExecuteReader' (4ms).
info: Microsoft.AspNetCore.Routing.EndpointMiddleware[1]
      Executed endpoint 'HTTP: GET /api/definitions/'
dbug: Microsoft.EntityFrameworkCore.Database.Command[20100]
      Executing DbCommand [Parameters=[], CommandType='Text', CommandTimeout='30']
      SELECT "i"."Id", "i"."ContexteExecution", "i"."CorrelationId", "i"."DateCreation", "i"."DateDebut", "i"."DateFin", "i"."DefinitionWorkflowId", "i"."DonneesEntree", "i"."Erreur", "i"."Etat", "i"."HashVersionConfig", "d"."Id", "e0"."Id", "e0"."DateDebut", "e0"."DateFin", "e0"."DonneesEntree", "e0"."DonneesSortie", "e0"."Erreur", "e0"."Etat", "e0"."InstanceWorkflowId", "e0"."NomTache", "e0"."NombreTentatives", "e0"."Ordre", "e0"."TypeConnecteur", "d"."Actif", "d"."ContenuYaml", "d"."DateCreation", "d"."DateModification", "d"."Description", "d"."Equipe", "d"."HashVersion", "d"."Nom"
      FROM "InstancesWorkflow" AS "i"
      INNER JOIN "DefinitionsWorkflow" AS "d" ON "i"."DefinitionWorkflowId" = "d"."Id"
      LEFT JOIN (
          SELECT "e"."Id", "e"."DateDebut", "e"."DateFin", "e"."DonneesEntree", "e"."DonneesSortie", "e"."Erreur", "e"."Etat", "e"."InstanceWorkflowId", "e"."NomTache", "e"."NombreTentatives", "e"."Ordre", "e"."TypeConnecteur"
          FROM "ExecutionsTache" AS "e"
          WHERE "e"."Etat" = 'EnErreur'
      ) AS "e0" ON "i"."Id" = "e0"."InstanceWorkflowId"
      WHERE "i"."Etat" = 'EnErreur'
      ORDER BY "i"."DateCreation" DESC, "i"."Id", "d"."Id"
info: Microsoft.AspNetCore.Routing.EndpointMiddleware[0]
      Executing endpoint 'HTTP: GET /api/definitions/'
dbug: Microsoft.EntityFrameworkCore.ChangeTracking[10806]
      Context 'OamDbContext' started tracking 'InstanceWorkflow' entity. Consider using 'DbContextOptionsBuilder.EnableSensitiveDataLogging' to see key values.
info: Microsoft.EntityFrameworkCore.Database.Command[20101]
      Executed DbCommand (66ms) [Parameters=[], CommandType='Text', CommandTimeout='30']
      SELECT "i"."Id", "i"."ContexteExecution", "i"."CorrelationId", "i"."DateCreation", "i"."DateDebut", "i"."DateFin", "i"."DefinitionWorkflowId", "i"."DonneesEntree", "i"."Erreur", "i"."Etat", "i"."HashVersionConfig", "d"."Id", "e0"."Id", "e0"."DateDebut", "e0"."DateFin", "e0"."DonneesEntree", "e0"."DonneesSortie", "e0"."Erreur", "e0"."Etat", "e0"."InstanceWorkflowId", "e0"."NomTache", "e0"."NombreTentatives", "e0"."Ordre", "e0"."TypeConnecteur", "d"."Actif", "d"."ContenuYaml", "d"."DateCreation", "d"."DateModification", "d"."Description", "d"."Equipe", "d"."HashVersion", "d"."Nom"
      FROM "InstancesWorkflow" AS "i"
      INNER JOIN "DefinitionsWorkflow" AS "d" ON "i"."DefinitionWorkflowId" = "d"."Id"
      LEFT JOIN (
          SELECT "e"."Id", "e"."DateDebut", "e"."DateFin", "e"."DonneesEntree", "e"."DonneesSortie", "e"."Erreur", "e"."Etat", "e"."InstanceWorkflowId", "e"."NomTache", "e"."NombreTentatives", "e"."Ordre", "e"."TypeConnecteur"
          FROM "ExecutionsTache" AS "e"
          WHERE "e"."Etat" = 'EnErreur'
      ) AS "e0" ON "i"."Id" = "e0"."InstanceWorkflowId"
      WHERE "i"."Etat" = 'EnErreur'
      ORDER BY "i"."DateCreation" DESC, "i"."Id", "d"."Id"
info: Microsoft.EntityFrameworkCore.Database.Command[20101]
      Executed DbCommand (127ms) [Parameters=[], CommandType='Text', CommandTimeout='30']
      SELECT "i"."Id", "i"."ContexteExecution", "i"."CorrelationId", "i"."DateCreation", "i"."DateDebut", "i"."DateFin", "i"."DefinitionWorkflowId", "i"."DonneesEntree", "i"."Erreur", "i"."Etat", "i"."HashVersionConfig", "d"."Id", "e0"."Id", "e0"."DateDebut", "e0"."DateFin", "e0"."DonneesEntree", "e0"."DonneesSortie", "e0"."Erreur", "e0"."Etat", "e0"."InstanceWorkflowId", "e0"."NomTache", "e0"."NombreTentatives", "e0"."Ordre", "e0"."TypeConnecteur", "d"."Actif", "d"."ContenuYaml", "d"."DateCreation", "d"."DateModification", "d"."Description", "d"."Equipe", "d"."HashVersion", "d"."Nom"
      FROM "InstancesWorkflow" AS "i"
      INNER JOIN "DefinitionsWorkflow" AS "d" ON "i"."DefinitionWorkflowId" = "d"."Id"
      LEFT JOIN (
          SELECT "e"."Id", "e"."DateDebut", "e"."DateFin", "e"."DonneesEntree", "e"."DonneesSortie", "e"."Erreur", "e"."Etat", "e"."InstanceWorkflowId", "e"."NomTache", "e"."NombreTentatives", "e"."Ordre", "e"."TypeConnecteur"
          FROM "ExecutionsTache" AS "e"
          WHERE "e"."Etat" = 'EnErreur'
      ) AS "e0" ON "i"."Id" = "e0"."InstanceWorkflowId"
      WHERE "i"."Etat" = 'EnErreur'
      ORDER BY "i"."DateCreation" DESC, "i"."Id", "d"."Id"
dbug: Microsoft.EntityFrameworkCore.Infrastructure[10407]
      'OamDbContext' disposed.
dbug: Microsoft.EntityFrameworkCore.Database.Connection[20007]
      Disposing connection to database 'main' on server 'oam_dev.db'.
dbug: Microsoft.EntityFrameworkCore.ChangeTracking[10805]
      The navigation 'InstanceWorkflow.DefinitionWorkflow' was detected as changed. Consider using 'DbContextOptionsBuilder.EnableSensitiveDataLogging' to see key values.
dbug: Microsoft.EntityFrameworkCore.ChangeTracking[10806]
      Context 'OamDbContext' started tracking 'InstanceWorkflow' entity. Consider using 'DbContextOptionsBuilder.EnableSensitiveDataLogging' to see key values.
dbug: Microsoft.EntityFrameworkCore.ChangeTracking[10806]
      Context 'OamDbContext' started tracking 'InstanceWorkflow' entity. Consider using 'DbContextOptionsBuilder.EnableSensitiveDataLogging' to see key values.
dbug: Microsoft.EntityFrameworkCore.ChangeTracking[10806]
      Context 'OamDbContext' started tracking 'DefinitionWorkflow' entity. Consider using 'DbContextOptionsBuilder.EnableSensitiveDataLogging' to see key values.
dbug: Microsoft.EntityFrameworkCore.Database.Connection[20008]
      Disposed connection to database 'main' on server 'oam_dev.db' (91ms).
dbug: Microsoft.EntityFrameworkCore.ChangeTracking[10805]
      The navigation 'InstanceWorkflow.DefinitionWorkflow' was detected as changed. Consider using 'DbContextOptionsBuilder.EnableSensitiveDataLogging' to see key values.
dbug: Microsoft.EntityFrameworkCore.ChangeTracking[10806]
      Context 'OamDbContext' started tracking 'InstanceWorkflow' entity. Consider using 'DbContextOptionsBuilder.EnableSensitiveDataLogging' to see key values.
dbug: Microsoft.EntityFrameworkCore.Database.Connection[20000]
      Opening connection to database 'main' on server 'oam_dev.db'.
info: Microsoft.AspNetCore.Hosting.Diagnostics[1]
      Request starting HTTP/1.1 GET http://localhost:5000/api/definitions - application/json -
dbug: Microsoft.EntityFrameworkCore.ChangeTracking[10806]
      Context 'OamDbContext' started tracking 'DefinitionWorkflow' entity. Consider using 'DbContextOptionsBuilder.EnableSensitiveDataLogging' to see key values.
dbug: Microsoft.EntityFrameworkCore.Infrastructure[10403]
      Entity Framework Core 10.0.5 initialized 'OamDbContext' using provider 'Microsoft.EntityFrameworkCore.Sqlite:10.0.5' with options: None
dbug: Microsoft.EntityFrameworkCore.ChangeTracking[10806]
      Context 'OamDbContext' started tracking 'InstanceWorkflow' entity. Consider using 'DbContextOptionsBuilder.EnableSensitiveDataLogging' to see key values.
info: Microsoft.AspNetCore.Hosting.Diagnostics[2]
      Request finished HTTP/1.1 GET http://localhost:5000/api/definitions - 200 - application/json;+charset=utf-8 23979.6523ms
dbug: Microsoft.EntityFrameworkCore.ChangeTracking[10806]
      Context 'OamDbContext' started tracking 'InstanceWorkflow' entity. Consider using 'DbContextOptionsBuilder.EnableSensitiveDataLogging' to see key values.
dbug: Microsoft.EntityFrameworkCore.ChangeTracking[10806]
      Context 'OamDbContext' started tracking 'ExecutionTache' entity. Consider using 'DbContextOptionsBuilder.EnableSensitiveDataLogging' to see key values.
dbug: Microsoft.EntityFrameworkCore.ChangeTracking[10805]
      The navigation 'InstanceWorkflow.DefinitionWorkflow' was detected as changed. Consider using 'DbContextOptionsBuilder.EnableSensitiveDataLogging' to see key values.
dbug: Microsoft.EntityFrameworkCore.Database.Connection[20001]
      Opened connection to database 'main' on server 'C:\OAM\src\OAM.Api\oam_dev.db'.
dbug: Microsoft.EntityFrameworkCore.ChangeTracking[10806]
      Context 'OamDbContext' started tracking 'InstanceWorkflow' entity. Consider using 'DbContextOptionsBuilder.EnableSensitiveDataLogging' to see key values.
dbug: Microsoft.EntityFrameworkCore.ChangeTracking[10806]
      Context 'OamDbContext' started tracking 'InstanceWorkflow' entity. Consider using 'DbContextOptionsBuilder.EnableSensitiveDataLogging' to see key values.
dbug: Microsoft.EntityFrameworkCore.Database.Command[20103]
      Creating DbCommand for 'ExecuteReader'.
info: Microsoft.AspNetCore.Routing.EndpointMiddleware[0]
      Executing endpoint 'HTTP: GET /api/instances/'
dbug: Microsoft.EntityFrameworkCore.Database.Command[20104]
      Created DbCommand for 'ExecuteReader' (68ms).
dbug: Microsoft.EntityFrameworkCore.ChangeTracking[10806]
      Context 'OamDbContext' started tracking 'InstanceWorkflow' entity. Consider using 'DbContextOptionsBuilder.EnableSensitiveDataLogging' to see key values.
dbug: Microsoft.EntityFrameworkCore.Database.Command[20106]
      Initialized DbCommand for 'ExecuteReader' (70ms).
dbug: Microsoft.EntityFrameworkCore.ChangeTracking[10806]
      Context 'OamDbContext' started tracking 'ExecutionTache' entity. Consider using 'DbContextOptionsBuilder.EnableSensitiveDataLogging' to see key values.
dbug: Microsoft.EntityFrameworkCore.Database.Command[20100]
      Executing DbCommand [Parameters=[], CommandType='Text', CommandTimeout='30']
      SELECT "d"."Id", "d"."Actif", "d"."ContenuYaml", "d"."DateCreation", "d"."DateModification", "d"."Description", "d"."Equipe", "d"."HashVersion", "d"."Nom"
      FROM "DefinitionsWorkflow" AS "d"
      WHERE "d"."Actif"
      ORDER BY "d"."Nom"
dbug: Microsoft.EntityFrameworkCore.ChangeTracking[10806]
      Context 'OamDbContext' started tracking 'InstanceWorkflow' entity. Consider using 'DbContextOptionsBuilder.EnableSensitiveDataLogging' to see key values.
dbug: Microsoft.EntityFrameworkCore.ChangeTracking[10806]
      Context 'OamDbContext' started tracking 'InstanceWorkflow' entity. Consider using 'DbContextOptionsBuilder.EnableSensitiveDataLogging' to see key values.
dbug: Microsoft.EntityFrameworkCore.ChangeTracking[10806]
      Context 'OamDbContext' started tracking 'DefinitionWorkflow' entity. Consider using 'DbContextOptionsBuilder.EnableSensitiveDataLogging' to see key values.
info: Microsoft.EntityFrameworkCore.Database.Command[20101]
      Executed DbCommand (8ms) [Parameters=[], CommandType='Text', CommandTimeout='30']
      SELECT "d"."Id", "d"."Actif", "d"."ContenuYaml", "d"."DateCreation", "d"."DateModification", "d"."Description", "d"."Equipe", "d"."HashVersion", "d"."Nom"
      FROM "DefinitionsWorkflow" AS "d"
      WHERE "d"."Actif"
      ORDER BY "d"."Nom"
dbug: Microsoft.EntityFrameworkCore.ChangeTracking[10806]
      Context 'OamDbContext' started tracking 'InstanceWorkflow' entity. Consider using 'DbContextOptionsBuilder.EnableSensitiveDataLogging' to see key values.
dbug: Microsoft.EntityFrameworkCore.ChangeTracking[10806]
      Context 'OamDbContext' started tracking 'ExecutionTache' entity. Consider using 'DbContextOptionsBuilder.EnableSensitiveDataLogging' to see key values.
dbug: Microsoft.EntityFrameworkCore.Infrastructure[10403]
      Entity Framework Core 10.0.5 initialized 'OamDbContext' using provider 'Microsoft.EntityFrameworkCore.Sqlite:10.0.5' with options: None
dbug: Microsoft.EntityFrameworkCore.ChangeTracking[10806]
      Context 'OamDbContext' started tracking 'DefinitionWorkflow' entity. Consider using 'DbContextOptionsBuilder.EnableSensitiveDataLogging' to see key values.
dbug: Microsoft.EntityFrameworkCore.Database.Connection[20005]
      Creating DbConnection.
dbug: Microsoft.EntityFrameworkCore.ChangeTracking[10806]
      Context 'OamDbContext' started tracking 'InstanceWorkflow' entity. Consider using 'DbContextOptionsBuilder.EnableSensitiveDataLogging' to see key values.
dbug: Microsoft.EntityFrameworkCore.ChangeTracking[10806]
      Context 'OamDbContext' started tracking 'InstanceWorkflow' entity. Consider using 'DbContextOptionsBuilder.EnableSensitiveDataLogging' to see key values.
dbug: Microsoft.EntityFrameworkCore.Database.Command[20301]
      Closing data reader to 'main' on server 'C:\OAM\src\OAM.Api\oam_dev.db'.
dbug: Microsoft.EntityFrameworkCore.Database.Connection[20006]
      Created DbConnection. (1ms).
dbug: Microsoft.EntityFrameworkCore.ChangeTracking[10806]
      Context 'OamDbContext' started tracking 'ExecutionTache' entity. Consider using 'DbContextOptionsBuilder.EnableSensitiveDataLogging' to see key values.
dbug: Microsoft.EntityFrameworkCore.ChangeTracking[10806]
      Context 'OamDbContext' started tracking 'InstanceWorkflow' entity. Consider using 'DbContextOptionsBuilder.EnableSensitiveDataLogging' to see key values.
dbug: Microsoft.EntityFrameworkCore.Database.Connection[20000]
      Opening connection to database 'main' on server 'oam_dev.db'.
dbug: Microsoft.EntityFrameworkCore.ChangeTracking[10806]
      Context 'OamDbContext' started tracking 'ExecutionTache' entity. Consider using 'DbContextOptionsBuilder.EnableSensitiveDataLogging' to see key values.
dbug: Microsoft.EntityFrameworkCore.ChangeTracking[10806]
      Context 'OamDbContext' started tracking 'InstanceWorkflow' entity. Consider using 'DbContextOptionsBuilder.EnableSensitiveDataLogging' to see key values.
dbug: Microsoft.EntityFrameworkCore.Database.Command[20300]
      A data reader for 'main' on server 'C:\OAM\src\OAM.Api\oam_dev.db' is being disposed after spending 15ms reading results.
dbug: Microsoft.EntityFrameworkCore.Database.Connection[20001]
      Opened connection to database 'main' on server 'C:\OAM\src\OAM.Api\oam_dev.db'.
dbug: Microsoft.EntityFrameworkCore.Database.Command[20103]
      Creating DbCommand for 'ExecuteReader'.
dbug: Microsoft.EntityFrameworkCore.ChangeTracking[10806]
      Context 'OamDbContext' started tracking 'InstanceWorkflow' entity. Consider using 'DbContextOptionsBuilder.EnableSensitiveDataLogging' to see key values.
dbug: Microsoft.EntityFrameworkCore.ChangeTracking[10806]
      Context 'OamDbContext' started tracking 'InstanceWorkflow' entity. Consider using 'DbContextOptionsBuilder.EnableSensitiveDataLogging' to see key values.
dbug: Microsoft.EntityFrameworkCore.Database.Connection[20002]
      Closing connection to database 'main' on server 'C:\OAM\src\OAM.Api\oam_dev.db'.
dbug: Microsoft.EntityFrameworkCore.Database.Command[20104]
      Created DbCommand for 'ExecuteReader' (2ms).
dbug: Microsoft.EntityFrameworkCore.Database.Command[20106]
      Initialized DbCommand for 'ExecuteReader' (5ms).
dbug: Microsoft.EntityFrameworkCore.ChangeTracking[10806]
      Context 'OamDbContext' started tracking 'ExecutionTache' entity. Consider using 'DbContextOptionsBuilder.EnableSensitiveDataLogging' to see key values.
dbug: Microsoft.EntityFrameworkCore.ChangeTracking[10806]
      Context 'OamDbContext' started tracking 'InstanceWorkflow' entity. Consider using 'DbContextOptionsBuilder.EnableSensitiveDataLogging' to see key values.
dbug: Microsoft.EntityFrameworkCore.Database.Connection[20003]
      Closed connection to database 'main' on server 'oam_dev.db' (5ms).
dbug: Microsoft.EntityFrameworkCore.Database.Command[20301]
      Closing data reader to 'main' on server 'C:\OAM\src\OAM.Api\oam_dev.db'.
dbug: Microsoft.EntityFrameworkCore.Database.Command[20100]
      Executing DbCommand [Parameters=[], CommandType='Text', CommandTimeout='30']
      SELECT "i"."Id", "i"."ContexteExecution", "i"."CorrelationId", "i"."DateCreation", "i"."DateDebut", "i"."DateFin", "i"."DefinitionWorkflowId", "i"."DonneesEntree", "i"."Erreur", "i"."Etat", "i"."HashVersionConfig", "d"."Id", "d"."Actif", "d"."ContenuYaml", "d"."DateCreation", "d"."DateModification", "d"."Description", "d"."Equipe", "d"."HashVersion", "d"."Nom"
      FROM "InstancesWorkflow" AS "i"
      INNER JOIN "DefinitionsWorkflow" AS "d" ON "i"."DefinitionWorkflowId" = "d"."Id"
      ORDER BY "i"."DateCreation" DESC
dbug: Microsoft.EntityFrameworkCore.ChangeTracking[10806]
      Context 'OamDbContext' started tracking 'InstanceWorkflow' entity. Consider using 'DbContextOptionsBuilder.EnableSensitiveDataLogging' to see key values.
dbug: Microsoft.EntityFrameworkCore.ChangeTracking[10806]
      Context 'OamDbContext' started tracking 'InstanceWorkflow' entity. Consider using 'DbContextOptionsBuilder.EnableSensitiveDataLogging' to see key values.
info: Microsoft.AspNetCore.Http.Result.OkObjectResult[1]
      Setting HTTP status code 200.
dbug: Microsoft.EntityFrameworkCore.Database.Command[20300]
      A data reader for 'main' on server 'C:\OAM\src\OAM.Api\oam_dev.db' is being disposed after spending 532ms reading results.
dbug: Microsoft.EntityFrameworkCore.Database.Connection[20002]
      Closing connection to database 'main' on server 'C:\OAM\src\OAM.Api\oam_dev.db'.
info: Microsoft.EntityFrameworkCore.Database.Command[20101]
      Executed DbCommand (46ms) [Parameters=[], CommandType='Text', CommandTimeout='30']
      SELECT "i"."Id", "i"."ContexteExecution", "i"."CorrelationId", "i"."DateCreation", "i"."DateDebut", "i"."DateFin", "i"."DefinitionWorkflowId", "i"."DonneesEntree", "i"."Erreur", "i"."Etat", "i"."HashVersionConfig", "d"."Id", "d"."Actif", "d"."ContenuYaml", "d"."DateCreation", "d"."DateModification", "d"."Description", "d"."Equipe", "d"."HashVersion", "d"."Nom"
      FROM "InstancesWorkflow" AS "i"
      INNER JOIN "DefinitionsWorkflow" AS "d" ON "i"."DefinitionWorkflowId" = "d"."Id"
      ORDER BY "i"."DateCreation" DESC
info: Microsoft.AspNetCore.Http.Result.OkObjectResult[3]
      Writing value of type 'ListSelectIterator`2' as Json.
dbug: Microsoft.EntityFrameworkCore.ChangeTracking[10806]
      Context 'OamDbContext' started tracking 'InstanceWorkflow' entity. Consider using 'DbContextOptionsBuilder.EnableSensitiveDataLogging' to see key values.
dbug: Microsoft.EntityFrameworkCore.Database.Connection[20003]
      Closed connection to database 'main' on server 'oam_dev.db' (7ms).
dbug: Microsoft.EntityFrameworkCore.ChangeTracking[10806]
      Context 'OamDbContext' started tracking 'InstanceWorkflow' entity. Consider using 'DbContextOptionsBuilder.EnableSensitiveDataLogging' to see key values.
dbug: Microsoft.EntityFrameworkCore.ChangeTracking[10806]
      Context 'OamDbContext' started tracking 'ExecutionTache' entity. Consider using 'DbContextOptionsBuilder.EnableSensitiveDataLogging' to see key values.
info: Microsoft.AspNetCore.Http.Result.OkObjectResult[1]
      Setting HTTP status code 200.
dbug: Microsoft.EntityFrameworkCore.ChangeTracking[10806]
      Context 'OamDbContext' started tracking 'InstanceWorkflow' entity. Consider using 'DbContextOptionsBuilder.EnableSensitiveDataLogging' to see key values.
dbug: Microsoft.EntityFrameworkCore.ChangeTracking[10805]
      The navigation 'InstanceWorkflow.DefinitionWorkflow' was detected as changed. Consider using 'DbContextOptionsBuilder.EnableSensitiveDataLogging' to see key values.
info: Microsoft.AspNetCore.Routing.EndpointMiddleware[1]
      Executed endpoint 'HTTP: GET /api/definitions/'
info: Microsoft.AspNetCore.Http.Result.OkObjectResult[3]
      Writing value of type 'ListSelectIterator`2' as Json.
dbug: Microsoft.EntityFrameworkCore.ChangeTracking[10806]
      Context 'OamDbContext' started tracking 'InstanceWorkflow' entity. Consider using 'DbContextOptionsBuilder.EnableSensitiveDataLogging' to see key values.
dbug: Microsoft.EntityFrameworkCore.ChangeTracking[10806]
      Context 'OamDbContext' started tracking 'InstanceWorkflow' entity. Consider using 'DbContextOptionsBuilder.EnableSensitiveDataLogging' to see key values.
dbug: Microsoft.EntityFrameworkCore.Database.Connection[20005]
      Creating DbConnection.
dbug: Microsoft.EntityFrameworkCore.Infrastructure[10407]
      'OamDbContext' disposed.
dbug: Microsoft.EntityFrameworkCore.Database.Command[20301]
      Closing data reader to 'main' on server 'C:\OAM\src\OAM.Api\oam_dev.db'.
dbug: Microsoft.EntityFrameworkCore.Database.Connection[20007]
      Disposing connection to database 'main' on server 'oam_dev.db'.
dbug: Microsoft.EntityFrameworkCore.ChangeTracking[10806]
      Context 'OamDbContext' started tracking 'DefinitionWorkflow' entity. Consider using 'DbContextOptionsBuilder.EnableSensitiveDataLogging' to see key values.
dbug: Microsoft.EntityFrameworkCore.Database.Connection[20008]
      Disposed connection to database 'main' on server 'oam_dev.db' (1ms).
info: Microsoft.AspNetCore.Hosting.Diagnostics[2]
      Request finished HTTP/1.1 GET http://localhost:5000/api/definitions - 200 - application/json;+charset=utf-8 24610.6904ms
dbug: Microsoft.EntityFrameworkCore.ChangeTracking[10806]
      Context 'OamDbContext' started tracking 'ExecutionTache' entity. Consider using 'DbContextOptionsBuilder.EnableSensitiveDataLogging' to see key values.
dbug: Microsoft.EntityFrameworkCore.Database.Command[20300]
      A data reader for 'main' on server 'C:\OAM\src\OAM.Api\oam_dev.db' is being disposed after spending 1092ms reading results.
info: Microsoft.AspNetCore.Routing.EndpointMiddleware[1]
      Executed endpoint 'HTTP: GET /api/instances/erreurs'
dbug: Microsoft.EntityFrameworkCore.ChangeTracking[10806]
      Context 'OamDbContext' started tracking 'InstanceWorkflow' entity. Consider using 'DbContextOptionsBuilder.EnableSensitiveDataLogging' to see key values.
dbug: Microsoft.EntityFrameworkCore.Database.Connection[20006]
      Created DbConnection. (190ms).
dbug: Microsoft.EntityFrameworkCore.ChangeTracking[10806]
      Context 'OamDbContext' started tracking 'InstanceWorkflow' entity. Consider using 'DbContextOptionsBuilder.EnableSensitiveDataLogging' to see key values.
dbug: Microsoft.EntityFrameworkCore.Database.Connection[20000]
      Opening connection to database 'main' on server 'oam_dev.db'.
dbug: Microsoft.EntityFrameworkCore.Database.Connection[20002]
      Closing connection to database 'main' on server 'C:\OAM\src\OAM.Api\oam_dev.db'.
dbug: Microsoft.EntityFrameworkCore.ChangeTracking[10806]
      Context 'OamDbContext' started tracking 'InstanceWorkflow' entity. Consider using 'DbContextOptionsBuilder.EnableSensitiveDataLogging' to see key values.
info: Microsoft.AspNetCore.Routing.EndpointMiddleware[0]
      Executing endpoint 'HTTP: GET /api/instances/erreurs'
dbug: Microsoft.EntityFrameworkCore.Infrastructure[10407]
      'OamDbContext' disposed.
dbug: Microsoft.EntityFrameworkCore.Database.Connection[20003]
      Closed connection to database 'main' on server 'oam_dev.db' (3ms).
dbug: Microsoft.EntityFrameworkCore.Database.Connection[20007]
      Disposing connection to database 'main' on server 'oam_dev.db'.
info: Microsoft.AspNetCore.Http.Result.OkObjectResult[1]
      Setting HTTP status code 200.
dbug: Microsoft.EntityFrameworkCore.Database.Connection[20008]
      Disposed connection to database 'main' on server 'oam_dev.db' (26ms).
info: Microsoft.AspNetCore.Http.Result.OkObjectResult[3]
      Writing value of type 'ListSelectIterator`2' as Json.
dbug: Microsoft.EntityFrameworkCore.ChangeTracking[10806]
      Context 'OamDbContext' started tracking 'ExecutionTache' entity. Consider using 'DbContextOptionsBuilder.EnableSensitiveDataLogging' to see key values.
dbug: Microsoft.EntityFrameworkCore.ChangeTracking[10806]
      Context 'OamDbContext' started tracking 'InstanceWorkflow' entity. Consider using 'DbContextOptionsBuilder.EnableSensitiveDataLogging' to see key values.
info: Microsoft.AspNetCore.Hosting.Diagnostics[2]
      Request finished HTTP/1.1 GET http://localhost:5000/api/instances/erreurs - 200 - application/json;+charset=utf-8 24857.8436ms
info: Microsoft.AspNetCore.Cors.Infrastructure.CorsService[4]
      CORS policy execution successful.
dbug: Microsoft.EntityFrameworkCore.ChangeTracking[10806]
      Context 'OamDbContext' started tracking 'InstanceWorkflow' entity. Consider using 'DbContextOptionsBuilder.EnableSensitiveDataLogging' to see key values.
dbug: Microsoft.EntityFrameworkCore.ChangeTracking[10806]
      Context 'OamDbContext' started tracking 'InstanceWorkflow' entity. Consider using 'DbContextOptionsBuilder.EnableSensitiveDataLogging' to see key values.
dbug: Microsoft.EntityFrameworkCore.Database.Connection[20001]
      Opened connection to database 'main' on server 'C:\OAM\src\OAM.Api\oam_dev.db'.
info: Microsoft.AspNetCore.Routing.EndpointMiddleware[1]
      Executed endpoint 'HTTP: GET /api/instances/'
dbug: Microsoft.EntityFrameworkCore.Database.Connection[20002]
      Closing connection to database 'main' on server 'C:\OAM\src\OAM.Api\oam_dev.db'.
dbug: Microsoft.EntityFrameworkCore.Database.Command[20103]
      Creating DbCommand for 'ExecuteReader'.
dbug: Microsoft.EntityFrameworkCore.Infrastructure[10407]
      'OamDbContext' disposed.
dbug: Microsoft.EntityFrameworkCore.Infrastructure[10403]
      Entity Framework Core 10.0.5 initialized 'OamDbContext' using provider 'Microsoft.EntityFrameworkCore.Sqlite:10.0.5' with options: None
dbug: Microsoft.EntityFrameworkCore.ChangeTracking[10806]
      Context 'OamDbContext' started tracking 'InstanceWorkflow' entity. Consider using 'DbContextOptionsBuilder.EnableSensitiveDataLogging' to see key values.
dbug: Microsoft.EntityFrameworkCore.Database.Command[20104]
      Created DbCommand for 'ExecuteReader' (2ms).
info: Microsoft.AspNetCore.Routing.EndpointMiddleware[0]
      Executing endpoint '/hubs/workflow/negotiate'
dbug: Microsoft.EntityFrameworkCore.ChangeTracking[10806]
      Context 'OamDbContext' started tracking 'InstanceWorkflow' entity. Consider using 'DbContextOptionsBuilder.EnableSensitiveDataLogging' to see key values.
dbug: Microsoft.EntityFrameworkCore.Database.Connection[20007]
      Disposing connection to database 'main' on server 'oam_dev.db'.
dbug: Microsoft.EntityFrameworkCore.Database.Connection[20005]
      Creating DbConnection.
dbug: Microsoft.EntityFrameworkCore.ChangeTracking[10806]
      Context 'OamDbContext' started tracking 'InstanceWorkflow' entity. Consider using 'DbContextOptionsBuilder.EnableSensitiveDataLogging' to see key values.
dbug: Microsoft.EntityFrameworkCore.Database.Connection[20008]
      Disposed connection to database 'main' on server 'oam_dev.db' (5ms).
dbug: Microsoft.EntityFrameworkCore.Database.Connection[20006]
      Created DbConnection. (2ms).
info: Microsoft.AspNetCore.Routing.EndpointMiddleware[1]
      Executed endpoint '/hubs/workflow/negotiate'
dbug: Microsoft.EntityFrameworkCore.ChangeTracking[10806]
      Context 'OamDbContext' started tracking 'ExecutionTache' entity. Consider using 'DbContextOptionsBuilder.EnableSensitiveDataLogging' to see key values.
info: Microsoft.AspNetCore.Hosting.Diagnostics[2]
      Request finished HTTP/1.1 GET http://localhost:5000/api/instances - 200 - application/json;+charset=utf-8 25142.8589ms
info: Microsoft.AspNetCore.Hosting.Diagnostics[2]
      Request finished HTTP/1.1 POST http://localhost:5173/hubs/workflow/negotiate?negotiateVersion=1 - 200 316 application/json 25164.0883ms
dbug: Microsoft.EntityFrameworkCore.ChangeTracking[10806]
      Context 'OamDbContext' started tracking 'InstanceWorkflow' entity. Consider using 'DbContextOptionsBuilder.EnableSensitiveDataLogging' to see key values.
dbug: Microsoft.EntityFrameworkCore.Database.Connection[20000]
      Opening connection to database 'main' on server 'oam_dev.db'.
info: Microsoft.AspNetCore.Hosting.Diagnostics[1]
      Request starting HTTP/1.1 POST http://localhost:5173/hubs/workflow/negotiate?negotiateVersion=1 - - 0
info: Microsoft.AspNetCore.Hosting.Diagnostics[1]
      Request starting HTTP/1.1 GET http://localhost:5000/api/definitions - application/json -
dbug: Microsoft.EntityFrameworkCore.Database.Connection[20001]
      Opened connection to database 'main' on server 'C:\OAM\src\OAM.Api\oam_dev.db'.
dbug: Microsoft.EntityFrameworkCore.Database.Command[20301]
      Closing data reader to 'main' on server 'C:\OAM\src\OAM.Api\oam_dev.db'.
dbug: Microsoft.EntityFrameworkCore.ChangeTracking[10806]
      Context 'OamDbContext' started tracking 'InstanceWorkflow' entity. Consider using 'DbContextOptionsBuilder.EnableSensitiveDataLogging' to see key values.
dbug: Microsoft.EntityFrameworkCore.Database.Command[20106]
      Initialized DbCommand for 'ExecuteReader' (122ms).
dbug: Microsoft.EntityFrameworkCore.Database.Command[20300]
      A data reader for 'main' on server 'C:\OAM\src\OAM.Api\oam_dev.db' is being disposed after spending 1490ms reading results.
dbug: Microsoft.EntityFrameworkCore.Database.Connection[20002]
      Closing connection to database 'main' on server 'C:\OAM\src\OAM.Api\oam_dev.db'.
info: Microsoft.AspNetCore.Cors.Infrastructure.CorsService[4]
      CORS policy execution successful.
dbug: Microsoft.EntityFrameworkCore.Database.Connection[20003]
      Closed connection to database 'main' on server 'oam_dev.db' (2ms).
info: Microsoft.AspNetCore.Routing.EndpointMiddleware[0]
      Executing endpoint 'HTTP: GET /api/definitions/'
dbug: Microsoft.EntityFrameworkCore.ChangeTracking[10806]
      Context 'OamDbContext' started tracking 'InstanceWorkflow' entity. Consider using 'DbContextOptionsBuilder.EnableSensitiveDataLogging' to see key values.
info: Microsoft.AspNetCore.Http.Result.OkObjectResult[1]
      Setting HTTP status code 200.
dbug: Microsoft.EntityFrameworkCore.ChangeTracking[10806]
      Context 'OamDbContext' started tracking 'InstanceWorkflow' entity. Consider using 'DbContextOptionsBuilder.EnableSensitiveDataLogging' to see key values.
dbug: Microsoft.EntityFrameworkCore.ChangeTracking[10806]
      Context 'OamDbContext' started tracking 'InstanceWorkflow' entity. Consider using 'DbContextOptionsBuilder.EnableSensitiveDataLogging' to see key values.
dbug: Microsoft.EntityFrameworkCore.Database.Command[20103]
      Creating DbCommand for 'ExecuteReader'.
dbug: Microsoft.EntityFrameworkCore.Database.Command[20104]
      Created DbCommand for 'ExecuteReader' (29ms).
dbug: Microsoft.EntityFrameworkCore.Infrastructure[10403]
      Entity Framework Core 10.0.5 initialized 'OamDbContext' using provider 'Microsoft.EntityFrameworkCore.Sqlite:10.0.5' with options: None
dbug: Microsoft.EntityFrameworkCore.Database.Command[20106]
      Initialized DbCommand for 'ExecuteReader' (30ms).
dbug: Microsoft.EntityFrameworkCore.ChangeTracking[10806]
      Context 'OamDbContext' started tracking 'InstanceWorkflow' entity. Consider using 'DbContextOptionsBuilder.EnableSensitiveDataLogging' to see key values.
dbug: Microsoft.EntityFrameworkCore.Database.Command[20100]
      Executing DbCommand [Parameters=[], CommandType='Text', CommandTimeout='30']
      SELECT "i"."Id", "i"."ContexteExecution", "i"."CorrelationId", "i"."DateCreation", "i"."DateDebut", "i"."DateFin", "i"."DefinitionWorkflowId", "i"."DonneesEntree", "i"."Erreur", "i"."Etat", "i"."HashVersionConfig", "d"."Id", "e0"."Id", "e0"."DateDebut", "e0"."DateFin", "e0"."DonneesEntree", "e0"."DonneesSortie", "e0"."Erreur", "e0"."Etat", "e0"."InstanceWorkflowId", "e0"."NomTache", "e0"."NombreTentatives", "e0"."Ordre", "e0"."TypeConnecteur", "d"."Actif", "d"."ContenuYaml", "d"."DateCreation", "d"."DateModification", "d"."Description", "d"."Equipe", "d"."HashVersion", "d"."Nom"
      FROM "InstancesWorkflow" AS "i"
      INNER JOIN "DefinitionsWorkflow" AS "d" ON "i"."DefinitionWorkflowId" = "d"."Id"
      LEFT JOIN (
          SELECT "e"."Id", "e"."DateDebut", "e"."DateFin", "e"."DonneesEntree", "e"."DonneesSortie", "e"."Erreur", "e"."Etat", "e"."InstanceWorkflowId", "e"."NomTache", "e"."NombreTentatives", "e"."Ordre", "e"."TypeConnecteur"
          FROM "ExecutionsTache" AS "e"
          WHERE "e"."Etat" = 'EnErreur'
      ) AS "e0" ON "i"."Id" = "e0"."InstanceWorkflowId"
      WHERE "i"."Etat" = 'EnErreur'
      ORDER BY "i"."DateCreation" DESC, "i"."Id", "d"."Id"
info: Microsoft.AspNetCore.Routing.EndpointMiddleware[0]
      Executing endpoint '/hubs/workflow/negotiate'
dbug: Microsoft.EntityFrameworkCore.ChangeTracking[10806]
      Context 'OamDbContext' started tracking 'InstanceWorkflow' entity. Consider using 'DbContextOptionsBuilder.EnableSensitiveDataLogging' to see key values.
info: Microsoft.EntityFrameworkCore.Database.Command[20101]
      Executed DbCommand (29ms) [Parameters=[], CommandType='Text', CommandTimeout='30']
      SELECT "i"."Id", "i"."ContexteExecution", "i"."CorrelationId", "i"."DateCreation", "i"."DateDebut", "i"."DateFin", "i"."DefinitionWorkflowId", "i"."DonneesEntree", "i"."Erreur", "i"."Etat", "i"."HashVersionConfig", "d"."Id", "e0"."Id", "e0"."DateDebut", "e0"."DateFin", "e0"."DonneesEntree", "e0"."DonneesSortie", "e0"."Erreur", "e0"."Etat", "e0"."InstanceWorkflowId", "e0"."NomTache", "e0"."NombreTentatives", "e0"."Ordre", "e0"."TypeConnecteur", "d"."Actif", "d"."ContenuYaml", "d"."DateCreation", "d"."DateModification", "d"."Description", "d"."Equipe", "d"."HashVersion", "d"."Nom"
      FROM "InstancesWorkflow" AS "i"
      INNER JOIN "DefinitionsWorkflow" AS "d" ON "i"."DefinitionWorkflowId" = "d"."Id"
      LEFT JOIN (
          SELECT "e"."Id", "e"."DateDebut", "e"."DateFin", "e"."DonneesEntree", "e"."DonneesSortie", "e"."Erreur", "e"."Etat", "e"."InstanceWorkflowId", "e"."NomTache", "e"."NombreTentatives", "e"."Ordre", "e"."TypeConnecteur"
          FROM "ExecutionsTache" AS "e"
          WHERE "e"."Etat" = 'EnErreur'
      ) AS "e0" ON "i"."Id" = "e0"."InstanceWorkflowId"
      WHERE "i"."Etat" = 'EnErreur'
      ORDER BY "i"."DateCreation" DESC, "i"."Id", "d"."Id"
info: Microsoft.AspNetCore.Http.Result.OkObjectResult[3]
      Writing value of type 'ListSelectIterator`2' as Json.
dbug: Microsoft.EntityFrameworkCore.ChangeTracking[10806]
      Context 'OamDbContext' started tracking 'InstanceWorkflow' entity. Consider using 'DbContextOptionsBuilder.EnableSensitiveDataLogging' to see key values.
dbug: Microsoft.EntityFrameworkCore.ChangeTracking[10806]
      Context 'OamDbContext' started tracking 'InstanceWorkflow' entity. Consider using 'DbContextOptionsBuilder.EnableSensitiveDataLogging' to see key values.
dbug: Microsoft.EntityFrameworkCore.Database.Connection[20005]
      Creating DbConnection.
info: Microsoft.AspNetCore.Routing.EndpointMiddleware[1]
      Executed endpoint '/hubs/workflow/negotiate'
dbug: Microsoft.EntityFrameworkCore.Database.Command[20100]
      Executing DbCommand [Parameters=[], CommandType='Text', CommandTimeout='30']
      SELECT "d"."Id", "d"."Actif", "d"."ContenuYaml", "d"."DateCreation", "d"."DateModification", "d"."Description", "d"."Equipe", "d"."HashVersion", "d"."Nom"
      FROM "DefinitionsWorkflow" AS "d"
      WHERE "d"."Actif"
      ORDER BY "d"."Nom"
dbug: Microsoft.EntityFrameworkCore.Database.Connection[20006]
      Created DbConnection. (5ms).
dbug: Microsoft.EntityFrameworkCore.Database.Connection[20000]
      Opening connection to database 'main' on server 'oam_dev.db'.
info: Microsoft.AspNetCore.Hosting.Diagnostics[2]
      Request finished HTTP/1.1 POST http://localhost:5173/hubs/workflow/negotiate?negotiateVersion=1 - 200 316 application/json 253.0402ms
dbug: Microsoft.EntityFrameworkCore.ChangeTracking[10805]
      The navigation 'InstanceWorkflow.DefinitionWorkflow' was detected as changed. Consider using 'DbContextOptionsBuilder.EnableSensitiveDataLogging' to see key values.
dbug: Microsoft.EntityFrameworkCore.ChangeTracking[10806]
      Context 'OamDbContext' started tracking 'DefinitionWorkflow' entity. Consider using 'DbContextOptionsBuilder.EnableSensitiveDataLogging' to see key values.
dbug: Microsoft.EntityFrameworkCore.Database.Connection[20001]
      Opened connection to database 'main' on server 'C:\OAM\src\OAM.Api\oam_dev.db'.
dbug: Microsoft.EntityFrameworkCore.Database.Command[20103]
      Creating DbCommand for 'ExecuteReader'.
info: Microsoft.EntityFrameworkCore.Database.Command[20101]
      Executed DbCommand (12ms) [Parameters=[], CommandType='Text', CommandTimeout='30']
      SELECT "d"."Id", "d"."Actif", "d"."ContenuYaml", "d"."DateCreation", "d"."DateModification", "d"."Description", "d"."Equipe", "d"."HashVersion", "d"."Nom"
      FROM "DefinitionsWorkflow" AS "d"
      WHERE "d"."Actif"
      ORDER BY "d"."Nom"
dbug: Microsoft.EntityFrameworkCore.Database.Command[20104]
      Created DbCommand for 'ExecuteReader' (33ms).
dbug: Microsoft.EntityFrameworkCore.Database.Command[20106]
      Initialized DbCommand for 'ExecuteReader' (64ms).
dbug: Microsoft.EntityFrameworkCore.ChangeTracking[10806]
      Context 'OamDbContext' started tracking 'ExecutionTache' entity. Consider using 'DbContextOptionsBuilder.EnableSensitiveDataLogging' to see key values.
dbug: Microsoft.EntityFrameworkCore.ChangeTracking[10806]
      Context 'OamDbContext' started tracking 'InstanceWorkflow' entity. Consider using 'DbContextOptionsBuilder.EnableSensitiveDataLogging' to see key values.
dbug: Microsoft.EntityFrameworkCore.Database.Command[20100]
      Executing DbCommand [Parameters=[], CommandType='Text', CommandTimeout='30']
      SELECT "d"."Id", "d"."Actif", "d"."ContenuYaml", "d"."DateCreation", "d"."DateModification", "d"."Description", "d"."Equipe", "d"."HashVersion", "d"."Nom"
      FROM "DefinitionsWorkflow" AS "d"
      WHERE "d"."Actif"
      ORDER BY "d"."Nom"
info: Microsoft.EntityFrameworkCore.Database.Command[20101]
      Executed DbCommand (2ms) [Parameters=[], CommandType='Text', CommandTimeout='30']
      SELECT "d"."Id", "d"."Actif", "d"."ContenuYaml", "d"."DateCreation", "d"."DateModification", "d"."Description", "d"."Equipe", "d"."HashVersion", "d"."Nom"
      FROM "DefinitionsWorkflow" AS "d"
      WHERE "d"."Actif"
      ORDER BY "d"."Nom"
dbug: Microsoft.EntityFrameworkCore.ChangeTracking[10806]
      Context 'OamDbContext' started tracking 'DefinitionWorkflow' entity. Consider using 'DbContextOptionsBuilder.EnableSensitiveDataLogging' to see key values.
dbug: Microsoft.EntityFrameworkCore.Database.Command[20301]
      Closing data reader to 'main' on server 'C:\OAM\src\OAM.Api\oam_dev.db'.
dbug: Microsoft.EntityFrameworkCore.Database.Command[20301]
      Closing data reader to 'main' on server 'C:\OAM\src\OAM.Api\oam_dev.db'.
dbug: Microsoft.EntityFrameworkCore.ChangeTracking[10806]
      Context 'OamDbContext' started tracking 'InstanceWorkflow' entity. Consider using 'DbContextOptionsBuilder.EnableSensitiveDataLogging' to see key values.
dbug: Microsoft.EntityFrameworkCore.Database.Command[20300]
      A data reader for 'main' on server 'C:\OAM\src\OAM.Api\oam_dev.db' is being disposed after spending 62ms reading results.
dbug: Microsoft.EntityFrameworkCore.Database.Command[20300]
      A data reader for 'main' on server 'C:\OAM\src\OAM.Api\oam_dev.db' is being disposed after spending 1244ms reading results.
dbug: Microsoft.EntityFrameworkCore.Database.Connection[20002]
      Closing connection to database 'main' on server 'C:\OAM\src\OAM.Api\oam_dev.db'.
dbug: Microsoft.EntityFrameworkCore.Database.Connection[20003]
      Closed connection to database 'main' on server 'oam_dev.db' (2ms).
dbug: Microsoft.EntityFrameworkCore.Database.Connection[20002]
      Closing connection to database 'main' on server 'C:\OAM\src\OAM.Api\oam_dev.db'.
info: Microsoft.AspNetCore.Http.Result.OkObjectResult[1]
      Setting HTTP status code 200.
dbug: Microsoft.EntityFrameworkCore.ChangeTracking[10806]
      Context 'OamDbContext' started tracking 'DefinitionWorkflow' entity. Consider using 'DbContextOptionsBuilder.EnableSensitiveDataLogging' to see key values.
dbug: Microsoft.EntityFrameworkCore.ChangeTracking[10806]
      Context 'OamDbContext' started tracking 'ExecutionTache' entity. Consider using 'DbContextOptionsBuilder.EnableSensitiveDataLogging' to see key values.
info: Microsoft.AspNetCore.Http.Result.OkObjectResult[3]
      Writing value of type 'ListSelectIterator`2' as Json.
info: Microsoft.AspNetCore.Hosting.Diagnostics[1]
      Request starting HTTP/1.1 GET http://localhost:5173/hubs/workflow?id=a3hoAPkoSdSfC8wo5w4gig&access_token=eyJhbGciOiJIUzI1NiIsInR5cCI6IkpXVCJ9.eyJodHRwOi8vc2NoZW1hcy54bWxzb2FwLm9yZy93cy8yMDA1LzA1L2lkZW50aXR5L2NsYWltcy9uYW1lIjoiaW5mb2wiLCJodHRwOi8vc2NoZW1hcy5taWNyb3NvZnQuY29tL3dzLzIwMDgvMDYvaWRlbnRpdHkvY2xhaW1zL2F1dGhlbnRpY2F0aW9ubWV0aG9kIjoiRGV2IiwianRpIjoiMjIzYjEwOTEtYTA5MS00ZTQ4LTgyZTMtMTZlNjZjNDliMzQ1IiwiZXhwIjoxNzc0ODIxNjIxLCJpc3MiOiJPQU0iLCJhdWQiOiJPQU0tRnJvbnRlbmQifQ.hHzaTgOheQaUuqQU1s4TikTVrA_rHTDJX_wwg09al7Y - - -
dbug: Microsoft.EntityFrameworkCore.Database.Connection[20003]
      Closed connection to database 'main' on server 'oam_dev.db' (47ms).
info: Microsoft.AspNetCore.Routing.EndpointMiddleware[1]
      Executed endpoint 'HTTP: GET /api/instances/erreurs'
info: Microsoft.AspNetCore.Cors.Infrastructure.CorsService[4]
      CORS policy execution successful.
dbug: Microsoft.EntityFrameworkCore.ChangeTracking[10806]
      Context 'OamDbContext' started tracking 'InstanceWorkflow' entity. Consider using 'DbContextOptionsBuilder.EnableSensitiveDataLogging' to see key values.
info: Microsoft.AspNetCore.Http.Result.OkObjectResult[1]
      Setting HTTP status code 200.
info: Microsoft.AspNetCore.Routing.EndpointMiddleware[1]
      Executed endpoint 'HTTP: GET /api/definitions/'
info: Microsoft.AspNetCore.Http.Result.OkObjectResult[3]
      Writing value of type 'ListSelectIterator`2' as Json.
dbug: Microsoft.EntityFrameworkCore.ChangeTracking[10806]
      Context 'OamDbContext' started tracking 'ExecutionTache' entity. Consider using 'DbContextOptionsBuilder.EnableSensitiveDataLogging' to see key values.
info: Microsoft.AspNetCore.Routing.EndpointMiddleware[0]
      Executing endpoint '/hubs/workflow'
dbug: Microsoft.EntityFrameworkCore.Infrastructure[10407]
      'OamDbContext' disposed.
dbug: Microsoft.EntityFrameworkCore.Database.Connection[20007]
      Disposing connection to database 'main' on server 'oam_dev.db'.
dbug: Microsoft.EntityFrameworkCore.Infrastructure[10407]
      'OamDbContext' disposed.
dbug: Microsoft.EntityFrameworkCore.Database.Command[20301]
      Closing data reader to 'main' on server 'C:\OAM\src\OAM.Api\oam_dev.db'.
dbug: Microsoft.EntityFrameworkCore.Database.Connection[20008]
      Disposed connection to database 'main' on server 'oam_dev.db' (1ms).
info: Microsoft.AspNetCore.Hosting.Diagnostics[2]
      Request finished HTTP/1.1 GET http://localhost:5000/api/definitions - 200 - application/json;+charset=utf-8 756.8975ms
info: Microsoft.AspNetCore.Routing.EndpointMiddleware[1]
      Executed endpoint 'HTTP: GET /api/instances/'
dbug: Microsoft.EntityFrameworkCore.ChangeTracking[10806]
      Context 'OamDbContext' started tracking 'InstanceWorkflow' entity. Consider using 'DbContextOptionsBuilder.EnableSensitiveDataLogging' to see key values.
dbug: Microsoft.EntityFrameworkCore.Database.Connection[20007]
      Disposing connection to database 'main' on server 'oam_dev.db'.
dbug: Microsoft.EntityFrameworkCore.Database.Command[20300]
      A data reader for 'main' on server 'C:\OAM\src\OAM.Api\oam_dev.db' is being disposed after spending 318ms reading results.
dbug: Microsoft.EntityFrameworkCore.Database.Connection[20002]
      Closing connection to database 'main' on server 'C:\OAM\src\OAM.Api\oam_dev.db'.
dbug: Microsoft.EntityFrameworkCore.Infrastructure[10407]
      'OamDbContext' disposed.
dbug: Microsoft.EntityFrameworkCore.Database.Connection[20003]
      Closed connection to database 'main' on server 'oam_dev.db' (31ms).
dbug: Microsoft.EntityFrameworkCore.Database.Connection[20008]
      Disposed connection to database 'main' on server 'oam_dev.db' (40ms).
dbug: Microsoft.EntityFrameworkCore.Database.Connection[20007]
      Disposing connection to database 'main' on server 'oam_dev.db'.
dbug: Microsoft.EntityFrameworkCore.ChangeTracking[10806]
      Context 'OamDbContext' started tracking 'ExecutionTache' entity. Consider using 'DbContextOptionsBuilder.EnableSensitiveDataLogging' to see key values.
dbug: Microsoft.EntityFrameworkCore.Database.Connection[20003]
      Closed connection to database 'main' on server 'oam_dev.db' (966ms).
dbug: Microsoft.EntityFrameworkCore.Database.Connection[20008]
      Disposed connection to database 'main' on server 'oam_dev.db' (3ms).
info: Microsoft.AspNetCore.Hosting.Diagnostics[2]
      Request finished HTTP/1.1 GET http://localhost:5000/api/instances - 200 - application/json;+charset=utf-8 25888.1334ms
dbug: Microsoft.EntityFrameworkCore.ChangeTracking[10806]
      Context 'OamDbContext' started tracking 'InstanceWorkflow' entity. Consider using 'DbContextOptionsBuilder.EnableSensitiveDataLogging' to see key values.
dbug: Microsoft.EntityFrameworkCore.ChangeTracking[10806]
      Context 'OamDbContext' started tracking 'ExecutionTache' entity. Consider using 'DbContextOptionsBuilder.EnableSensitiveDataLogging' to see key values.
dbug: Microsoft.EntityFrameworkCore.Database.Command[20301]
      Closing data reader to 'main' on server 'C:\OAM\src\OAM.Api\oam_dev.db'.
info: Microsoft.AspNetCore.Http.Result.OkObjectResult[1]
      Setting HTTP status code 200.
info: Microsoft.AspNetCore.Hosting.Diagnostics[2]
      Request finished HTTP/1.1 GET http://localhost:5000/api/instances/erreurs - 200 - application/json;+charset=utf-8 26070.8266ms
info: Microsoft.AspNetCore.Http.Result.OkObjectResult[3]
      Writing value of type 'ListSelectIterator`2' as Json.
dbug: Microsoft.EntityFrameworkCore.Database.Command[20300]
      A data reader for 'main' on server 'C:\OAM\src\OAM.Api\oam_dev.db' is being disposed after spending 716ms reading results.
dbug: Microsoft.EntityFrameworkCore.Database.Connection[20002]
      Closing connection to database 'main' on server 'C:\OAM\src\OAM.Api\oam_dev.db'.
info: Microsoft.AspNetCore.Routing.EndpointMiddleware[0]
      Executing endpoint 'HTTP: GET /api/instances/erreurs'
dbug: Microsoft.EntityFrameworkCore.Database.Connection[20003]
      Closed connection to database 'main' on server 'oam_dev.db' (1ms).
info: Microsoft.AspNetCore.Http.Result.OkObjectResult[1]
      Setting HTTP status code 200.
info: Microsoft.AspNetCore.Http.Result.OkObjectResult[3]
      Writing value of type 'ListSelectIterator`2' as Json.
dbug: Microsoft.EntityFrameworkCore.Infrastructure[10403]
      Entity Framework Core 10.0.5 initialized 'OamDbContext' using provider 'Microsoft.EntityFrameworkCore.Sqlite:10.0.5' with options: None
info: Microsoft.AspNetCore.Cors.Infrastructure.CorsService[4]
      CORS policy execution successful.
info: Microsoft.AspNetCore.Routing.EndpointMiddleware[1]
      Executed endpoint 'HTTP: GET /api/instances/erreurs'
info: Microsoft.AspNetCore.Routing.EndpointMiddleware[0]
      Executing endpoint '/hubs/workflow/negotiate'
dbug: Microsoft.EntityFrameworkCore.Database.Connection[20005]
      Creating DbConnection.
dbug: Microsoft.EntityFrameworkCore.Database.Connection[20006]
      Created DbConnection. (2ms).
info: Microsoft.AspNetCore.Routing.EndpointMiddleware[1]
      Executed endpoint 'HTTP: GET /api/instances/'
dbug: Microsoft.EntityFrameworkCore.Database.Connection[20000]
      Opening connection to database 'main' on server 'oam_dev.db'.
info: Microsoft.AspNetCore.Http.Result.OkObjectResult[1]
      Setting HTTP status code 200.
dbug: Microsoft.EntityFrameworkCore.Infrastructure[10407]
      'OamDbContext' disposed.
dbug: Microsoft.EntityFrameworkCore.Database.Connection[20007]
      Disposing connection to database 'main' on server 'oam_dev.db'.
dbug: Microsoft.EntityFrameworkCore.Database.Connection[20008]
      Disposed connection to database 'main' on server 'oam_dev.db' (1ms).
info: Microsoft.AspNetCore.Hosting.Diagnostics[2]
      Request finished HTTP/1.1 GET http://localhost:5000/api/instances/erreurs - 200 - application/json;+charset=utf-8 26199.6457ms
info: Microsoft.AspNetCore.Routing.EndpointMiddleware[0]
      Executing endpoint 'HTTP: GET /api/instances/erreurs'
info: Microsoft.AspNetCore.Cors.Infrastructure.CorsService[4]
      CORS policy execution successful.
dbug: Microsoft.EntityFrameworkCore.Database.Connection[20001]
      Opened connection to database 'main' on server 'C:\OAM\src\OAM.Api\oam_dev.db'.
info: Microsoft.AspNetCore.Http.Result.OkObjectResult[3]
      Writing value of type 'ListSelectIterator`2' as Json.
info: Microsoft.AspNetCore.Routing.EndpointMiddleware[0]
      Executing endpoint '/hubs/workflow/negotiate'
dbug: Microsoft.EntityFrameworkCore.Infrastructure[10403]
      Entity Framework Core 10.0.5 initialized 'OamDbContext' using provider 'Microsoft.EntityFrameworkCore.Sqlite:10.0.5' with options: None
info: Microsoft.AspNetCore.Routing.EndpointMiddleware[1]
      Executed endpoint '/hubs/workflow/negotiate'
dbug: Microsoft.EntityFrameworkCore.Database.Connection[20005]
      Creating DbConnection.
info: Microsoft.AspNetCore.Routing.EndpointMiddleware[1]
      Executed endpoint '/hubs/workflow/negotiate'
dbug: Microsoft.EntityFrameworkCore.Database.Connection[20006]
      Created DbConnection. (1ms).
info: Microsoft.AspNetCore.Hosting.Diagnostics[2]
      Request finished HTTP/1.1 POST http://localhost:5173/hubs/workflow/negotiate?negotiateVersion=1 - 200 316 application/json 26713.5934ms
dbug: Microsoft.EntityFrameworkCore.Database.Connection[20000]
      Opening connection to database 'main' on server 'oam_dev.db'.
info: Microsoft.AspNetCore.Routing.EndpointMiddleware[1]
      Executed endpoint 'HTTP: GET /api/definitions/'
dbug: Microsoft.EntityFrameworkCore.Database.Connection[20001]
      Opened connection to database 'main' on server 'C:\OAM\src\OAM.Api\oam_dev.db'.
dbug: Microsoft.EntityFrameworkCore.Database.Command[20103]
      Creating DbCommand for 'ExecuteReader'.
dbug: Microsoft.EntityFrameworkCore.Database.Command[20103]
      Creating DbCommand for 'ExecuteReader'.
dbug: Microsoft.EntityFrameworkCore.Database.Command[20104]
      Created DbCommand for 'ExecuteReader' (63ms).
dbug: Microsoft.EntityFrameworkCore.Database.Command[20104]
      Created DbCommand for 'ExecuteReader' (95ms).
dbug: Microsoft.EntityFrameworkCore.Database.Command[20106]
      Initialized DbCommand for 'ExecuteReader' (92ms).
dbug: Microsoft.EntityFrameworkCore.Database.Command[20106]
      Initialized DbCommand for 'ExecuteReader' (124ms).
info: Microsoft.AspNetCore.Routing.EndpointMiddleware[1]
      Executed endpoint '/hubs/workflow'
info: Microsoft.AspNetCore.Routing.EndpointMiddleware[0]
      Executing endpoint 'HTTP: GET /api/definitions/'
dbug: Microsoft.EntityFrameworkCore.Database.Command[20100]
      Executing DbCommand [Parameters=[], CommandType='Text', CommandTimeout='30']
      SELECT "i"."Id", "i"."ContexteExecution", "i"."CorrelationId", "i"."DateCreation", "i"."DateDebut", "i"."DateFin", "i"."DefinitionWorkflowId", "i"."DonneesEntree", "i"."Erreur", "i"."Etat", "i"."HashVersionConfig", "d"."Id", "e0"."Id", "e0"."DateDebut", "e0"."DateFin", "e0"."DonneesEntree", "e0"."DonneesSortie", "e0"."Erreur", "e0"."Etat", "e0"."InstanceWorkflowId", "e0"."NomTache", "e0"."NombreTentatives", "e0"."Ordre", "e0"."TypeConnecteur", "d"."Actif", "d"."ContenuYaml", "d"."DateCreation", "d"."DateModification", "d"."Description", "d"."Equipe", "d"."HashVersion", "d"."Nom"
      FROM "InstancesWorkflow" AS "i"
      INNER JOIN "DefinitionsWorkflow" AS "d" ON "i"."DefinitionWorkflowId" = "d"."Id"
      LEFT JOIN (
          SELECT "e"."Id", "e"."DateDebut", "e"."DateFin", "e"."DonneesEntree", "e"."DonneesSortie", "e"."Erreur", "e"."Etat", "e"."InstanceWorkflowId", "e"."NomTache", "e"."NombreTentatives", "e"."Ordre", "e"."TypeConnecteur"
          FROM "ExecutionsTache" AS "e"
          WHERE "e"."Etat" = 'EnErreur'
      ) AS "e0" ON "i"."Id" = "e0"."InstanceWorkflowId"
      WHERE "i"."Etat" = 'EnErreur'
      ORDER BY "i"."DateCreation" DESC, "i"."Id", "d"."Id"
dbug: Microsoft.EntityFrameworkCore.Infrastructure[10403]
      Entity Framework Core 10.0.5 initialized 'OamDbContext' using provider 'Microsoft.EntityFrameworkCore.Sqlite:10.0.5' with options: None
info: Microsoft.EntityFrameworkCore.Database.Command[20101]
      Executed DbCommand (4ms) [Parameters=[], CommandType='Text', CommandTimeout='30']
      SELECT "i"."Id", "i"."ContexteExecution", "i"."CorrelationId", "i"."DateCreation", "i"."DateDebut", "i"."DateFin", "i"."DefinitionWorkflowId", "i"."DonneesEntree", "i"."Erreur", "i"."Etat", "i"."HashVersionConfig", "d"."Id", "e0"."Id", "e0"."DateDebut", "e0"."DateFin", "e0"."DonneesEntree", "e0"."DonneesSortie", "e0"."Erreur", "e0"."Etat", "e0"."InstanceWorkflowId", "e0"."NomTache", "e0"."NombreTentatives", "e0"."Ordre", "e0"."TypeConnecteur", "d"."Actif", "d"."ContenuYaml", "d"."DateCreation", "d"."DateModification", "d"."Description", "d"."Equipe", "d"."HashVersion", "d"."Nom"
      FROM "InstancesWorkflow" AS "i"
      INNER JOIN "DefinitionsWorkflow" AS "d" ON "i"."DefinitionWorkflowId" = "d"."Id"
      LEFT JOIN (
          SELECT "e"."Id", "e"."DateDebut", "e"."DateFin", "e"."DonneesEntree", "e"."DonneesSortie", "e"."Erreur", "e"."Etat", "e"."InstanceWorkflowId", "e"."NomTache", "e"."NombreTentatives", "e"."Ordre", "e"."TypeConnecteur"
          FROM "ExecutionsTache" AS "e"
          WHERE "e"."Etat" = 'EnErreur'
      ) AS "e0" ON "i"."Id" = "e0"."InstanceWorkflowId"
      WHERE "i"."Etat" = 'EnErreur'
      ORDER BY "i"."DateCreation" DESC, "i"."Id", "d"."Id"
dbug: Microsoft.EntityFrameworkCore.Database.Connection[20005]
      Creating DbConnection.
dbug: Microsoft.EntityFrameworkCore.Database.Connection[20005]
      Creating DbConnection.
dbug: Microsoft.EntityFrameworkCore.Database.Command[20100]
      Executing DbCommand [Parameters=[], CommandType='Text', CommandTimeout='30']
      SELECT "i"."Id", "i"."ContexteExecution", "i"."CorrelationId", "i"."DateCreation", "i"."DateDebut", "i"."DateFin", "i"."DefinitionWorkflowId", "i"."DonneesEntree", "i"."Erreur", "i"."Etat", "i"."HashVersionConfig", "d"."Id", "e0"."Id", "e0"."DateDebut", "e0"."DateFin", "e0"."DonneesEntree", "e0"."DonneesSortie", "e0"."Erreur", "e0"."Etat", "e0"."InstanceWorkflowId", "e0"."NomTache", "e0"."NombreTentatives", "e0"."Ordre", "e0"."TypeConnecteur", "d"."Actif", "d"."ContenuYaml", "d"."DateCreation", "d"."DateModification", "d"."Description", "d"."Equipe", "d"."HashVersion", "d"."Nom"
      FROM "InstancesWorkflow" AS "i"
      INNER JOIN "DefinitionsWorkflow" AS "d" ON "i"."DefinitionWorkflowId" = "d"."Id"
      LEFT JOIN (
          SELECT "e"."Id", "e"."DateDebut", "e"."DateFin", "e"."DonneesEntree", "e"."DonneesSortie", "e"."Erreur", "e"."Etat", "e"."InstanceWorkflowId", "e"."NomTache", "e"."NombreTentatives", "e"."Ordre", "e"."TypeConnecteur"
          FROM "ExecutionsTache" AS "e"
          WHERE "e"."Etat" = 'EnErreur'
      ) AS "e0" ON "i"."Id" = "e0"."InstanceWorkflowId"
      WHERE "i"."Etat" = 'EnErreur'
      ORDER BY "i"."DateCreation" DESC, "i"."Id", "d"."Id"
info: Microsoft.EntityFrameworkCore.Database.Command[20101]
      Executed DbCommand (24ms) [Parameters=[], CommandType='Text', CommandTimeout='30']
      SELECT "i"."Id", "i"."ContexteExecution", "i"."CorrelationId", "i"."DateCreation", "i"."DateDebut", "i"."DateFin", "i"."DefinitionWorkflowId", "i"."DonneesEntree", "i"."Erreur", "i"."Etat", "i"."HashVersionConfig", "d"."Id", "e0"."Id", "e0"."DateDebut", "e0"."DateFin", "e0"."DonneesEntree", "e0"."DonneesSortie", "e0"."Erreur", "e0"."Etat", "e0"."InstanceWorkflowId", "e0"."NomTache", "e0"."NombreTentatives", "e0"."Ordre", "e0"."TypeConnecteur", "d"."Actif", "d"."ContenuYaml", "d"."DateCreation", "d"."DateModification", "d"."Description", "d"."Equipe", "d"."HashVersion", "d"."Nom"
      FROM "InstancesWorkflow" AS "i"
      INNER JOIN "DefinitionsWorkflow" AS "d" ON "i"."DefinitionWorkflowId" = "d"."Id"
      LEFT JOIN (
          SELECT "e"."Id", "e"."DateDebut", "e"."DateFin", "e"."DonneesEntree", "e"."DonneesSortie", "e"."Erreur", "e"."Etat", "e"."InstanceWorkflowId", "e"."NomTache", "e"."NombreTentatives", "e"."Ordre", "e"."TypeConnecteur"
          FROM "ExecutionsTache" AS "e"
          WHERE "e"."Etat" = 'EnErreur'
      ) AS "e0" ON "i"."Id" = "e0"."InstanceWorkflowId"
      WHERE "i"."Etat" = 'EnErreur'
      ORDER BY "i"."DateCreation" DESC, "i"."Id", "d"."Id"
dbug: Microsoft.EntityFrameworkCore.Database.Connection[20006]
      Created DbConnection. (56ms).
dbug: Microsoft.EntityFrameworkCore.Database.Connection[20000]
      Opening connection to database 'main' on server 'oam_dev.db'.
dbug: Microsoft.EntityFrameworkCore.ChangeTracking[10806]
      Context 'OamDbContext' started tracking 'InstanceWorkflow' entity. Consider using 'DbContextOptionsBuilder.EnableSensitiveDataLogging' to see key values.
dbug: Microsoft.EntityFrameworkCore.Database.Connection[20001]
      Opened connection to database 'main' on server 'C:\OAM\src\OAM.Api\oam_dev.db'.
dbug: Microsoft.EntityFrameworkCore.ChangeTracking[10806]
      Context 'OamDbContext' started tracking 'InstanceWorkflow' entity. Consider using 'DbContextOptionsBuilder.EnableSensitiveDataLogging' to see key values.
info: Microsoft.AspNetCore.Hosting.Diagnostics[2]
      Request finished HTTP/1.1 GET http://localhost:5173/hubs/workflow?id=R0DB6ZAGH36DH88_8C-E_A&access_token=eyJhbGciOiJIUzI1NiIsInR5cCI6IkpXVCJ9.eyJodHRwOi8vc2NoZW1hcy54bWxzb2FwLm9yZy93cy8yMDA1LzA1L2lkZW50aXR5L2NsYWltcy9uYW1lIjoiaW5mb2wiLCJodHRwOi8vc2NoZW1hcy5taWNyb3NvZnQuY29tL3dzLzIwMDgvMDYvaWRlbnRpdHkvY2xhaW1zL2F1dGhlbnRpY2F0aW9ubWV0aG9kIjoiRGV2IiwianRpIjoiMjIzYjEwOTEtYTA5MS00ZTQ4LTgyZTMtMTZlNjZjNDliMzQ1IiwiZXhwIjoxNzc0ODIxNjIxLCJpc3MiOiJPQU0iLCJhdWQiOiJPQU0tRnJvbnRlbmQifQ.hHzaTgOheQaUuqQU1s4TikTVrA_rHTDJX_wwg09al7Y - 101 - - 9206.0608ms
dbug: Microsoft.EntityFrameworkCore.Infrastructure[10407]
      'OamDbContext' disposed.
dbug: Microsoft.EntityFrameworkCore.ChangeTracking[10805]
      The navigation 'InstanceWorkflow.DefinitionWorkflow' was detected as changed. Consider using 'DbContextOptionsBuilder.EnableSensitiveDataLogging' to see key values.
dbug: Microsoft.EntityFrameworkCore.Infrastructure[10407]
      'OamDbContext' disposed.
dbug: Microsoft.EntityFrameworkCore.Database.Command[20103]
      Creating DbCommand for 'ExecuteReader'.
dbug: Microsoft.EntityFrameworkCore.ChangeTracking[10805]
      The navigation 'InstanceWorkflow.DefinitionWorkflow' was detected as changed. Consider using 'DbContextOptionsBuilder.EnableSensitiveDataLogging' to see key values.
dbug: Microsoft.EntityFrameworkCore.Database.Command[20104]
      Created DbCommand for 'ExecuteReader' (1ms).
info: Microsoft.AspNetCore.Hosting.Diagnostics[2]
      Request finished HTTP/1.1 POST http://localhost:5173/hubs/workflow/negotiate?negotiateVersion=1 - 200 316 application/json 27147.2664ms
dbug: Microsoft.EntityFrameworkCore.ChangeTracking[10806]
      Context 'OamDbContext' started tracking 'DefinitionWorkflow' entity. Consider using 'DbContextOptionsBuilder.EnableSensitiveDataLogging' to see key values.
dbug: Microsoft.EntityFrameworkCore.ChangeTracking[10806]
      Context 'OamDbContext' started tracking 'DefinitionWorkflow' entity. Consider using 'DbContextOptionsBuilder.EnableSensitiveDataLogging' to see key values.
dbug: Microsoft.EntityFrameworkCore.Database.Command[20106]
      Initialized DbCommand for 'ExecuteReader' (93ms).
dbug: Microsoft.EntityFrameworkCore.Database.Command[20100]
      Executing DbCommand [Parameters=[], CommandType='Text', CommandTimeout='30']
      SELECT "d"."Id", "d"."Actif", "d"."ContenuYaml", "d"."DateCreation", "d"."DateModification", "d"."Description", "d"."Equipe", "d"."HashVersion", "d"."Nom"
      FROM "DefinitionsWorkflow" AS "d"
      WHERE "d"."Actif"
      ORDER BY "d"."Nom"
dbug: Microsoft.EntityFrameworkCore.ChangeTracking[10806]
      Context 'OamDbContext' started tracking 'ExecutionTache' entity. Consider using 'DbContextOptionsBuilder.EnableSensitiveDataLogging' to see key values.
dbug: Microsoft.EntityFrameworkCore.ChangeTracking[10806]
      Context 'OamDbContext' started tracking 'ExecutionTache' entity. Consider using 'DbContextOptionsBuilder.EnableSensitiveDataLogging' to see key values.
info: Microsoft.EntityFrameworkCore.Database.Command[20101]
      Executed DbCommand (30ms) [Parameters=[], CommandType='Text', CommandTimeout='30']
      SELECT "d"."Id", "d"."Actif", "d"."ContenuYaml", "d"."DateCreation", "d"."DateModification", "d"."Description", "d"."Equipe", "d"."HashVersion", "d"."Nom"
      FROM "DefinitionsWorkflow" AS "d"
      WHERE "d"."Actif"
      ORDER BY "d"."Nom"
dbug: Microsoft.EntityFrameworkCore.ChangeTracking[10806]
      Context 'OamDbContext' started tracking 'InstanceWorkflow' entity. Consider using 'DbContextOptionsBuilder.EnableSensitiveDataLogging' to see key values.
info: Microsoft.AspNetCore.Routing.EndpointMiddleware[0]
      Executing endpoint 'HTTP: GET /api/instances/erreurs'
info: Microsoft.AspNetCore.Routing.EndpointMiddleware[0]
      Executing endpoint 'HTTP: GET /api/definitions/'
dbug: Microsoft.EntityFrameworkCore.ChangeTracking[10806]
      Context 'OamDbContext' started tracking 'DefinitionWorkflow' entity. Consider using 'DbContextOptionsBuilder.EnableSensitiveDataLogging' to see key values.
dbug: Microsoft.EntityFrameworkCore.ChangeTracking[10806]
      Context 'OamDbContext' started tracking 'InstanceWorkflow' entity. Consider using 'DbContextOptionsBuilder.EnableSensitiveDataLogging' to see key values.
dbug: Microsoft.EntityFrameworkCore.ChangeTracking[10806]
      Context 'OamDbContext' started tracking 'ExecutionTache' entity. Consider using 'DbContextOptionsBuilder.EnableSensitiveDataLogging' to see key values.
dbug: Microsoft.EntityFrameworkCore.ChangeTracking[10806]
      Context 'OamDbContext' started tracking 'ExecutionTache' entity. Consider using 'DbContextOptionsBuilder.EnableSensitiveDataLogging' to see key values.
dbug: Microsoft.EntityFrameworkCore.Database.Command[20301]
      Closing data reader to 'main' on server 'C:\OAM\src\OAM.Api\oam_dev.db'.
dbug: Microsoft.EntityFrameworkCore.Database.Connection[20007]
      Disposing connection to database 'main' on server 'oam_dev.db'.
dbug: Microsoft.EntityFrameworkCore.Infrastructure[10403]
      Entity Framework Core 10.0.5 initialized 'OamDbContext' using provider 'Microsoft.EntityFrameworkCore.Sqlite:10.0.5' with options: None
dbug: Microsoft.EntityFrameworkCore.Infrastructure[10403]
      Entity Framework Core 10.0.5 initialized 'OamDbContext' using provider 'Microsoft.EntityFrameworkCore.Sqlite:10.0.5' with options: None
dbug: Microsoft.EntityFrameworkCore.Database.Command[20300]
      A data reader for 'main' on server 'C:\OAM\src\OAM.Api\oam_dev.db' is being disposed after spending 156ms reading results.
dbug: Microsoft.EntityFrameworkCore.ChangeTracking[10806]
      Context 'OamDbContext' started tracking 'InstanceWorkflow' entity. Consider using 'DbContextOptionsBuilder.EnableSensitiveDataLogging' to see key values.
dbug: Microsoft.EntityFrameworkCore.ChangeTracking[10806]
      Context 'OamDbContext' started tracking 'InstanceWorkflow' entity. Consider using 'DbContextOptionsBuilder.EnableSensitiveDataLogging' to see key values.
dbug: Microsoft.EntityFrameworkCore.Database.Connection[20002]
      Closing connection to database 'main' on server 'C:\OAM\src\OAM.Api\oam_dev.db'.
dbug: Microsoft.EntityFrameworkCore.Database.Connection[20005]
      Creating DbConnection.
dbug: Microsoft.EntityFrameworkCore.ChangeTracking[10806]
      Context 'OamDbContext' started tracking 'ExecutionTache' entity. Consider using 'DbContextOptionsBuilder.EnableSensitiveDataLogging' to see key values.
dbug: Microsoft.EntityFrameworkCore.Database.Connection[20003]
      Closed connection to database 'main' on server 'oam_dev.db' (2ms).
dbug: Microsoft.EntityFrameworkCore.Database.Connection[20006]
      Created DbConnection. (2ms).
dbug: Microsoft.EntityFrameworkCore.ChangeTracking[10806]
      Context 'OamDbContext' started tracking 'ExecutionTache' entity. Consider using 'DbContextOptionsBuilder.EnableSensitiveDataLogging' to see key values.
info: Microsoft.AspNetCore.Http.Result.OkObjectResult[1]
      Setting HTTP status code 200.
dbug: Microsoft.EntityFrameworkCore.Database.Connection[20000]
      Opening connection to database 'main' on server 'oam_dev.db'.
dbug: Microsoft.EntityFrameworkCore.ChangeTracking[10806]
      Context 'OamDbContext' started tracking 'InstanceWorkflow' entity. Consider using 'DbContextOptionsBuilder.EnableSensitiveDataLogging' to see key values.
dbug: Microsoft.EntityFrameworkCore.Database.Connection[20001]
      Opened connection to database 'main' on server 'C:\OAM\src\OAM.Api\oam_dev.db'.
dbug: Microsoft.EntityFrameworkCore.ChangeTracking[10806]
      Context 'OamDbContext' started tracking 'InstanceWorkflow' entity. Consider using 'DbContextOptionsBuilder.EnableSensitiveDataLogging' to see key values.
info: Microsoft.AspNetCore.Http.Result.OkObjectResult[3]
      Writing value of type 'ListSelectIterator`2' as Json.
dbug: Microsoft.EntityFrameworkCore.Database.Command[20103]
      Creating DbCommand for 'ExecuteReader'.
dbug: Microsoft.EntityFrameworkCore.ChangeTracking[10806]
      Context 'OamDbContext' started tracking 'ExecutionTache' entity. Consider using 'DbContextOptionsBuilder.EnableSensitiveDataLogging' to see key values.
dbug: Microsoft.EntityFrameworkCore.Database.Command[20104]
      Created DbCommand for 'ExecuteReader' (63ms).
dbug: Microsoft.EntityFrameworkCore.Database.Connection[20008]
      Disposed connection to database 'main' on server 'oam_dev.db' (172ms).
dbug: Microsoft.EntityFrameworkCore.ChangeTracking[10806]
      Context 'OamDbContext' started tracking 'ExecutionTache' entity. Consider using 'DbContextOptionsBuilder.EnableSensitiveDataLogging' to see key values.
dbug: Microsoft.EntityFrameworkCore.ChangeTracking[10806]
      Context 'OamDbContext' started tracking 'InstanceWorkflow' entity. Consider using 'DbContextOptionsBuilder.EnableSensitiveDataLogging' to see key values.
dbug: Microsoft.EntityFrameworkCore.Database.Command[20106]
      Initialized DbCommand for 'ExecuteReader' (126ms).
info: Microsoft.AspNetCore.Routing.EndpointMiddleware[1]
      Executed endpoint 'HTTP: GET /api/definitions/'
info: Microsoft.AspNetCore.Hosting.Diagnostics[2]
      Request finished HTTP/1.1 GET http://localhost:5000/api/definitions - 200 - application/json;+charset=utf-8 27293.0677ms
dbug: Microsoft.EntityFrameworkCore.Database.Command[20100]
      Executing DbCommand [Parameters=[], CommandType='Text', CommandTimeout='30']
      SELECT "d"."Id", "d"."Actif", "d"."ContenuYaml", "d"."DateCreation", "d"."DateModification", "d"."Description", "d"."Equipe", "d"."HashVersion", "d"."Nom"
      FROM "DefinitionsWorkflow" AS "d"
      WHERE "d"."Actif"
      ORDER BY "d"."Nom"
dbug: Microsoft.EntityFrameworkCore.ChangeTracking[10806]
      Context 'OamDbContext' started tracking 'InstanceWorkflow' entity. Consider using 'DbContextOptionsBuilder.EnableSensitiveDataLogging' to see key values.
dbug: Microsoft.EntityFrameworkCore.ChangeTracking[10806]
      Context 'OamDbContext' started tracking 'ExecutionTache' entity. Consider using 'DbContextOptionsBuilder.EnableSensitiveDataLogging' to see key values.
info: Microsoft.EntityFrameworkCore.Database.Command[20101]
      Executed DbCommand (35ms) [Parameters=[], CommandType='Text', CommandTimeout='30']
      SELECT "d"."Id", "d"."Actif", "d"."ContenuYaml", "d"."DateCreation", "d"."DateModification", "d"."Description", "d"."Equipe", "d"."HashVersion", "d"."Nom"
      FROM "DefinitionsWorkflow" AS "d"
      WHERE "d"."Actif"
      ORDER BY "d"."Nom"
dbug: Microsoft.EntityFrameworkCore.Infrastructure[10407]
      'OamDbContext' disposed.
dbug: Microsoft.EntityFrameworkCore.Database.Command[20301]
      Closing data reader to 'main' on server 'C:\OAM\src\OAM.Api\oam_dev.db'.
dbug: Microsoft.EntityFrameworkCore.ChangeTracking[10806]
      Context 'OamDbContext' started tracking 'ExecutionTache' entity. Consider using 'DbContextOptionsBuilder.EnableSensitiveDataLogging' to see key values.
dbug: Microsoft.EntityFrameworkCore.Database.Connection[20007]
      Disposing connection to database 'main' on server 'oam_dev.db'.
dbug: Microsoft.EntityFrameworkCore.ChangeTracking[10806]
      Context 'OamDbContext' started tracking 'DefinitionWorkflow' entity. Consider using 'DbContextOptionsBuilder.EnableSensitiveDataLogging' to see key values.
dbug: Microsoft.EntityFrameworkCore.Database.Connection[20008]
      Disposed connection to database 'main' on server 'oam_dev.db' (1ms).
dbug: Microsoft.EntityFrameworkCore.Database.Command[20301]
      Closing data reader to 'main' on server 'C:\OAM\src\OAM.Api\oam_dev.db'.
dbug: Microsoft.EntityFrameworkCore.Database.Command[20300]
      A data reader for 'main' on server 'C:\OAM\src\OAM.Api\oam_dev.db' is being disposed after spending 904ms reading results.
info: Microsoft.AspNetCore.Hosting.Diagnostics[2]
      Request finished HTTP/1.1 GET http://localhost:5000/api/definitions - 200 - application/json;+charset=utf-8 27862.5891ms
dbug: Microsoft.EntityFrameworkCore.Database.Command[20301]
      Closing data reader to 'main' on server 'C:\OAM\src\OAM.Api\oam_dev.db'.
dbug: Microsoft.EntityFrameworkCore.Database.Connection[20002]
      Closing connection to database 'main' on server 'C:\OAM\src\OAM.Api\oam_dev.db'.
dbug: Microsoft.EntityFrameworkCore.Database.Command[20300]
      A data reader for 'main' on server 'C:\OAM\src\OAM.Api\oam_dev.db' is being disposed after spending 938ms reading results.
dbug: Microsoft.EntityFrameworkCore.Database.Command[20300]
      A data reader for 'main' on server 'C:\OAM\src\OAM.Api\oam_dev.db' is being disposed after spending 97ms reading results.
dbug: Microsoft.EntityFrameworkCore.Database.Connection[20005]
      Creating DbConnection.
dbug: Microsoft.EntityFrameworkCore.Database.Connection[20002]
      Closing connection to database 'main' on server 'C:\OAM\src\OAM.Api\oam_dev.db'.
dbug: Microsoft.EntityFrameworkCore.Database.Connection[20003]
      Closed connection to database 'main' on server 'oam_dev.db' (62ms).
dbug: Microsoft.EntityFrameworkCore.Database.Connection[20002]
      Closing connection to database 'main' on server 'C:\OAM\src\OAM.Api\oam_dev.db'.
info: Microsoft.AspNetCore.Http.Result.OkObjectResult[1]
      Setting HTTP status code 200.
info: Microsoft.AspNetCore.Http.Result.OkObjectResult[3]
      Writing value of type 'ListSelectIterator`2' as Json.
dbug: Microsoft.EntityFrameworkCore.Database.Connection[20003]
      Closed connection to database 'main' on server 'oam_dev.db' (115ms).
dbug: Microsoft.EntityFrameworkCore.Database.Connection[20003]
      Closed connection to database 'main' on server 'oam_dev.db' (61ms).
info: Microsoft.AspNetCore.Http.Result.OkObjectResult[1]
      Setting HTTP status code 200.
info: Microsoft.AspNetCore.Http.Result.OkObjectResult[1]
      Setting HTTP status code 200.
info: Microsoft.AspNetCore.Http.Result.OkObjectResult[3]
      Writing value of type 'ListSelectIterator`2' as Json.
info: Microsoft.AspNetCore.Http.Result.OkObjectResult[3]
      Writing value of type 'ListSelectIterator`2' as Json.
info: Microsoft.AspNetCore.Hosting.Diagnostics[1]
      Request starting HTTP/1.1 GET http://localhost:5000/api/definitions/f64b5467-7b1c-4f92-95c9-db6a00032af1/versions - application/json -
dbug: Microsoft.EntityFrameworkCore.Database.Connection[20006]
      Created DbConnection. (449ms).
info: Microsoft.AspNetCore.Routing.EndpointMiddleware[1]
      Executed endpoint 'HTTP: GET /api/instances/erreurs'
info: Microsoft.AspNetCore.Routing.EndpointMiddleware[1]
      Executed endpoint 'HTTP: GET /api/definitions/'
dbug: Microsoft.EntityFrameworkCore.Query[10107]
      Generated query execution expression: 
      'queryContext => ShapedQueryCompilingExpressionVisitor.SingleOrDefaultAsync<DefinitionWorkflow>(
          asyncEnumerable: SingleQueryingEnumerable.Create<DefinitionWorkflow>(
              relationalQueryContext: (RelationalQueryContext)queryContext, 
              relationalCommandResolver: parameters => [LIFTABLE Constant: RelationalCommandCache.QueryExpression(
                  Client Projections:
                      0 -> Dictionary<IPropertyBase, int> { [Property: DefinitionWorkflow.Id (Guid) Required PK AfterSave:Throw ValueGenerated.OnAdd, 0], [Property: DefinitionWorkflow.Actif (bool) Required, 1], [Property: DefinitionWorkflow.ContenuYaml (string) Required, 2], [Property: DefinitionWorkflow.DateCreation (DateTime) Required, 3], [Property: DefinitionWorkflow.DateModification (DateTime) Required, 4], [Property: DefinitionWorkflow.Description (string), 5], [Property: DefinitionWorkflow.Equipe (string) MaxLength(100), 6], [Property: DefinitionWorkflow.HashVersion (string) Required Index MaxLength(64), 7], [Property: DefinitionWorkflow.Nom (string) Required Index MaxLength(200), 8] }
                      1 -> 0
                      2 -> Dictionary<IPropertyBase, int> { [Property: VersionDefinitionWorkflow.Id (Guid) Required PK AfterSave:Throw ValueGenerated.OnAdd, 9], [Property: VersionDefinitionWorkflow.ContenuYaml (string) Required, 10], [Property: VersionDefinitionWorkflow.DateChargement (DateTime) Required, 11], [Property: VersionDefinitionWorkflow.DefinitionWorkflowId (Guid) Required FK Index, 12], [Property: VersionDefinitionWorkflow.DeployePar (string) MaxLength(200), 13], [Property: VersionDefinitionWorkflow.HashVersion (string) Required Index MaxLength(64), 14] }
                      3 -> 9
                  SELECT d0.Id, d0.Actif, d0.ContenuYaml, d0.DateCreation, d0.DateModification, d0.Description, d0.Equipe, d0.HashVersion, d0.Nom, v1.Id, v1.ContenuYaml, v1.DateChargement, v1.DefinitionWorkflowId, v1.DeployePar, v1.HashVersion
                  FROM 
                  (
                      SELECT TOP(1) d.Id, d.Actif, d.ContenuYaml, d.DateCreation, d.DateModification, d.Description, d.Equipe, d.HashVersion, d.Nom
                      FROM DefinitionsWorkflow AS d
                      WHERE d.Id == @id
                  ) AS d0
                  LEFT JOIN 
                  (
                      SELECT v0.Id, v0.ContenuYaml, v0.DateChargement, v0.DefinitionWorkflowId, v0.DeployePar, v0.HashVersion
                      FROM 
                      (
                          SELECT v.Id, v.ContenuYaml, v.DateChargement, v.DefinitionWorkflowId, v.DeployePar, v.HashVersion, ROW_NUMBER() OVER(PARTITION BY v.DefinitionWorkflowId ORDER BY v.DateChargement DESC) AS row
                          FROM VersionsDefinitionWorkflow AS v
                      ) AS v0
                      WHERE v0.row <= 5
                  ) AS v1 ON d0.Id == v1.DefinitionWorkflowId
                  ORDER BY d0.Id ASC, v1.DefinitionWorkflowId ASC, v1.DateChargement DESC) | Resolver: c => new RelationalCommandCache(
                  c.Dependencies.MemoryCache, 
                  c.RelationalDependencies.QuerySqlGeneratorFactory, 
                  c.RelationalDependencies.RelationalParameterBasedSqlProcessorFactory, 
                  Client Projections:
                      0 -> Dictionary<IPropertyBase, int> { [Property: DefinitionWorkflow.Id (Guid) Required PK AfterSave:Throw ValueGenerated.OnAdd, 0], [Property: DefinitionWorkflow.Actif (bool) Required, 1], [Property: DefinitionWorkflow.ContenuYaml (string) Required, 2], [Property: DefinitionWorkflow.DateCreation (DateTime) Required, 3], [Property: DefinitionWorkflow.DateModification (DateTime) Required, 4], [Property: DefinitionWorkflow.Description (string), 5], [Property: DefinitionWorkflow.Equipe (string) MaxLength(100), 6], [Property: DefinitionWorkflow.HashVersion (string) Required Index MaxLength(64), 7], [Property: DefinitionWorkflow.Nom (string) Required Index MaxLength(200), 8] }
                      1 -> 0
                      2 -> Dictionary<IPropertyBase, int> { [Property: VersionDefinitionWorkflow.Id (Guid) Required PK AfterSave:Throw ValueGenerated.OnAdd, 9], [Property: VersionDefinitionWorkflow.ContenuYaml (string) Required, 10], [Property: VersionDefinitionWorkflow.DateChargement (DateTime) Required, 11], [Property: VersionDefinitionWorkflow.DefinitionWorkflowId (Guid) Required FK Index, 12], [Property: VersionDefinitionWorkflow.DeployePar (string) MaxLength(200), 13], [Property: VersionDefinitionWorkflow.HashVersion (string) Required Index MaxLength(64), 14] }
                      3 -> 9
                  SELECT d0.Id, d0.Actif, d0.ContenuYaml, d0.DateCreation, d0.DateModification, d0.Description, d0.Equipe, d0.HashVersion, d0.Nom, v1.Id, v1.ContenuYaml, v1.DateChargement, v1.DefinitionWorkflowId, v1.DeployePar, v1.HashVersion
                  FROM 
                  (
                      SELECT TOP(1) d.Id, d.Actif, d.ContenuYaml, d.DateCreation, d.DateModification, d.Description, d.Equipe, d.HashVersion, d.Nom
                      FROM DefinitionsWorkflow AS d
                      WHERE d.Id == @id
                  ) AS d0
                  LEFT JOIN 
                  (
                      SELECT v0.Id, v0.ContenuYaml, v0.DateChargement, v0.DefinitionWorkflowId, v0.DeployePar, v0.HashVersion
                      FROM 
                      (
                          SELECT v.Id, v.ContenuYaml, v.DateChargement, v.DefinitionWorkflowId, v.DeployePar, v.HashVersion, ROW_NUMBER() OVER(PARTITION BY v.DefinitionWorkflowId ORDER BY v.DateChargement DESC) AS row
                          FROM VersionsDefinitionWorkflow AS v
                      ) AS v0
                      WHERE v0.row <= 5
                  ) AS v1 ON d0.Id == v1.DefinitionWorkflowId
                  ORDER BY d0.Id ASC, v1.DefinitionWorkflowId ASC, v1.DateChargement DESC, 
                  False, 
                  MultipleParameters
              )].GetRelationalCommandTemplate(parameters), 
              readerColumns: null, 
              shaper: (queryContext, dataReader, resultContext, resultCoordinator) => 
              {
                  resultContext.Values == null ? 
                  {
                      DefinitionWorkflow entity;
                      entity = 
                      {
                          MaterializationContext materializationContext1;
                          IEntityType entityType1;
                          DefinitionWorkflow instance1;
                          InternalEntityEntry entry1;
                          bool hasNullKey1;
                          materializationContext1 = new MaterializationContext(
                              [LIFTABLE Constant: ValueBuffer | Resolver: _ => (object)ValueBuffer.Empty], 
                              queryContext.Context
                          );
                          instance1 = default(DefinitionWorkflow);
                          entry1 = queryContext.TryGetEntry(
                              key: [LIFTABLE Constant: Key: DefinitionWorkflow.Id PK | Resolver: c => c.Dependencies.Model.FindEntityType("OAM.Domain.Entities.DefinitionWorkflow").FindPrimaryKey()], 
                              keyValues: new object[]{ (object)dataReader.GetGuid(0) }, 
                              throwOnNullKey: True, 
                              hasNullKey: hasNullKey1);
                          !(hasNullKey1) ? entry1 != default(InternalEntityEntry) ? 
                          {
                              entityType1 = entry1.EntityType;
                              return instance1 = (DefinitionWorkflow)entry1.Entity;
                          } : 
                          {
                              ISnapshot shadowSnapshot1;
                              shadowSnapshot1 = [LIFTABLE Constant: Snapshot | Resolver: _ => Snapshot.Empty];
                              entityType1 = [LIFTABLE Constant: EntityType: DefinitionWorkflow | Resolver: namelessParameter{0} => namelessParameter{0}.Dependencies.Model.FindEntityType("OAM.Domain.Entities.DefinitionWorkflow")];
                              instance1 = switch (entityType1)
                              {
                                  case [LIFTABLE Constant: EntityType: DefinitionWorkflow | Resolver: namelessParameter{1} => namelessParameter{1}.Dependencies.Model.FindEntityType("OAM.Domain.Entities.DefinitionWorkflow")]: 
                                      {
                                          return 
                                          {
                                              DefinitionWorkflow instance;
                                              instance = new DefinitionWorkflow();
                                              instance.<Id>k__BackingField = dataReader.GetGuid(0);
                                              instance.<Actif>k__BackingField = dataReader.GetBoolean(1);
                                              instance.<ContenuYaml>k__BackingField = dataReader.GetString(2);
                                              instance.<DateCreation>k__BackingField = dataReader.GetDateTime(3);
                                              instance.<DateModification>k__BackingField = dataReader.GetDateTime(4);
                                              instance.<Description>k__BackingField = dataReader.IsDBNull(5) ? default(string) : dataReader.GetString(5);
                                              instance.<Equipe>k__BackingField = dataReader.IsDBNull(6) ? default(string) : dataReader.GetString(6);
                                              instance.<HashVersion>k__BackingField = dataReader.GetString(7);
                                              instance.<Nom>k__BackingField = dataReader.GetString(8);
                                              (instance is IInjectableService) ? ((IInjectableService)instance).Injected(
                                                  context: materializationContext1.Context, 
                                                  entity: instance, 
                                                  queryTrackingBehavior: TrackAll, 
                                                  structuralType: [LIFTABLE Constant: EntityType: DefinitionWorkflow | Resolver: namelessParameter{2} => namelessParameter{2}.Dependencies.Model.FindEntityType("OAM.Domain.Entities.DefinitionWorkflow")]) : default(void);
                                              return instance;
                                          }}
                                  default: 
                                      default(DefinitionWorkflow)
                              }
                              ;
                              entry1 = entityType1 == default(IEntityType) ? default(InternalEntityEntry) : queryContext.StartTracking(
                                  entityType: entityType1, 
                                  entity: instance1, 
                                  snapshot: shadowSnapshot1);
                              return instance1;
                          } : default(void);
                          return instance1;
                      };
                      resultContext.Values = new object[]{ entity };
                      ShaperProcessingExpressionVisitor.InitializeIncludeCollection<DefinitionWorkflow, DefinitionWorkflow>(
                          collectionId: 0, 
                          queryContext: queryContext, 
                          dbDataReader: dataReader, 
                          resultCoordinator: resultCoordinator, 
                          entity: (DefinitionWorkflow)(resultContext.Values[0]), 
                          parentIdentifier: [LIFTABLE Constant: Func<QueryContext, DbDataReader, object[]> | Resolver: _ => (queryContext, dataReader) => new object[]{ (object)(Guid?)dataReader.GetGuid(0) }], 
                          outerIdentifier: [LIFTABLE Constant: Func<QueryContext, DbDataReader, object[]> | Resolver: _ => (queryContext, dataReader) => new object[]{ (object)(Guid?)dataReader.GetGuid(0) }], 
                          navigation: [LIFTABLE Constant: Navigation: DefinitionWorkflow.Versions (ICollection<VersionDefinitionWorkflow>) Collection ToDependent VersionDefinitionWorkflow Inverse: DefinitionWorkflow | Resolver: namelessParameter{3} => namelessParameter{3}.Dependencies.Model.FindEntityType("OAM.Domain.Entities.DefinitionWorkflow").FindNavigation("Versions")], 
                          clrCollectionAccessor: [LIFTABLE Constant: ClrCollectionAccessor<DefinitionWorkflow, ICollection<VersionDefinitionWorkflow>, VersionDefinitionWorkflow> | Resolver: namelessParameter{4} => namelessParameter{4}.Dependencies.Model.FindEntityType("OAM.Domain.Entities.DefinitionWorkflow").FindNavigation("Versions").GetCollectionAccessor()], 
                          trackingQuery: True, 
                          setLoaded: True);
                  } : default(void);
                  ShaperProcessingExpressionVisitor.PopulateIncludeCollection<DefinitionWorkflow, VersionDefinitionWorkflow>(
                      collectionId: 0, 
                      queryContext: queryContext, 
                      dbDataReader: dataReader, 
                      resultCoordinator: resultCoordinator, 
                      parentIdentifier: [LIFTABLE Constant: Func<QueryContext, DbDataReader, object[]> | Resolver: _ => (queryContext, dataReader) => new object[]{ (object)(Guid?)dataReader.GetGuid(0) }], 
                      outerIdentifier: [LIFTABLE Constant: Func<QueryContext, DbDataReader, object[]> | Resolver: _ => (queryContext, dataReader) => new object[]{ (object)(Guid?)dataReader.GetGuid(0) }], 
                      selfIdentifier: [LIFTABLE Constant: Func<QueryContext, DbDataReader, object[]> | Resolver: _ => (queryContext, dataReader) => new object[]{ (object)dataReader.IsDBNull(9) ? default(Guid?) : (Guid?)dataReader.GetGuid(9) }], 
                      parentIdentifierValueComparers: [LIFTABLE Constant: Func<object, object, bool>[] { Func<object, object, bool> } | Resolver: _ => new Func<object, object, bool>[]{ (left, right) => left == null ? right == null : right != null && (Guid)left == (Guid)right }], 
                      outerIdentifierValueComparers: [LIFTABLE Constant: Func<object, object, bool>[] { Func<object, object, bool> } | Resolver: _ => new Func<object, object, bool>[]{ (left, right) => left == null ? right == null : right != null && (Guid)left == (Guid)right }], 
                      selfIdentifierValueComparers: [LIFTABLE Constant: Func<object, object, bool>[] { Func<object, object, bool> } | Resolver: _ => new Func<object, object, bool>[]{ (left, right) => left == null ? right == null : right != null && (Guid)left == (Guid)right }], 
                      innerShaper: (queryContext, dataReader, resultContext, resultCoordinator) => 
                      {
                          VersionDefinitionWorkflow entity;
                          entity = 
                          {
                              MaterializationContext materializationContext2;
                              IEntityType entityType2;
                              VersionDefinitionWorkflow instance2;
                              InternalEntityEntry entry2;
                              bool hasNullKey2;
                              materializationContext2 = new MaterializationContext(
                                  [LIFTABLE Constant: ValueBuffer | Resolver: _ => (object)ValueBuffer.Empty], 
                                  queryContext.Context
                              );
                              instance2 = default(VersionDefinitionWorkflow);
                              entry2 = queryContext.TryGetEntry(
                                  key: [LIFTABLE Constant: Key: VersionDefinitionWorkflow.Id PK | Resolver: c => c.Dependencies.Model.FindEntityType("OAM.Domain.Entities.VersionDefinitionWorkflow").FindPrimaryKey()], 
                                  keyValues: new object[]{ dataReader.IsDBNull(9) ? default(object) : (object)dataReader.GetGuid(9) }, 
                                  throwOnNullKey: False, 
                                  hasNullKey: hasNullKey2);
                              !(hasNullKey2) ? entry2 != default(InternalEntityEntry) ? 
                              {
                                  entityType2 = entry2.EntityType;
                                  return instance2 = (VersionDefinitionWorkflow)entry2.Entity;
                              } : 
                              {
                                  ISnapshot shadowSnapshot2;
                                  shadowSnapshot2 = [LIFTABLE Constant: Snapshot | Resolver: _ => Snapshot.Empty];
                                  entityType2 = [LIFTABLE Constant: EntityType: VersionDefinitionWorkflow | Resolver: namelessParameter{5} => namelessParameter{5}.Dependencies.Model.FindEntityType("OAM.Domain.Entities.VersionDefinitionWorkflow")];
                                  instance2 = switch (entityType2)
                                  {
                                      case [LIFTABLE Constant: EntityType: VersionDefinitionWorkflow | Resolver: namelessParameter{6} => namelessParameter{6}.Dependencies.Model.FindEntityType("OAM.Domain.Entities.VersionDefinitionWorkflow")]: 
                                          {
                                              return 
                                              {
                                                  VersionDefinitionWorkflow instance;
                                                  instance = new VersionDefinitionWorkflow();
                                                  instance.<Id>k__BackingField = dataReader.IsDBNull(9) ? default(Guid) : dataReader.GetGuid(9);
                                                  instance.<ContenuYaml>k__BackingField = dataReader.IsDBNull(10) ? default(string) : dataReader.GetString(10);
                                                  instance.<DateChargement>k__BackingField = dataReader.IsDBNull(11) ? default(DateTime) : dataReader.GetDateTime(11);
                                                  instance.<DefinitionWorkflowId>k__BackingField = dataReader.IsDBNull(12) ? default(Guid) : dataReader.GetGuid(12);
                                                  instance.<DeployePar>k__BackingField = dataReader.IsDBNull(13) ? default(string) : dataReader.GetString(13);
                                                  instance.<HashVersion>k__BackingField = dataReader.IsDBNull(14) ? default(string) : dataReader.GetString(14);
                                                  (instance is IInjectableService) ? ((IInjectableService)instance).Injected(
                                                      context: materializationContext2.Context, 
                                                      entity: instance, 
                                                      queryTrackingBehavior: TrackAll, 
                                                      structuralType: [LIFTABLE Constant: EntityType: VersionDefinitionWorkflow | Resolver: namelessParameter{7} => namelessParameter{7}.Dependencies.Model.FindEntityType("OAM.Domain.Entities.VersionDefinitionWorkflow")]) : default(void);
                                                  return instance;
                                              }}
                                      default: 
                                          default(VersionDefinitionWorkflow)
                                  }
                                  ;
                                  entry2 = entityType2 == default(IEntityType) ? default(InternalEntityEntry) : queryContext.StartTracking(
                                      entityType: entityType2, 
                                      entity: instance2, 
                                      snapshot: shadowSnapshot2);
                                  return instance2;
                              } : default(void);
                              return instance2;
                          };
                          return entity;
                      }, 
                      inverseNavigation: [LIFTABLE Constant: Navigation: VersionDefinitionWorkflow.DefinitionWorkflow (DefinitionWorkflow) Required ToPrincipal DefinitionWorkflow Inverse: Versions | Resolver: namelessParameter{8} => namelessParameter{8}.Dependencies.Model.FindEntityType("OAM.Domain.Entities.VersionDefinitionWorkflow").FindNavigation("DefinitionWorkflow")], 
                      fixup: (namelessParameter{9}, namelessParameter{10}) => 
                      {
                          [LIFTABLE Constant: ClrCollectionAccessor<DefinitionWorkflow, ICollection<VersionDefinitionWorkflow>, VersionDefinitionWorkflow> | Resolver: namelessParameter{11} => namelessParameter{11}.Dependencies.Model.FindEntityType("OAM.Domain.Entities.DefinitionWorkflow").FindNavigation("Versions").GetCollectionAccessor()].Add(
                              entity: namelessParameter{9}, 
                              value: namelessParameter{10}, 
                              forMaterialization: True);
                          return namelessParameter{10}.<DefinitionWorkflow>k__BackingField = namelessParameter{9};
                      }, 
                      trackingQuery: True);
                  return IsTrue(resultCoordinator.ResultReady)
                   ? (DefinitionWorkflow)(resultContext.Values[0]) : default(DefinitionWorkflow);
              }, 
              contextType: OAM.Infrastructure.Data.OamDbContext, 
              standAloneStateManager: False, 
              detailedErrorsEnabled: False, 
              threadSafetyChecksEnabled: True), 
          cancellationToken: queryContext.CancellationToken)'
info: Microsoft.AspNetCore.Routing.EndpointMiddleware[1]
      Executed endpoint 'HTTP: GET /api/instances/erreurs'
info: Microsoft.AspNetCore.Routing.EndpointMiddleware[0]
      Executing endpoint 'HTTP: GET /api/definitions/{id:guid}/versions'
dbug: Microsoft.EntityFrameworkCore.Database.Connection[20000]
      Opening connection to database 'main' on server 'oam_dev.db'.
dbug: Microsoft.EntityFrameworkCore.Infrastructure[10407]
      'OamDbContext' disposed.
dbug: Microsoft.EntityFrameworkCore.Database.Connection[20001]
      Opened connection to database 'main' on server 'C:\OAM\src\OAM.Api\oam_dev.db'.
dbug: Microsoft.EntityFrameworkCore.Database.Command[20103]
      Creating DbCommand for 'ExecuteReader'.
dbug: Microsoft.EntityFrameworkCore.Infrastructure[10407]
      'OamDbContext' disposed.
dbug: Microsoft.EntityFrameworkCore.Database.Connection[20007]
      Disposing connection to database 'main' on server 'oam_dev.db'.
dbug: Microsoft.EntityFrameworkCore.Database.Connection[20008]
      Disposed connection to database 'main' on server 'oam_dev.db' (42ms).
dbug: Microsoft.EntityFrameworkCore.Database.Connection[20007]
      Disposing connection to database 'main' on server 'oam_dev.db'.
dbug: Microsoft.EntityFrameworkCore.Database.Connection[20008]
      Disposed connection to database 'main' on server 'oam_dev.db' (22ms).
info: Microsoft.AspNetCore.Hosting.Diagnostics[2]
      Request finished HTTP/1.1 GET http://localhost:5000/api/instances/erreurs - 200 - application/json;+charset=utf-8 28742.4519ms
dbug: Microsoft.EntityFrameworkCore.Infrastructure[10407]
      'OamDbContext' disposed.
info: Microsoft.AspNetCore.Hosting.Diagnostics[2]
      Request finished HTTP/1.1 GET http://localhost:5000/api/definitions - 200 - application/json;+charset=utf-8 28769.9285ms
info: Microsoft.AspNetCore.Hosting.Diagnostics[1]
      Request starting HTTP/1.1 GET http://localhost:5000/api/definitions/f64b5467-7b1c-4f92-95c9-db6a00032af1/yaml - - -
dbug: Microsoft.EntityFrameworkCore.Database.Connection[20007]
      Disposing connection to database 'main' on server 'oam_dev.db'.
info: Microsoft.AspNetCore.Hosting.Diagnostics[1]
      Request starting HTTP/1.1 GET http://localhost:5000/api/definitions/f64b5467-7b1c-4f92-95c9-db6a00032af1 - application/json -
info: Microsoft.AspNetCore.Routing.EndpointMiddleware[0]
      Executing endpoint 'HTTP: GET /api/definitions/{id:guid}/yaml'
dbug: Microsoft.EntityFrameworkCore.Database.Connection[20008]
      Disposed connection to database 'main' on server 'oam_dev.db' (93ms).
dbug: Microsoft.EntityFrameworkCore.Database.Command[20104]
      Created DbCommand for 'ExecuteReader' (330ms).
dbug: Microsoft.EntityFrameworkCore.Database.Command[20106]
      Initialized DbCommand for 'ExecuteReader' (342ms).
info: Microsoft.AspNetCore.Hosting.Diagnostics[2]
      Request finished HTTP/1.1 GET http://localhost:5000/api/instances/erreurs - 200 - application/json;+charset=utf-8 28649.4650ms
dbug: Microsoft.EntityFrameworkCore.Database.Command[20100]
      Executing DbCommand [Parameters=[], CommandType='Text', CommandTimeout='30']
      SELECT "i"."Id", "i"."ContexteExecution", "i"."CorrelationId", "i"."DateCreation", "i"."DateDebut", "i"."DateFin", "i"."DefinitionWorkflowId", "i"."DonneesEntree", "i"."Erreur", "i"."Etat", "i"."HashVersionConfig", "d"."Id", "e0"."Id", "e0"."DateDebut", "e0"."DateFin", "e0"."DonneesEntree", "e0"."DonneesSortie", "e0"."Erreur", "e0"."Etat", "e0"."InstanceWorkflowId", "e0"."NomTache", "e0"."NombreTentatives", "e0"."Ordre", "e0"."TypeConnecteur", "d"."Actif", "d"."ContenuYaml", "d"."DateCreation", "d"."DateModification", "d"."Description", "d"."Equipe", "d"."HashVersion", "d"."Nom"
      FROM "InstancesWorkflow" AS "i"
      INNER JOIN "DefinitionsWorkflow" AS "d" ON "i"."DefinitionWorkflowId" = "d"."Id"
      LEFT JOIN (
          SELECT "e"."Id", "e"."DateDebut", "e"."DateFin", "e"."DonneesEntree", "e"."DonneesSortie", "e"."Erreur", "e"."Etat", "e"."InstanceWorkflowId", "e"."NomTache", "e"."NombreTentatives", "e"."Ordre", "e"."TypeConnecteur"
          FROM "ExecutionsTache" AS "e"
          WHERE "e"."Etat" = 'EnErreur'
      ) AS "e0" ON "i"."Id" = "e0"."InstanceWorkflowId"
      WHERE "i"."Etat" = 'EnErreur'
      ORDER BY "i"."DateCreation" DESC, "i"."Id", "d"."Id"
info: Microsoft.AspNetCore.Routing.EndpointMiddleware[0]
      Executing endpoint 'HTTP: GET /api/definitions/{id:guid}'
dbug: Microsoft.EntityFrameworkCore.Infrastructure[10403]
      Entity Framework Core 10.0.5 initialized 'OamDbContext' using provider 'Microsoft.EntityFrameworkCore.Sqlite:10.0.5' with options: None
dbug: Microsoft.EntityFrameworkCore.Database.Connection[20007]
      Disposing connection to database 'main' on server 'oam_dev.db'.
dbug: Microsoft.EntityFrameworkCore.Database.Connection[20008]
      Disposed connection to database 'main' on server 'oam_dev.db' (62ms).
info: Microsoft.EntityFrameworkCore.Database.Command[20101]
      Executed DbCommand (125ms) [Parameters=[], CommandType='Text', CommandTimeout='30']
      SELECT "i"."Id", "i"."ContexteExecution", "i"."CorrelationId", "i"."DateCreation", "i"."DateDebut", "i"."DateFin", "i"."DefinitionWorkflowId", "i"."DonneesEntree", "i"."Erreur", "i"."Etat", "i"."HashVersionConfig", "d"."Id", "e0"."Id", "e0"."DateDebut", "e0"."DateFin", "e0"."DonneesEntree", "e0"."DonneesSortie", "e0"."Erreur", "e0"."Etat", "e0"."InstanceWorkflowId", "e0"."NomTache", "e0"."NombreTentatives", "e0"."Ordre", "e0"."TypeConnecteur", "d"."Actif", "d"."ContenuYaml", "d"."DateCreation", "d"."DateModification", "d"."Description", "d"."Equipe", "d"."HashVersion", "d"."Nom"
      FROM "InstancesWorkflow" AS "i"
      INNER JOIN "DefinitionsWorkflow" AS "d" ON "i"."DefinitionWorkflowId" = "d"."Id"
      LEFT JOIN (
          SELECT "e"."Id", "e"."DateDebut", "e"."DateFin", "e"."DonneesEntree", "e"."DonneesSortie", "e"."Erreur", "e"."Etat", "e"."InstanceWorkflowId", "e"."NomTache", "e"."NombreTentatives", "e"."Ordre", "e"."TypeConnecteur"
          FROM "ExecutionsTache" AS "e"
          WHERE "e"."Etat" = 'EnErreur'
      ) AS "e0" ON "i"."Id" = "e0"."InstanceWorkflowId"
      WHERE "i"."Etat" = 'EnErreur'
      ORDER BY "i"."DateCreation" DESC, "i"."Id", "d"."Id"
info: Microsoft.AspNetCore.Routing.EndpointMiddleware[0]
      Executing endpoint 'HTTP: GET /api/instances/'
dbug: Microsoft.EntityFrameworkCore.Infrastructure[10403]
      Entity Framework Core 10.0.5 initialized 'OamDbContext' using provider 'Microsoft.EntityFrameworkCore.Sqlite:10.0.5' with options: None
dbug: Microsoft.EntityFrameworkCore.Database.Connection[20006]
      Created DbConnection. (2294ms).
info: Microsoft.AspNetCore.Routing.EndpointMiddleware[0]
      Executing endpoint 'HTTP: GET /api/definitions/'
dbug: Microsoft.EntityFrameworkCore.Database.Connection[20006]
      Created DbConnection. (23168ms).
dbug: Microsoft.EntityFrameworkCore.Database.Connection[20000]
      Opening connection to database 'main' on server 'oam_dev.db'.
dbug: Microsoft.EntityFrameworkCore.Database.Connection[20000]
      Opening connection to database 'main' on server 'oam_dev.db'.
dbug: Microsoft.EntityFrameworkCore.Infrastructure[10403]
      Entity Framework Core 10.0.5 initialized 'OamDbContext' using provider 'Microsoft.EntityFrameworkCore.Sqlite:10.0.5' with options: None
dbug: Microsoft.EntityFrameworkCore.ChangeTracking[10806]
      Context 'OamDbContext' started tracking 'InstanceWorkflow' entity. Consider using 'DbContextOptionsBuilder.EnableSensitiveDataLogging' to see key values.
info: Microsoft.AspNetCore.Hosting.Diagnostics[2]
      Request finished HTTP/1.1 GET http://localhost:5000/api/instances - 200 - application/json;+charset=utf-8 29329.8380ms
dbug: Microsoft.EntityFrameworkCore.Database.Connection[20001]
      Opened connection to database 'main' on server 'C:\OAM\src\OAM.Api\oam_dev.db'.
dbug: Microsoft.EntityFrameworkCore.ChangeTracking[10805]
      The navigation 'InstanceWorkflow.DefinitionWorkflow' was detected as changed. Consider using 'DbContextOptionsBuilder.EnableSensitiveDataLogging' to see key values.
dbug: Microsoft.EntityFrameworkCore.Infrastructure[10403]
      Entity Framework Core 10.0.5 initialized 'OamDbContext' using provider 'Microsoft.EntityFrameworkCore.Sqlite:10.0.5' with options: None
dbug: Microsoft.EntityFrameworkCore.Database.Command[20103]
      Creating DbCommand for 'ExecuteReader'.
dbug: Microsoft.EntityFrameworkCore.Database.Command[20104]
      Created DbCommand for 'ExecuteReader' (60ms).
dbug: Microsoft.EntityFrameworkCore.Infrastructure[10403]
      Entity Framework Core 10.0.5 initialized 'OamDbContext' using provider 'Microsoft.EntityFrameworkCore.Sqlite:10.0.5' with options: None
dbug: Microsoft.EntityFrameworkCore.Database.Connection[20001]
      Opened connection to database 'main' on server 'C:\OAM\src\OAM.Api\oam_dev.db'.
dbug: Microsoft.EntityFrameworkCore.Database.Connection[20005]
      Creating DbConnection.
dbug: Microsoft.EntityFrameworkCore.Database.Command[20106]
      Initialized DbCommand for 'ExecuteReader' (123ms).
dbug: Microsoft.EntityFrameworkCore.ChangeTracking[10806]
      Context 'OamDbContext' started tracking 'DefinitionWorkflow' entity. Consider using 'DbContextOptionsBuilder.EnableSensitiveDataLogging' to see key values.
dbug: Microsoft.EntityFrameworkCore.Database.Connection[20006]
      Created DbConnection. (62ms).
dbug: Microsoft.EntityFrameworkCore.Database.Command[20100]
      Executing DbCommand [Parameters=[], CommandType='Text', CommandTimeout='30']
      SELECT "i"."Id", "i"."ContexteExecution", "i"."CorrelationId", "i"."DateCreation", "i"."DateDebut", "i"."DateFin", "i"."DefinitionWorkflowId", "i"."DonneesEntree", "i"."Erreur", "i"."Etat", "i"."HashVersionConfig", "d"."Id", "d"."Actif", "d"."ContenuYaml", "d"."DateCreation", "d"."DateModification", "d"."Description", "d"."Equipe", "d"."HashVersion", "d"."Nom"
      FROM "InstancesWorkflow" AS "i"
      INNER JOIN "DefinitionsWorkflow" AS "d" ON "i"."DefinitionWorkflowId" = "d"."Id"
      ORDER BY "i"."DateCreation" DESC
info: Microsoft.AspNetCore.Routing.EndpointMiddleware[0]
      Executing endpoint 'HTTP: GET /api/instances/erreurs'
dbug: Microsoft.EntityFrameworkCore.Database.Connection[20000]
      Opening connection to database 'main' on server 'oam_dev.db'.
dbug: Microsoft.EntityFrameworkCore.Query[10111]
      Compiling query expression: 
      'DbSet<VersionDefinitionWorkflow>()
          .Where(v => v.DefinitionWorkflowId == @definitionId)
          .OrderByDescending(v => v.DateChargement)'
dbug: Microsoft.EntityFrameworkCore.Database.Connection[20001]
      Opened connection to database 'main' on server 'C:\OAM\src\OAM.Api\oam_dev.db'.
dbug: Microsoft.EntityFrameworkCore.ChangeTracking[10806]
      Context 'OamDbContext' started tracking 'ExecutionTache' entity. Consider using 'DbContextOptionsBuilder.EnableSensitiveDataLogging' to see key values.
dbug: Microsoft.EntityFrameworkCore.Database.Command[20103]
      Creating DbCommand for 'ExecuteReader'.
dbug: Microsoft.EntityFrameworkCore.Database.Connection[20005]
      Creating DbConnection.
dbug: Microsoft.EntityFrameworkCore.Database.Command[20103]
      Creating DbCommand for 'ExecuteReader'.
info: Microsoft.EntityFrameworkCore.Database.Command[20101]
      Executed DbCommand (158ms) [Parameters=[], CommandType='Text', CommandTimeout='30']
      SELECT "i"."Id", "i"."ContexteExecution", "i"."CorrelationId", "i"."DateCreation", "i"."DateDebut", "i"."DateFin", "i"."DefinitionWorkflowId", "i"."DonneesEntree", "i"."Erreur", "i"."Etat", "i"."HashVersionConfig", "d"."Id", "d"."Actif", "d"."ContenuYaml", "d"."DateCreation", "d"."DateModification", "d"."Description", "d"."Equipe", "d"."HashVersion", "d"."Nom"
      FROM "InstancesWorkflow" AS "i"
      INNER JOIN "DefinitionsWorkflow" AS "d" ON "i"."DefinitionWorkflowId" = "d"."Id"
      ORDER BY "i"."DateCreation" DESC
dbug: Microsoft.EntityFrameworkCore.Database.Command[20104]
      Created DbCommand for 'ExecuteReader' (28ms).
dbug: Microsoft.EntityFrameworkCore.Database.Connection[20006]
      Created DbConnection. (31ms).
dbug: Microsoft.EntityFrameworkCore.Database.Command[20106]
      Initialized DbCommand for 'ExecuteReader' (32ms).
dbug: Microsoft.EntityFrameworkCore.ChangeTracking[10806]
      Context 'OamDbContext' started tracking 'InstanceWorkflow' entity. Consider using 'DbContextOptionsBuilder.EnableSensitiveDataLogging' to see key values.
dbug: Microsoft.EntityFrameworkCore.Database.Command[20100]
      Executing DbCommand [Parameters=[], CommandType='Text', CommandTimeout='30']
      SELECT "i"."Id", "i"."ContexteExecution", "i"."CorrelationId", "i"."DateCreation", "i"."DateDebut", "i"."DateFin", "i"."DefinitionWorkflowId", "i"."DonneesEntree", "i"."Erreur", "i"."Etat", "i"."HashVersionConfig", "d"."Id", "d"."Actif", "d"."ContenuYaml", "d"."DateCreation", "d"."DateModification", "d"."Description", "d"."Equipe", "d"."HashVersion", "d"."Nom"
      FROM "InstancesWorkflow" AS "i"
      INNER JOIN "DefinitionsWorkflow" AS "d" ON "i"."DefinitionWorkflowId" = "d"."Id"
      ORDER BY "i"."DateCreation" DESC
dbug: Microsoft.EntityFrameworkCore.Database.Connection[20000]
      Opening connection to database 'main' on server 'oam_dev.db'.
dbug: Microsoft.EntityFrameworkCore.ChangeTracking[10806]
      Context 'OamDbContext' started tracking 'InstanceWorkflow' entity. Consider using 'DbContextOptionsBuilder.EnableSensitiveDataLogging' to see key values.
dbug: Microsoft.EntityFrameworkCore.Infrastructure[10403]
      Entity Framework Core 10.0.5 initialized 'OamDbContext' using provider 'Microsoft.EntityFrameworkCore.Sqlite:10.0.5' with options: None
info: Microsoft.EntityFrameworkCore.Database.Command[20101]
      Executed DbCommand (94ms) [Parameters=[], CommandType='Text', CommandTimeout='30']
      SELECT "i"."Id", "i"."ContexteExecution", "i"."CorrelationId", "i"."DateCreation", "i"."DateDebut", "i"."DateFin", "i"."DefinitionWorkflowId", "i"."DonneesEntree", "i"."Erreur", "i"."Etat", "i"."HashVersionConfig", "d"."Id", "d"."Actif", "d"."ContenuYaml", "d"."DateCreation", "d"."DateModification", "d"."Description", "d"."Equipe", "d"."HashVersion", "d"."Nom"
      FROM "InstancesWorkflow" AS "i"
      INNER JOIN "DefinitionsWorkflow" AS "d" ON "i"."DefinitionWorkflowId" = "d"."Id"
      ORDER BY "i"."DateCreation" DESC
dbug: Microsoft.EntityFrameworkCore.ChangeTracking[10806]
      Context 'OamDbContext' started tracking 'ExecutionTache' entity. Consider using 'DbContextOptionsBuilder.EnableSensitiveDataLogging' to see key values.
dbug: Microsoft.EntityFrameworkCore.Database.Connection[20001]
      Opened connection to database 'main' on server 'C:\OAM\src\OAM.Api\oam_dev.db'.
dbug: Microsoft.EntityFrameworkCore.Database.Connection[20005]
      Creating DbConnection.
dbug: Microsoft.EntityFrameworkCore.Database.Connection[20005]
      Creating DbConnection.
dbug: Microsoft.EntityFrameworkCore.Database.Connection[20005]
      Creating DbConnection.
dbug: Microsoft.EntityFrameworkCore.Database.Connection[20005]
      Creating DbConnection.
dbug: Microsoft.EntityFrameworkCore.ChangeTracking[10805]
      The navigation 'InstanceWorkflow.DefinitionWorkflow' was detected as changed. Consider using 'DbContextOptionsBuilder.EnableSensitiveDataLogging' to see key values.
dbug: Microsoft.EntityFrameworkCore.Database.Connection[20005]
      Creating DbConnection.
dbug: Microsoft.EntityFrameworkCore.ChangeTracking[10806]
      Context 'OamDbContext' started tracking 'DefinitionWorkflow' entity. Consider using 'DbContextOptionsBuilder.EnableSensitiveDataLogging' to see key values.
dbug: Microsoft.EntityFrameworkCore.ChangeTracking[10806]
      Context 'OamDbContext' started tracking 'InstanceWorkflow' entity. Consider using 'DbContextOptionsBuilder.EnableSensitiveDataLogging' to see key values.
dbug: Microsoft.EntityFrameworkCore.Database.Connection[20006]
      Created DbConnection. (5ms).
dbug: Microsoft.EntityFrameworkCore.Database.Connection[20000]
      Opening connection to database 'main' on server 'oam_dev.db'.
dbug: Microsoft.EntityFrameworkCore.ChangeTracking[10806]
      Context 'OamDbContext' started tracking 'InstanceWorkflow' entity. Consider using 'DbContextOptionsBuilder.EnableSensitiveDataLogging' to see key values.
dbug: Microsoft.EntityFrameworkCore.Database.Connection[20001]
      Opened connection to database 'main' on server 'C:\OAM\src\OAM.Api\oam_dev.db'.
dbug: Microsoft.EntityFrameworkCore.Database.Connection[20006]
      Created DbConnection. (32ms).
dbug: Microsoft.EntityFrameworkCore.Database.Command[20103]
      Creating DbCommand for 'ExecuteReader'.
dbug: Microsoft.EntityFrameworkCore.Database.Connection[20006]
      Created DbConnection. (33ms).
dbug: Microsoft.EntityFrameworkCore.Database.Connection[20000]
      Opening connection to database 'main' on server 'oam_dev.db'.
dbug: Microsoft.EntityFrameworkCore.Database.Command[20104]
      Created DbCommand for 'ExecuteReader' (2ms).
dbug: Microsoft.EntityFrameworkCore.Database.Connection[20000]
      Opening connection to database 'main' on server 'oam_dev.db'.
dbug: Microsoft.EntityFrameworkCore.Database.Connection[20001]
      Opened connection to database 'main' on server 'C:\OAM\src\OAM.Api\oam_dev.db'.
dbug: Microsoft.EntityFrameworkCore.Database.Connection[20001]
      Opened connection to database 'main' on server 'C:\OAM\src\OAM.Api\oam_dev.db'.
dbug: Microsoft.EntityFrameworkCore.Database.Command[20103]
      Creating DbCommand for 'ExecuteReader'.
dbug: Microsoft.EntityFrameworkCore.ChangeTracking[10806]
      Context 'OamDbContext' started tracking 'InstanceWorkflow' entity. Consider using 'DbContextOptionsBuilder.EnableSensitiveDataLogging' to see key values.
dbug: Microsoft.EntityFrameworkCore.Database.Command[20103]
      Creating DbCommand for 'ExecuteReader'.
dbug: Microsoft.EntityFrameworkCore.Database.Command[20104]
      Created DbCommand for 'ExecuteReader' (32ms).
dbug: Microsoft.EntityFrameworkCore.Database.Command[20104]
      Created DbCommand for 'ExecuteReader' (34ms).
dbug: Microsoft.EntityFrameworkCore.ChangeTracking[10805]
      The navigation 'InstanceWorkflow.DefinitionWorkflow' was detected as changed. Consider using 'DbContextOptionsBuilder.EnableSensitiveDataLogging' to see key values.
dbug: Microsoft.EntityFrameworkCore.ChangeTracking[10806]
      Context 'OamDbContext' started tracking 'DefinitionWorkflow' entity. Consider using 'DbContextOptionsBuilder.EnableSensitiveDataLogging' to see key values.
dbug: Microsoft.EntityFrameworkCore.ChangeTracking[10806]
      Context 'OamDbContext' started tracking 'InstanceWorkflow' entity. Consider using 'DbContextOptionsBuilder.EnableSensitiveDataLogging' to see key values.
dbug: Microsoft.EntityFrameworkCore.ChangeTracking[10806]
      Context 'OamDbContext' started tracking 'InstanceWorkflow' entity. Consider using 'DbContextOptionsBuilder.EnableSensitiveDataLogging' to see key values.
dbug: Microsoft.EntityFrameworkCore.Database.Command[20106]
      Initialized DbCommand for 'ExecuteReader' (129ms).
dbug: Microsoft.EntityFrameworkCore.Database.Command[20106]
      Initialized DbCommand for 'ExecuteReader' (40ms).
dbug: Microsoft.EntityFrameworkCore.Database.Command[20103]
      Creating DbCommand for 'ExecuteReader'.
dbug: Microsoft.EntityFrameworkCore.Database.Command[20104]
      Created DbCommand for 'ExecuteReader' (1ms).
dbug: Microsoft.EntityFrameworkCore.ChangeTracking[10806]
      Context 'OamDbContext' started tracking 'InstanceWorkflow' entity. Consider using 'DbContextOptionsBuilder.EnableSensitiveDataLogging' to see key values.
dbug: Microsoft.EntityFrameworkCore.Database.Command[20106]
      Initialized DbCommand for 'ExecuteReader' (2ms).
dbug: Microsoft.EntityFrameworkCore.Database.Command[20100]
      Executing DbCommand [Parameters=[], CommandType='Text', CommandTimeout='30']
      SELECT "d"."Id", "d"."Actif", "d"."ContenuYaml", "d"."DateCreation", "d"."DateModification", "d"."Description", "d"."Equipe", "d"."HashVersion", "d"."Nom"
      FROM "DefinitionsWorkflow" AS "d"
      WHERE "d"."Actif"
      ORDER BY "d"."Nom"
info: Microsoft.EntityFrameworkCore.Database.Command[20101]
      Executed DbCommand (1ms) [Parameters=[], CommandType='Text', CommandTimeout='30']
      SELECT "d"."Id", "d"."Actif", "d"."ContenuYaml", "d"."DateCreation", "d"."DateModification", "d"."Description", "d"."Equipe", "d"."HashVersion", "d"."Nom"
      FROM "DefinitionsWorkflow" AS "d"
      WHERE "d"."Actif"
      ORDER BY "d"."Nom"
dbug: Microsoft.EntityFrameworkCore.ChangeTracking[10806]
      Context 'OamDbContext' started tracking 'DefinitionWorkflow' entity. Consider using 'DbContextOptionsBuilder.EnableSensitiveDataLogging' to see key values.
dbug: Microsoft.EntityFrameworkCore.Database.Command[20106]
      Initialized DbCommand for 'ExecuteReader' (142ms).
dbug: Microsoft.EntityFrameworkCore.Database.Connection[20006]
      Created DbConnection. (265ms).
dbug: Microsoft.EntityFrameworkCore.ChangeTracking[10806]
      Context 'OamDbContext' started tracking 'InstanceWorkflow' entity. Consider using 'DbContextOptionsBuilder.EnableSensitiveDataLogging' to see key values.
dbug: Microsoft.EntityFrameworkCore.Database.Command[20301]
      Closing data reader to 'main' on server 'C:\OAM\src\OAM.Api\oam_dev.db'.
dbug: Microsoft.EntityFrameworkCore.Database.Connection[20000]
      Opening connection to database 'main' on server 'oam_dev.db'.
dbug: Microsoft.EntityFrameworkCore.Database.Command[20300]
      A data reader for 'main' on server 'C:\OAM\src\OAM.Api\oam_dev.db' is being disposed after spending 186ms reading results.
dbug: Microsoft.EntityFrameworkCore.ChangeTracking[10806]
      Context 'OamDbContext' started tracking 'InstanceWorkflow' entity. Consider using 'DbContextOptionsBuilder.EnableSensitiveDataLogging' to see key values.
dbug: Microsoft.EntityFrameworkCore.Database.Connection[20002]
      Closing connection to database 'main' on server 'C:\OAM\src\OAM.Api\oam_dev.db'.
dbug: Microsoft.EntityFrameworkCore.Query[10107]
      Generated query execution expression: 
      'queryContext => SingleQueryingEnumerable.Create<VersionDefinitionWorkflow>(
          relationalQueryContext: (RelationalQueryContext)queryContext, 
          relationalCommandResolver: parameters => [LIFTABLE Constant: RelationalCommandCache.QueryExpression(
              Projection Mapping:
                  EmptyProjectionMember -> Dictionary<IPropertyBase, int> { [Property: VersionDefinitionWorkflow.Id (Guid) Required PK AfterSave:Throw ValueGenerated.OnAdd, 0], [Property: VersionDefinitionWorkflow.ContenuYaml (string) Required, 1], [Property: VersionDefinitionWorkflow.DateChargement (DateTime) Required, 2], [Property: VersionDefinitionWorkflow.DefinitionWorkflowId (Guid) Required FK Index, 3], [Property: VersionDefinitionWorkflow.DeployePar (string) MaxLength(200), 4], [Property: VersionDefinitionWorkflow.HashVersion (string) Required Index MaxLength(64), 5] }
              SELECT v.Id, v.ContenuYaml, v.DateChargement, v.DefinitionWorkflowId, v.DeployePar, v.HashVersion
              FROM VersionsDefinitionWorkflow AS v
              WHERE v.DefinitionWorkflowId == @definitionId
              ORDER BY v.DateChargement DESC) | Resolver: c => new RelationalCommandCache(
              c.Dependencies.MemoryCache, 
              c.RelationalDependencies.QuerySqlGeneratorFactory, 
              c.RelationalDependencies.RelationalParameterBasedSqlProcessorFactory, 
              Projection Mapping:
                  EmptyProjectionMember -> Dictionary<IPropertyBase, int> { [Property: VersionDefinitionWorkflow.Id (Guid) Required PK AfterSave:Throw ValueGenerated.OnAdd, 0], [Property: VersionDefinitionWorkflow.ContenuYaml (string) Required, 1], [Property: VersionDefinitionWorkflow.DateChargement (DateTime) Required, 2], [Property: VersionDefinitionWorkflow.DefinitionWorkflowId (Guid) Required FK Index, 3], [Property: VersionDefinitionWorkflow.DeployePar (string) MaxLength(200), 4], [Property: VersionDefinitionWorkflow.HashVersion (string) Required Index MaxLength(64), 5] }
              SELECT v.Id, v.ContenuYaml, v.DateChargement, v.DefinitionWorkflowId, v.DeployePar, v.HashVersion
              FROM VersionsDefinitionWorkflow AS v
              WHERE v.DefinitionWorkflowId == @definitionId
              ORDER BY v.DateChargement DESC, 
              False, 
              MultipleParameters
          )].GetRelationalCommandTemplate(parameters), 
          readerColumns: null, 
          shaper: (queryContext, dataReader, resultContext, resultCoordinator) => 
          {
              VersionDefinitionWorkflow entity;
              entity = 
              {
                  MaterializationContext materializationContext1;
                  IEntityType entityType1;
                  VersionDefinitionWorkflow instance1;
                  InternalEntityEntry entry1;
                  bool hasNullKey1;
                  materializationContext1 = new MaterializationContext(
                      [LIFTABLE Constant: ValueBuffer | Resolver: _ => (object)ValueBuffer.Empty], 
                      queryContext.Context
                  );
                  instance1 = default(VersionDefinitionWorkflow);
                  entry1 = queryContext.TryGetEntry(
                      key: [LIFTABLE Constant: Key: VersionDefinitionWorkflow.Id PK | Resolver: c => c.Dependencies.Model.FindEntityType("OAM.Domain.Entities.VersionDefinitionWorkflow").FindPrimaryKey()], 
                      keyValues: new object[]{ (object)dataReader.GetGuid(0) }, 
                      throwOnNullKey: True, 
                      hasNullKey: hasNullKey1);
                  !(hasNullKey1) ? entry1 != default(InternalEntityEntry) ? 
                  {
                      entityType1 = entry1.EntityType;
                      return instance1 = (VersionDefinitionWorkflow)entry1.Entity;
                  } : 
                  {
                      ISnapshot shadowSnapshot1;
                      shadowSnapshot1 = [LIFTABLE Constant: Snapshot | Resolver: _ => Snapshot.Empty];
                      entityType1 = [LIFTABLE Constant: EntityType: VersionDefinitionWorkflow | Resolver: namelessParameter{0} => namelessParameter{0}.Dependencies.Model.FindEntityType("OAM.Domain.Entities.VersionDefinitionWorkflow")];
                      instance1 = switch (entityType1)
                      {
                          case [LIFTABLE Constant: EntityType: VersionDefinitionWorkflow | Resolver: namelessParameter{1} => namelessParameter{1}.Dependencies.Model.FindEntityType("OAM.Domain.Entities.VersionDefinitionWorkflow")]: 
                              {
                                  return 
                                  {
                                      VersionDefinitionWorkflow instance;
                                      instance = new VersionDefinitionWorkflow();
                                      instance.<Id>k__BackingField = dataReader.GetGuid(0);
                                      instance.<ContenuYaml>k__BackingField = dataReader.GetString(1);
                                      instance.<DateChargement>k__BackingField = dataReader.GetDateTime(2);
                                      instance.<DefinitionWorkflowId>k__BackingField = dataReader.GetGuid(3);
                                      instance.<DeployePar>k__BackingField = dataReader.IsDBNull(4) ? default(string) : dataReader.GetString(4);
                                      instance.<HashVersion>k__BackingField = dataReader.GetString(5);
                                      (instance is IInjectableService) ? ((IInjectableService)instance).Injected(
                                          context: materializationContext1.Context, 
                                          entity: instance, 
                                          queryTrackingBehavior: TrackAll, 
                                          structuralType: [LIFTABLE Constant: EntityType: VersionDefinitionWorkflow | Resolver: namelessParameter{2} => namelessParameter{2}.Dependencies.Model.FindEntityType("OAM.Domain.Entities.VersionDefinitionWorkflow")]) : default(void);
                                      return instance;
                                  }}
                          default: 
                              default(VersionDefinitionWorkflow)
                      }
                      ;
                      entry1 = entityType1 == default(IEntityType) ? default(InternalEntityEntry) : queryContext.StartTracking(
                          entityType: entityType1, 
                          entity: instance1, 
                          snapshot: shadowSnapshot1);
                      return instance1;
                  } : default(void);
                  return instance1;
              };
              return entity;
          }, 
          contextType: OAM.Infrastructure.Data.OamDbContext, 
          standAloneStateManager: False, 
          detailedErrorsEnabled: False, 
          threadSafetyChecksEnabled: True)'
dbug: Microsoft.EntityFrameworkCore.Database.Connection[20001]
      Opened connection to database 'main' on server 'C:\OAM\src\OAM.Api\oam_dev.db'.
dbug: Microsoft.EntityFrameworkCore.ChangeTracking[10806]
      Context 'OamDbContext' started tracking 'InstanceWorkflow' entity. Consider using 'DbContextOptionsBuilder.EnableSensitiveDataLogging' to see key values.
dbug: Microsoft.EntityFrameworkCore.Database.Connection[20003]
      Closed connection to database 'main' on server 'oam_dev.db' (33ms).
dbug: Microsoft.EntityFrameworkCore.Database.Command[20103]
      Creating DbCommand for 'ExecuteReader'.
dbug: Microsoft.EntityFrameworkCore.ChangeTracking[10806]
      Context 'OamDbContext' started tracking 'ExecutionTache' entity. Consider using 'DbContextOptionsBuilder.EnableSensitiveDataLogging' to see key values.
info: Microsoft.AspNetCore.Http.Result.OkObjectResult[1]
      Setting HTTP status code 200.
dbug: Microsoft.EntityFrameworkCore.Database.Command[20104]
      Created DbCommand for 'ExecuteReader' (25ms).
dbug: Microsoft.EntityFrameworkCore.Database.Command[20100]
      Executing DbCommand [Parameters=[@id='?' (DbType = Guid)], CommandType='Text', CommandTimeout='30']
      SELECT "d0"."Id", "d0"."Actif", "d0"."ContenuYaml", "d0"."DateCreation", "d0"."DateModification", "d0"."Description", "d0"."Equipe", "d0"."HashVersion", "d0"."Nom", "v1"."Id", "v1"."ContenuYaml", "v1"."DateChargement", "v1"."DefinitionWorkflowId", "v1"."DeployePar", "v1"."HashVersion"
      FROM (
          SELECT "d"."Id", "d"."Actif", "d"."ContenuYaml", "d"."DateCreation", "d"."DateModification", "d"."Description", "d"."Equipe", "d"."HashVersion", "d"."Nom"
          FROM "DefinitionsWorkflow" AS "d"
          WHERE "d"."Id" = @id
          LIMIT 1
      ) AS "d0"
      LEFT JOIN (
          SELECT "v0"."Id", "v0"."ContenuYaml", "v0"."DateChargement", "v0"."DefinitionWorkflowId", "v0"."DeployePar", "v0"."HashVersion"
          FROM (
              SELECT "v"."Id", "v"."ContenuYaml", "v"."DateChargement", "v"."DefinitionWorkflowId", "v"."DeployePar", "v"."HashVersion", ROW_NUMBER() OVER(PARTITION BY "v"."DefinitionWorkflowId" ORDER BY "v"."DateChargement" DESC) AS "row"
              FROM "VersionsDefinitionWorkflow" AS "v"
          ) AS "v0"
          WHERE "v0"."row" <= 5
      ) AS "v1" ON "d0"."Id" = "v1"."DefinitionWorkflowId"
      ORDER BY "d0"."Id", "v1"."DefinitionWorkflowId", "v1"."DateChargement" DESC
dbug: Microsoft.EntityFrameworkCore.Database.Command[20100]
      Executing DbCommand [Parameters=[@id='?' (DbType = Guid)], CommandType='Text', CommandTimeout='30']
      SELECT "d0"."Id", "d0"."Actif", "d0"."ContenuYaml", "d0"."DateCreation", "d0"."DateModification", "d0"."Description", "d0"."Equipe", "d0"."HashVersion", "d0"."Nom", "v1"."Id", "v1"."ContenuYaml", "v1"."DateChargement", "v1"."DefinitionWorkflowId", "v1"."DeployePar", "v1"."HashVersion"
      FROM (
          SELECT "d"."Id", "d"."Actif", "d"."ContenuYaml", "d"."DateCreation", "d"."DateModification", "d"."Description", "d"."Equipe", "d"."HashVersion", "d"."Nom"
          FROM "DefinitionsWorkflow" AS "d"
          WHERE "d"."Id" = @id
          LIMIT 1
      ) AS "d0"
      LEFT JOIN (
          SELECT "v0"."Id", "v0"."ContenuYaml", "v0"."DateChargement", "v0"."DefinitionWorkflowId", "v0"."DeployePar", "v0"."HashVersion"
          FROM (
              SELECT "v"."Id", "v"."ContenuYaml", "v"."DateChargement", "v"."DefinitionWorkflowId", "v"."DeployePar", "v"."HashVersion", ROW_NUMBER() OVER(PARTITION BY "v"."DefinitionWorkflowId" ORDER BY "v"."DateChargement" DESC) AS "row"
              FROM "VersionsDefinitionWorkflow" AS "v"
          ) AS "v0"
          WHERE "v0"."row" <= 5
      ) AS "v1" ON "d0"."Id" = "v1"."DefinitionWorkflowId"
      ORDER BY "d0"."Id", "v1"."DefinitionWorkflowId", "v1"."DateChargement" DESC
dbug: Microsoft.EntityFrameworkCore.Database.Command[20100]
      Executing DbCommand [Parameters=[@id='?' (DbType = Guid)], CommandType='Text', CommandTimeout='30']
      SELECT "d0"."Id", "d0"."Actif", "d0"."ContenuYaml", "d0"."DateCreation", "d0"."DateModification", "d0"."Description", "d0"."Equipe", "d0"."HashVersion", "d0"."Nom", "v1"."Id", "v1"."ContenuYaml", "v1"."DateChargement", "v1"."DefinitionWorkflowId", "v1"."DeployePar", "v1"."HashVersion"
      FROM (
          SELECT "d"."Id", "d"."Actif", "d"."ContenuYaml", "d"."DateCreation", "d"."DateModification", "d"."Description", "d"."Equipe", "d"."HashVersion", "d"."Nom"
          FROM "DefinitionsWorkflow" AS "d"
          WHERE "d"."Id" = @id
          LIMIT 1
      ) AS "d0"
      LEFT JOIN (
          SELECT "v0"."Id", "v0"."ContenuYaml", "v0"."DateChargement", "v0"."DefinitionWorkflowId", "v0"."DeployePar", "v0"."HashVersion"
          FROM (
              SELECT "v"."Id", "v"."ContenuYaml", "v"."DateChargement", "v"."DefinitionWorkflowId", "v"."DeployePar", "v"."HashVersion", ROW_NUMBER() OVER(PARTITION BY "v"."DefinitionWorkflowId" ORDER BY "v"."DateChargement" DESC) AS "row"
              FROM "VersionsDefinitionWorkflow" AS "v"
          ) AS "v0"
          WHERE "v0"."row" <= 5
      ) AS "v1" ON "d0"."Id" = "v1"."DefinitionWorkflowId"
      ORDER BY "d0"."Id", "v1"."DefinitionWorkflowId", "v1"."DateChargement" DESC
dbug: Microsoft.EntityFrameworkCore.ChangeTracking[10806]
      Context 'OamDbContext' started tracking 'InstanceWorkflow' entity. Consider using 'DbContextOptionsBuilder.EnableSensitiveDataLogging' to see key values.
info: Microsoft.AspNetCore.Http.Result.OkObjectResult[3]
      Writing value of type 'ListSelectIterator`2' as Json.
dbug: Microsoft.EntityFrameworkCore.ChangeTracking[10806]
      Context 'OamDbContext' started tracking 'InstanceWorkflow' entity. Consider using 'DbContextOptionsBuilder.EnableSensitiveDataLogging' to see key values.
dbug: Microsoft.EntityFrameworkCore.Database.Command[20106]
      Initialized DbCommand for 'ExecuteReader' (91ms).
dbug: Microsoft.EntityFrameworkCore.Database.Connection[20005]
      Creating DbConnection.
dbug: Microsoft.EntityFrameworkCore.ChangeTracking[10806]
      Context 'OamDbContext' started tracking 'InstanceWorkflow' entity. Consider using 'DbContextOptionsBuilder.EnableSensitiveDataLogging' to see key values.
dbug: Microsoft.EntityFrameworkCore.Database.Command[20100]
      Executing DbCommand [Parameters=[@id='?' (DbType = Guid)], CommandType='Text', CommandTimeout='30']
      SELECT "d0"."Id", "d0"."Actif", "d0"."ContenuYaml", "d0"."DateCreation", "d0"."DateModification", "d0"."Description", "d0"."Equipe", "d0"."HashVersion", "d0"."Nom", "v1"."Id", "v1"."ContenuYaml", "v1"."DateChargement", "v1"."DefinitionWorkflowId", "v1"."DeployePar", "v1"."HashVersion"
      FROM (
          SELECT "d"."Id", "d"."Actif", "d"."ContenuYaml", "d"."DateCreation", "d"."DateModification", "d"."Description", "d"."Equipe", "d"."HashVersion", "d"."Nom"
          FROM "DefinitionsWorkflow" AS "d"
          WHERE "d"."Id" = @id
          LIMIT 1
      ) AS "d0"
      LEFT JOIN (
          SELECT "v0"."Id", "v0"."ContenuYaml", "v0"."DateChargement", "v0"."DefinitionWorkflowId", "v0"."DeployePar", "v0"."HashVersion"
          FROM (
              SELECT "v"."Id", "v"."ContenuYaml", "v"."DateChargement", "v"."DefinitionWorkflowId", "v"."DeployePar", "v"."HashVersion", ROW_NUMBER() OVER(PARTITION BY "v"."DefinitionWorkflowId" ORDER BY "v"."DateChargement" DESC) AS "row"
              FROM "VersionsDefinitionWorkflow" AS "v"
          ) AS "v0"
          WHERE "v0"."row" <= 5
      ) AS "v1" ON "d0"."Id" = "v1"."DefinitionWorkflowId"
      ORDER BY "d0"."Id", "v1"."DefinitionWorkflowId", "v1"."DateChargement" DESC
dbug: Microsoft.EntityFrameworkCore.ChangeTracking[10806]
      Context 'OamDbContext' started tracking 'InstanceWorkflow' entity. Consider using 'DbContextOptionsBuilder.EnableSensitiveDataLogging' to see key values.
dbug: Microsoft.EntityFrameworkCore.Database.Connection[20006]
      Created DbConnection. (550ms).
dbug: Microsoft.EntityFrameworkCore.Database.Connection[20006]
      Created DbConnection. (25ms).
info: Microsoft.AspNetCore.Routing.EndpointMiddleware[1]
      Executed endpoint 'HTTP: GET /api/definitions/'
dbug: Microsoft.EntityFrameworkCore.Database.Connection[20000]
      Opening connection to database 'main' on server 'oam_dev.db'.
dbug: Microsoft.EntityFrameworkCore.ChangeTracking[10806]
      Context 'OamDbContext' started tracking 'InstanceWorkflow' entity. Consider using 'DbContextOptionsBuilder.EnableSensitiveDataLogging' to see key values.
dbug: Microsoft.EntityFrameworkCore.Database.Connection[20001]
      Opened connection to database 'main' on server 'C:\OAM\src\OAM.Api\oam_dev.db'.
dbug: Microsoft.EntityFrameworkCore.ChangeTracking[10806]
      Context 'OamDbContext' started tracking 'InstanceWorkflow' entity. Consider using 'DbContextOptionsBuilder.EnableSensitiveDataLogging' to see key values.
dbug: Microsoft.EntityFrameworkCore.Database.Command[20103]
      Creating DbCommand for 'ExecuteReader'.
dbug: Microsoft.EntityFrameworkCore.Database.Command[20104]
      Created DbCommand for 'ExecuteReader' (2ms).
dbug: Microsoft.EntityFrameworkCore.Database.Command[20106]
      Initialized DbCommand for 'ExecuteReader' (3ms).
dbug: Microsoft.EntityFrameworkCore.ChangeTracking[10806]
      Context 'OamDbContext' started tracking 'InstanceWorkflow' entity. Consider using 'DbContextOptionsBuilder.EnableSensitiveDataLogging' to see key values.
dbug: Microsoft.EntityFrameworkCore.ChangeTracking[10806]
      Context 'OamDbContext' started tracking 'ExecutionTache' entity. Consider using 'DbContextOptionsBuilder.EnableSensitiveDataLogging' to see key values.
dbug: Microsoft.EntityFrameworkCore.Database.Command[20100]
      Executing DbCommand [Parameters=[@definitionId='?' (DbType = Guid)], CommandType='Text', CommandTimeout='30']
      SELECT "v"."Id", "v"."ContenuYaml", "v"."DateChargement", "v"."DefinitionWorkflowId", "v"."DeployePar", "v"."HashVersion"
      FROM "VersionsDefinitionWorkflow" AS "v"
      WHERE "v"."DefinitionWorkflowId" = @definitionId
      ORDER BY "v"."DateChargement" DESC
dbug: Microsoft.EntityFrameworkCore.ChangeTracking[10806]
      Context 'OamDbContext' started tracking 'InstanceWorkflow' entity. Consider using 'DbContextOptionsBuilder.EnableSensitiveDataLogging' to see key values.
dbug: Microsoft.EntityFrameworkCore.Database.Connection[20000]
      Opening connection to database 'main' on server 'oam_dev.db'.
dbug: Microsoft.EntityFrameworkCore.ChangeTracking[10806]
      Context 'OamDbContext' started tracking 'InstanceWorkflow' entity. Consider using 'DbContextOptionsBuilder.EnableSensitiveDataLogging' to see key values.
dbug: Microsoft.EntityFrameworkCore.Infrastructure[10407]
      'OamDbContext' disposed.
dbug: Microsoft.EntityFrameworkCore.ChangeTracking[10806]
      Context 'OamDbContext' started tracking 'InstanceWorkflow' entity. Consider using 'DbContextOptionsBuilder.EnableSensitiveDataLogging' to see key values.
dbug: Microsoft.EntityFrameworkCore.ChangeTracking[10806]
      Context 'OamDbContext' started tracking 'ExecutionTache' entity. Consider using 'DbContextOptionsBuilder.EnableSensitiveDataLogging' to see key values.
dbug: Microsoft.EntityFrameworkCore.Database.Connection[20001]
      Opened connection to database 'main' on server 'C:\OAM\src\OAM.Api\oam_dev.db'.
dbug: Microsoft.EntityFrameworkCore.ChangeTracking[10806]
      Context 'OamDbContext' started tracking 'InstanceWorkflow' entity. Consider using 'DbContextOptionsBuilder.EnableSensitiveDataLogging' to see key values.
dbug: Microsoft.EntityFrameworkCore.ChangeTracking[10806]
      Context 'OamDbContext' started tracking 'InstanceWorkflow' entity. Consider using 'DbContextOptionsBuilder.EnableSensitiveDataLogging' to see key values.
info: Microsoft.EntityFrameworkCore.Database.Command[20101]
      Executed DbCommand (529ms) [Parameters=[@id='?' (DbType = Guid)], CommandType='Text', CommandTimeout='30']
      SELECT "d0"."Id", "d0"."Actif", "d0"."ContenuYaml", "d0"."DateCreation", "d0"."DateModification", "d0"."Description", "d0"."Equipe", "d0"."HashVersion", "d0"."Nom", "v1"."Id", "v1"."ContenuYaml", "v1"."DateChargement", "v1"."DefinitionWorkflowId", "v1"."DeployePar", "v1"."HashVersion"
      FROM (
          SELECT "d"."Id", "d"."Actif", "d"."ContenuYaml", "d"."DateCreation", "d"."DateModification", "d"."Description", "d"."Equipe", "d"."HashVersion", "d"."Nom"
          FROM "DefinitionsWorkflow" AS "d"
          WHERE "d"."Id" = @id
          LIMIT 1
      ) AS "d0"
      LEFT JOIN (
          SELECT "v0"."Id", "v0"."ContenuYaml", "v0"."DateChargement", "v0"."DefinitionWorkflowId", "v0"."DeployePar", "v0"."HashVersion"
          FROM (
              SELECT "v"."Id", "v"."ContenuYaml", "v"."DateChargement", "v"."DefinitionWorkflowId", "v"."DeployePar", "v"."HashVersion", ROW_NUMBER() OVER(PARTITION BY "v"."DefinitionWorkflowId" ORDER BY "v"."DateChargement" DESC) AS "row"
              FROM "VersionsDefinitionWorkflow" AS "v"
          ) AS "v0"
          WHERE "v0"."row" <= 5
      ) AS "v1" ON "d0"."Id" = "v1"."DefinitionWorkflowId"
      ORDER BY "d0"."Id", "v1"."DefinitionWorkflowId", "v1"."DateChargement" DESC
info: Microsoft.EntityFrameworkCore.Database.Command[20101]
      Executed DbCommand (468ms) [Parameters=[@id='?' (DbType = Guid)], CommandType='Text', CommandTimeout='30']
      SELECT "d0"."Id", "d0"."Actif", "d0"."ContenuYaml", "d0"."DateCreation", "d0"."DateModification", "d0"."Description", "d0"."Equipe", "d0"."HashVersion", "d0"."Nom", "v1"."Id", "v1"."ContenuYaml", "v1"."DateChargement", "v1"."DefinitionWorkflowId", "v1"."DeployePar", "v1"."HashVersion"
      FROM (
          SELECT "d"."Id", "d"."Actif", "d"."ContenuYaml", "d"."DateCreation", "d"."DateModification", "d"."Description", "d"."Equipe", "d"."HashVersion", "d"."Nom"
          FROM "DefinitionsWorkflow" AS "d"
          WHERE "d"."Id" = @id
          LIMIT 1
      ) AS "d0"
      LEFT JOIN (
          SELECT "v0"."Id", "v0"."ContenuYaml", "v0"."DateChargement", "v0"."DefinitionWorkflowId", "v0"."DeployePar", "v0"."HashVersion"
          FROM (
              SELECT "v"."Id", "v"."ContenuYaml", "v"."DateChargement", "v"."DefinitionWorkflowId", "v"."DeployePar", "v"."HashVersion", ROW_NUMBER() OVER(PARTITION BY "v"."DefinitionWorkflowId" ORDER BY "v"."DateChargement" DESC) AS "row"
              FROM "VersionsDefinitionWorkflow" AS "v"
          ) AS "v0"
          WHERE "v0"."row" <= 5
      ) AS "v1" ON "d0"."Id" = "v1"."DefinitionWorkflowId"
      ORDER BY "d0"."Id", "v1"."DefinitionWorkflowId", "v1"."DateChargement" DESC
info: Microsoft.EntityFrameworkCore.Database.Command[20101]
      Executed DbCommand (96ms) [Parameters=[@definitionId='?' (DbType = Guid)], CommandType='Text', CommandTimeout='30']
      SELECT "v"."Id", "v"."ContenuYaml", "v"."DateChargement", "v"."DefinitionWorkflowId", "v"."DeployePar", "v"."HashVersion"
      FROM "VersionsDefinitionWorkflow" AS "v"
      WHERE "v"."DefinitionWorkflowId" = @definitionId
      ORDER BY "v"."DateChargement" DESC
info: Microsoft.EntityFrameworkCore.Database.Command[20101]
      Executed DbCommand (532ms) [Parameters=[@id='?' (DbType = Guid)], CommandType='Text', CommandTimeout='30']
      SELECT "d0"."Id", "d0"."Actif", "d0"."ContenuYaml", "d0"."DateCreation", "d0"."DateModification", "d0"."Description", "d0"."Equipe", "d0"."HashVersion", "d0"."Nom", "v1"."Id", "v1"."ContenuYaml", "v1"."DateChargement", "v1"."DefinitionWorkflowId", "v1"."DeployePar", "v1"."HashVersion"
      FROM (
          SELECT "d"."Id", "d"."Actif", "d"."ContenuYaml", "d"."DateCreation", "d"."DateModification", "d"."Description", "d"."Equipe", "d"."HashVersion", "d"."Nom"
          FROM "DefinitionsWorkflow" AS "d"
          WHERE "d"."Id" = @id
          LIMIT 1
      ) AS "d0"
      LEFT JOIN (
          SELECT "v0"."Id", "v0"."ContenuYaml", "v0"."DateChargement", "v0"."DefinitionWorkflowId", "v0"."DeployePar", "v0"."HashVersion"
          FROM (
              SELECT "v"."Id", "v"."ContenuYaml", "v"."DateChargement", "v"."DefinitionWorkflowId", "v"."DeployePar", "v"."HashVersion", ROW_NUMBER() OVER(PARTITION BY "v"."DefinitionWorkflowId" ORDER BY "v"."DateChargement" DESC) AS "row"
              FROM "VersionsDefinitionWorkflow" AS "v"
          ) AS "v0"
          WHERE "v0"."row" <= 5
      ) AS "v1" ON "d0"."Id" = "v1"."DefinitionWorkflowId"
      ORDER BY "d0"."Id", "v1"."DefinitionWorkflowId", "v1"."DateChargement" DESC
info: Microsoft.EntityFrameworkCore.Database.Command[20101]
      Executed DbCommand (214ms) [Parameters=[@id='?' (DbType = Guid)], CommandType='Text', CommandTimeout='30']
      SELECT "d0"."Id", "d0"."Actif", "d0"."ContenuYaml", "d0"."DateCreation", "d0"."DateModification", "d0"."Description", "d0"."Equipe", "d0"."HashVersion", "d0"."Nom", "v1"."Id", "v1"."ContenuYaml", "v1"."DateChargement", "v1"."DefinitionWorkflowId", "v1"."DeployePar", "v1"."HashVersion"
      FROM (
          SELECT "d"."Id", "d"."Actif", "d"."ContenuYaml", "d"."DateCreation", "d"."DateModification", "d"."Description", "d"."Equipe", "d"."HashVersion", "d"."Nom"
          FROM "DefinitionsWorkflow" AS "d"
          WHERE "d"."Id" = @id
          LIMIT 1
      ) AS "d0"
      LEFT JOIN (
          SELECT "v0"."Id", "v0"."ContenuYaml", "v0"."DateChargement", "v0"."DefinitionWorkflowId", "v0"."DeployePar", "v0"."HashVersion"
          FROM (
              SELECT "v"."Id", "v"."ContenuYaml", "v"."DateChargement", "v"."DefinitionWorkflowId", "v"."DeployePar", "v"."HashVersion", ROW_NUMBER() OVER(PARTITION BY "v"."DefinitionWorkflowId" ORDER BY "v"."DateChargement" DESC) AS "row"
              FROM "VersionsDefinitionWorkflow" AS "v"
          ) AS "v0"
          WHERE "v0"."row" <= 5
      ) AS "v1" ON "d0"."Id" = "v1"."DefinitionWorkflowId"
      ORDER BY "d0"."Id", "v1"."DefinitionWorkflowId", "v1"."DateChargement" DESC
dbug: Microsoft.EntityFrameworkCore.ChangeTracking[10806]
      Context 'OamDbContext' started tracking 'InstanceWorkflow' entity. Consider using 'DbContextOptionsBuilder.EnableSensitiveDataLogging' to see key values.
dbug: Microsoft.EntityFrameworkCore.ChangeTracking[10806]
      Context 'OamDbContext' started tracking 'DefinitionWorkflow' entity. Consider using 'DbContextOptionsBuilder.EnableSensitiveDataLogging' to see key values.
dbug: Microsoft.EntityFrameworkCore.ChangeTracking[10806]
      Context 'OamDbContext' started tracking 'InstanceWorkflow' entity. Consider using 'DbContextOptionsBuilder.EnableSensitiveDataLogging' to see key values.
dbug: Microsoft.EntityFrameworkCore.ChangeTracking[10806]
      Context 'OamDbContext' started tracking 'InstanceWorkflow' entity. Consider using 'DbContextOptionsBuilder.EnableSensitiveDataLogging' to see key values.
dbug: Microsoft.EntityFrameworkCore.ChangeTracking[10806]
      Context 'OamDbContext' started tracking 'InstanceWorkflow' entity. Consider using 'DbContextOptionsBuilder.EnableSensitiveDataLogging' to see key values.
dbug: Microsoft.EntityFrameworkCore.ChangeTracking[10806]
      Context 'OamDbContext' started tracking 'InstanceWorkflow' entity. Consider using 'DbContextOptionsBuilder.EnableSensitiveDataLogging' to see key values.
dbug: Microsoft.EntityFrameworkCore.ChangeTracking[10806]
      Context 'OamDbContext' started tracking 'VersionDefinitionWorkflow' entity. Consider using 'DbContextOptionsBuilder.EnableSensitiveDataLogging' to see key values.
dbug: Microsoft.EntityFrameworkCore.ChangeTracking[10806]
      Context 'OamDbContext' started tracking 'InstanceWorkflow' entity. Consider using 'DbContextOptionsBuilder.EnableSensitiveDataLogging' to see key values.
dbug: Microsoft.EntityFrameworkCore.ChangeTracking[10806]
      Context 'OamDbContext' started tracking 'DefinitionWorkflow' entity. Consider using 'DbContextOptionsBuilder.EnableSensitiveDataLogging' to see key values.
dbug: Microsoft.EntityFrameworkCore.ChangeTracking[10806]
      Context 'OamDbContext' started tracking 'DefinitionWorkflow' entity. Consider using 'DbContextOptionsBuilder.EnableSensitiveDataLogging' to see key values.
dbug: Microsoft.EntityFrameworkCore.ChangeTracking[10806]
      Context 'OamDbContext' started tracking 'InstanceWorkflow' entity. Consider using 'DbContextOptionsBuilder.EnableSensitiveDataLogging' to see key values.
dbug: Microsoft.EntityFrameworkCore.ChangeTracking[10806]
      Context 'OamDbContext' started tracking 'InstanceWorkflow' entity. Consider using 'DbContextOptionsBuilder.EnableSensitiveDataLogging' to see key values.
dbug: Microsoft.EntityFrameworkCore.ChangeTracking[10806]
      Context 'OamDbContext' started tracking 'DefinitionWorkflow' entity. Consider using 'DbContextOptionsBuilder.EnableSensitiveDataLogging' to see key values.
dbug: Microsoft.EntityFrameworkCore.ChangeTracking[10806]
      Context 'OamDbContext' started tracking 'InstanceWorkflow' entity. Consider using 'DbContextOptionsBuilder.EnableSensitiveDataLogging' to see key values.
dbug: Microsoft.EntityFrameworkCore.Database.Command[20301]
      Closing data reader to 'main' on server 'C:\OAM\src\OAM.Api\oam_dev.db'.
dbug: Microsoft.EntityFrameworkCore.ChangeTracking[10806]
      Context 'OamDbContext' started tracking 'VersionDefinitionWorkflow' entity. Consider using 'DbContextOptionsBuilder.EnableSensitiveDataLogging' to see key values.
dbug: Microsoft.EntityFrameworkCore.Database.Command[20300]
      A data reader for 'main' on server 'C:\OAM\src\OAM.Api\oam_dev.db' is being disposed after spending 746ms reading results.
dbug: Microsoft.EntityFrameworkCore.ChangeTracking[10806]
      Context 'OamDbContext' started tracking 'VersionDefinitionWorkflow' entity. Consider using 'DbContextOptionsBuilder.EnableSensitiveDataLogging' to see key values.
dbug: Microsoft.EntityFrameworkCore.ChangeTracking[10806]
      Context 'OamDbContext' started tracking 'VersionDefinitionWorkflow' entity. Consider using 'DbContextOptionsBuilder.EnableSensitiveDataLogging' to see key values.
dbug: Microsoft.EntityFrameworkCore.ChangeTracking[10806]
      Context 'OamDbContext' started tracking 'VersionDefinitionWorkflow' entity. Consider using 'DbContextOptionsBuilder.EnableSensitiveDataLogging' to see key values.
dbug: Microsoft.EntityFrameworkCore.Database.Connection[20002]
      Closing connection to database 'main' on server 'C:\OAM\src\OAM.Api\oam_dev.db'.
dbug: Microsoft.EntityFrameworkCore.Database.Connection[20003]
      Closed connection to database 'main' on server 'oam_dev.db' (33ms).
info: Microsoft.AspNetCore.Http.Result.OkObjectResult[1]
      Setting HTTP status code 200.
dbug: Microsoft.EntityFrameworkCore.ChangeTracking[10806]
      Context 'OamDbContext' started tracking 'VersionDefinitionWorkflow' entity. Consider using 'DbContextOptionsBuilder.EnableSensitiveDataLogging' to see key values.
dbug: Microsoft.EntityFrameworkCore.ChangeTracking[10806]
      Context 'OamDbContext' started tracking 'VersionDefinitionWorkflow' entity. Consider using 'DbContextOptionsBuilder.EnableSensitiveDataLogging' to see key values.
info: Microsoft.AspNetCore.Http.Result.OkObjectResult[3]
      Writing value of type 'ListSelectIterator`2' as Json.
dbug: Microsoft.EntityFrameworkCore.ChangeTracking[10806]
      Context 'OamDbContext' started tracking 'VersionDefinitionWorkflow' entity. Consider using 'DbContextOptionsBuilder.EnableSensitiveDataLogging' to see key values.
dbug: Microsoft.EntityFrameworkCore.ChangeTracking[10806]
      Context 'OamDbContext' started tracking 'VersionDefinitionWorkflow' entity. Consider using 'DbContextOptionsBuilder.EnableSensitiveDataLogging' to see key values.
dbug: Microsoft.EntityFrameworkCore.ChangeTracking[10806]
      Context 'OamDbContext' started tracking 'VersionDefinitionWorkflow' entity. Consider using 'DbContextOptionsBuilder.EnableSensitiveDataLogging' to see key values.
dbug: Microsoft.EntityFrameworkCore.ChangeTracking[10806]
      Context 'OamDbContext' started tracking 'VersionDefinitionWorkflow' entity. Consider using 'DbContextOptionsBuilder.EnableSensitiveDataLogging' to see key values.
dbug: Microsoft.EntityFrameworkCore.ChangeTracking[10806]
      Context 'OamDbContext' started tracking 'VersionDefinitionWorkflow' entity. Consider using 'DbContextOptionsBuilder.EnableSensitiveDataLogging' to see key values.
dbug: Microsoft.EntityFrameworkCore.ChangeTracking[10806]
      Context 'OamDbContext' started tracking 'VersionDefinitionWorkflow' entity. Consider using 'DbContextOptionsBuilder.EnableSensitiveDataLogging' to see key values.
dbug: Microsoft.EntityFrameworkCore.ChangeTracking[10806]
      Context 'OamDbContext' started tracking 'VersionDefinitionWorkflow' entity. Consider using 'DbContextOptionsBuilder.EnableSensitiveDataLogging' to see key values.
dbug: Microsoft.EntityFrameworkCore.ChangeTracking[10806]
      Context 'OamDbContext' started tracking 'VersionDefinitionWorkflow' entity. Consider using 'DbContextOptionsBuilder.EnableSensitiveDataLogging' to see key values.
dbug: Microsoft.EntityFrameworkCore.ChangeTracking[10806]
      Context 'OamDbContext' started tracking 'VersionDefinitionWorkflow' entity. Consider using 'DbContextOptionsBuilder.EnableSensitiveDataLogging' to see key values.
dbug: Microsoft.EntityFrameworkCore.ChangeTracking[10806]
      Context 'OamDbContext' started tracking 'VersionDefinitionWorkflow' entity. Consider using 'DbContextOptionsBuilder.EnableSensitiveDataLogging' to see key values.
dbug: Microsoft.EntityFrameworkCore.ChangeTracking[10806]
      Context 'OamDbContext' started tracking 'VersionDefinitionWorkflow' entity. Consider using 'DbContextOptionsBuilder.EnableSensitiveDataLogging' to see key values.
dbug: Microsoft.EntityFrameworkCore.ChangeTracking[10806]
      Context 'OamDbContext' started tracking 'VersionDefinitionWorkflow' entity. Consider using 'DbContextOptionsBuilder.EnableSensitiveDataLogging' to see key values.
dbug: Microsoft.EntityFrameworkCore.Database.Command[20301]
      Closing data reader to 'main' on server 'C:\OAM\src\OAM.Api\oam_dev.db'.
dbug: Microsoft.EntityFrameworkCore.ChangeTracking[10806]
      Context 'OamDbContext' started tracking 'VersionDefinitionWorkflow' entity. Consider using 'DbContextOptionsBuilder.EnableSensitiveDataLogging' to see key values.
dbug: Microsoft.EntityFrameworkCore.Database.Command[20300]
      A data reader for 'main' on server 'C:\OAM\src\OAM.Api\oam_dev.db' is being disposed after spending 374ms reading results.
dbug: Microsoft.EntityFrameworkCore.ChangeTracking[10806]
      Context 'OamDbContext' started tracking 'VersionDefinitionWorkflow' entity. Consider using 'DbContextOptionsBuilder.EnableSensitiveDataLogging' to see key values.
dbug: Microsoft.EntityFrameworkCore.ChangeTracking[10806]
      Context 'OamDbContext' started tracking 'VersionDefinitionWorkflow' entity. Consider using 'DbContextOptionsBuilder.EnableSensitiveDataLogging' to see key values.
info: Microsoft.AspNetCore.Routing.EndpointMiddleware[1]
      Executed endpoint 'HTTP: GET /api/instances/'
dbug: Microsoft.EntityFrameworkCore.ChangeTracking[10806]
      Context 'OamDbContext' started tracking 'VersionDefinitionWorkflow' entity. Consider using 'DbContextOptionsBuilder.EnableSensitiveDataLogging' to see key values.
dbug: Microsoft.EntityFrameworkCore.ChangeTracking[10806]
      Context 'OamDbContext' started tracking 'VersionDefinitionWorkflow' entity. Consider using 'DbContextOptionsBuilder.EnableSensitiveDataLogging' to see key values.
dbug: Microsoft.EntityFrameworkCore.Database.Command[20301]
      Closing data reader to 'main' on server 'C:\OAM\src\OAM.Api\oam_dev.db'.
dbug: Microsoft.EntityFrameworkCore.Database.Connection[20002]
      Closing connection to database 'main' on server 'C:\OAM\src\OAM.Api\oam_dev.db'.
dbug: Microsoft.EntityFrameworkCore.Database.Command[20301]
      Closing data reader to 'main' on server 'C:\OAM\src\OAM.Api\oam_dev.db'.
dbug: Microsoft.EntityFrameworkCore.Database.Command[20301]
      Closing data reader to 'main' on server 'C:\OAM\src\OAM.Api\oam_dev.db'.
dbug: Microsoft.EntityFrameworkCore.Database.Command[20300]
      A data reader for 'main' on server 'C:\OAM\src\OAM.Api\oam_dev.db' is being disposed after spending 445ms reading results.
dbug: Microsoft.EntityFrameworkCore.Database.Connection[20003]
      Closed connection to database 'main' on server 'oam_dev.db' (5ms).
dbug: Microsoft.EntityFrameworkCore.Database.Connection[20002]
      Closing connection to database 'main' on server 'C:\OAM\src\OAM.Api\oam_dev.db'.
dbug: Microsoft.EntityFrameworkCore.Infrastructure[10407]
      'OamDbContext' disposed.
dbug: Microsoft.EntityFrameworkCore.Database.Command[20300]
      A data reader for 'main' on server 'C:\OAM\src\OAM.Api\oam_dev.db' is being disposed after spending 449ms reading results.
dbug: Microsoft.EntityFrameworkCore.Database.Connection[20003]
      Closed connection to database 'main' on server 'oam_dev.db' (2ms).
dbug: Microsoft.EntityFrameworkCore.Database.Connection[20002]
      Closing connection to database 'main' on server 'C:\OAM\src\OAM.Api\oam_dev.db'.
info: Microsoft.AspNetCore.Http.Result.OkObjectResult[1]
      Setting HTTP status code 200.
info: Microsoft.AspNetCore.Http.Result.OkObjectResult[1]
      Setting HTTP status code 200.
dbug: Microsoft.EntityFrameworkCore.Database.Connection[20003]
      Closed connection to database 'main' on server 'oam_dev.db' (4ms).
info: Microsoft.AspNetCore.Http.Result.OkObjectResult[3]
      Writing value of type 'String' as Json.
info: Microsoft.AspNetCore.Http.Result.OkObjectResult[3]
      Writing value of type 'DefinitionWorkflowDto' as Json.
dbug: Microsoft.EntityFrameworkCore.Database.Connection[20007]
      Disposing connection to database 'main' on server 'oam_dev.db'.
info: Microsoft.AspNetCore.Http.Result.OkObjectResult[1]
      Setting HTTP status code 200.
dbug: Microsoft.EntityFrameworkCore.Database.Connection[20008]
      Disposed connection to database 'main' on server 'oam_dev.db' (2ms).
info: Microsoft.AspNetCore.Http.Result.OkObjectResult[3]
      Writing value of type 'String' as Json.
info: Microsoft.AspNetCore.Hosting.Diagnostics[2]
      Request finished HTTP/1.1 GET http://localhost:5000/api/instances - 200 - application/json;+charset=utf-8 31106.7926ms
dbug: Microsoft.EntityFrameworkCore.Database.Command[20300]
      A data reader for 'main' on server 'C:\OAM\src\OAM.Api\oam_dev.db' is being disposed after spending 552ms reading results.
dbug: Microsoft.EntityFrameworkCore.ChangeTracking[10806]
      Context 'OamDbContext' started tracking 'VersionDefinitionWorkflow' entity. Consider using 'DbContextOptionsBuilder.EnableSensitiveDataLogging' to see key values.
dbug: Microsoft.EntityFrameworkCore.Database.Connection[20007]
      Disposing connection to database 'main' on server 'oam_dev.db'.
dbug: Microsoft.EntityFrameworkCore.Database.Command[20301]
      Closing data reader to 'main' on server 'C:\OAM\src\OAM.Api\oam_dev.db'.
dbug: Microsoft.EntityFrameworkCore.Database.Command[20301]
      Closing data reader to 'main' on server 'C:\OAM\src\OAM.Api\oam_dev.db'.
dbug: Microsoft.EntityFrameworkCore.Database.Command[20103]
      Creating DbCommand for 'ExecuteReader'.
dbug: Microsoft.EntityFrameworkCore.Database.Connection[20002]
      Closing connection to database 'main' on server 'C:\OAM\src\OAM.Api\oam_dev.db'.
dbug: Microsoft.EntityFrameworkCore.Database.Command[20300]
      A data reader for 'main' on server 'C:\OAM\src\OAM.Api\oam_dev.db' is being disposed after spending 614ms reading results.
info: Microsoft.AspNetCore.Routing.EndpointMiddleware[1]
      Executed endpoint 'HTTP: GET /api/definitions/{id:guid}'
dbug: Microsoft.EntityFrameworkCore.Database.Connection[20008]
      Disposed connection to database 'main' on server 'oam_dev.db' (60ms).
info: Microsoft.AspNetCore.Routing.EndpointMiddleware[1]
      Executed endpoint 'HTTP: GET /api/definitions/{id:guid}/yaml'
info: Microsoft.AspNetCore.Routing.EndpointMiddleware[1]
      Executed endpoint 'HTTP: GET /api/definitions/{id:guid}/yaml'
dbug: Microsoft.EntityFrameworkCore.Database.Connection[20002]
      Closing connection to database 'main' on server 'C:\OAM\src\OAM.Api\oam_dev.db'.
dbug: Microsoft.EntityFrameworkCore.Infrastructure[10407]
      'OamDbContext' disposed.
dbug: Microsoft.EntityFrameworkCore.Infrastructure[10407]
      'OamDbContext' disposed.
dbug: Microsoft.EntityFrameworkCore.Infrastructure[10407]
      'OamDbContext' disposed.
dbug: Microsoft.EntityFrameworkCore.Database.Connection[20003]
      Closed connection to database 'main' on server 'oam_dev.db' (5ms).
dbug: Microsoft.EntityFrameworkCore.Database.Connection[20007]
      Disposing connection to database 'main' on server 'oam_dev.db'.
dbug: Microsoft.EntityFrameworkCore.Database.Connection[20007]
      Disposing connection to database 'main' on server 'oam_dev.db'.
dbug: Microsoft.EntityFrameworkCore.Database.Connection[20008]
      Disposed connection to database 'main' on server 'oam_dev.db' (2ms).
dbug: Microsoft.EntityFrameworkCore.Database.Connection[20008]
      Disposed connection to database 'main' on server 'oam_dev.db' (2ms).
info: Microsoft.AspNetCore.Hosting.Diagnostics[2]
      Request finished HTTP/1.1 GET http://localhost:5000/api/definitions/f64b5467-7b1c-4f92-95c9-db6a00032af1/yaml - 200 - application/json;+charset=utf-8 8708.1117ms
info: Microsoft.AspNetCore.Hosting.Diagnostics[2]
      Request finished HTTP/1.1 GET http://localhost:5000/api/definitions/f64b5467-7b1c-4f92-95c9-db6a00032af1/yaml - 200 - application/json;+charset=utf-8 2405.3686ms
dbug: Microsoft.EntityFrameworkCore.Database.Connection[20007]
      Disposing connection to database 'main' on server 'oam_dev.db'.
dbug: Microsoft.EntityFrameworkCore.Database.Connection[20008]
      Disposed connection to database 'main' on server 'oam_dev.db' (3ms).
dbug: Microsoft.EntityFrameworkCore.Database.Connection[20003]
      Closed connection to database 'main' on server 'oam_dev.db' (49ms).
info: Microsoft.AspNetCore.Hosting.Diagnostics[2]
      Request finished HTTP/1.1 GET http://localhost:5000/api/definitions/f64b5467-7b1c-4f92-95c9-db6a00032af1 - 200 - application/json;+charset=utf-8 2389.9757ms
info: Microsoft.AspNetCore.Http.Result.OkObjectResult[1]
      Setting HTTP status code 200.
dbug: Microsoft.EntityFrameworkCore.Database.Command[20300]
      A data reader for 'main' on server 'C:\OAM\src\OAM.Api\oam_dev.db' is being disposed after spending 2014ms reading results.
info: Microsoft.AspNetCore.Http.Result.OkObjectResult[1]
      Setting HTTP status code 200.
dbug: Microsoft.EntityFrameworkCore.Database.Connection[20002]
      Closing connection to database 'main' on server 'C:\OAM\src\OAM.Api\oam_dev.db'.
info: Microsoft.AspNetCore.Http.Result.OkObjectResult[3]
      Writing value of type 'DefinitionWorkflowDto' as Json.
info: Microsoft.AspNetCore.Hosting.Diagnostics[2]
      Request finished HTTP/1.1 GET http://localhost:5000/api/definitions - 200 - application/json;+charset=utf-8 31268.6369ms
dbug: Microsoft.EntityFrameworkCore.Database.Command[20104]
      Created DbCommand for 'ExecuteReader' (137ms).
dbug: Microsoft.EntityFrameworkCore.Database.Connection[20003]
      Closed connection to database 'main' on server 'oam_dev.db' (29ms).
info: Microsoft.AspNetCore.Http.Result.OkObjectResult[1]
      Setting HTTP status code 200.
dbug: Microsoft.EntityFrameworkCore.Database.Command[20106]
      Initialized DbCommand for 'ExecuteReader' (145ms).
info: Microsoft.AspNetCore.Http.Result.OkObjectResult[3]
      Writing value of type 'ListSelectIterator`2' as Json.
info: Microsoft.AspNetCore.Routing.EndpointMiddleware[1]
      Executed endpoint 'HTTP: GET /api/definitions/{id:guid}'
dbug: Microsoft.EntityFrameworkCore.Database.Command[20100]
      Executing DbCommand [Parameters=[], CommandType='Text', CommandTimeout='30']
      SELECT "i"."Id", "i"."ContexteExecution", "i"."CorrelationId", "i"."DateCreation", "i"."DateDebut", "i"."DateFin", "i"."DefinitionWorkflowId", "i"."DonneesEntree", "i"."Erreur", "i"."Etat", "i"."HashVersionConfig", "d"."Id", "e0"."Id", "e0"."DateDebut", "e0"."DateFin", "e0"."DonneesEntree", "e0"."DonneesSortie", "e0"."Erreur", "e0"."Etat", "e0"."InstanceWorkflowId", "e0"."NomTache", "e0"."NombreTentatives", "e0"."Ordre", "e0"."TypeConnecteur", "d"."Actif", "d"."ContenuYaml", "d"."DateCreation", "d"."DateModification", "d"."Description", "d"."Equipe", "d"."HashVersion", "d"."Nom"
      FROM "InstancesWorkflow" AS "i"
      INNER JOIN "DefinitionsWorkflow" AS "d" ON "i"."DefinitionWorkflowId" = "d"."Id"
      LEFT JOIN (
          SELECT "e"."Id", "e"."DateDebut", "e"."DateFin", "e"."DonneesEntree", "e"."DonneesSortie", "e"."Erreur", "e"."Etat", "e"."InstanceWorkflowId", "e"."NomTache", "e"."NombreTentatives", "e"."Ordre", "e"."TypeConnecteur"
          FROM "ExecutionsTache" AS "e"
          WHERE "e"."Etat" = 'EnErreur'
      ) AS "e0" ON "i"."Id" = "e0"."InstanceWorkflowId"
      WHERE "i"."Etat" = 'EnErreur'
      ORDER BY "i"."DateCreation" DESC, "i"."Id", "d"."Id"
dbug: Microsoft.EntityFrameworkCore.Infrastructure[10407]
      'OamDbContext' disposed.
dbug: Microsoft.EntityFrameworkCore.Database.Command[20104]
      Created DbCommand for 'ExecuteReader' (1688ms).
dbug: Microsoft.EntityFrameworkCore.ChangeTracking[10806]
      Context 'OamDbContext' started tracking 'InstanceWorkflow' entity. Consider using 'DbContextOptionsBuilder.EnableSensitiveDataLogging' to see key values.
info: Microsoft.EntityFrameworkCore.Database.Command[20101]
      Executed DbCommand (68ms) [Parameters=[], CommandType='Text', CommandTimeout='30']
      SELECT "i"."Id", "i"."ContexteExecution", "i"."CorrelationId", "i"."DateCreation", "i"."DateDebut", "i"."DateFin", "i"."DefinitionWorkflowId", "i"."DonneesEntree", "i"."Erreur", "i"."Etat", "i"."HashVersionConfig", "d"."Id", "e0"."Id", "e0"."DateDebut", "e0"."DateFin", "e0"."DonneesEntree", "e0"."DonneesSortie", "e0"."Erreur", "e0"."Etat", "e0"."InstanceWorkflowId", "e0"."NomTache", "e0"."NombreTentatives", "e0"."Ordre", "e0"."TypeConnecteur", "d"."Actif", "d"."ContenuYaml", "d"."DateCreation", "d"."DateModification", "d"."Description", "d"."Equipe", "d"."HashVersion", "d"."Nom"
      FROM "InstancesWorkflow" AS "i"
      INNER JOIN "DefinitionsWorkflow" AS "d" ON "i"."DefinitionWorkflowId" = "d"."Id"
      LEFT JOIN (
          SELECT "e"."Id", "e"."DateDebut", "e"."DateFin", "e"."DonneesEntree", "e"."DonneesSortie", "e"."Erreur", "e"."Etat", "e"."InstanceWorkflowId", "e"."NomTache", "e"."NombreTentatives", "e"."Ordre", "e"."TypeConnecteur"
          FROM "ExecutionsTache" AS "e"
          WHERE "e"."Etat" = 'EnErreur'
      ) AS "e0" ON "i"."Id" = "e0"."InstanceWorkflowId"
      WHERE "i"."Etat" = 'EnErreur'
      ORDER BY "i"."DateCreation" DESC, "i"."Id", "d"."Id"
dbug: Microsoft.EntityFrameworkCore.ChangeTracking[10806]
      Context 'OamDbContext' started tracking 'InstanceWorkflow' entity. Consider using 'DbContextOptionsBuilder.EnableSensitiveDataLogging' to see key values.
info: Microsoft.AspNetCore.Routing.EndpointMiddleware[1]
      Executed endpoint 'HTTP: GET /api/instances/erreurs'
dbug: Microsoft.EntityFrameworkCore.Database.Connection[20007]
      Disposing connection to database 'main' on server 'oam_dev.db'.
dbug: Microsoft.EntityFrameworkCore.ChangeTracking[10806]
      Context 'OamDbContext' started tracking 'ExecutionTache' entity. Consider using 'DbContextOptionsBuilder.EnableSensitiveDataLogging' to see key values.
dbug: Microsoft.EntityFrameworkCore.Database.Connection[20008]
      Disposed connection to database 'main' on server 'oam_dev.db' (32ms).
dbug: Microsoft.EntityFrameworkCore.ChangeTracking[10806]
      Context 'OamDbContext' started tracking 'InstanceWorkflow' entity. Consider using 'DbContextOptionsBuilder.EnableSensitiveDataLogging' to see key values.
info: Microsoft.AspNetCore.Hosting.Diagnostics[2]
      Request finished HTTP/1.1 GET http://localhost:5000/api/definitions/f64b5467-7b1c-4f92-95c9-db6a00032af1 - 200 - application/json;+charset=utf-8 10044.9377ms
dbug: Microsoft.EntityFrameworkCore.Infrastructure[10407]
      'OamDbContext' disposed.
dbug: Microsoft.EntityFrameworkCore.Database.Connection[20007]
      Disposing connection to database 'main' on server 'oam_dev.db'.
info: Microsoft.AspNetCore.Http.Result.OkObjectResult[3]
      Writing value of type 'ListSelectIterator`2' as Json.
dbug: Microsoft.EntityFrameworkCore.Database.Connection[20008]
      Disposed connection to database 'main' on server 'oam_dev.db' (3ms).
info: Microsoft.AspNetCore.Hosting.Diagnostics[2]
      Request finished HTTP/1.1 GET http://localhost:5000/api/instances/erreurs - 200 - application/json;+charset=utf-8 31606.8052ms
dbug: Microsoft.EntityFrameworkCore.ChangeTracking[10806]
      Context 'OamDbContext' started tracking 'InstanceWorkflow' entity. Consider using 'DbContextOptionsBuilder.EnableSensitiveDataLogging' to see key values.
dbug: Microsoft.EntityFrameworkCore.Database.Command[20106]
      Initialized DbCommand for 'ExecuteReader' (2014ms).
dbug: Microsoft.EntityFrameworkCore.ChangeTracking[10805]
      The navigation 'InstanceWorkflow.DefinitionWorkflow' was detected as changed. Consider using 'DbContextOptionsBuilder.EnableSensitiveDataLogging' to see key values.
dbug: Microsoft.EntityFrameworkCore.ChangeTracking[10806]
      Context 'OamDbContext' started tracking 'InstanceWorkflow' entity. Consider using 'DbContextOptionsBuilder.EnableSensitiveDataLogging' to see key values.
dbug: Microsoft.EntityFrameworkCore.Database.Command[20100]
      Executing DbCommand [Parameters=[], CommandType='Text', CommandTimeout='30']
      SELECT "i"."Id", "i"."ContexteExecution", "i"."CorrelationId", "i"."DateCreation", "i"."DateDebut", "i"."DateFin", "i"."DefinitionWorkflowId", "i"."DonneesEntree", "i"."Erreur", "i"."Etat", "i"."HashVersionConfig", "d"."Id", "e0"."Id", "e0"."DateDebut", "e0"."DateFin", "e0"."DonneesEntree", "e0"."DonneesSortie", "e0"."Erreur", "e0"."Etat", "e0"."InstanceWorkflowId", "e0"."NomTache", "e0"."NombreTentatives", "e0"."Ordre", "e0"."TypeConnecteur", "d"."Actif", "d"."ContenuYaml", "d"."DateCreation", "d"."DateModification", "d"."Description", "d"."Equipe", "d"."HashVersion", "d"."Nom"
      FROM "InstancesWorkflow" AS "i"
      INNER JOIN "DefinitionsWorkflow" AS "d" ON "i"."DefinitionWorkflowId" = "d"."Id"
      LEFT JOIN (
          SELECT "e"."Id", "e"."DateDebut", "e"."DateFin", "e"."DonneesEntree", "e"."DonneesSortie", "e"."Erreur", "e"."Etat", "e"."InstanceWorkflowId", "e"."NomTache", "e"."NombreTentatives", "e"."Ordre", "e"."TypeConnecteur"
          FROM "ExecutionsTache" AS "e"
          WHERE "e"."Etat" = 'EnErreur'
      ) AS "e0" ON "i"."Id" = "e0"."InstanceWorkflowId"
      WHERE "i"."Etat" = 'EnErreur'
      ORDER BY "i"."DateCreation" DESC, "i"."Id", "d"."Id"
dbug: Microsoft.EntityFrameworkCore.ChangeTracking[10806]
      Context 'OamDbContext' started tracking 'DefinitionWorkflow' entity. Consider using 'DbContextOptionsBuilder.EnableSensitiveDataLogging' to see key values.
dbug: Microsoft.EntityFrameworkCore.ChangeTracking[10806]
      Context 'OamDbContext' started tracking 'InstanceWorkflow' entity. Consider using 'DbContextOptionsBuilder.EnableSensitiveDataLogging' to see key values.
dbug: Microsoft.EntityFrameworkCore.ChangeTracking[10806]
      Context 'OamDbContext' started tracking 'ExecutionTache' entity. Consider using 'DbContextOptionsBuilder.EnableSensitiveDataLogging' to see key values.
dbug: Microsoft.EntityFrameworkCore.ChangeTracking[10806]
      Context 'OamDbContext' started tracking 'InstanceWorkflow' entity. Consider using 'DbContextOptionsBuilder.EnableSensitiveDataLogging' to see key values.
info: Microsoft.EntityFrameworkCore.Database.Command[20101]
      Executed DbCommand (6ms) [Parameters=[], CommandType='Text', CommandTimeout='30']
      SELECT "i"."Id", "i"."ContexteExecution", "i"."CorrelationId", "i"."DateCreation", "i"."DateDebut", "i"."DateFin", "i"."DefinitionWorkflowId", "i"."DonneesEntree", "i"."Erreur", "i"."Etat", "i"."HashVersionConfig", "d"."Id", "e0"."Id", "e0"."DateDebut", "e0"."DateFin", "e0"."DonneesEntree", "e0"."DonneesSortie", "e0"."Erreur", "e0"."Etat", "e0"."InstanceWorkflowId", "e0"."NomTache", "e0"."NombreTentatives", "e0"."Ordre", "e0"."TypeConnecteur", "d"."Actif", "d"."ContenuYaml", "d"."DateCreation", "d"."DateModification", "d"."Description", "d"."Equipe", "d"."HashVersion", "d"."Nom"
      FROM "InstancesWorkflow" AS "i"
      INNER JOIN "DefinitionsWorkflow" AS "d" ON "i"."DefinitionWorkflowId" = "d"."Id"
      LEFT JOIN (
          SELECT "e"."Id", "e"."DateDebut", "e"."DateFin", "e"."DonneesEntree", "e"."DonneesSortie", "e"."Erreur", "e"."Etat", "e"."InstanceWorkflowId", "e"."NomTache", "e"."NombreTentatives", "e"."Ordre", "e"."TypeConnecteur"
          FROM "ExecutionsTache" AS "e"
          WHERE "e"."Etat" = 'EnErreur'
      ) AS "e0" ON "i"."Id" = "e0"."InstanceWorkflowId"
      WHERE "i"."Etat" = 'EnErreur'
      ORDER BY "i"."DateCreation" DESC, "i"."Id", "d"."Id"
dbug: Microsoft.EntityFrameworkCore.ChangeTracking[10806]
      Context 'OamDbContext' started tracking 'ExecutionTache' entity. Consider using 'DbContextOptionsBuilder.EnableSensitiveDataLogging' to see key values.
dbug: Microsoft.EntityFrameworkCore.ChangeTracking[10806]
      Context 'OamDbContext' started tracking 'InstanceWorkflow' entity. Consider using 'DbContextOptionsBuilder.EnableSensitiveDataLogging' to see key values.
dbug: Microsoft.EntityFrameworkCore.ChangeTracking[10806]
      Context 'OamDbContext' started tracking 'InstanceWorkflow' entity. Consider using 'DbContextOptionsBuilder.EnableSensitiveDataLogging' to see key values.
dbug: Microsoft.EntityFrameworkCore.ChangeTracking[10806]
      Context 'OamDbContext' started tracking 'InstanceWorkflow' entity. Consider using 'DbContextOptionsBuilder.EnableSensitiveDataLogging' to see key values.
dbug: Microsoft.EntityFrameworkCore.ChangeTracking[10806]
      Context 'OamDbContext' started tracking 'InstanceWorkflow' entity. Consider using 'DbContextOptionsBuilder.EnableSensitiveDataLogging' to see key values.
dbug: Microsoft.EntityFrameworkCore.ChangeTracking[10806]
      Context 'OamDbContext' started tracking 'InstanceWorkflow' entity. Consider using 'DbContextOptionsBuilder.EnableSensitiveDataLogging' to see key values.
dbug: Microsoft.EntityFrameworkCore.ChangeTracking[10806]
      Context 'OamDbContext' started tracking 'ExecutionTache' entity. Consider using 'DbContextOptionsBuilder.EnableSensitiveDataLogging' to see key values.
dbug: Microsoft.EntityFrameworkCore.Database.Command[20301]
      Closing data reader to 'main' on server 'C:\OAM\src\OAM.Api\oam_dev.db'.
dbug: Microsoft.EntityFrameworkCore.ChangeTracking[10806]
      Context 'OamDbContext' started tracking 'ExecutionTache' entity. Consider using 'DbContextOptionsBuilder.EnableSensitiveDataLogging' to see key values.
dbug: Microsoft.EntityFrameworkCore.ChangeTracking[10805]
      The navigation 'InstanceWorkflow.DefinitionWorkflow' was detected as changed. Consider using 'DbContextOptionsBuilder.EnableSensitiveDataLogging' to see key values.
dbug: Microsoft.EntityFrameworkCore.ChangeTracking[10806]
      Context 'OamDbContext' started tracking 'InstanceWorkflow' entity. Consider using 'DbContextOptionsBuilder.EnableSensitiveDataLogging' to see key values.
dbug: Microsoft.EntityFrameworkCore.ChangeTracking[10806]
      Context 'OamDbContext' started tracking 'InstanceWorkflow' entity. Consider using 'DbContextOptionsBuilder.EnableSensitiveDataLogging' to see key values.
dbug: Microsoft.EntityFrameworkCore.Database.Command[20300]
      A data reader for 'main' on server 'C:\OAM\src\OAM.Api\oam_dev.db' is being disposed after spending 2171ms reading results.
dbug: Microsoft.EntityFrameworkCore.ChangeTracking[10806]
      Context 'OamDbContext' started tracking 'DefinitionWorkflow' entity. Consider using 'DbContextOptionsBuilder.EnableSensitiveDataLogging' to see key values.
dbug: Microsoft.EntityFrameworkCore.ChangeTracking[10806]
      Context 'OamDbContext' started tracking 'InstanceWorkflow' entity. Consider using 'DbContextOptionsBuilder.EnableSensitiveDataLogging' to see key values.
dbug: Microsoft.EntityFrameworkCore.Database.Connection[20002]
      Closing connection to database 'main' on server 'C:\OAM\src\OAM.Api\oam_dev.db'.
dbug: Microsoft.EntityFrameworkCore.Database.Connection[20003]
      Closed connection to database 'main' on server 'oam_dev.db' (2ms).
dbug: Microsoft.EntityFrameworkCore.ChangeTracking[10806]
      Context 'OamDbContext' started tracking 'ExecutionTache' entity. Consider using 'DbContextOptionsBuilder.EnableSensitiveDataLogging' to see key values.
dbug: Microsoft.EntityFrameworkCore.ChangeTracking[10806]
      Context 'OamDbContext' started tracking 'ExecutionTache' entity. Consider using 'DbContextOptionsBuilder.EnableSensitiveDataLogging' to see key values.
dbug: Microsoft.EntityFrameworkCore.ChangeTracking[10806]
      Context 'OamDbContext' started tracking 'ExecutionTache' entity. Consider using 'DbContextOptionsBuilder.EnableSensitiveDataLogging' to see key values.
dbug: Microsoft.EntityFrameworkCore.ChangeTracking[10806]
      Context 'OamDbContext' started tracking 'InstanceWorkflow' entity. Consider using 'DbContextOptionsBuilder.EnableSensitiveDataLogging' to see key values.
dbug: Microsoft.EntityFrameworkCore.ChangeTracking[10806]
      Context 'OamDbContext' started tracking 'InstanceWorkflow' entity. Consider using 'DbContextOptionsBuilder.EnableSensitiveDataLogging' to see key values.
info: Microsoft.AspNetCore.Routing.EndpointMiddleware[1]
      Executed endpoint 'HTTP: GET /api/definitions/{id:guid}/versions'
dbug: Microsoft.EntityFrameworkCore.ChangeTracking[10806]
      Context 'OamDbContext' started tracking 'InstanceWorkflow' entity. Consider using 'DbContextOptionsBuilder.EnableSensitiveDataLogging' to see key values.
dbug: Microsoft.EntityFrameworkCore.ChangeTracking[10806]
      Context 'OamDbContext' started tracking 'InstanceWorkflow' entity. Consider using 'DbContextOptionsBuilder.EnableSensitiveDataLogging' to see key values.
dbug: Microsoft.EntityFrameworkCore.Infrastructure[10407]
      'OamDbContext' disposed.
dbug: Microsoft.EntityFrameworkCore.Database.Connection[20007]
      Disposing connection to database 'main' on server 'oam_dev.db'.
info: Microsoft.AspNetCore.Http.Result.OkObjectResult[1]
      Setting HTTP status code 200.
dbug: Microsoft.EntityFrameworkCore.Database.Connection[20008]
      Disposed connection to database 'main' on server 'oam_dev.db' (30ms).
dbug: Microsoft.EntityFrameworkCore.ChangeTracking[10806]
      Context 'OamDbContext' started tracking 'ExecutionTache' entity. Consider using 'DbContextOptionsBuilder.EnableSensitiveDataLogging' to see key values.
info: Microsoft.AspNetCore.Http.Result.OkObjectResult[3]
      Writing value of type 'ListSelectIterator`2' as Json.
info: Microsoft.AspNetCore.Hosting.Diagnostics[2]
      Request finished HTTP/1.1 GET http://localhost:5000/api/definitions/f64b5467-7b1c-4f92-95c9-db6a00032af1/versions - 200 - application/json;+charset=utf-8 3723.2133ms
dbug: Microsoft.EntityFrameworkCore.ChangeTracking[10806]
      Context 'OamDbContext' started tracking 'InstanceWorkflow' entity. Consider using 'DbContextOptionsBuilder.EnableSensitiveDataLogging' to see key values.
dbug: Microsoft.EntityFrameworkCore.ChangeTracking[10806]
      Context 'OamDbContext' started tracking 'InstanceWorkflow' entity. Consider using 'DbContextOptionsBuilder.EnableSensitiveDataLogging' to see key values.
dbug: Microsoft.EntityFrameworkCore.Database.Command[20301]
      Closing data reader to 'main' on server 'C:\OAM\src\OAM.Api\oam_dev.db'.
dbug: Microsoft.EntityFrameworkCore.ChangeTracking[10806]
      Context 'OamDbContext' started tracking 'ExecutionTache' entity. Consider using 'DbContextOptionsBuilder.EnableSensitiveDataLogging' to see key values.
dbug: Microsoft.EntityFrameworkCore.ChangeTracking[10806]
      Context 'OamDbContext' started tracking 'InstanceWorkflow' entity. Consider using 'DbContextOptionsBuilder.EnableSensitiveDataLogging' to see key values.
dbug: Microsoft.EntityFrameworkCore.ChangeTracking[10806]
      Context 'OamDbContext' started tracking 'ExecutionTache' entity. Consider using 'DbContextOptionsBuilder.EnableSensitiveDataLogging' to see key values.
dbug: Microsoft.EntityFrameworkCore.Database.Command[20300]
      A data reader for 'main' on server 'C:\OAM\src\OAM.Api\oam_dev.db' is being disposed after spending 29818ms reading results.
dbug: Microsoft.EntityFrameworkCore.ChangeTracking[10806]
      Context 'OamDbContext' started tracking 'InstanceWorkflow' entity. Consider using 'DbContextOptionsBuilder.EnableSensitiveDataLogging' to see key values.
dbug: Microsoft.EntityFrameworkCore.Database.Command[20301]
      Closing data reader to 'main' on server 'C:\OAM\src\OAM.Api\oam_dev.db'.
dbug: Microsoft.EntityFrameworkCore.Database.Connection[20002]
      Closing connection to database 'main' on server 'C:\OAM\src\OAM.Api\oam_dev.db'.
info: Microsoft.AspNetCore.Routing.EndpointMiddleware[1]
      Executed endpoint 'HTTP: GET /api/instances/'
dbug: Microsoft.EntityFrameworkCore.Database.Command[20300]
      A data reader for 'main' on server 'C:\OAM\src\OAM.Api\oam_dev.db' is being disposed after spending 764ms reading results.
dbug: Microsoft.EntityFrameworkCore.Database.Connection[20003]
      Closed connection to database 'main' on server 'oam_dev.db' (31ms).
dbug: Microsoft.EntityFrameworkCore.ChangeTracking[10806]
      Context 'OamDbContext' started tracking 'InstanceWorkflow' entity. Consider using 'DbContextOptionsBuilder.EnableSensitiveDataLogging' to see key values.
dbug: Microsoft.EntityFrameworkCore.ChangeTracking[10806]
      Context 'OamDbContext' started tracking 'ExecutionTache' entity. Consider using 'DbContextOptionsBuilder.EnableSensitiveDataLogging' to see key values.
dbug: Microsoft.EntityFrameworkCore.Database.Connection[20002]
      Closing connection to database 'main' on server 'C:\OAM\src\OAM.Api\oam_dev.db'.
info: Microsoft.AspNetCore.Http.Result.OkObjectResult[1]
      Setting HTTP status code 200.
dbug: Microsoft.EntityFrameworkCore.Infrastructure[10407]
      'OamDbContext' disposed.
info: Microsoft.AspNetCore.Http.Result.OkObjectResult[3]
      Writing value of type 'ListSelectIterator`2' as Json.
dbug: Microsoft.EntityFrameworkCore.ChangeTracking[10806]
      Context 'OamDbContext' started tracking 'InstanceWorkflow' entity. Consider using 'DbContextOptionsBuilder.EnableSensitiveDataLogging' to see key values.
dbug: Microsoft.EntityFrameworkCore.Database.Connection[20007]
      Disposing connection to database 'main' on server 'oam_dev.db'.
dbug: Microsoft.EntityFrameworkCore.Database.Connection[20008]
      Disposed connection to database 'main' on server 'oam_dev.db' (30ms).
dbug: Microsoft.EntityFrameworkCore.Database.Connection[20003]
      Closed connection to database 'main' on server 'oam_dev.db' (125ms).
info: Microsoft.AspNetCore.Hosting.Diagnostics[2]
      Request finished HTTP/1.1 GET http://localhost:5000/api/instances - 200 - application/json;+charset=utf-8 32423.3232ms
dbug: Microsoft.EntityFrameworkCore.ChangeTracking[10806]
      Context 'OamDbContext' started tracking 'ExecutionTache' entity. Consider using 'DbContextOptionsBuilder.EnableSensitiveDataLogging' to see key values.
info: Microsoft.AspNetCore.Http.Result.OkObjectResult[1]
      Setting HTTP status code 200.
dbug: Microsoft.EntityFrameworkCore.ChangeTracking[10806]
      Context 'OamDbContext' started tracking 'ExecutionTache' entity. Consider using 'DbContextOptionsBuilder.EnableSensitiveDataLogging' to see key values.
info: Microsoft.AspNetCore.Routing.EndpointMiddleware[1]
      Executed endpoint 'HTTP: GET /api/instances/erreurs'
dbug: Microsoft.EntityFrameworkCore.ChangeTracking[10806]
      Context 'OamDbContext' started tracking 'InstanceWorkflow' entity. Consider using 'DbContextOptionsBuilder.EnableSensitiveDataLogging' to see key values.
info: Microsoft.AspNetCore.Http.Result.OkObjectResult[3]
      Writing value of type 'ListSelectIterator`2' as Json.
dbug: Microsoft.EntityFrameworkCore.ChangeTracking[10806]
      Context 'OamDbContext' started tracking 'InstanceWorkflow' entity. Consider using 'DbContextOptionsBuilder.EnableSensitiveDataLogging' to see key values.
dbug: Microsoft.EntityFrameworkCore.Infrastructure[10407]
      'OamDbContext' disposed.
dbug: Microsoft.EntityFrameworkCore.ChangeTracking[10806]
      Context 'OamDbContext' started tracking 'InstanceWorkflow' entity. Consider using 'DbContextOptionsBuilder.EnableSensitiveDataLogging' to see key values.
dbug: Microsoft.EntityFrameworkCore.ChangeTracking[10806]
      Context 'OamDbContext' started tracking 'ExecutionTache' entity. Consider using 'DbContextOptionsBuilder.EnableSensitiveDataLogging' to see key values.
dbug: Microsoft.EntityFrameworkCore.ChangeTracking[10806]
      Context 'OamDbContext' started tracking 'InstanceWorkflow' entity. Consider using 'DbContextOptionsBuilder.EnableSensitiveDataLogging' to see key values.
dbug: Microsoft.EntityFrameworkCore.ChangeTracking[10806]
      Context 'OamDbContext' started tracking 'InstanceWorkflow' entity. Consider using 'DbContextOptionsBuilder.EnableSensitiveDataLogging' to see key values.
dbug: Microsoft.EntityFrameworkCore.ChangeTracking[10806]
      Context 'OamDbContext' started tracking 'ExecutionTache' entity. Consider using 'DbContextOptionsBuilder.EnableSensitiveDataLogging' to see key values.
info: Microsoft.AspNetCore.Routing.EndpointMiddleware[1]
      Executed endpoint 'HTTP: GET /api/instances/erreurs'
dbug: Microsoft.EntityFrameworkCore.ChangeTracking[10806]
      Context 'OamDbContext' started tracking 'InstanceWorkflow' entity. Consider using 'DbContextOptionsBuilder.EnableSensitiveDataLogging' to see key values.
dbug: Microsoft.EntityFrameworkCore.ChangeTracking[10806]
      Context 'OamDbContext' started tracking 'ExecutionTache' entity. Consider using 'DbContextOptionsBuilder.EnableSensitiveDataLogging' to see key values.
dbug: Microsoft.EntityFrameworkCore.Database.Command[20301]
      Closing data reader to 'main' on server 'C:\OAM\src\OAM.Api\oam_dev.db'.
dbug: Microsoft.EntityFrameworkCore.Database.Command[20300]
      A data reader for 'main' on server 'C:\OAM\src\OAM.Api\oam_dev.db' is being disposed after spending 30144ms reading results.
dbug: Microsoft.EntityFrameworkCore.Infrastructure[10407]
      'OamDbContext' disposed.
info: Microsoft.AspNetCore.Hosting.Diagnostics[2]
      Request finished HTTP/1.1 GET http://localhost:5000/api/definitions - 200 - application/json;+charset=utf-8 32744.0845ms
dbug: Microsoft.EntityFrameworkCore.Database.Connection[20002]
      Closing connection to database 'main' on server 'C:\OAM\src\OAM.Api\oam_dev.db'.
dbug: Microsoft.EntityFrameworkCore.Database.Connection[20007]
      Disposing connection to database 'main' on server 'oam_dev.db'.
dbug: Microsoft.EntityFrameworkCore.Database.Connection[20008]
      Disposed connection to database 'main' on server 'oam_dev.db' (59ms).
dbug: Microsoft.EntityFrameworkCore.Database.Connection[20007]
      Disposing connection to database 'main' on server 'oam_dev.db'.
dbug: Microsoft.EntityFrameworkCore.Database.Connection[20008]
      Disposed connection to database 'main' on server 'oam_dev.db' (2ms).
info: Microsoft.AspNetCore.Hosting.Diagnostics[2]
      Request finished HTTP/1.1 GET http://localhost:5000/api/instances/erreurs - 200 - application/json;+charset=utf-8 32726.2465ms
dbug: Microsoft.EntityFrameworkCore.ChangeTracking[10806]
      Context 'OamDbContext' started tracking 'ExecutionTache' entity. Consider using 'DbContextOptionsBuilder.EnableSensitiveDataLogging' to see key values.
info: Microsoft.AspNetCore.Hosting.Diagnostics[2]
      Request finished HTTP/1.1 GET http://localhost:5000/api/instances/erreurs - 200 - application/json;+charset=utf-8 32867.9503ms
dbug: Microsoft.EntityFrameworkCore.Database.Command[20301]
      Closing data reader to 'main' on server 'C:\OAM\src\OAM.Api\oam_dev.db'.
dbug: Microsoft.EntityFrameworkCore.Database.Connection[20003]
      Closed connection to database 'main' on server 'oam_dev.db' (187ms).
dbug: Microsoft.EntityFrameworkCore.Database.Command[20300]
      A data reader for 'main' on server 'C:\OAM\src\OAM.Api\oam_dev.db' is being disposed after spending 1034ms reading results.
dbug: Microsoft.EntityFrameworkCore.ChangeTracking[10806]
      Context 'OamDbContext' started tracking 'InstanceWorkflow' entity. Consider using 'DbContextOptionsBuilder.EnableSensitiveDataLogging' to see key values.
info: Microsoft.AspNetCore.Http.Result.OkObjectResult[1]
      Setting HTTP status code 200.
dbug: Microsoft.EntityFrameworkCore.Database.Connection[20002]
      Closing connection to database 'main' on server 'C:\OAM\src\OAM.Api\oam_dev.db'.
info: Microsoft.AspNetCore.Http.Result.OkObjectResult[3]
      Writing value of type 'ListSelectIterator`2' as Json.
dbug: Microsoft.EntityFrameworkCore.Database.Connection[20003]
      Closed connection to database 'main' on server 'oam_dev.db' (26ms).
dbug: Microsoft.EntityFrameworkCore.ChangeTracking[10806]
      Context 'OamDbContext' started tracking 'InstanceWorkflow' entity. Consider using 'DbContextOptionsBuilder.EnableSensitiveDataLogging' to see key values.
info: Microsoft.AspNetCore.Http.Result.OkObjectResult[1]
      Setting HTTP status code 200.
dbug: Microsoft.EntityFrameworkCore.ChangeTracking[10806]
      Context 'OamDbContext' started tracking 'InstanceWorkflow' entity. Consider using 'DbContextOptionsBuilder.EnableSensitiveDataLogging' to see key values.
info: Microsoft.AspNetCore.Http.Result.OkObjectResult[3]
      Writing value of type 'ListSelectIterator`2' as Json.
dbug: Microsoft.EntityFrameworkCore.ChangeTracking[10806]
      Context 'OamDbContext' started tracking 'InstanceWorkflow' entity. Consider using 'DbContextOptionsBuilder.EnableSensitiveDataLogging' to see key values.
dbug: Microsoft.EntityFrameworkCore.ChangeTracking[10806]
      Context 'OamDbContext' started tracking 'InstanceWorkflow' entity. Consider using 'DbContextOptionsBuilder.EnableSensitiveDataLogging' to see key values.
dbug: Microsoft.EntityFrameworkCore.Infrastructure[10407]
      'OamDbContext' disposed.
dbug: Microsoft.EntityFrameworkCore.ChangeTracking[10806]
      Context 'OamDbContext' started tracking 'InstanceWorkflow' entity. Consider using 'DbContextOptionsBuilder.EnableSensitiveDataLogging' to see key values.
info: Microsoft.AspNetCore.Routing.EndpointMiddleware[1]
      Executed endpoint 'HTTP: GET /api/instances/erreurs'
dbug: Microsoft.EntityFrameworkCore.ChangeTracking[10806]
      Context 'OamDbContext' started tracking 'InstanceWorkflow' entity. Consider using 'DbContextOptionsBuilder.EnableSensitiveDataLogging' to see key values.
dbug: Microsoft.EntityFrameworkCore.ChangeTracking[10806]
      Context 'OamDbContext' started tracking 'InstanceWorkflow' entity. Consider using 'DbContextOptionsBuilder.EnableSensitiveDataLogging' to see key values.
info: Microsoft.AspNetCore.Routing.EndpointMiddleware[1]
      Executed endpoint 'HTTP: GET /api/instances/erreurs'
dbug: Microsoft.EntityFrameworkCore.Database.Connection[20007]
      Disposing connection to database 'main' on server 'oam_dev.db'.
dbug: Microsoft.EntityFrameworkCore.Infrastructure[10407]
      'OamDbContext' disposed.
dbug: Microsoft.EntityFrameworkCore.ChangeTracking[10806]
      Context 'OamDbContext' started tracking 'InstanceWorkflow' entity. Consider using 'DbContextOptionsBuilder.EnableSensitiveDataLogging' to see key values.
dbug: Microsoft.EntityFrameworkCore.ChangeTracking[10806]
      Context 'OamDbContext' started tracking 'InstanceWorkflow' entity. Consider using 'DbContextOptionsBuilder.EnableSensitiveDataLogging' to see key values.
dbug: Microsoft.EntityFrameworkCore.Database.Connection[20007]
      Disposing connection to database 'main' on server 'oam_dev.db'.
dbug: Microsoft.EntityFrameworkCore.Infrastructure[10407]
      'OamDbContext' disposed.
dbug: Microsoft.EntityFrameworkCore.Database.Connection[20008]
      Disposed connection to database 'main' on server 'oam_dev.db' (2ms).
dbug: Microsoft.EntityFrameworkCore.Database.Connection[20007]
      Disposing connection to database 'main' on server 'oam_dev.db'.
dbug: Microsoft.EntityFrameworkCore.ChangeTracking[10806]
      Context 'OamDbContext' started tracking 'InstanceWorkflow' entity. Consider using 'DbContextOptionsBuilder.EnableSensitiveDataLogging' to see key values.
dbug: Microsoft.EntityFrameworkCore.Database.Connection[20008]
      Disposed connection to database 'main' on server 'oam_dev.db' (2ms).
info: Microsoft.AspNetCore.Hosting.Diagnostics[2]
      Request finished HTTP/1.1 GET http://localhost:5000/api/instances/erreurs - 200 - application/json;+charset=utf-8 33197.3802ms
dbug: Microsoft.EntityFrameworkCore.ChangeTracking[10806]
      Context 'OamDbContext' started tracking 'InstanceWorkflow' entity. Consider using 'DbContextOptionsBuilder.EnableSensitiveDataLogging' to see key values.
info: Microsoft.AspNetCore.Hosting.Diagnostics[2]
      Request finished HTTP/1.1 GET http://localhost:5000/api/instances/erreurs - 200 - application/json;+charset=utf-8 33158.4822ms
dbug: Microsoft.EntityFrameworkCore.ChangeTracking[10806]
      Context 'OamDbContext' started tracking 'InstanceWorkflow' entity. Consider using 'DbContextOptionsBuilder.EnableSensitiveDataLogging' to see key values.
dbug: Microsoft.EntityFrameworkCore.Database.Connection[20008]
      Disposed connection to database 'main' on server 'oam_dev.db' (138ms).
dbug: Microsoft.EntityFrameworkCore.ChangeTracking[10806]
      Context 'OamDbContext' started tracking 'InstanceWorkflow' entity. Consider using 'DbContextOptionsBuilder.EnableSensitiveDataLogging' to see key values.
dbug: Microsoft.EntityFrameworkCore.ChangeTracking[10806]
      Context 'OamDbContext' started tracking 'InstanceWorkflow' entity. Consider using 'DbContextOptionsBuilder.EnableSensitiveDataLogging' to see key values.
dbug: Microsoft.EntityFrameworkCore.Database.Command[20301]
      Closing data reader to 'main' on server 'C:\OAM\src\OAM.Api\oam_dev.db'.
dbug: Microsoft.EntityFrameworkCore.ChangeTracking[10806]
      Context 'OamDbContext' started tracking 'InstanceWorkflow' entity. Consider using 'DbContextOptionsBuilder.EnableSensitiveDataLogging' to see key values.
info: Microsoft.AspNetCore.Hosting.Diagnostics[2]
      Request finished HTTP/1.1 GET http://localhost:5000/api/definitions - 200 - application/json;+charset=utf-8 33211.5007ms
dbug: Microsoft.EntityFrameworkCore.Database.Command[20300]
      A data reader for 'main' on server 'C:\OAM\src\OAM.Api\oam_dev.db' is being disposed after spending 30934ms reading results.
dbug: Microsoft.EntityFrameworkCore.ChangeTracking[10806]
      Context 'OamDbContext' started tracking 'InstanceWorkflow' entity. Consider using 'DbContextOptionsBuilder.EnableSensitiveDataLogging' to see key values.
dbug: Microsoft.EntityFrameworkCore.Database.Connection[20002]
      Closing connection to database 'main' on server 'C:\OAM\src\OAM.Api\oam_dev.db'.
dbug: Microsoft.EntityFrameworkCore.ChangeTracking[10806]
      Context 'OamDbContext' started tracking 'InstanceWorkflow' entity. Consider using 'DbContextOptionsBuilder.EnableSensitiveDataLogging' to see key values.
dbug: Microsoft.EntityFrameworkCore.Database.Connection[20003]
      Closed connection to database 'main' on server 'oam_dev.db' (4ms).
dbug: Microsoft.EntityFrameworkCore.ChangeTracking[10806]
      Context 'OamDbContext' started tracking 'ExecutionTache' entity. Consider using 'DbContextOptionsBuilder.EnableSensitiveDataLogging' to see key values.
dbug: Microsoft.EntityFrameworkCore.ChangeTracking[10806]
      Context 'OamDbContext' started tracking 'InstanceWorkflow' entity. Consider using 'DbContextOptionsBuilder.EnableSensitiveDataLogging' to see key values.
info: Microsoft.AspNetCore.Http.Result.OkObjectResult[1]
      Setting HTTP status code 200.
dbug: Microsoft.EntityFrameworkCore.ChangeTracking[10806]
      Context 'OamDbContext' started tracking 'InstanceWorkflow' entity. Consider using 'DbContextOptionsBuilder.EnableSensitiveDataLogging' to see key values.
info: Microsoft.AspNetCore.Http.Result.OkObjectResult[3]
      Writing value of type 'ListSelectIterator`2' as Json.
dbug: Microsoft.EntityFrameworkCore.ChangeTracking[10806]
      Context 'OamDbContext' started tracking 'InstanceWorkflow' entity. Consider using 'DbContextOptionsBuilder.EnableSensitiveDataLogging' to see key values.
dbug: Microsoft.EntityFrameworkCore.ChangeTracking[10806]
      Context 'OamDbContext' started tracking 'InstanceWorkflow' entity. Consider using 'DbContextOptionsBuilder.EnableSensitiveDataLogging' to see key values.
dbug: Microsoft.EntityFrameworkCore.ChangeTracking[10806]
      Context 'OamDbContext' started tracking 'ExecutionTache' entity. Consider using 'DbContextOptionsBuilder.EnableSensitiveDataLogging' to see key values.
dbug: Microsoft.EntityFrameworkCore.Database.Connection[20002]
      Closing connection to database 'main' on server 'C:\OAM\src\OAM.Api\oam_dev.db'.
dbug: Microsoft.EntityFrameworkCore.ChangeTracking[10806]
      Context 'OamDbContext' started tracking 'InstanceWorkflow' entity. Consider using 'DbContextOptionsBuilder.EnableSensitiveDataLogging' to see key values.
dbug: Microsoft.EntityFrameworkCore.ChangeTracking[10806]
      Context 'OamDbContext' started tracking 'InstanceWorkflow' entity. Consider using 'DbContextOptionsBuilder.EnableSensitiveDataLogging' to see key values.
info: Microsoft.AspNetCore.Routing.EndpointMiddleware[1]
      Executed endpoint 'HTTP: GET /api/instances/'
dbug: Microsoft.EntityFrameworkCore.Database.Connection[20003]
      Closed connection to database 'main' on server 'oam_dev.db' (30ms).
dbug: Microsoft.EntityFrameworkCore.ChangeTracking[10806]
      Context 'OamDbContext' started tracking 'InstanceWorkflow' entity. Consider using 'DbContextOptionsBuilder.EnableSensitiveDataLogging' to see key values.
dbug: Microsoft.EntityFrameworkCore.ChangeTracking[10806]
      Context 'OamDbContext' started tracking 'InstanceWorkflow' entity. Consider using 'DbContextOptionsBuilder.EnableSensitiveDataLogging' to see key values.
dbug: Microsoft.EntityFrameworkCore.ChangeTracking[10806]
      Context 'OamDbContext' started tracking 'InstanceWorkflow' entity. Consider using 'DbContextOptionsBuilder.EnableSensitiveDataLogging' to see key values.
info: Microsoft.AspNetCore.Http.Result.OkObjectResult[1]
      Setting HTTP status code 200.
dbug: Microsoft.EntityFrameworkCore.Infrastructure[10407]
      'OamDbContext' disposed.
info: Microsoft.AspNetCore.Cors.Infrastructure.CorsService[4]
      CORS policy execution successful.
dbug: Microsoft.EntityFrameworkCore.Database.Connection[20007]
      Disposing connection to database 'main' on server 'oam_dev.db'.
dbug: Microsoft.EntityFrameworkCore.ChangeTracking[10806]
      Context 'OamDbContext' started tracking 'InstanceWorkflow' entity. Consider using 'DbContextOptionsBuilder.EnableSensitiveDataLogging' to see key values.
dbug: Microsoft.EntityFrameworkCore.Database.Connection[20008]
      Disposed connection to database 'main' on server 'oam_dev.db' (60ms).
dbug: Microsoft.EntityFrameworkCore.ChangeTracking[10806]
      Context 'OamDbContext' started tracking 'InstanceWorkflow' entity. Consider using 'DbContextOptionsBuilder.EnableSensitiveDataLogging' to see key values.
dbug: Microsoft.EntityFrameworkCore.ChangeTracking[10806]
      Context 'OamDbContext' started tracking 'InstanceWorkflow' entity. Consider using 'DbContextOptionsBuilder.EnableSensitiveDataLogging' to see key values.
info: Microsoft.AspNetCore.Http.Result.OkObjectResult[3]
      Writing value of type 'ListSelectIterator`2' as Json.
dbug: Microsoft.EntityFrameworkCore.ChangeTracking[10806]
      Context 'OamDbContext' started tracking 'ExecutionTache' entity. Consider using 'DbContextOptionsBuilder.EnableSensitiveDataLogging' to see key values.
info: Microsoft.AspNetCore.Hosting.Diagnostics[2]
      Request finished HTTP/1.1 GET http://localhost:5000/api/instances - 200 - application/json;+charset=utf-8 33527.4939ms
dbug: Microsoft.EntityFrameworkCore.ChangeTracking[10806]
      Context 'OamDbContext' started tracking 'InstanceWorkflow' entity. Consider using 'DbContextOptionsBuilder.EnableSensitiveDataLogging' to see key values.
dbug: Microsoft.EntityFrameworkCore.ChangeTracking[10806]
      Context 'OamDbContext' started tracking 'InstanceWorkflow' entity. Consider using 'DbContextOptionsBuilder.EnableSensitiveDataLogging' to see key values.
dbug: Microsoft.EntityFrameworkCore.ChangeTracking[10806]
      Context 'OamDbContext' started tracking 'InstanceWorkflow' entity. Consider using 'DbContextOptionsBuilder.EnableSensitiveDataLogging' to see key values.
dbug: Microsoft.EntityFrameworkCore.ChangeTracking[10806]
      Context 'OamDbContext' started tracking 'InstanceWorkflow' entity. Consider using 'DbContextOptionsBuilder.EnableSensitiveDataLogging' to see key values.
dbug: Microsoft.EntityFrameworkCore.Database.Command[20301]
      Closing data reader to 'main' on server 'C:\OAM\src\OAM.Api\oam_dev.db'.
dbug: Microsoft.EntityFrameworkCore.Database.Command[20300]
      A data reader for 'main' on server 'C:\OAM\src\OAM.Api\oam_dev.db' is being disposed after spending 30974ms reading results.
dbug: Microsoft.EntityFrameworkCore.Database.Connection[20002]
      Closing connection to database 'main' on server 'C:\OAM\src\OAM.Api\oam_dev.db'.
dbug: Microsoft.EntityFrameworkCore.Database.Connection[20003]
      Closed connection to database 'main' on server 'oam_dev.db' (1ms).
info: Microsoft.AspNetCore.Http.Result.OkObjectResult[1]
      Setting HTTP status code 200.
info: Microsoft.AspNetCore.Http.Result.OkObjectResult[3]
      Writing value of type 'ListSelectIterator`2' as Json.
dbug: Microsoft.EntityFrameworkCore.ChangeTracking[10806]
      Context 'OamDbContext' started tracking 'InstanceWorkflow' entity. Consider using 'DbContextOptionsBuilder.EnableSensitiveDataLogging' to see key values.
dbug: Microsoft.EntityFrameworkCore.ChangeTracking[10806]
      Context 'OamDbContext' started tracking 'InstanceWorkflow' entity. Consider using 'DbContextOptionsBuilder.EnableSensitiveDataLogging' to see key values.
info: Microsoft.AspNetCore.Routing.EndpointMiddleware[1]
      Executed endpoint 'HTTP: GET /api/definitions/'
info: Microsoft.AspNetCore.Routing.EndpointMiddleware[1]
      Executed endpoint 'HTTP: GET /api/instances/'
info: Microsoft.AspNetCore.Routing.EndpointMiddleware[0]
      Executing endpoint '/hubs/workflow/negotiate'
dbug: Microsoft.EntityFrameworkCore.ChangeTracking[10806]
      Context 'OamDbContext' started tracking 'InstanceWorkflow' entity. Consider using 'DbContextOptionsBuilder.EnableSensitiveDataLogging' to see key values.
dbug: Microsoft.EntityFrameworkCore.ChangeTracking[10806]
      Context 'OamDbContext' started tracking 'ExecutionTache' entity. Consider using 'DbContextOptionsBuilder.EnableSensitiveDataLogging' to see key values.
dbug: Microsoft.EntityFrameworkCore.Infrastructure[10403]
      Entity Framework Core 10.0.5 initialized 'OamDbContext' using provider 'Microsoft.EntityFrameworkCore.Sqlite:10.0.5' with options: None
info: Microsoft.AspNetCore.Cors.Infrastructure.CorsService[4]
      CORS policy execution successful.
dbug: Microsoft.EntityFrameworkCore.Infrastructure[10407]
      'OamDbContext' disposed.
dbug: Microsoft.EntityFrameworkCore.Database.Connection[20007]
      Disposing connection to database 'main' on server 'oam_dev.db'.
dbug: Microsoft.EntityFrameworkCore.Infrastructure[10407]
      'OamDbContext' disposed.
dbug: Microsoft.EntityFrameworkCore.Database.Connection[20007]
      Disposing connection to database 'main' on server 'oam_dev.db'.
info: Microsoft.AspNetCore.Routing.EndpointMiddleware[1]
      Executed endpoint '/hubs/workflow/negotiate'
dbug: Microsoft.EntityFrameworkCore.Database.Command[20301]
      Closing data reader to 'main' on server 'C:\OAM\src\OAM.Api\oam_dev.db'.
dbug: Microsoft.EntityFrameworkCore.ChangeTracking[10806]
      Context 'OamDbContext' started tracking 'InstanceWorkflow' entity. Consider using 'DbContextOptionsBuilder.EnableSensitiveDataLogging' to see key values.
dbug: Microsoft.EntityFrameworkCore.Database.Connection[20008]
      Disposed connection to database 'main' on server 'oam_dev.db' (62ms).
info: Microsoft.AspNetCore.Hosting.Diagnostics[2]
      Request finished HTTP/1.1 POST http://localhost:5173/hubs/workflow/negotiate?negotiateVersion=1 - 200 316 application/json 29790.6045ms
info: Microsoft.AspNetCore.Hosting.Diagnostics[2]
      Request finished HTTP/1.1 GET http://localhost:5000/api/instances - 200 - application/json;+charset=utf-8 34038.6849ms
dbug: Microsoft.EntityFrameworkCore.Database.Command[20300]
      A data reader for 'main' on server 'C:\OAM\src\OAM.Api\oam_dev.db' is being disposed after spending 31081ms reading results.
dbug: Microsoft.EntityFrameworkCore.ChangeTracking[10806]
      Context 'OamDbContext' started tracking 'InstanceWorkflow' entity. Consider using 'DbContextOptionsBuilder.EnableSensitiveDataLogging' to see key values.
dbug: Microsoft.EntityFrameworkCore.Database.Connection[20008]
      Disposed connection to database 'main' on server 'oam_dev.db' (129ms).
dbug: Microsoft.EntityFrameworkCore.Database.Connection[20002]
      Closing connection to database 'main' on server 'C:\OAM\src\OAM.Api\oam_dev.db'.
info: Microsoft.AspNetCore.Hosting.Diagnostics[2]
      Request finished HTTP/1.1 GET http://localhost:5000/api/definitions - 200 - application/json;+charset=utf-8 30520.3462ms
dbug: Microsoft.EntityFrameworkCore.ChangeTracking[10806]
      Context 'OamDbContext' started tracking 'InstanceWorkflow' entity. Consider using 'DbContextOptionsBuilder.EnableSensitiveDataLogging' to see key values.
dbug: Microsoft.EntityFrameworkCore.Database.Connection[20003]
      Closed connection to database 'main' on server 'oam_dev.db' (27ms).
dbug: Microsoft.EntityFrameworkCore.ChangeTracking[10806]
      Context 'OamDbContext' started tracking 'InstanceWorkflow' entity. Consider using 'DbContextOptionsBuilder.EnableSensitiveDataLogging' to see key values.
dbug: Microsoft.EntityFrameworkCore.ChangeTracking[10806]
      Context 'OamDbContext' started tracking 'InstanceWorkflow' entity. Consider using 'DbContextOptionsBuilder.EnableSensitiveDataLogging' to see key values.
dbug: Microsoft.EntityFrameworkCore.Database.Command[20301]
      Closing data reader to 'main' on server 'C:\OAM\src\OAM.Api\oam_dev.db'.
info: Microsoft.AspNetCore.Http.Result.OkObjectResult[1]
      Setting HTTP status code 200.
dbug: Microsoft.EntityFrameworkCore.Database.Command[20300]
      A data reader for 'main' on server 'C:\OAM\src\OAM.Api\oam_dev.db' is being disposed after spending 31558ms reading results.
info: Microsoft.AspNetCore.Http.Result.OkObjectResult[3]
      Writing value of type 'ListSelectIterator`2' as Json.
dbug: Microsoft.EntityFrameworkCore.Database.Connection[20002]
      Closing connection to database 'main' on server 'C:\OAM\src\OAM.Api\oam_dev.db'.
dbug: Microsoft.EntityFrameworkCore.Database.Connection[20003]
      Closed connection to database 'main' on server 'oam_dev.db' (1ms).
dbug: Microsoft.EntityFrameworkCore.Database.Connection[20005]
      Creating DbConnection.
info: Microsoft.AspNetCore.Http.Result.OkObjectResult[1]
      Setting HTTP status code 200.
dbug: Microsoft.EntityFrameworkCore.Database.Connection[20006]
      Created DbConnection. (30ms).
info: Microsoft.AspNetCore.Http.Result.OkObjectResult[3]
      Writing value of type 'ListSelectIterator`2' as Json.
info: Microsoft.AspNetCore.Routing.EndpointMiddleware[0]
      Executing endpoint '/hubs/workflow'
info: Microsoft.AspNetCore.Cors.Infrastructure.CorsService[4]
      CORS policy execution successful.
dbug: Microsoft.EntityFrameworkCore.Database.Connection[20000]
      Opening connection to database 'main' on server 'oam_dev.db'.
dbug: Microsoft.EntityFrameworkCore.Database.Connection[20001]
      Opened connection to database 'main' on server 'C:\OAM\src\OAM.Api\oam_dev.db'.
dbug: Microsoft.EntityFrameworkCore.Database.Command[20103]
      Creating DbCommand for 'ExecuteReader'.
dbug: Microsoft.EntityFrameworkCore.Database.Command[20104]
      Created DbCommand for 'ExecuteReader' (1ms).
dbug: Microsoft.EntityFrameworkCore.Database.Command[20106]
      Initialized DbCommand for 'ExecuteReader' (2ms).
dbug: Microsoft.EntityFrameworkCore.Database.Command[20100]
      Executing DbCommand [Parameters=[], CommandType='Text', CommandTimeout='30']
      SELECT "i"."Id", "i"."ContexteExecution", "i"."CorrelationId", "i"."DateCreation", "i"."DateDebut", "i"."DateFin", "i"."DefinitionWorkflowId", "i"."DonneesEntree", "i"."Erreur", "i"."Etat", "i"."HashVersionConfig", "d"."Id", "d"."Actif", "d"."ContenuYaml", "d"."DateCreation", "d"."DateModification", "d"."Description", "d"."Equipe", "d"."HashVersion", "d"."Nom"
      FROM "InstancesWorkflow" AS "i"
      INNER JOIN "DefinitionsWorkflow" AS "d" ON "i"."DefinitionWorkflowId" = "d"."Id"
      ORDER BY "i"."DateCreation" DESC
info: Microsoft.AspNetCore.Routing.EndpointMiddleware[1]
      Executed endpoint 'HTTP: GET /api/instances/erreurs'
dbug: Microsoft.EntityFrameworkCore.Infrastructure[10407]
      'OamDbContext' disposed.
info: Microsoft.AspNetCore.Routing.EndpointMiddleware[1]
      Executed endpoint 'HTTP: GET /api/instances/'
info: Microsoft.EntityFrameworkCore.Database.Command[20101]
      Executed DbCommand (90ms) [Parameters=[], CommandType='Text', CommandTimeout='30']
      SELECT "i"."Id", "i"."ContexteExecution", "i"."CorrelationId", "i"."DateCreation", "i"."DateDebut", "i"."DateFin", "i"."DefinitionWorkflowId", "i"."DonneesEntree", "i"."Erreur", "i"."Etat", "i"."HashVersionConfig", "d"."Id", "d"."Actif", "d"."ContenuYaml", "d"."DateCreation", "d"."DateModification", "d"."Description", "d"."Equipe", "d"."HashVersion", "d"."Nom"
      FROM "InstancesWorkflow" AS "i"
      INNER JOIN "DefinitionsWorkflow" AS "d" ON "i"."DefinitionWorkflowId" = "d"."Id"
      ORDER BY "i"."DateCreation" DESC
info: Microsoft.AspNetCore.Routing.EndpointMiddleware[0]
      Executing endpoint '/hubs/workflow/negotiate'
info: Microsoft.AspNetCore.Routing.EndpointMiddleware[0]
      Executing endpoint '/hubs/workflow/negotiate'
dbug: Microsoft.EntityFrameworkCore.Database.Connection[20007]
      Disposing connection to database 'main' on server 'oam_dev.db'.
dbug: Microsoft.EntityFrameworkCore.Infrastructure[10407]
      'OamDbContext' disposed.
dbug: Microsoft.EntityFrameworkCore.ChangeTracking[10806]
      Context 'OamDbContext' started tracking 'InstanceWorkflow' entity. Consider using 'DbContextOptionsBuilder.EnableSensitiveDataLogging' to see key values.
dbug: Microsoft.EntityFrameworkCore.Database.Connection[20008]
      Disposed connection to database 'main' on server 'oam_dev.db' (30ms).
dbug: Microsoft.EntityFrameworkCore.Database.Connection[20007]
      Disposing connection to database 'main' on server 'oam_dev.db'.
dbug: Microsoft.EntityFrameworkCore.Infrastructure[10403]
      Entity Framework Core 10.0.5 initialized 'OamDbContext' using provider 'Microsoft.EntityFrameworkCore.Sqlite:10.0.5' with options: None
dbug: Microsoft.EntityFrameworkCore.Database.Connection[20008]
      Disposed connection to database 'main' on server 'oam_dev.db' (32ms).
info: Microsoft.AspNetCore.Routing.EndpointMiddleware[1]
      Executed endpoint '/hubs/workflow/negotiate'
info: Microsoft.AspNetCore.Hosting.Diagnostics[2]
      Request finished HTTP/1.1 GET http://localhost:5000/api/instances - 200 - application/json;+charset=utf-8 34685.1279ms
dbug: Microsoft.EntityFrameworkCore.ChangeTracking[10805]
      The navigation 'InstanceWorkflow.DefinitionWorkflow' was detected as changed. Consider using 'DbContextOptionsBuilder.EnableSensitiveDataLogging' to see key values.
info: Microsoft.AspNetCore.Hosting.Diagnostics[2]
      Request finished HTTP/1.1 GET http://localhost:5000/api/instances/erreurs - 200 - application/json;+charset=utf-8 34713.1683ms
info: Microsoft.AspNetCore.Hosting.Diagnostics[2]
      Request finished HTTP/1.1 POST http://localhost:5173/hubs/workflow/negotiate?negotiateVersion=1 - 200 316 application/json 23204.0957ms
info: Microsoft.AspNetCore.Routing.EndpointMiddleware[0]
      Executing endpoint 'HTTP: GET /api/definitions/{id:guid}/versions'
dbug: Microsoft.EntityFrameworkCore.ChangeTracking[10806]
      Context 'OamDbContext' started tracking 'DefinitionWorkflow' entity. Consider using 'DbContextOptionsBuilder.EnableSensitiveDataLogging' to see key values.
info: Microsoft.AspNetCore.Routing.EndpointMiddleware[1]
      Executed endpoint '/hubs/workflow/negotiate'
dbug: Microsoft.EntityFrameworkCore.ChangeTracking[10806]
      Context 'OamDbContext' started tracking 'InstanceWorkflow' entity. Consider using 'DbContextOptionsBuilder.EnableSensitiveDataLogging' to see key values.
dbug: Microsoft.EntityFrameworkCore.Database.Connection[20005]
      Creating DbConnection.
info: Microsoft.AspNetCore.Hosting.Diagnostics[2]
      Request finished HTTP/1.1 POST http://localhost:5173/hubs/workflow/negotiate?negotiateVersion=1 - 200 316 application/json 21053.9291ms
dbug: Microsoft.EntityFrameworkCore.Database.Connection[20006]
      Created DbConnection. (30ms).
dbug: Microsoft.EntityFrameworkCore.ChangeTracking[10806]
      Context 'OamDbContext' started tracking 'InstanceWorkflow' entity. Consider using 'DbContextOptionsBuilder.EnableSensitiveDataLogging' to see key values.
dbug: Microsoft.EntityFrameworkCore.Infrastructure[10403]
      Entity Framework Core 10.0.5 initialized 'OamDbContext' using provider 'Microsoft.EntityFrameworkCore.Sqlite:10.0.5' with options: None
info: Microsoft.AspNetCore.Routing.EndpointMiddleware[0]
      Executing endpoint 'HTTP: GET /api/definitions/'
dbug: Microsoft.EntityFrameworkCore.Database.Connection[20000]
      Opening connection to database 'main' on server 'oam_dev.db'.
dbug: Microsoft.EntityFrameworkCore.Database.Connection[20001]
      Opened connection to database 'main' on server 'C:\OAM\src\OAM.Api\oam_dev.db'.
dbug: Microsoft.EntityFrameworkCore.ChangeTracking[10806]
      Context 'OamDbContext' started tracking 'InstanceWorkflow' entity. Consider using 'DbContextOptionsBuilder.EnableSensitiveDataLogging' to see key values.
dbug: Microsoft.EntityFrameworkCore.Database.Command[20103]
      Creating DbCommand for 'ExecuteReader'.
dbug: Microsoft.EntityFrameworkCore.Database.Command[20104]
      Created DbCommand for 'ExecuteReader' (60ms).
dbug: Microsoft.EntityFrameworkCore.ChangeTracking[10806]
      Context 'OamDbContext' started tracking 'InstanceWorkflow' entity. Consider using 'DbContextOptionsBuilder.EnableSensitiveDataLogging' to see key values.
dbug: Microsoft.EntityFrameworkCore.Database.Command[20106]
      Initialized DbCommand for 'ExecuteReader' (98ms).
dbug: Microsoft.EntityFrameworkCore.Database.Connection[20005]
      Creating DbConnection.
dbug: Microsoft.EntityFrameworkCore.Database.Command[20100]
      Executing DbCommand [Parameters=[], CommandType='Text', CommandTimeout='30']
      SELECT "d"."Id", "d"."Actif", "d"."ContenuYaml", "d"."DateCreation", "d"."DateModification", "d"."Description", "d"."Equipe", "d"."HashVersion", "d"."Nom"
      FROM "DefinitionsWorkflow" AS "d"
      WHERE "d"."Actif"
      ORDER BY "d"."Nom"
dbug: Microsoft.EntityFrameworkCore.ChangeTracking[10806]
      Context 'OamDbContext' started tracking 'InstanceWorkflow' entity. Consider using 'DbContextOptionsBuilder.EnableSensitiveDataLogging' to see key values.
dbug: Microsoft.EntityFrameworkCore.Infrastructure[10403]
      Entity Framework Core 10.0.5 initialized 'OamDbContext' using provider 'Microsoft.EntityFrameworkCore.Sqlite:10.0.5' with options: None
dbug: Microsoft.EntityFrameworkCore.Database.Connection[20006]
      Created DbConnection. (62ms).
info: Microsoft.EntityFrameworkCore.Database.Command[20101]
      Executed DbCommand (62ms) [Parameters=[], CommandType='Text', CommandTimeout='30']
      SELECT "d"."Id", "d"."Actif", "d"."ContenuYaml", "d"."DateCreation", "d"."DateModification", "d"."Description", "d"."Equipe", "d"."HashVersion", "d"."Nom"
      FROM "DefinitionsWorkflow" AS "d"
      WHERE "d"."Actif"
      ORDER BY "d"."Nom"
dbug: Microsoft.EntityFrameworkCore.ChangeTracking[10806]
      Context 'OamDbContext' started tracking 'DefinitionWorkflow' entity. Consider using 'DbContextOptionsBuilder.EnableSensitiveDataLogging' to see key values.
dbug: Microsoft.EntityFrameworkCore.Database.Connection[20000]
      Opening connection to database 'main' on server 'oam_dev.db'.
dbug: Microsoft.EntityFrameworkCore.ChangeTracking[10806]
      Context 'OamDbContext' started tracking 'InstanceWorkflow' entity. Consider using 'DbContextOptionsBuilder.EnableSensitiveDataLogging' to see key values.
dbug: Microsoft.EntityFrameworkCore.Database.Connection[20005]
      Creating DbConnection.
dbug: Microsoft.EntityFrameworkCore.Database.Command[20301]
      Closing data reader to 'main' on server 'C:\OAM\src\OAM.Api\oam_dev.db'.
dbug: Microsoft.EntityFrameworkCore.Database.Connection[20001]
      Opened connection to database 'main' on server 'C:\OAM\src\OAM.Api\oam_dev.db'.
dbug: Microsoft.EntityFrameworkCore.Database.Command[20300]
      A data reader for 'main' on server 'C:\OAM\src\OAM.Api\oam_dev.db' is being disposed after spending 152ms reading results.
dbug: Microsoft.EntityFrameworkCore.ChangeTracking[10806]
      Context 'OamDbContext' started tracking 'InstanceWorkflow' entity. Consider using 'DbContextOptionsBuilder.EnableSensitiveDataLogging' to see key values.
dbug: Microsoft.EntityFrameworkCore.Database.Connection[20006]
      Created DbConnection. (95ms).
dbug: Microsoft.EntityFrameworkCore.Database.Connection[20002]
      Closing connection to database 'main' on server 'C:\OAM\src\OAM.Api\oam_dev.db'.
dbug: Microsoft.EntityFrameworkCore.Database.Command[20103]
      Creating DbCommand for 'ExecuteReader'.
dbug: Microsoft.EntityFrameworkCore.Database.Connection[20003]
      Closed connection to database 'main' on server 'oam_dev.db' (52ms).
dbug: Microsoft.EntityFrameworkCore.ChangeTracking[10806]
      Context 'OamDbContext' started tracking 'InstanceWorkflow' entity. Consider using 'DbContextOptionsBuilder.EnableSensitiveDataLogging' to see key values.
dbug: Microsoft.EntityFrameworkCore.Database.Command[20104]
      Created DbCommand for 'ExecuteReader' (29ms).
dbug: Microsoft.EntityFrameworkCore.Database.Connection[20000]
      Opening connection to database 'main' on server 'oam_dev.db'.
info: Microsoft.AspNetCore.Http.Result.OkObjectResult[1]
      Setting HTTP status code 200.
dbug: Microsoft.EntityFrameworkCore.Database.Command[20106]
      Initialized DbCommand for 'ExecuteReader' (35ms).
dbug: Microsoft.EntityFrameworkCore.ChangeTracking[10806]
      Context 'OamDbContext' started tracking 'InstanceWorkflow' entity. Consider using 'DbContextOptionsBuilder.EnableSensitiveDataLogging' to see key values.
info: Microsoft.AspNetCore.Http.Result.OkObjectResult[3]
      Writing value of type 'ListSelectIterator`2' as Json.
dbug: Microsoft.EntityFrameworkCore.Database.Command[20100]
      Executing DbCommand [Parameters=[@definitionId='?' (DbType = Guid)], CommandType='Text', CommandTimeout='30']
      SELECT "v"."Id", "v"."ContenuYaml", "v"."DateChargement", "v"."DefinitionWorkflowId", "v"."DeployePar", "v"."HashVersion"
      FROM "VersionsDefinitionWorkflow" AS "v"
      WHERE "v"."DefinitionWorkflowId" = @definitionId
      ORDER BY "v"."DateChargement" DESC
dbug: Microsoft.EntityFrameworkCore.ChangeTracking[10806]
      Context 'OamDbContext' started tracking 'InstanceWorkflow' entity. Consider using 'DbContextOptionsBuilder.EnableSensitiveDataLogging' to see key values.
info: Microsoft.EntityFrameworkCore.Database.Command[20101]
      Executed DbCommand (89ms) [Parameters=[@definitionId='?' (DbType = Guid)], CommandType='Text', CommandTimeout='30']
      SELECT "v"."Id", "v"."ContenuYaml", "v"."DateChargement", "v"."DefinitionWorkflowId", "v"."DeployePar", "v"."HashVersion"
      FROM "VersionsDefinitionWorkflow" AS "v"
      WHERE "v"."DefinitionWorkflowId" = @definitionId
      ORDER BY "v"."DateChargement" DESC
dbug: Microsoft.EntityFrameworkCore.ChangeTracking[10806]
      Context 'OamDbContext' started tracking 'InstanceWorkflow' entity. Consider using 'DbContextOptionsBuilder.EnableSensitiveDataLogging' to see key values.
dbug: Microsoft.EntityFrameworkCore.Database.Connection[20001]
      Opened connection to database 'main' on server 'C:\OAM\src\OAM.Api\oam_dev.db'.
info: Microsoft.AspNetCore.Routing.EndpointMiddleware[1]
      Executed endpoint 'HTTP: GET /api/definitions/'
dbug: Microsoft.EntityFrameworkCore.ChangeTracking[10806]
      Context 'OamDbContext' started tracking 'VersionDefinitionWorkflow' entity. Consider using 'DbContextOptionsBuilder.EnableSensitiveDataLogging' to see key values.
dbug: Microsoft.EntityFrameworkCore.Database.Command[20103]
      Creating DbCommand for 'ExecuteReader'.
dbug: Microsoft.EntityFrameworkCore.ChangeTracking[10806]
      Context 'OamDbContext' started tracking 'InstanceWorkflow' entity. Consider using 'DbContextOptionsBuilder.EnableSensitiveDataLogging' to see key values.
dbug: Microsoft.EntityFrameworkCore.Infrastructure[10407]
      'OamDbContext' disposed.
dbug: Microsoft.EntityFrameworkCore.ChangeTracking[10806]
      Context 'OamDbContext' started tracking 'VersionDefinitionWorkflow' entity. Consider using 'DbContextOptionsBuilder.EnableSensitiveDataLogging' to see key values.
dbug: Microsoft.EntityFrameworkCore.Database.Command[20104]
      Created DbCommand for 'ExecuteReader' (58ms).
dbug: Microsoft.EntityFrameworkCore.Database.Connection[20007]
      Disposing connection to database 'main' on server 'oam_dev.db'.
info: Microsoft.AspNetCore.Routing.EndpointMiddleware[1]
      Executed endpoint '/hubs/workflow'
dbug: Microsoft.EntityFrameworkCore.ChangeTracking[10806]
      Context 'OamDbContext' started tracking 'InstanceWorkflow' entity. Consider using 'DbContextOptionsBuilder.EnableSensitiveDataLogging' to see key values.
dbug: Microsoft.EntityFrameworkCore.ChangeTracking[10806]
      Context 'OamDbContext' started tracking 'VersionDefinitionWorkflow' entity. Consider using 'DbContextOptionsBuilder.EnableSensitiveDataLogging' to see key values.
dbug: Microsoft.EntityFrameworkCore.Database.Connection[20008]
      Disposed connection to database 'main' on server 'oam_dev.db' (2ms).
dbug: Microsoft.EntityFrameworkCore.Database.Command[20106]
      Initialized DbCommand for 'ExecuteReader' (63ms).
info: Microsoft.AspNetCore.Hosting.Diagnostics[2]
      Request finished HTTP/1.1 GET http://localhost:5173/hubs/workflow?id=IRLXWiqGI1vEjuS_bHOl5w&access_token=eyJhbGciOiJIUzI1NiIsInR5cCI6IkpXVCJ9.eyJodHRwOi8vc2NoZW1hcy54bWxzb2FwLm9yZy93cy8yMDA1LzA1L2lkZW50aXR5L2NsYWltcy9uYW1lIjoiaW5mb2wiLCJodHRwOi8vc2NoZW1hcy5taWNyb3NvZnQuY29tL3dzLzIwMDgvMDYvaWRlbnRpdHkvY2xhaW1zL2F1dGhlbnRpY2F0aW9ubWV0aG9kIjoiRGV2IiwianRpIjoiMjIzYjEwOTEtYTA5MS00ZTQ4LTgyZTMtMTZlNjZjNDliMzQ1IiwiZXhwIjoxNzc0ODIxNjIxLCJpc3MiOiJPQU0iLCJhdWQiOiJPQU0tRnJvbnRlbmQifQ.hHzaTgOheQaUuqQU1s4TikTVrA_rHTDJX_wwg09al7Y - 101 - - 26991.5501ms
info: Microsoft.AspNetCore.Hosting.Diagnostics[2]
      Request finished HTTP/1.1 GET http://localhost:5000/api/definitions - 200 - application/json;+charset=utf-8 35379.3789ms
dbug: Microsoft.EntityFrameworkCore.ChangeTracking[10806]
      Context 'OamDbContext' started tracking 'InstanceWorkflow' entity. Consider using 'DbContextOptionsBuilder.EnableSensitiveDataLogging' to see key values.
dbug: Microsoft.EntityFrameworkCore.ChangeTracking[10806]
      Context 'OamDbContext' started tracking 'VersionDefinitionWorkflow' entity. Consider using 'DbContextOptionsBuilder.EnableSensitiveDataLogging' to see key values.
dbug: Microsoft.EntityFrameworkCore.ChangeTracking[10806]
      Context 'OamDbContext' started tracking 'InstanceWorkflow' entity. Consider using 'DbContextOptionsBuilder.EnableSensitiveDataLogging' to see key values.
dbug: Microsoft.EntityFrameworkCore.ChangeTracking[10806]
      Context 'OamDbContext' started tracking 'VersionDefinitionWorkflow' entity. Consider using 'DbContextOptionsBuilder.EnableSensitiveDataLogging' to see key values.
dbug: Microsoft.EntityFrameworkCore.Database.Command[20100]
      Executing DbCommand [Parameters=[], CommandType='Text', CommandTimeout='30']
      SELECT "d"."Id", "d"."Actif", "d"."ContenuYaml", "d"."DateCreation", "d"."DateModification", "d"."Description", "d"."Equipe", "d"."HashVersion", "d"."Nom"
      FROM "DefinitionsWorkflow" AS "d"
      WHERE "d"."Actif"
      ORDER BY "d"."Nom"
dbug: Microsoft.EntityFrameworkCore.Database.Command[20301]
      Closing data reader to 'main' on server 'C:\OAM\src\OAM.Api\oam_dev.db'.
dbug: Microsoft.EntityFrameworkCore.ChangeTracking[10806]
      Context 'OamDbContext' started tracking 'InstanceWorkflow' entity. Consider using 'DbContextOptionsBuilder.EnableSensitiveDataLogging' to see key values.
info: Microsoft.EntityFrameworkCore.Database.Command[20101]
      Executed DbCommand (5ms) [Parameters=[], CommandType='Text', CommandTimeout='30']
      SELECT "d"."Id", "d"."Actif", "d"."ContenuYaml", "d"."DateCreation", "d"."DateModification", "d"."Description", "d"."Equipe", "d"."HashVersion", "d"."Nom"
      FROM "DefinitionsWorkflow" AS "d"
      WHERE "d"."Actif"
      ORDER BY "d"."Nom"
dbug: Microsoft.EntityFrameworkCore.Database.Command[20300]
      A data reader for 'main' on server 'C:\OAM\src\OAM.Api\oam_dev.db' is being disposed after spending 105ms reading results.
dbug: Microsoft.EntityFrameworkCore.Database.Command[20301]
      Closing data reader to 'main' on server 'C:\OAM\src\OAM.Api\oam_dev.db'.
dbug: Microsoft.EntityFrameworkCore.Database.Connection[20002]
      Closing connection to database 'main' on server 'C:\OAM\src\OAM.Api\oam_dev.db'.
dbug: Microsoft.EntityFrameworkCore.Database.Command[20300]
      A data reader for 'main' on server 'C:\OAM\src\OAM.Api\oam_dev.db' is being disposed after spending 1109ms reading results.
dbug: Microsoft.EntityFrameworkCore.ChangeTracking[10806]
      Context 'OamDbContext' started tracking 'DefinitionWorkflow' entity. Consider using 'DbContextOptionsBuilder.EnableSensitiveDataLogging' to see key values.
dbug: Microsoft.EntityFrameworkCore.Database.Connection[20002]
      Closing connection to database 'main' on server 'C:\OAM\src\OAM.Api\oam_dev.db'.
dbug: Microsoft.EntityFrameworkCore.Database.Connection[20003]
      Closed connection to database 'main' on server 'oam_dev.db' (61ms).
dbug: Microsoft.EntityFrameworkCore.Database.Connection[20003]
      Closed connection to database 'main' on server 'oam_dev.db' (31ms).
info: Microsoft.AspNetCore.Http.Result.OkObjectResult[1]
      Setting HTTP status code 200.
info: Microsoft.AspNetCore.Http.Result.OkObjectResult[3]
      Writing value of type 'ListSelectIterator`2' as Json.
dbug: Microsoft.EntityFrameworkCore.Database.Command[20301]
      Closing data reader to 'main' on server 'C:\OAM\src\OAM.Api\oam_dev.db'.
dbug: Microsoft.EntityFrameworkCore.Database.Command[20300]
      A data reader for 'main' on server 'C:\OAM\src\OAM.Api\oam_dev.db' is being disposed after spending 124ms reading results.
info: Microsoft.AspNetCore.Http.Result.OkObjectResult[1]
      Setting HTTP status code 200.
dbug: Microsoft.EntityFrameworkCore.Database.Connection[20002]
      Closing connection to database 'main' on server 'C:\OAM\src\OAM.Api\oam_dev.db'.
info: Microsoft.AspNetCore.Http.Result.OkObjectResult[3]
      Writing value of type 'ListSelectIterator`2' as Json.
info: Microsoft.AspNetCore.Routing.EndpointMiddleware[1]
      Executed endpoint 'HTTP: GET /api/definitions/{id:guid}/versions'
dbug: Microsoft.EntityFrameworkCore.Database.Connection[20003]
      Closed connection to database 'main' on server 'oam_dev.db' (31ms).
info: Microsoft.AspNetCore.Http.Result.OkObjectResult[1]
      Setting HTTP status code 200.
dbug: Microsoft.EntityFrameworkCore.Infrastructure[10407]
      'OamDbContext' disposed.
info: Microsoft.AspNetCore.Http.Result.OkObjectResult[3]
      Writing value of type 'ListSelectIterator`2' as Json.
dbug: Microsoft.EntityFrameworkCore.Database.Connection[20007]
      Disposing connection to database 'main' on server 'oam_dev.db'.
info: Microsoft.AspNetCore.Routing.EndpointMiddleware[1]
      Executed endpoint 'HTTP: GET /api/instances/'
dbug: Microsoft.EntityFrameworkCore.Database.Connection[20008]
      Disposed connection to database 'main' on server 'oam_dev.db' (1ms).
info: Microsoft.AspNetCore.Routing.EndpointMiddleware[1]
      Executed endpoint 'HTTP: GET /api/definitions/'
info: Microsoft.AspNetCore.Hosting.Diagnostics[2]
      Request finished HTTP/1.1 GET http://localhost:5000/api/definitions/f64b5467-7b1c-4f92-95c9-db6a00032af1/versions - 200 - application/json;+charset=utf-8 13400.6574ms
dbug: Microsoft.EntityFrameworkCore.Infrastructure[10407]
      'OamDbContext' disposed.
dbug: Microsoft.EntityFrameworkCore.Database.Connection[20007]
      Disposing connection to database 'main' on server 'oam_dev.db'.
dbug: Microsoft.EntityFrameworkCore.Infrastructure[10407]
      'OamDbContext' disposed.
dbug: Microsoft.EntityFrameworkCore.Database.Connection[20008]
      Disposed connection to database 'main' on server 'oam_dev.db' (2ms).
dbug: Microsoft.EntityFrameworkCore.Database.Connection[20007]
      Disposing connection to database 'main' on server 'oam_dev.db'.
info: Microsoft.AspNetCore.Hosting.Diagnostics[2]
      Request finished HTTP/1.1 GET http://localhost:5000/api/instances - 200 - application/json;+charset=utf-8 35806.3769ms
dbug: Microsoft.EntityFrameworkCore.Database.Connection[20008]
      Disposed connection to database 'main' on server 'oam_dev.db' (31ms).
info: Microsoft.AspNetCore.Hosting.Diagnostics[2]
      Request finished HTTP/1.1 GET http://localhost:5000/api/definitions - 200 - application/json;+charset=utf-8 11757.6090ms
info: Microsoft.AspNetCore.Routing.EndpointMiddleware[1]
      Executed endpoint '/hubs/workflow'
info: Microsoft.AspNetCore.Hosting.Diagnostics[2]
      Request finished HTTP/1.1 GET http://localhost:5173/hubs/workflow?id=a3hoAPkoSdSfC8wo5w4gig&access_token=eyJhbGciOiJIUzI1NiIsInR5cCI6IkpXVCJ9.eyJodHRwOi8vc2NoZW1hcy54bWxzb2FwLm9yZy93cy8yMDA1LzA1L2lkZW50aXR5L2NsYWltcy9uYW1lIjoiaW5mb2wiLCJodHRwOi8vc2NoZW1hcy5taWNyb3NvZnQuY29tL3dzLzIwMDgvMDYvaWRlbnRpdHkvY2xhaW1zL2F1dGhlbnRpY2F0aW9ubWV0aG9kIjoiRGV2IiwianRpIjoiMjIzYjEwOTEtYTA5MS00ZTQ4LTgyZTMtMTZlNjZjNDliMzQ1IiwiZXhwIjoxNzc0ODIxNjIxLCJpc3MiOiJPQU0iLCJhdWQiOiJPQU0tRnJvbnRlbmQifQ.hHzaTgOheQaUuqQU1s4TikTVrA_rHTDJX_wwg09al7Y - 101 - - 11896.3645ms
info: Microsoft.AspNetCore.Hosting.Diagnostics[1]
      Request starting HTTP/1.1 POST http://localhost:5173/hubs/workflow/negotiate?negotiateVersion=1 - - 0
info: Microsoft.AspNetCore.Cors.Infrastructure.CorsService[4]
      CORS policy execution successful.
info: Microsoft.AspNetCore.Routing.EndpointMiddleware[0]
      Executing endpoint '/hubs/workflow/negotiate'
info: Microsoft.AspNetCore.Routing.EndpointMiddleware[1]
      Executed endpoint '/hubs/workflow/negotiate'
info: Microsoft.AspNetCore.Hosting.Diagnostics[2]
      Request finished HTTP/1.1 POST http://localhost:5173/hubs/workflow/negotiate?negotiateVersion=1 - 200 316 application/json 8.9808ms
info: Microsoft.AspNetCore.Hosting.Diagnostics[1]
      Request starting HTTP/1.1 GET http://localhost:5173/hubs/workflow?id=4RU8Mt6DED3b15ne8Ve4qg&access_token=eyJhbGciOiJIUzI1NiIsInR5cCI6IkpXVCJ9.eyJodHRwOi8vc2NoZW1hcy54bWxzb2FwLm9yZy93cy8yMDA1LzA1L2lkZW50aXR5L2NsYWltcy9uYW1lIjoiaW5mb2wiLCJodHRwOi8vc2NoZW1hcy5taWNyb3NvZnQuY29tL3dzLzIwMDgvMDYvaWRlbnRpdHkvY2xhaW1zL2F1dGhlbnRpY2F0aW9ubWV0aG9kIjoiRGV2IiwianRpIjoiMjIzYjEwOTEtYTA5MS00ZTQ4LTgyZTMtMTZlNjZjNDliMzQ1IiwiZXhwIjoxNzc0ODIxNjIxLCJpc3MiOiJPQU0iLCJhdWQiOiJPQU0tRnJvbnRlbmQifQ.hHzaTgOheQaUuqQU1s4TikTVrA_rHTDJX_wwg09al7Y - - -
info: Microsoft.AspNetCore.Cors.Infrastructure.CorsService[4]
      CORS policy execution successful.
info: Microsoft.AspNetCore.Routing.EndpointMiddleware[0]
      Executing endpoint '/hubs/workflow'
info: Microsoft.AspNetCore.Hosting.Diagnostics[1]
      Request starting HTTP/1.1 GET http://localhost:5000/api/definitions/f64b5467-7b1c-4f92-95c9-db6a00032af1 - application/json -
info: Microsoft.AspNetCore.Hosting.Diagnostics[1]
      Request starting HTTP/1.1 GET http://localhost:5000/api/definitions/f64b5467-7b1c-4f92-95c9-db6a00032af1/yaml - - -
info: Microsoft.AspNetCore.Hosting.Diagnostics[1]
      Request starting HTTP/1.1 GET http://localhost:5000/api/definitions/f64b5467-7b1c-4f92-95c9-db6a00032af1/versions - application/json -
info: Microsoft.AspNetCore.Routing.EndpointMiddleware[0]
      Executing endpoint 'HTTP: GET /api/definitions/{id:guid}'
info: Microsoft.AspNetCore.Routing.EndpointMiddleware[0]
      Executing endpoint 'HTTP: GET /api/definitions/{id:guid}/yaml'
info: Microsoft.AspNetCore.Routing.EndpointMiddleware[0]
      Executing endpoint 'HTTP: GET /api/definitions/{id:guid}/versions'
dbug: Microsoft.EntityFrameworkCore.Infrastructure[10403]
      Entity Framework Core 10.0.5 initialized 'OamDbContext' using provider 'Microsoft.EntityFrameworkCore.Sqlite:10.0.5' with options: None
dbug: Microsoft.EntityFrameworkCore.Infrastructure[10403]
      Entity Framework Core 10.0.5 initialized 'OamDbContext' using provider 'Microsoft.EntityFrameworkCore.Sqlite:10.0.5' with options: None
dbug: Microsoft.EntityFrameworkCore.Infrastructure[10403]
      Entity Framework Core 10.0.5 initialized 'OamDbContext' using provider 'Microsoft.EntityFrameworkCore.Sqlite:10.0.5' with options: None
dbug: Microsoft.EntityFrameworkCore.Database.Connection[20005]
      Creating DbConnection.
dbug: Microsoft.EntityFrameworkCore.Database.Connection[20005]
      Creating DbConnection.
dbug: Microsoft.EntityFrameworkCore.Database.Connection[20005]
      Creating DbConnection.
dbug: Microsoft.EntityFrameworkCore.Database.Connection[20006]
      Created DbConnection. (28ms).
dbug: Microsoft.EntityFrameworkCore.Database.Connection[20006]
      Created DbConnection. (28ms).
dbug: Microsoft.EntityFrameworkCore.Database.Connection[20006]
      Created DbConnection. (30ms).
dbug: Microsoft.EntityFrameworkCore.Database.Connection[20000]
      Opening connection to database 'main' on server 'oam_dev.db'.
dbug: Microsoft.EntityFrameworkCore.Database.Connection[20000]
      Opening connection to database 'main' on server 'oam_dev.db'.
dbug: Microsoft.EntityFrameworkCore.Database.Connection[20000]
      Opening connection to database 'main' on server 'oam_dev.db'.
dbug: Microsoft.EntityFrameworkCore.Database.Connection[20001]
      Opened connection to database 'main' on server 'C:\OAM\src\OAM.Api\oam_dev.db'.
dbug: Microsoft.EntityFrameworkCore.Database.Connection[20001]
      Opened connection to database 'main' on server 'C:\OAM\src\OAM.Api\oam_dev.db'.
dbug: Microsoft.EntityFrameworkCore.Database.Connection[20001]
      Opened connection to database 'main' on server 'C:\OAM\src\OAM.Api\oam_dev.db'.
dbug: Microsoft.EntityFrameworkCore.Database.Command[20103]
      Creating DbCommand for 'ExecuteReader'.
dbug: Microsoft.EntityFrameworkCore.Database.Command[20103]
      Creating DbCommand for 'ExecuteReader'.
dbug: Microsoft.EntityFrameworkCore.Database.Command[20103]
      Creating DbCommand for 'ExecuteReader'.
dbug: Microsoft.EntityFrameworkCore.Database.Command[20104]
      Created DbCommand for 'ExecuteReader' (2ms).
dbug: Microsoft.EntityFrameworkCore.Database.Command[20104]
      Created DbCommand for 'ExecuteReader' (59ms).
dbug: Microsoft.EntityFrameworkCore.Database.Command[20104]
      Created DbCommand for 'ExecuteReader' (30ms).
dbug: Microsoft.EntityFrameworkCore.Database.Command[20106]
      Initialized DbCommand for 'ExecuteReader' (62ms).
dbug: Microsoft.EntityFrameworkCore.Database.Command[20106]
      Initialized DbCommand for 'ExecuteReader' (33ms).
dbug: Microsoft.EntityFrameworkCore.Database.Command[20106]
      Initialized DbCommand for 'ExecuteReader' (37ms).
dbug: Microsoft.EntityFrameworkCore.Database.Command[20100]
      Executing DbCommand [Parameters=[@definitionId='?' (DbType = Guid)], CommandType='Text', CommandTimeout='30']
      SELECT "v"."Id", "v"."ContenuYaml", "v"."DateChargement", "v"."DefinitionWorkflowId", "v"."DeployePar", "v"."HashVersion"
      FROM "VersionsDefinitionWorkflow" AS "v"
      WHERE "v"."DefinitionWorkflowId" = @definitionId
      ORDER BY "v"."DateChargement" DESC
dbug: Microsoft.EntityFrameworkCore.Database.Command[20100]
      Executing DbCommand [Parameters=[@id='?' (DbType = Guid)], CommandType='Text', CommandTimeout='30']
      SELECT "d0"."Id", "d0"."Actif", "d0"."ContenuYaml", "d0"."DateCreation", "d0"."DateModification", "d0"."Description", "d0"."Equipe", "d0"."HashVersion", "d0"."Nom", "v1"."Id", "v1"."ContenuYaml", "v1"."DateChargement", "v1"."DefinitionWorkflowId", "v1"."DeployePar", "v1"."HashVersion"
      FROM (
          SELECT "d"."Id", "d"."Actif", "d"."ContenuYaml", "d"."DateCreation", "d"."DateModification", "d"."Description", "d"."Equipe", "d"."HashVersion", "d"."Nom"
          FROM "DefinitionsWorkflow" AS "d"
          WHERE "d"."Id" = @id
          LIMIT 1
      ) AS "d0"
      LEFT JOIN (
          SELECT "v0"."Id", "v0"."ContenuYaml", "v0"."DateChargement", "v0"."DefinitionWorkflowId", "v0"."DeployePar", "v0"."HashVersion"
          FROM (
              SELECT "v"."Id", "v"."ContenuYaml", "v"."DateChargement", "v"."DefinitionWorkflowId", "v"."DeployePar", "v"."HashVersion", ROW_NUMBER() OVER(PARTITION BY "v"."DefinitionWorkflowId" ORDER BY "v"."DateChargement" DESC) AS "row"
              FROM "VersionsDefinitionWorkflow" AS "v"
          ) AS "v0"
          WHERE "v0"."row" <= 5
      ) AS "v1" ON "d0"."Id" = "v1"."DefinitionWorkflowId"
      ORDER BY "d0"."Id", "v1"."DefinitionWorkflowId", "v1"."DateChargement" DESC
dbug: Microsoft.EntityFrameworkCore.Database.Command[20100]
      Executing DbCommand [Parameters=[@id='?' (DbType = Guid)], CommandType='Text', CommandTimeout='30']
      SELECT "d0"."Id", "d0"."Actif", "d0"."ContenuYaml", "d0"."DateCreation", "d0"."DateModification", "d0"."Description", "d0"."Equipe", "d0"."HashVersion", "d0"."Nom", "v1"."Id", "v1"."ContenuYaml", "v1"."DateChargement", "v1"."DefinitionWorkflowId", "v1"."DeployePar", "v1"."HashVersion"
      FROM (
          SELECT "d"."Id", "d"."Actif", "d"."ContenuYaml", "d"."DateCreation", "d"."DateModification", "d"."Description", "d"."Equipe", "d"."HashVersion", "d"."Nom"
          FROM "DefinitionsWorkflow" AS "d"
          WHERE "d"."Id" = @id
          LIMIT 1
      ) AS "d0"
      LEFT JOIN (
          SELECT "v0"."Id", "v0"."ContenuYaml", "v0"."DateChargement", "v0"."DefinitionWorkflowId", "v0"."DeployePar", "v0"."HashVersion"
          FROM (
              SELECT "v"."Id", "v"."ContenuYaml", "v"."DateChargement", "v"."DefinitionWorkflowId", "v"."DeployePar", "v"."HashVersion", ROW_NUMBER() OVER(PARTITION BY "v"."DefinitionWorkflowId" ORDER BY "v"."DateChargement" DESC) AS "row"
              FROM "VersionsDefinitionWorkflow" AS "v"
          ) AS "v0"
          WHERE "v0"."row" <= 5
      ) AS "v1" ON "d0"."Id" = "v1"."DefinitionWorkflowId"
      ORDER BY "d0"."Id", "v1"."DefinitionWorkflowId", "v1"."DateChargement" DESC
info: Microsoft.EntityFrameworkCore.Database.Command[20101]
      Executed DbCommand (30ms) [Parameters=[@definitionId='?' (DbType = Guid)], CommandType='Text', CommandTimeout='30']
      SELECT "v"."Id", "v"."ContenuYaml", "v"."DateChargement", "v"."DefinitionWorkflowId", "v"."DeployePar", "v"."HashVersion"
      FROM "VersionsDefinitionWorkflow" AS "v"
      WHERE "v"."DefinitionWorkflowId" = @definitionId
      ORDER BY "v"."DateChargement" DESC
info: Microsoft.EntityFrameworkCore.Database.Command[20101]
      Executed DbCommand (6ms) [Parameters=[@id='?' (DbType = Guid)], CommandType='Text', CommandTimeout='30']
      SELECT "d0"."Id", "d0"."Actif", "d0"."ContenuYaml", "d0"."DateCreation", "d0"."DateModification", "d0"."Description", "d0"."Equipe", "d0"."HashVersion", "d0"."Nom", "v1"."Id", "v1"."ContenuYaml", "v1"."DateChargement", "v1"."DefinitionWorkflowId", "v1"."DeployePar", "v1"."HashVersion"
      FROM (
          SELECT "d"."Id", "d"."Actif", "d"."ContenuYaml", "d"."DateCreation", "d"."DateModification", "d"."Description", "d"."Equipe", "d"."HashVersion", "d"."Nom"
          FROM "DefinitionsWorkflow" AS "d"
          WHERE "d"."Id" = @id
          LIMIT 1
      ) AS "d0"
      LEFT JOIN (
          SELECT "v0"."Id", "v0"."ContenuYaml", "v0"."DateChargement", "v0"."DefinitionWorkflowId", "v0"."DeployePar", "v0"."HashVersion"
          FROM (
              SELECT "v"."Id", "v"."ContenuYaml", "v"."DateChargement", "v"."DefinitionWorkflowId", "v"."DeployePar", "v"."HashVersion", ROW_NUMBER() OVER(PARTITION BY "v"."DefinitionWorkflowId" ORDER BY "v"."DateChargement" DESC) AS "row"
              FROM "VersionsDefinitionWorkflow" AS "v"
          ) AS "v0"
          WHERE "v0"."row" <= 5
      ) AS "v1" ON "d0"."Id" = "v1"."DefinitionWorkflowId"
      ORDER BY "d0"."Id", "v1"."DefinitionWorkflowId", "v1"."DateChargement" DESC
info: Microsoft.EntityFrameworkCore.Database.Command[20101]
      Executed DbCommand (29ms) [Parameters=[@id='?' (DbType = Guid)], CommandType='Text', CommandTimeout='30']
      SELECT "d0"."Id", "d0"."Actif", "d0"."ContenuYaml", "d0"."DateCreation", "d0"."DateModification", "d0"."Description", "d0"."Equipe", "d0"."HashVersion", "d0"."Nom", "v1"."Id", "v1"."ContenuYaml", "v1"."DateChargement", "v1"."DefinitionWorkflowId", "v1"."DeployePar", "v1"."HashVersion"
      FROM (
          SELECT "d"."Id", "d"."Actif", "d"."ContenuYaml", "d"."DateCreation", "d"."DateModification", "d"."Description", "d"."Equipe", "d"."HashVersion", "d"."Nom"
          FROM "DefinitionsWorkflow" AS "d"
          WHERE "d"."Id" = @id
          LIMIT 1
      ) AS "d0"
      LEFT JOIN (
          SELECT "v0"."Id", "v0"."ContenuYaml", "v0"."DateChargement", "v0"."DefinitionWorkflowId", "v0"."DeployePar", "v0"."HashVersion"
          FROM (
              SELECT "v"."Id", "v"."ContenuYaml", "v"."DateChargement", "v"."DefinitionWorkflowId", "v"."DeployePar", "v"."HashVersion", ROW_NUMBER() OVER(PARTITION BY "v"."DefinitionWorkflowId" ORDER BY "v"."DateChargement" DESC) AS "row"
              FROM "VersionsDefinitionWorkflow" AS "v"
          ) AS "v0"
          WHERE "v0"."row" <= 5
      ) AS "v1" ON "d0"."Id" = "v1"."DefinitionWorkflowId"
      ORDER BY "d0"."Id", "v1"."DefinitionWorkflowId", "v1"."DateChargement" DESC
dbug: Microsoft.EntityFrameworkCore.ChangeTracking[10806]
      Context 'OamDbContext' started tracking 'VersionDefinitionWorkflow' entity. Consider using 'DbContextOptionsBuilder.EnableSensitiveDataLogging' to see key values.
dbug: Microsoft.EntityFrameworkCore.ChangeTracking[10806]
      Context 'OamDbContext' started tracking 'DefinitionWorkflow' entity. Consider using 'DbContextOptionsBuilder.EnableSensitiveDataLogging' to see key values.
dbug: Microsoft.EntityFrameworkCore.ChangeTracking[10806]
      Context 'OamDbContext' started tracking 'DefinitionWorkflow' entity. Consider using 'DbContextOptionsBuilder.EnableSensitiveDataLogging' to see key values.
dbug: Microsoft.EntityFrameworkCore.ChangeTracking[10806]
      Context 'OamDbContext' started tracking 'VersionDefinitionWorkflow' entity. Consider using 'DbContextOptionsBuilder.EnableSensitiveDataLogging' to see key values.
dbug: Microsoft.EntityFrameworkCore.ChangeTracking[10806]
      Context 'OamDbContext' started tracking 'VersionDefinitionWorkflow' entity. Consider using 'DbContextOptionsBuilder.EnableSensitiveDataLogging' to see key values.
dbug: Microsoft.EntityFrameworkCore.ChangeTracking[10806]
      Context 'OamDbContext' started tracking 'VersionDefinitionWorkflow' entity. Consider using 'DbContextOptionsBuilder.EnableSensitiveDataLogging' to see key values.
dbug: Microsoft.EntityFrameworkCore.ChangeTracking[10806]
      Context 'OamDbContext' started tracking 'VersionDefinitionWorkflow' entity. Consider using 'DbContextOptionsBuilder.EnableSensitiveDataLogging' to see key values.
dbug: Microsoft.EntityFrameworkCore.ChangeTracking[10806]
      Context 'OamDbContext' started tracking 'VersionDefinitionWorkflow' entity. Consider using 'DbContextOptionsBuilder.EnableSensitiveDataLogging' to see key values.
dbug: Microsoft.EntityFrameworkCore.ChangeTracking[10806]
      Context 'OamDbContext' started tracking 'VersionDefinitionWorkflow' entity. Consider using 'DbContextOptionsBuilder.EnableSensitiveDataLogging' to see key values.
dbug: Microsoft.EntityFrameworkCore.ChangeTracking[10806]
      Context 'OamDbContext' started tracking 'VersionDefinitionWorkflow' entity. Consider using 'DbContextOptionsBuilder.EnableSensitiveDataLogging' to see key values.
dbug: Microsoft.EntityFrameworkCore.ChangeTracking[10806]
      Context 'OamDbContext' started tracking 'VersionDefinitionWorkflow' entity. Consider using 'DbContextOptionsBuilder.EnableSensitiveDataLogging' to see key values.
dbug: Microsoft.EntityFrameworkCore.ChangeTracking[10806]
      Context 'OamDbContext' started tracking 'VersionDefinitionWorkflow' entity. Consider using 'DbContextOptionsBuilder.EnableSensitiveDataLogging' to see key values.
dbug: Microsoft.EntityFrameworkCore.ChangeTracking[10806]
      Context 'OamDbContext' started tracking 'VersionDefinitionWorkflow' entity. Consider using 'DbContextOptionsBuilder.EnableSensitiveDataLogging' to see key values.
dbug: Microsoft.EntityFrameworkCore.Database.Command[20301]
      Closing data reader to 'main' on server 'C:\OAM\src\OAM.Api\oam_dev.db'.
dbug: Microsoft.EntityFrameworkCore.ChangeTracking[10806]
      Context 'OamDbContext' started tracking 'VersionDefinitionWorkflow' entity. Consider using 'DbContextOptionsBuilder.EnableSensitiveDataLogging' to see key values.
dbug: Microsoft.EntityFrameworkCore.Database.Command[20300]
      A data reader for 'main' on server 'C:\OAM\src\OAM.Api\oam_dev.db' is being disposed after spending 164ms reading results.
dbug: Microsoft.EntityFrameworkCore.ChangeTracking[10806]
      Context 'OamDbContext' started tracking 'VersionDefinitionWorkflow' entity. Consider using 'DbContextOptionsBuilder.EnableSensitiveDataLogging' to see key values.
dbug: Microsoft.EntityFrameworkCore.Database.Connection[20002]
      Closing connection to database 'main' on server 'C:\OAM\src\OAM.Api\oam_dev.db'.
dbug: Microsoft.EntityFrameworkCore.ChangeTracking[10806]
      Context 'OamDbContext' started tracking 'VersionDefinitionWorkflow' entity. Consider using 'DbContextOptionsBuilder.EnableSensitiveDataLogging' to see key values.
dbug: Microsoft.EntityFrameworkCore.ChangeTracking[10806]
      Context 'OamDbContext' started tracking 'VersionDefinitionWorkflow' entity. Consider using 'DbContextOptionsBuilder.EnableSensitiveDataLogging' to see key values.
dbug: Microsoft.EntityFrameworkCore.Database.Command[20301]
      Closing data reader to 'main' on server 'C:\OAM\src\OAM.Api\oam_dev.db'.
dbug: Microsoft.EntityFrameworkCore.Database.Connection[20003]
      Closed connection to database 'main' on server 'oam_dev.db' (28ms).
dbug: Microsoft.EntityFrameworkCore.Database.Command[20300]
      A data reader for 'main' on server 'C:\OAM\src\OAM.Api\oam_dev.db' is being disposed after spending 224ms reading results.
dbug: Microsoft.EntityFrameworkCore.Database.Command[20301]
      Closing data reader to 'main' on server 'C:\OAM\src\OAM.Api\oam_dev.db'.
info: Microsoft.AspNetCore.Http.Result.OkObjectResult[1]
      Setting HTTP status code 200.
dbug: Microsoft.EntityFrameworkCore.Database.Connection[20002]
      Closing connection to database 'main' on server 'C:\OAM\src\OAM.Api\oam_dev.db'.
dbug: Microsoft.EntityFrameworkCore.Database.Command[20300]
      A data reader for 'main' on server 'C:\OAM\src\OAM.Api\oam_dev.db' is being disposed after spending 225ms reading results.
info: Microsoft.AspNetCore.Http.Result.OkObjectResult[3]
      Writing value of type 'ListSelectIterator`2' as Json.
dbug: Microsoft.EntityFrameworkCore.Database.Connection[20002]
      Closing connection to database 'main' on server 'C:\OAM\src\OAM.Api\oam_dev.db'.
dbug: Microsoft.EntityFrameworkCore.Database.Connection[20003]
      Closed connection to database 'main' on server 'oam_dev.db' (31ms).
info: Microsoft.AspNetCore.Http.Result.OkObjectResult[1]
      Setting HTTP status code 200.
info: Microsoft.AspNetCore.Http.Result.OkObjectResult[3]
      Writing value of type 'DefinitionWorkflowDto' as Json.
dbug: Microsoft.EntityFrameworkCore.Database.Connection[20003]
      Closed connection to database 'main' on server 'oam_dev.db' (29ms).
info: Microsoft.AspNetCore.Http.Result.OkObjectResult[1]
      Setting HTTP status code 200.
info: Microsoft.AspNetCore.Routing.EndpointMiddleware[1]
      Executed endpoint 'HTTP: GET /api/definitions/{id:guid}/versions'
info: Microsoft.AspNetCore.Http.Result.OkObjectResult[3]
      Writing value of type 'String' as Json.
info: Microsoft.AspNetCore.Routing.EndpointMiddleware[1]
      Executed endpoint 'HTTP: GET /api/definitions/{id:guid}'
dbug: Microsoft.EntityFrameworkCore.Infrastructure[10407]
      'OamDbContext' disposed.
dbug: Microsoft.EntityFrameworkCore.Database.Connection[20007]
      Disposing connection to database 'main' on server 'oam_dev.db'.
dbug: Microsoft.EntityFrameworkCore.Infrastructure[10407]
      'OamDbContext' disposed.
dbug: Microsoft.EntityFrameworkCore.Database.Connection[20008]
      Disposed connection to database 'main' on server 'oam_dev.db' (28ms).
info: Microsoft.AspNetCore.Routing.EndpointMiddleware[1]
      Executed endpoint 'HTTP: GET /api/definitions/{id:guid}/yaml'
dbug: Microsoft.EntityFrameworkCore.Database.Connection[20007]
      Disposing connection to database 'main' on server 'oam_dev.db'.
dbug: Microsoft.EntityFrameworkCore.Database.Connection[20008]
      Disposed connection to database 'main' on server 'oam_dev.db' (1ms).
info: Microsoft.AspNetCore.Hosting.Diagnostics[2]
      Request finished HTTP/1.1 GET http://localhost:5000/api/definitions/f64b5467-7b1c-4f92-95c9-db6a00032af1 - 200 - application/json;+charset=utf-8 627.4119ms
info: Microsoft.AspNetCore.Hosting.Diagnostics[2]
      Request finished HTTP/1.1 GET http://localhost:5000/api/definitions/f64b5467-7b1c-4f92-95c9-db6a00032af1/versions - 200 - application/json;+charset=utf-8 685.7049ms
dbug: Microsoft.EntityFrameworkCore.Infrastructure[10407]
      'OamDbContext' disposed.
dbug: Microsoft.EntityFrameworkCore.Database.Connection[20007]
      Disposing connection to database 'main' on server 'oam_dev.db'.
dbug: Microsoft.EntityFrameworkCore.Database.Connection[20008]
      Disposed connection to database 'main' on server 'oam_dev.db' (2ms).
info: Microsoft.AspNetCore.Hosting.Diagnostics[2]
      Request finished HTTP/1.1 GET http://localhost:5000/api/definitions/f64b5467-7b1c-4f92-95c9-db6a00032af1/yaml - 200 - application/json;+charset=utf-8 699.0226ms
info: Microsoft.AspNetCore.Routing.EndpointMiddleware[1]
      Executed endpoint '/hubs/workflow'
info: Microsoft.AspNetCore.Hosting.Diagnostics[2]
      Request finished HTTP/1.1 GET http://localhost:5173/hubs/workflow?id=4RU8Mt6DED3b15ne8Ve4qg&access_token=eyJhbGciOiJIUzI1NiIsInR5cCI6IkpXVCJ9.eyJodHRwOi8vc2NoZW1hcy54bWxzb2FwLm9yZy93cy8yMDA1LzA1L2lkZW50aXR5L2NsYWltcy9uYW1lIjoiaW5mb2wiLCJodHRwOi8vc2NoZW1hcy5taWNyb3NvZnQuY29tL3dzLzIwMDgvMDYvaWRlbnRpdHkvY2xhaW1zL2F1dGhlbnRpY2F0aW9ubWV0aG9kIjoiRGV2IiwianRpIjoiMjIzYjEwOTEtYTA5MS00ZTQ4LTgyZTMtMTZlNjZjNDliMzQ1IiwiZXhwIjoxNzc0ODIxNjIxLCJpc3MiOiJPQU0iLCJhdWQiOiJPQU0tRnJvbnRlbmQifQ.hHzaTgOheQaUuqQU1s4TikTVrA_rHTDJX_wwg09al7Y - 101 - - 6762.5040ms
info: Microsoft.AspNetCore.Hosting.Diagnostics[1]
      Request starting HTTP/1.1 POST http://localhost:5173/hubs/workflow/negotiate?negotiateVersion=1 - - 0
info: Microsoft.AspNetCore.Cors.Infrastructure.CorsService[4]
      CORS policy execution successful.
info: Microsoft.AspNetCore.Routing.EndpointMiddleware[0]
      Executing endpoint '/hubs/workflow/negotiate'
info: Microsoft.AspNetCore.Routing.EndpointMiddleware[1]
      Executed endpoint '/hubs/workflow/negotiate'
info: Microsoft.AspNetCore.Hosting.Diagnostics[2]
      Request finished HTTP/1.1 POST http://localhost:5173/hubs/workflow/negotiate?negotiateVersion=1 - 200 316 application/json 7.4677ms
info: Microsoft.AspNetCore.Hosting.Diagnostics[1]
      Request starting HTTP/1.1 GET http://localhost:5000/api/definitions/f64b5467-7b1c-4f92-95c9-db6a00032af1 - application/json -
info: Microsoft.AspNetCore.Hosting.Diagnostics[1]
      Request starting HTTP/1.1 GET http://localhost:5000/api/definitions/f64b5467-7b1c-4f92-95c9-db6a00032af1/yaml - - -
info: Microsoft.AspNetCore.Hosting.Diagnostics[1]
      Request starting HTTP/1.1 GET http://localhost:5173/hubs/workflow?id=CMgRS9CR-Viiz3T3I0GwCw&access_token=eyJhbGciOiJIUzI1NiIsInR5cCI6IkpXVCJ9.eyJodHRwOi8vc2NoZW1hcy54bWxzb2FwLm9yZy93cy8yMDA1LzA1L2lkZW50aXR5L2NsYWltcy9uYW1lIjoiaW5mb2wiLCJodHRwOi8vc2NoZW1hcy5taWNyb3NvZnQuY29tL3dzLzIwMDgvMDYvaWRlbnRpdHkvY2xhaW1zL2F1dGhlbnRpY2F0aW9ubWV0aG9kIjoiRGV2IiwianRpIjoiMjIzYjEwOTEtYTA5MS00ZTQ4LTgyZTMtMTZlNjZjNDliMzQ1IiwiZXhwIjoxNzc0ODIxNjIxLCJpc3MiOiJPQU0iLCJhdWQiOiJPQU0tRnJvbnRlbmQifQ.hHzaTgOheQaUuqQU1s4TikTVrA_rHTDJX_wwg09al7Y - - -
info: Microsoft.AspNetCore.Hosting.Diagnostics[1]
      Request starting HTTP/1.1 GET http://localhost:5000/api/definitions/f64b5467-7b1c-4f92-95c9-db6a00032af1/versions - application/json -
info: Microsoft.AspNetCore.Routing.EndpointMiddleware[0]
      Executing endpoint 'HTTP: GET /api/definitions/{id:guid}'
info: Microsoft.AspNetCore.Routing.EndpointMiddleware[0]
      Executing endpoint 'HTTP: GET /api/definitions/{id:guid}/yaml'
info: Microsoft.AspNetCore.Routing.EndpointMiddleware[0]
      Executing endpoint 'HTTP: GET /api/definitions/{id:guid}/versions'
info: Microsoft.AspNetCore.Cors.Infrastructure.CorsService[4]
      CORS policy execution successful.
dbug: Microsoft.EntityFrameworkCore.Infrastructure[10403]
      Entity Framework Core 10.0.5 initialized 'OamDbContext' using provider 'Microsoft.EntityFrameworkCore.Sqlite:10.0.5' with options: None
dbug: Microsoft.EntityFrameworkCore.Infrastructure[10403]
      Entity Framework Core 10.0.5 initialized 'OamDbContext' using provider 'Microsoft.EntityFrameworkCore.Sqlite:10.0.5' with options: None
dbug: Microsoft.EntityFrameworkCore.Infrastructure[10403]
      Entity Framework Core 10.0.5 initialized 'OamDbContext' using provider 'Microsoft.EntityFrameworkCore.Sqlite:10.0.5' with options: None
info: Microsoft.AspNetCore.Routing.EndpointMiddleware[0]
      Executing endpoint '/hubs/workflow'
dbug: Microsoft.EntityFrameworkCore.Database.Connection[20005]
      Creating DbConnection.
dbug: Microsoft.EntityFrameworkCore.Database.Connection[20005]
      Creating DbConnection.
dbug: Microsoft.EntityFrameworkCore.Database.Connection[20006]
      Created DbConnection. (1ms).
dbug: Microsoft.EntityFrameworkCore.Database.Connection[20005]
      Creating DbConnection.
dbug: Microsoft.EntityFrameworkCore.Database.Connection[20006]
      Created DbConnection. (2ms).
dbug: Microsoft.EntityFrameworkCore.Database.Connection[20000]
      Opening connection to database 'main' on server 'oam_dev.db'.
dbug: Microsoft.EntityFrameworkCore.Database.Connection[20000]
      Opening connection to database 'main' on server 'oam_dev.db'.
dbug: Microsoft.EntityFrameworkCore.Database.Connection[20001]
      Opened connection to database 'main' on server 'C:\OAM\src\OAM.Api\oam_dev.db'.
dbug: Microsoft.EntityFrameworkCore.Database.Connection[20001]
      Opened connection to database 'main' on server 'C:\OAM\src\OAM.Api\oam_dev.db'.
dbug: Microsoft.EntityFrameworkCore.Database.Connection[20006]
      Created DbConnection. (6ms).
dbug: Microsoft.EntityFrameworkCore.Database.Command[20103]
      Creating DbCommand for 'ExecuteReader'.
dbug: Microsoft.EntityFrameworkCore.Database.Command[20103]
      Creating DbCommand for 'ExecuteReader'.
dbug: Microsoft.EntityFrameworkCore.Database.Command[20104]
      Created DbCommand for 'ExecuteReader' (3ms).
dbug: Microsoft.EntityFrameworkCore.Database.Command[20104]
      Created DbCommand for 'ExecuteReader' (26ms).
dbug: Microsoft.EntityFrameworkCore.Database.Connection[20000]
      Opening connection to database 'main' on server 'oam_dev.db'.
dbug: Microsoft.EntityFrameworkCore.Database.Command[20106]
      Initialized DbCommand for 'ExecuteReader' (31ms).
dbug: Microsoft.EntityFrameworkCore.Database.Command[20106]
      Initialized DbCommand for 'ExecuteReader' (31ms).
dbug: Microsoft.EntityFrameworkCore.Database.Command[20100]
      Executing DbCommand [Parameters=[@id='?' (DbType = Guid)], CommandType='Text', CommandTimeout='30']
      SELECT "d0"."Id", "d0"."Actif", "d0"."ContenuYaml", "d0"."DateCreation", "d0"."DateModification", "d0"."Description", "d0"."Equipe", "d0"."HashVersion", "d0"."Nom", "v1"."Id", "v1"."ContenuYaml", "v1"."DateChargement", "v1"."DefinitionWorkflowId", "v1"."DeployePar", "v1"."HashVersion"
      FROM (
          SELECT "d"."Id", "d"."Actif", "d"."ContenuYaml", "d"."DateCreation", "d"."DateModification", "d"."Description", "d"."Equipe", "d"."HashVersion", "d"."Nom"
          FROM "DefinitionsWorkflow" AS "d"
          WHERE "d"."Id" = @id
          LIMIT 1
      ) AS "d0"
      LEFT JOIN (
          SELECT "v0"."Id", "v0"."ContenuYaml", "v0"."DateChargement", "v0"."DefinitionWorkflowId", "v0"."DeployePar", "v0"."HashVersion"
          FROM (
              SELECT "v"."Id", "v"."ContenuYaml", "v"."DateChargement", "v"."DefinitionWorkflowId", "v"."DeployePar", "v"."HashVersion", ROW_NUMBER() OVER(PARTITION BY "v"."DefinitionWorkflowId" ORDER BY "v"."DateChargement" DESC) AS "row"
              FROM "VersionsDefinitionWorkflow" AS "v"
          ) AS "v0"
          WHERE "v0"."row" <= 5
      ) AS "v1" ON "d0"."Id" = "v1"."DefinitionWorkflowId"
      ORDER BY "d0"."Id", "v1"."DefinitionWorkflowId", "v1"."DateChargement" DESC
dbug: Microsoft.EntityFrameworkCore.Database.Command[20100]
      Executing DbCommand [Parameters=[@definitionId='?' (DbType = Guid)], CommandType='Text', CommandTimeout='30']
      SELECT "v"."Id", "v"."ContenuYaml", "v"."DateChargement", "v"."DefinitionWorkflowId", "v"."DeployePar", "v"."HashVersion"
      FROM "VersionsDefinitionWorkflow" AS "v"
      WHERE "v"."DefinitionWorkflowId" = @definitionId
      ORDER BY "v"."DateChargement" DESC
dbug: Microsoft.EntityFrameworkCore.Database.Connection[20001]
      Opened connection to database 'main' on server 'C:\OAM\src\OAM.Api\oam_dev.db'.
dbug: Microsoft.EntityFrameworkCore.Database.Command[20103]
      Creating DbCommand for 'ExecuteReader'.
info: Microsoft.EntityFrameworkCore.Database.Command[20101]
      Executed DbCommand (5ms) [Parameters=[@definitionId='?' (DbType = Guid)], CommandType='Text', CommandTimeout='30']
      SELECT "v"."Id", "v"."ContenuYaml", "v"."DateChargement", "v"."DefinitionWorkflowId", "v"."DeployePar", "v"."HashVersion"
      FROM "VersionsDefinitionWorkflow" AS "v"
      WHERE "v"."DefinitionWorkflowId" = @definitionId
      ORDER BY "v"."DateChargement" DESC
dbug: Microsoft.EntityFrameworkCore.Database.Command[20104]
      Created DbCommand for 'ExecuteReader' (2ms).
dbug: Microsoft.EntityFrameworkCore.Database.Command[20106]
      Initialized DbCommand for 'ExecuteReader' (5ms).
info: Microsoft.EntityFrameworkCore.Database.Command[20101]
      Executed DbCommand (11ms) [Parameters=[@id='?' (DbType = Guid)], CommandType='Text', CommandTimeout='30']
      SELECT "d0"."Id", "d0"."Actif", "d0"."ContenuYaml", "d0"."DateCreation", "d0"."DateModification", "d0"."Description", "d0"."Equipe", "d0"."HashVersion", "d0"."Nom", "v1"."Id", "v1"."ContenuYaml", "v1"."DateChargement", "v1"."DefinitionWorkflowId", "v1"."DeployePar", "v1"."HashVersion"
      FROM (
          SELECT "d"."Id", "d"."Actif", "d"."ContenuYaml", "d"."DateCreation", "d"."DateModification", "d"."Description", "d"."Equipe", "d"."HashVersion", "d"."Nom"
          FROM "DefinitionsWorkflow" AS "d"
          WHERE "d"."Id" = @id
          LIMIT 1
      ) AS "d0"
      LEFT JOIN (
          SELECT "v0"."Id", "v0"."ContenuYaml", "v0"."DateChargement", "v0"."DefinitionWorkflowId", "v0"."DeployePar", "v0"."HashVersion"
          FROM (
              SELECT "v"."Id", "v"."ContenuYaml", "v"."DateChargement", "v"."DefinitionWorkflowId", "v"."DeployePar", "v"."HashVersion", ROW_NUMBER() OVER(PARTITION BY "v"."DefinitionWorkflowId" ORDER BY "v"."DateChargement" DESC) AS "row"
              FROM "VersionsDefinitionWorkflow" AS "v"
          ) AS "v0"
          WHERE "v0"."row" <= 5
      ) AS "v1" ON "d0"."Id" = "v1"."DefinitionWorkflowId"
      ORDER BY "d0"."Id", "v1"."DefinitionWorkflowId", "v1"."DateChargement" DESC
dbug: Microsoft.EntityFrameworkCore.ChangeTracking[10806]
      Context 'OamDbContext' started tracking 'VersionDefinitionWorkflow' entity. Consider using 'DbContextOptionsBuilder.EnableSensitiveDataLogging' to see key values.
dbug: Microsoft.EntityFrameworkCore.Database.Command[20100]
      Executing DbCommand [Parameters=[@id='?' (DbType = Guid)], CommandType='Text', CommandTimeout='30']
      SELECT "d0"."Id", "d0"."Actif", "d0"."ContenuYaml", "d0"."DateCreation", "d0"."DateModification", "d0"."Description", "d0"."Equipe", "d0"."HashVersion", "d0"."Nom", "v1"."Id", "v1"."ContenuYaml", "v1"."DateChargement", "v1"."DefinitionWorkflowId", "v1"."DeployePar", "v1"."HashVersion"
      FROM (
          SELECT "d"."Id", "d"."Actif", "d"."ContenuYaml", "d"."DateCreation", "d"."DateModification", "d"."Description", "d"."Equipe", "d"."HashVersion", "d"."Nom"
          FROM "DefinitionsWorkflow" AS "d"
          WHERE "d"."Id" = @id
          LIMIT 1
      ) AS "d0"
      LEFT JOIN (
          SELECT "v0"."Id", "v0"."ContenuYaml", "v0"."DateChargement", "v0"."DefinitionWorkflowId", "v0"."DeployePar", "v0"."HashVersion"
          FROM (
              SELECT "v"."Id", "v"."ContenuYaml", "v"."DateChargement", "v"."DefinitionWorkflowId", "v"."DeployePar", "v"."HashVersion", ROW_NUMBER() OVER(PARTITION BY "v"."DefinitionWorkflowId" ORDER BY "v"."DateChargement" DESC) AS "row"
              FROM "VersionsDefinitionWorkflow" AS "v"
          ) AS "v0"
          WHERE "v0"."row" <= 5
      ) AS "v1" ON "d0"."Id" = "v1"."DefinitionWorkflowId"
      ORDER BY "d0"."Id", "v1"."DefinitionWorkflowId", "v1"."DateChargement" DESC
dbug: Microsoft.EntityFrameworkCore.ChangeTracking[10806]
      Context 'OamDbContext' started tracking 'DefinitionWorkflow' entity. Consider using 'DbContextOptionsBuilder.EnableSensitiveDataLogging' to see key values.
dbug: Microsoft.EntityFrameworkCore.ChangeTracking[10806]
      Context 'OamDbContext' started tracking 'VersionDefinitionWorkflow' entity. Consider using 'DbContextOptionsBuilder.EnableSensitiveDataLogging' to see key values.
dbug: Microsoft.EntityFrameworkCore.ChangeTracking[10806]
      Context 'OamDbContext' started tracking 'VersionDefinitionWorkflow' entity. Consider using 'DbContextOptionsBuilder.EnableSensitiveDataLogging' to see key values.
dbug: Microsoft.EntityFrameworkCore.ChangeTracking[10806]
      Context 'OamDbContext' started tracking 'VersionDefinitionWorkflow' entity. Consider using 'DbContextOptionsBuilder.EnableSensitiveDataLogging' to see key values.
info: Microsoft.EntityFrameworkCore.Database.Command[20101]
      Executed DbCommand (8ms) [Parameters=[@id='?' (DbType = Guid)], CommandType='Text', CommandTimeout='30']
      SELECT "d0"."Id", "d0"."Actif", "d0"."ContenuYaml", "d0"."DateCreation", "d0"."DateModification", "d0"."Description", "d0"."Equipe", "d0"."HashVersion", "d0"."Nom", "v1"."Id", "v1"."ContenuYaml", "v1"."DateChargement", "v1"."DefinitionWorkflowId", "v1"."DeployePar", "v1"."HashVersion"
      FROM (
          SELECT "d"."Id", "d"."Actif", "d"."ContenuYaml", "d"."DateCreation", "d"."DateModification", "d"."Description", "d"."Equipe", "d"."HashVersion", "d"."Nom"
          FROM "DefinitionsWorkflow" AS "d"
          WHERE "d"."Id" = @id
          LIMIT 1
      ) AS "d0"
      LEFT JOIN (
          SELECT "v0"."Id", "v0"."ContenuYaml", "v0"."DateChargement", "v0"."DefinitionWorkflowId", "v0"."DeployePar", "v0"."HashVersion"
          FROM (
              SELECT "v"."Id", "v"."ContenuYaml", "v"."DateChargement", "v"."DefinitionWorkflowId", "v"."DeployePar", "v"."HashVersion", ROW_NUMBER() OVER(PARTITION BY "v"."DefinitionWorkflowId" ORDER BY "v"."DateChargement" DESC) AS "row"
              FROM "VersionsDefinitionWorkflow" AS "v"
          ) AS "v0"
          WHERE "v0"."row" <= 5
      ) AS "v1" ON "d0"."Id" = "v1"."DefinitionWorkflowId"
      ORDER BY "d0"."Id", "v1"."DefinitionWorkflowId", "v1"."DateChargement" DESC
dbug: Microsoft.EntityFrameworkCore.ChangeTracking[10806]
      Context 'OamDbContext' started tracking 'VersionDefinitionWorkflow' entity. Consider using 'DbContextOptionsBuilder.EnableSensitiveDataLogging' to see key values.
dbug: Microsoft.EntityFrameworkCore.ChangeTracking[10806]
      Context 'OamDbContext' started tracking 'VersionDefinitionWorkflow' entity. Consider using 'DbContextOptionsBuilder.EnableSensitiveDataLogging' to see key values.
dbug: Microsoft.EntityFrameworkCore.ChangeTracking[10806]
      Context 'OamDbContext' started tracking 'DefinitionWorkflow' entity. Consider using 'DbContextOptionsBuilder.EnableSensitiveDataLogging' to see key values.
dbug: Microsoft.EntityFrameworkCore.ChangeTracking[10806]
      Context 'OamDbContext' started tracking 'VersionDefinitionWorkflow' entity. Consider using 'DbContextOptionsBuilder.EnableSensitiveDataLogging' to see key values.
dbug: Microsoft.EntityFrameworkCore.ChangeTracking[10806]
      Context 'OamDbContext' started tracking 'VersionDefinitionWorkflow' entity. Consider using 'DbContextOptionsBuilder.EnableSensitiveDataLogging' to see key values.
dbug: Microsoft.EntityFrameworkCore.ChangeTracking[10806]
      Context 'OamDbContext' started tracking 'VersionDefinitionWorkflow' entity. Consider using 'DbContextOptionsBuilder.EnableSensitiveDataLogging' to see key values.
dbug: Microsoft.EntityFrameworkCore.Database.Command[20301]
      Closing data reader to 'main' on server 'C:\OAM\src\OAM.Api\oam_dev.db'.
dbug: Microsoft.EntityFrameworkCore.ChangeTracking[10806]
      Context 'OamDbContext' started tracking 'VersionDefinitionWorkflow' entity. Consider using 'DbContextOptionsBuilder.EnableSensitiveDataLogging' to see key values.
dbug: Microsoft.EntityFrameworkCore.Database.Command[20300]
      A data reader for 'main' on server 'C:\OAM\src\OAM.Api\oam_dev.db' is being disposed after spending 170ms reading results.
dbug: Microsoft.EntityFrameworkCore.ChangeTracking[10806]
      Context 'OamDbContext' started tracking 'VersionDefinitionWorkflow' entity. Consider using 'DbContextOptionsBuilder.EnableSensitiveDataLogging' to see key values.
dbug: Microsoft.EntityFrameworkCore.Database.Connection[20002]
      Closing connection to database 'main' on server 'C:\OAM\src\OAM.Api\oam_dev.db'.
dbug: Microsoft.EntityFrameworkCore.ChangeTracking[10806]
      Context 'OamDbContext' started tracking 'VersionDefinitionWorkflow' entity. Consider using 'DbContextOptionsBuilder.EnableSensitiveDataLogging' to see key values.
dbug: Microsoft.EntityFrameworkCore.ChangeTracking[10806]
      Context 'OamDbContext' started tracking 'VersionDefinitionWorkflow' entity. Consider using 'DbContextOptionsBuilder.EnableSensitiveDataLogging' to see key values.
dbug: Microsoft.EntityFrameworkCore.Database.Connection[20003]
      Closed connection to database 'main' on server 'oam_dev.db' (2ms).
dbug: Microsoft.EntityFrameworkCore.ChangeTracking[10806]
      Context 'OamDbContext' started tracking 'VersionDefinitionWorkflow' entity. Consider using 'DbContextOptionsBuilder.EnableSensitiveDataLogging' to see key values.
dbug: Microsoft.EntityFrameworkCore.Database.Command[20301]
      Closing data reader to 'main' on server 'C:\OAM\src\OAM.Api\oam_dev.db'.
info: Microsoft.AspNetCore.Http.Result.OkObjectResult[1]
      Setting HTTP status code 200.
dbug: Microsoft.EntityFrameworkCore.Database.Command[20300]
      A data reader for 'main' on server 'C:\OAM\src\OAM.Api\oam_dev.db' is being disposed after spending 150ms reading results.
dbug: Microsoft.EntityFrameworkCore.ChangeTracking[10806]
      Context 'OamDbContext' started tracking 'VersionDefinitionWorkflow' entity. Consider using 'DbContextOptionsBuilder.EnableSensitiveDataLogging' to see key values.
info: Microsoft.AspNetCore.Http.Result.OkObjectResult[3]
      Writing value of type 'ListSelectIterator`2' as Json.
dbug: Microsoft.EntityFrameworkCore.Database.Connection[20002]
      Closing connection to database 'main' on server 'C:\OAM\src\OAM.Api\oam_dev.db'.
dbug: Microsoft.EntityFrameworkCore.Database.Connection[20003]
      Closed connection to database 'main' on server 'oam_dev.db' (32ms).
dbug: Microsoft.EntityFrameworkCore.Database.Command[20301]
      Closing data reader to 'main' on server 'C:\OAM\src\OAM.Api\oam_dev.db'.
info: Microsoft.AspNetCore.Http.Result.OkObjectResult[1]
      Setting HTTP status code 200.
info: Microsoft.AspNetCore.Routing.EndpointMiddleware[1]
      Executed endpoint 'HTTP: GET /api/definitions/{id:guid}/versions'
dbug: Microsoft.EntityFrameworkCore.Database.Command[20300]
      A data reader for 'main' on server 'C:\OAM\src\OAM.Api\oam_dev.db' is being disposed after spending 145ms reading results.
info: Microsoft.AspNetCore.Http.Result.OkObjectResult[3]
      Writing value of type 'DefinitionWorkflowDto' as Json.
dbug: Microsoft.EntityFrameworkCore.Infrastructure[10407]
      'OamDbContext' disposed.
dbug: Microsoft.EntityFrameworkCore.Database.Connection[20007]
      Disposing connection to database 'main' on server 'oam_dev.db'.
dbug: Microsoft.EntityFrameworkCore.Database.Connection[20002]
      Closing connection to database 'main' on server 'C:\OAM\src\OAM.Api\oam_dev.db'.
dbug: Microsoft.EntityFrameworkCore.Database.Connection[20008]
      Disposed connection to database 'main' on server 'oam_dev.db' (35ms).
info: Microsoft.AspNetCore.Routing.EndpointMiddleware[1]
      Executed endpoint 'HTTP: GET /api/definitions/{id:guid}'
dbug: Microsoft.EntityFrameworkCore.Database.Connection[20003]
      Closed connection to database 'main' on server 'oam_dev.db' (1ms).
info: Microsoft.AspNetCore.Hosting.Diagnostics[2]
      Request finished HTTP/1.1 GET http://localhost:5000/api/definitions/f64b5467-7b1c-4f92-95c9-db6a00032af1/versions - 200 - application/json;+charset=utf-8 361.6422ms
dbug: Microsoft.EntityFrameworkCore.Infrastructure[10407]
      'OamDbContext' disposed.
info: Microsoft.AspNetCore.Http.Result.OkObjectResult[1]
      Setting HTTP status code 200.
dbug: Microsoft.EntityFrameworkCore.Database.Connection[20007]
      Disposing connection to database 'main' on server 'oam_dev.db'.
info: Microsoft.AspNetCore.Http.Result.OkObjectResult[3]
      Writing value of type 'String' as Json.
dbug: Microsoft.EntityFrameworkCore.Database.Connection[20008]
      Disposed connection to database 'main' on server 'oam_dev.db' (2ms).
info: Microsoft.AspNetCore.Hosting.Diagnostics[2]
      Request finished HTTP/1.1 GET http://localhost:5000/api/definitions/f64b5467-7b1c-4f92-95c9-db6a00032af1 - 200 - application/json;+charset=utf-8 373.6432ms
info: Microsoft.AspNetCore.Routing.EndpointMiddleware[1]
      Executed endpoint 'HTTP: GET /api/definitions/{id:guid}/yaml'
dbug: Microsoft.EntityFrameworkCore.Infrastructure[10407]
      'OamDbContext' disposed.
dbug: Microsoft.EntityFrameworkCore.Database.Connection[20007]
      Disposing connection to database 'main' on server 'oam_dev.db'.
dbug: Microsoft.EntityFrameworkCore.Database.Connection[20008]
      Disposed connection to database 'main' on server 'oam_dev.db' (1ms).
info: Microsoft.AspNetCore.Hosting.Diagnostics[2]
      Request finished HTTP/1.1 GET http://localhost:5000/api/definitions/f64b5467-7b1c-4f92-95c9-db6a00032af1/yaml - 200 - application/json;+charset=utf-8 379.6073ms
info: Microsoft.AspNetCore.Hosting.Diagnostics[1]
      Request starting HTTP/1.1 POST http://localhost:5000/api/instances/demarrer - application/json 55
info: Microsoft.AspNetCore.Cors.Infrastructure.CorsService[4]
      CORS policy execution successful.
info: Microsoft.AspNetCore.Routing.EndpointMiddleware[0]
      Executing endpoint 'HTTP: POST /api/instances/demarrer'
dbug: Microsoft.EntityFrameworkCore.Infrastructure[10403]
      Entity Framework Core 10.0.5 initialized 'OamDbContext' using provider 'Microsoft.EntityFrameworkCore.Sqlite:10.0.5' with options: None
dbug: Microsoft.EntityFrameworkCore.Database.Connection[20005]
      Creating DbConnection.
dbug: Microsoft.EntityFrameworkCore.Database.Connection[20006]
      Created DbConnection. (2ms).
dbug: Microsoft.EntityFrameworkCore.Database.Connection[20000]
      Opening connection to database 'main' on server 'oam_dev.db'.
dbug: Microsoft.EntityFrameworkCore.Database.Connection[20001]
      Opened connection to database 'main' on server 'C:\OAM\src\OAM.Api\oam_dev.db'.
dbug: Microsoft.EntityFrameworkCore.Database.Command[20103]
      Creating DbCommand for 'ExecuteReader'.
dbug: Microsoft.EntityFrameworkCore.Database.Command[20104]
      Created DbCommand for 'ExecuteReader' (2ms).
dbug: Microsoft.EntityFrameworkCore.Database.Command[20106]
      Initialized DbCommand for 'ExecuteReader' (6ms).
dbug: Microsoft.EntityFrameworkCore.Database.Command[20100]
      Executing DbCommand [Parameters=[@id='?' (DbType = Guid)], CommandType='Text', CommandTimeout='30']
      SELECT "d0"."Id", "d0"."Actif", "d0"."ContenuYaml", "d0"."DateCreation", "d0"."DateModification", "d0"."Description", "d0"."Equipe", "d0"."HashVersion", "d0"."Nom", "v1"."Id", "v1"."ContenuYaml", "v1"."DateChargement", "v1"."DefinitionWorkflowId", "v1"."DeployePar", "v1"."HashVersion"
      FROM (
          SELECT "d"."Id", "d"."Actif", "d"."ContenuYaml", "d"."DateCreation", "d"."DateModification", "d"."Description", "d"."Equipe", "d"."HashVersion", "d"."Nom"
          FROM "DefinitionsWorkflow" AS "d"
          WHERE "d"."Id" = @id
          LIMIT 1
      ) AS "d0"
      LEFT JOIN (
          SELECT "v0"."Id", "v0"."ContenuYaml", "v0"."DateChargement", "v0"."DefinitionWorkflowId", "v0"."DeployePar", "v0"."HashVersion"
          FROM (
              SELECT "v"."Id", "v"."ContenuYaml", "v"."DateChargement", "v"."DefinitionWorkflowId", "v"."DeployePar", "v"."HashVersion", ROW_NUMBER() OVER(PARTITION BY "v"."DefinitionWorkflowId" ORDER BY "v"."DateChargement" DESC) AS "row"
              FROM "VersionsDefinitionWorkflow" AS "v"
          ) AS "v0"
          WHERE "v0"."row" <= 5
      ) AS "v1" ON "d0"."Id" = "v1"."DefinitionWorkflowId"
      ORDER BY "d0"."Id", "v1"."DefinitionWorkflowId", "v1"."DateChargement" DESC
info: Microsoft.EntityFrameworkCore.Database.Command[20101]
      Executed DbCommand (2ms) [Parameters=[@id='?' (DbType = Guid)], CommandType='Text', CommandTimeout='30']
      SELECT "d0"."Id", "d0"."Actif", "d0"."ContenuYaml", "d0"."DateCreation", "d0"."DateModification", "d0"."Description", "d0"."Equipe", "d0"."HashVersion", "d0"."Nom", "v1"."Id", "v1"."ContenuYaml", "v1"."DateChargement", "v1"."DefinitionWorkflowId", "v1"."DeployePar", "v1"."HashVersion"
      FROM (
          SELECT "d"."Id", "d"."Actif", "d"."ContenuYaml", "d"."DateCreation", "d"."DateModification", "d"."Description", "d"."Equipe", "d"."HashVersion", "d"."Nom"
          FROM "DefinitionsWorkflow" AS "d"
          WHERE "d"."Id" = @id
          LIMIT 1
      ) AS "d0"
      LEFT JOIN (
          SELECT "v0"."Id", "v0"."ContenuYaml", "v0"."DateChargement", "v0"."DefinitionWorkflowId", "v0"."DeployePar", "v0"."HashVersion"
          FROM (
              SELECT "v"."Id", "v"."ContenuYaml", "v"."DateChargement", "v"."DefinitionWorkflowId", "v"."DeployePar", "v"."HashVersion", ROW_NUMBER() OVER(PARTITION BY "v"."DefinitionWorkflowId" ORDER BY "v"."DateChargement" DESC) AS "row"
              FROM "VersionsDefinitionWorkflow" AS "v"
          ) AS "v0"
          WHERE "v0"."row" <= 5
      ) AS "v1" ON "d0"."Id" = "v1"."DefinitionWorkflowId"
      ORDER BY "d0"."Id", "v1"."DefinitionWorkflowId", "v1"."DateChargement" DESC
dbug: Microsoft.EntityFrameworkCore.ChangeTracking[10806]
      Context 'OamDbContext' started tracking 'DefinitionWorkflow' entity. Consider using 'DbContextOptionsBuilder.EnableSensitiveDataLogging' to see key values.
dbug: Microsoft.EntityFrameworkCore.ChangeTracking[10806]
      Context 'OamDbContext' started tracking 'VersionDefinitionWorkflow' entity. Consider using 'DbContextOptionsBuilder.EnableSensitiveDataLogging' to see key values.
dbug: Microsoft.EntityFrameworkCore.ChangeTracking[10806]
      Context 'OamDbContext' started tracking 'VersionDefinitionWorkflow' entity. Consider using 'DbContextOptionsBuilder.EnableSensitiveDataLogging' to see key values.
dbug: Microsoft.EntityFrameworkCore.ChangeTracking[10806]
      Context 'OamDbContext' started tracking 'VersionDefinitionWorkflow' entity. Consider using 'DbContextOptionsBuilder.EnableSensitiveDataLogging' to see key values.
dbug: Microsoft.EntityFrameworkCore.ChangeTracking[10806]
      Context 'OamDbContext' started tracking 'VersionDefinitionWorkflow' entity. Consider using 'DbContextOptionsBuilder.EnableSensitiveDataLogging' to see key values.
dbug: Microsoft.EntityFrameworkCore.ChangeTracking[10806]
      Context 'OamDbContext' started tracking 'VersionDefinitionWorkflow' entity. Consider using 'DbContextOptionsBuilder.EnableSensitiveDataLogging' to see key values.
dbug: Microsoft.EntityFrameworkCore.Database.Command[20301]
      Closing data reader to 'main' on server 'C:\OAM\src\OAM.Api\oam_dev.db'.
dbug: Microsoft.EntityFrameworkCore.Database.Command[20300]
      A data reader for 'main' on server 'C:\OAM\src\OAM.Api\oam_dev.db' is being disposed after spending 9ms reading results.
dbug: Microsoft.EntityFrameworkCore.Database.Connection[20002]
      Closing connection to database 'main' on server 'C:\OAM\src\OAM.Api\oam_dev.db'.
dbug: Microsoft.EntityFrameworkCore.Database.Connection[20003]
      Closed connection to database 'main' on server 'oam_dev.db' (1ms).
dbug: Microsoft.EntityFrameworkCore.ChangeTracking[10805]
      The navigation 'InstanceWorkflow.DefinitionWorkflow' was detected as changed. Consider using 'DbContextOptionsBuilder.EnableSensitiveDataLogging' to see key values.
dbug: Microsoft.EntityFrameworkCore.ChangeTracking[10806]
      Context 'OamDbContext' started tracking 'InstanceWorkflow' entity. Consider using 'DbContextOptionsBuilder.EnableSensitiveDataLogging' to see key values.
dbug: Microsoft.EntityFrameworkCore.Update[10004]
      SaveChanges starting for 'OamDbContext'.
dbug: Microsoft.EntityFrameworkCore.ChangeTracking[10800]
      DetectChanges starting for 'OamDbContext'.
dbug: Microsoft.EntityFrameworkCore.ChangeTracking[10801]
      DetectChanges completed for 'OamDbContext'.
dbug: Microsoft.EntityFrameworkCore.Database.Connection[20000]
      Opening connection to database 'main' on server 'oam_dev.db'.
dbug: Microsoft.EntityFrameworkCore.Database.Connection[20001]
      Opened connection to database 'main' on server 'C:\OAM\src\OAM.Api\oam_dev.db'.
dbug: Microsoft.EntityFrameworkCore.Database.Command[20103]
      Creating DbCommand for 'ExecuteReader'.
dbug: Microsoft.EntityFrameworkCore.Database.Command[20104]
      Created DbCommand for 'ExecuteReader' (6ms).
dbug: Microsoft.EntityFrameworkCore.Database.Command[20106]
      Initialized DbCommand for 'ExecuteReader' (14ms).
dbug: Microsoft.EntityFrameworkCore.Database.Command[20100]
      Executing DbCommand [Parameters=[@p0='?' (DbType = Guid), @p1='?' (Size = 2), @p2='?' (Size = 32), @p3='?' (DbType = DateTime), @p4='?' (DbType = DateTime), @p5='?' (DbType = DateTime), @p6='?' (DbType = Guid), @p7='?', @p8='?', @p9='?' (Size = 7), @p10='?' (Size = 64)], CommandType='Text', CommandTimeout='30']
      INSERT INTO "InstancesWorkflow" ("Id", "ContexteExecution", "CorrelationId", "DateCreation", "DateDebut", "DateFin", "DefinitionWorkflowId", "DonneesEntree", "Erreur", "Etat", "HashVersionConfig")
      VALUES (@p0, @p1, @p2, @p3, @p4, @p5, @p6, @p7, @p8, @p9, @p10);
info: Microsoft.EntityFrameworkCore.Database.Command[20101]
      Executed DbCommand (17ms) [Parameters=[@p0='?' (DbType = Guid), @p1='?' (Size = 2), @p2='?' (Size = 32), @p3='?' (DbType = DateTime), @p4='?' (DbType = DateTime), @p5='?' (DbType = DateTime), @p6='?' (DbType = Guid), @p7='?', @p8='?', @p9='?' (Size = 7), @p10='?' (Size = 64)], CommandType='Text', CommandTimeout='30']
      INSERT INTO "InstancesWorkflow" ("Id", "ContexteExecution", "CorrelationId", "DateCreation", "DateDebut", "DateFin", "DefinitionWorkflowId", "DonneesEntree", "Erreur", "Etat", "HashVersionConfig")
      VALUES (@p0, @p1, @p2, @p3, @p4, @p5, @p6, @p7, @p8, @p9, @p10);
dbug: Microsoft.EntityFrameworkCore.Database.Command[20301]
      Closing data reader to 'main' on server 'C:\OAM\src\OAM.Api\oam_dev.db'.
dbug: Microsoft.EntityFrameworkCore.Database.Command[20300]
      A data reader for 'main' on server 'C:\OAM\src\OAM.Api\oam_dev.db' is being disposed after spending 13ms reading results.
dbug: Microsoft.EntityFrameworkCore.Database.Connection[20002]
      Closing connection to database 'main' on server 'C:\OAM\src\OAM.Api\oam_dev.db'.
dbug: Microsoft.EntityFrameworkCore.Database.Connection[20003]
      Closed connection to database 'main' on server 'oam_dev.db' (1ms).
dbug: Microsoft.EntityFrameworkCore.ChangeTracking[10807]
      An entity of type 'InstanceWorkflow' tracked by 'OamDbContext' changed state from 'Added' to 'Unchanged'. Consider using 'DbContextOptionsBuilder.EnableSensitiveDataLogging' to see key values.
dbug: Microsoft.EntityFrameworkCore.Update[10005]
      SaveChanges completed for 'OamDbContext' with 1 entities written to the database.
info: OAM.Workflow.Core.Engine.MoteurWorkflow[0]
      Workflow TraitementRendezVous démarré: Instance=ad23db66-91fe-4fab-94d1-09b6e5a103a6 [CorrelationId=af46d640e7a74b6e98fe322f94f8617e]
dbug: Microsoft.EntityFrameworkCore.ChangeTracking[10805]
      The navigation 'ExecutionTache.InstanceWorkflow' was detected as changed. Consider using 'DbContextOptionsBuilder.EnableSensitiveDataLogging' to see key values.
dbug: Microsoft.EntityFrameworkCore.ChangeTracking[10806]
      Context 'OamDbContext' started tracking 'ExecutionTache' entity. Consider using 'DbContextOptionsBuilder.EnableSensitiveDataLogging' to see key values.
dbug: Microsoft.EntityFrameworkCore.Update[10004]
      SaveChanges starting for 'OamDbContext'.
dbug: Microsoft.EntityFrameworkCore.ChangeTracking[10800]
      DetectChanges starting for 'OamDbContext'.
dbug: Microsoft.EntityFrameworkCore.ChangeTracking[10804]
      1 entities were added and 0 entities were removed from navigation 'InstanceWorkflow.Taches'. Consider using 'DbContextOptionsBuilder.EnableSensitiveDataLogging' to see key values.
dbug: Microsoft.EntityFrameworkCore.ChangeTracking[10801]
      DetectChanges completed for 'OamDbContext'.
dbug: Microsoft.EntityFrameworkCore.Database.Connection[20000]
      Opening connection to database 'main' on server 'oam_dev.db'.
dbug: Microsoft.EntityFrameworkCore.Database.Connection[20001]
      Opened connection to database 'main' on server 'C:\OAM\src\OAM.Api\oam_dev.db'.
dbug: Microsoft.EntityFrameworkCore.Database.Command[20103]
      Creating DbCommand for 'ExecuteReader'.
dbug: Microsoft.EntityFrameworkCore.Database.Command[20104]
      Created DbCommand for 'ExecuteReader' (1ms).
dbug: Microsoft.EntityFrameworkCore.Database.Command[20106]
      Initialized DbCommand for 'ExecuteReader' (2ms).
dbug: Microsoft.EntityFrameworkCore.Database.Command[20100]
      Executing DbCommand [Parameters=[@p0='?' (DbType = Guid), @p1='?' (DbType = DateTime), @p2='?' (DbType = DateTime), @p3='?', @p4='?', @p5='?', @p6='?' (Size = 9), @p7='?' (DbType = Guid), @p8='?' (Size = 20), @p9='?' (DbType = Int32), @p10='?' (DbType = Int32), @p11='?' (Size = 4)], CommandType='Text', CommandTimeout='30']
      INSERT INTO "ExecutionsTache" ("Id", "DateDebut", "DateFin", "DonneesEntree", "DonneesSortie", "Erreur", "Etat", "InstanceWorkflowId", "NomTache", "NombreTentatives", "Ordre", "TypeConnecteur")
      VALUES (@p0, @p1, @p2, @p3, @p4, @p5, @p6, @p7, @p8, @p9, @p10, @p11);
info: Microsoft.EntityFrameworkCore.Database.Command[20101]
      Executed DbCommand (5ms) [Parameters=[@p0='?' (DbType = Guid), @p1='?' (DbType = DateTime), @p2='?' (DbType = DateTime), @p3='?', @p4='?', @p5='?', @p6='?' (Size = 9), @p7='?' (DbType = Guid), @p8='?' (Size = 20), @p9='?' (DbType = Int32), @p10='?' (DbType = Int32), @p11='?' (Size = 4)], CommandType='Text', CommandTimeout='30']
      INSERT INTO "ExecutionsTache" ("Id", "DateDebut", "DateFin", "DonneesEntree", "DonneesSortie", "Erreur", "Etat", "InstanceWorkflowId", "NomTache", "NombreTentatives", "Ordre", "TypeConnecteur")
      VALUES (@p0, @p1, @p2, @p3, @p4, @p5, @p6, @p7, @p8, @p9, @p10, @p11);
dbug: Microsoft.EntityFrameworkCore.Database.Command[20301]
      Closing data reader to 'main' on server 'C:\OAM\src\OAM.Api\oam_dev.db'.
dbug: Microsoft.EntityFrameworkCore.Database.Command[20300]
      A data reader for 'main' on server 'C:\OAM\src\OAM.Api\oam_dev.db' is being disposed after spending 1ms reading results.
dbug: Microsoft.EntityFrameworkCore.Database.Connection[20002]
      Closing connection to database 'main' on server 'C:\OAM\src\OAM.Api\oam_dev.db'.
dbug: Microsoft.EntityFrameworkCore.Database.Connection[20003]
      Closed connection to database 'main' on server 'oam_dev.db' (1ms).
dbug: Microsoft.EntityFrameworkCore.ChangeTracking[10807]
      An entity of type 'ExecutionTache' tracked by 'OamDbContext' changed state from 'Added' to 'Unchanged'. Consider using 'DbContextOptionsBuilder.EnableSensitiveDataLogging' to see key values.
dbug: Microsoft.EntityFrameworkCore.Update[10005]
      SaveChanges completed for 'OamDbContext' with 1 entities written to the database.
dbug: Microsoft.EntityFrameworkCore.ChangeTracking[10807]
      An entity of type 'ExecutionTache' tracked by 'OamDbContext' changed state from 'Unchanged' to 'Modified'. Consider using 'DbContextOptionsBuilder.EnableSensitiveDataLogging' to see key values.
dbug: Microsoft.EntityFrameworkCore.Update[10004]
      SaveChanges starting for 'OamDbContext'.
dbug: Microsoft.EntityFrameworkCore.ChangeTracking[10800]
      DetectChanges starting for 'OamDbContext'.
dbug: Microsoft.EntityFrameworkCore.ChangeTracking[10801]
      DetectChanges completed for 'OamDbContext'.
dbug: Microsoft.EntityFrameworkCore.Database.Connection[20000]
      Opening connection to database 'main' on server 'oam_dev.db'.
dbug: Microsoft.EntityFrameworkCore.Database.Connection[20001]
      Opened connection to database 'main' on server 'C:\OAM\src\OAM.Api\oam_dev.db'.
dbug: Microsoft.EntityFrameworkCore.Database.Command[20103]
      Creating DbCommand for 'ExecuteReader'.
dbug: Microsoft.EntityFrameworkCore.Database.Command[20104]
      Created DbCommand for 'ExecuteReader' (1ms).
dbug: Microsoft.EntityFrameworkCore.Database.Command[20106]
      Initialized DbCommand for 'ExecuteReader' (2ms).
dbug: Microsoft.EntityFrameworkCore.Database.Command[20100]
      Executing DbCommand [Parameters=[@p11='?' (DbType = Guid), @p0='?' (DbType = DateTime), @p1='?' (DbType = DateTime), @p2='?', @p3='?', @p4='?', @p5='?' (Size = 7), @p6='?' (DbType = Guid), @p7='?' (Size = 20), @p8='?' (DbType = Int32), @p9='?' (DbType = Int32), @p10='?' (Size = 4)], CommandType='Text', CommandTimeout='30']
      UPDATE "ExecutionsTache" SET "DateDebut" = @p0, "DateFin" = @p1, "DonneesEntree" = @p2, "DonneesSortie" = @p3, "Erreur" = @p4, "Etat" = @p5, "InstanceWorkflowId" = @p6, "NomTache" = @p7, "NombreTentatives" = @p8, "Ordre" = @p9, "TypeConnecteur" = @p10
      WHERE "Id" = @p11
      RETURNING 1;
info: Microsoft.EntityFrameworkCore.Database.Command[20101]
      Executed DbCommand (2ms) [Parameters=[@p11='?' (DbType = Guid), @p0='?' (DbType = DateTime), @p1='?' (DbType = DateTime), @p2='?', @p3='?', @p4='?', @p5='?' (Size = 7), @p6='?' (DbType = Guid), @p7='?' (Size = 20), @p8='?' (DbType = Int32), @p9='?' (DbType = Int32), @p10='?' (Size = 4)], CommandType='Text', CommandTimeout='30']
      UPDATE "ExecutionsTache" SET "DateDebut" = @p0, "DateFin" = @p1, "DonneesEntree" = @p2, "DonneesSortie" = @p3, "Erreur" = @p4, "Etat" = @p5, "InstanceWorkflowId" = @p6, "NomTache" = @p7, "NombreTentatives" = @p8, "Ordre" = @p9, "TypeConnecteur" = @p10
      WHERE "Id" = @p11
      RETURNING 1;
dbug: Microsoft.EntityFrameworkCore.Database.Command[20301]
      Closing data reader to 'main' on server 'C:\OAM\src\OAM.Api\oam_dev.db'.
dbug: Microsoft.EntityFrameworkCore.Database.Command[20300]
      A data reader for 'main' on server 'C:\OAM\src\OAM.Api\oam_dev.db' is being disposed after spending 5ms reading results.
dbug: Microsoft.EntityFrameworkCore.Database.Connection[20002]
      Closing connection to database 'main' on server 'C:\OAM\src\OAM.Api\oam_dev.db'.
dbug: Microsoft.EntityFrameworkCore.Database.Connection[20003]
      Closed connection to database 'main' on server 'oam_dev.db' (1ms).
dbug: Microsoft.EntityFrameworkCore.ChangeTracking[10807]
      An entity of type 'ExecutionTache' tracked by 'OamDbContext' changed state from 'Modified' to 'Unchanged'. Consider using 'DbContextOptionsBuilder.EnableSensitiveDataLogging' to see key values.
dbug: Microsoft.EntityFrameworkCore.Update[10005]
      SaveChanges completed for 'OamDbContext' with 1 entities written to the database.
dbug: Microsoft.EntityFrameworkCore.ChangeTracking[10807]
      An entity of type 'ExecutionTache' tracked by 'OamDbContext' changed state from 'Unchanged' to 'Modified'. Consider using 'DbContextOptionsBuilder.EnableSensitiveDataLogging' to see key values.
dbug: Microsoft.EntityFrameworkCore.Update[10004]
      SaveChanges starting for 'OamDbContext'.
dbug: Microsoft.EntityFrameworkCore.ChangeTracking[10800]
      DetectChanges starting for 'OamDbContext'.
dbug: Microsoft.EntityFrameworkCore.ChangeTracking[10801]
      DetectChanges completed for 'OamDbContext'.
dbug: Microsoft.EntityFrameworkCore.Database.Connection[20000]
      Opening connection to database 'main' on server 'oam_dev.db'.
dbug: Microsoft.EntityFrameworkCore.Database.Connection[20001]
      Opened connection to database 'main' on server 'C:\OAM\src\OAM.Api\oam_dev.db'.
dbug: Microsoft.EntityFrameworkCore.Database.Command[20103]
      Creating DbCommand for 'ExecuteReader'.
dbug: Microsoft.EntityFrameworkCore.Database.Command[20104]
      Created DbCommand for 'ExecuteReader' (1ms).
dbug: Microsoft.EntityFrameworkCore.Database.Command[20106]
      Initialized DbCommand for 'ExecuteReader' (2ms).
dbug: Microsoft.EntityFrameworkCore.Database.Command[20100]
      Executing DbCommand [Parameters=[@p11='?' (DbType = Guid), @p0='?' (DbType = DateTime), @p1='?' (DbType = DateTime), @p2='?' (Size = 87), @p3='?', @p4='?' (Size = 49), @p5='?' (Size = 8), @p6='?' (DbType = Guid), @p7='?' (Size = 20), @p8='?' (DbType = Int32), @p9='?' (DbType = Int32), @p10='?' (Size = 4)], CommandType='Text', CommandTimeout='30']
      UPDATE "ExecutionsTache" SET "DateDebut" = @p0, "DateFin" = @p1, "DonneesEntree" = @p2, "DonneesSortie" = @p3, "Erreur" = @p4, "Etat" = @p5, "InstanceWorkflowId" = @p6, "NomTache" = @p7, "NombreTentatives" = @p8, "Ordre" = @p9, "TypeConnecteur" = @p10
      WHERE "Id" = @p11
      RETURNING 1;
info: Microsoft.EntityFrameworkCore.Database.Command[20101]
      Executed DbCommand (1ms) [Parameters=[@p11='?' (DbType = Guid), @p0='?' (DbType = DateTime), @p1='?' (DbType = DateTime), @p2='?' (Size = 87), @p3='?', @p4='?' (Size = 49), @p5='?' (Size = 8), @p6='?' (DbType = Guid), @p7='?' (Size = 20), @p8='?' (DbType = Int32), @p9='?' (DbType = Int32), @p10='?' (Size = 4)], CommandType='Text', CommandTimeout='30']
      UPDATE "ExecutionsTache" SET "DateDebut" = @p0, "DateFin" = @p1, "DonneesEntree" = @p2, "DonneesSortie" = @p3, "Erreur" = @p4, "Etat" = @p5, "InstanceWorkflowId" = @p6, "NomTache" = @p7, "NombreTentatives" = @p8, "Ordre" = @p9, "TypeConnecteur" = @p10
      WHERE "Id" = @p11
      RETURNING 1;
dbug: Microsoft.EntityFrameworkCore.Database.Command[20301]
      Closing data reader to 'main' on server 'C:\OAM\src\OAM.Api\oam_dev.db'.
dbug: Microsoft.EntityFrameworkCore.Database.Command[20300]
      A data reader for 'main' on server 'C:\OAM\src\OAM.Api\oam_dev.db' is being disposed after spending 3ms reading results.
dbug: Microsoft.EntityFrameworkCore.Database.Connection[20002]
      Closing connection to database 'main' on server 'C:\OAM\src\OAM.Api\oam_dev.db'.
dbug: Microsoft.EntityFrameworkCore.Database.Connection[20003]
      Closed connection to database 'main' on server 'oam_dev.db' (1ms).
dbug: Microsoft.EntityFrameworkCore.ChangeTracking[10807]
      An entity of type 'ExecutionTache' tracked by 'OamDbContext' changed state from 'Modified' to 'Unchanged'. Consider using 'DbContextOptionsBuilder.EnableSensitiveDataLogging' to see key values.
dbug: Microsoft.EntityFrameworkCore.Update[10005]
      SaveChanges completed for 'OamDbContext' with 1 entities written to the database.
dbug: Microsoft.EntityFrameworkCore.ChangeTracking[10807]
      An entity of type 'InstanceWorkflow' tracked by 'OamDbContext' changed state from 'Unchanged' to 'Modified'. Consider using 'DbContextOptionsBuilder.EnableSensitiveDataLogging' to see key values.
dbug: Microsoft.EntityFrameworkCore.Update[10004]
      SaveChanges starting for 'OamDbContext'.
dbug: Microsoft.EntityFrameworkCore.ChangeTracking[10800]
      DetectChanges starting for 'OamDbContext'.
dbug: Microsoft.EntityFrameworkCore.ChangeTracking[10801]
      DetectChanges completed for 'OamDbContext'.
dbug: Microsoft.EntityFrameworkCore.Database.Connection[20000]
      Opening connection to database 'main' on server 'oam_dev.db'.
dbug: Microsoft.EntityFrameworkCore.Database.Connection[20001]
      Opened connection to database 'main' on server 'C:\OAM\src\OAM.Api\oam_dev.db'.
dbug: Microsoft.EntityFrameworkCore.Database.Command[20103]
      Creating DbCommand for 'ExecuteReader'.
dbug: Microsoft.EntityFrameworkCore.Database.Command[20104]
      Created DbCommand for 'ExecuteReader' (1ms).
dbug: Microsoft.EntityFrameworkCore.Database.Command[20106]
      Initialized DbCommand for 'ExecuteReader' (2ms).
dbug: Microsoft.EntityFrameworkCore.Database.Command[20100]
      Executing DbCommand [Parameters=[@p10='?' (DbType = Guid), @p0='?' (Size = 2), @p1='?' (Size = 32), @p2='?' (DbType = DateTime), @p3='?' (DbType = DateTime), @p4='?' (DbType = DateTime), @p5='?' (DbType = Guid), @p6='?', @p7='?' (Size = 79), @p8='?' (Size = 8), @p9='?' (Size = 64)], CommandType='Text', CommandTimeout='30']
      UPDATE "InstancesWorkflow" SET "ContexteExecution" = @p0, "CorrelationId" = @p1, "DateCreation" = @p2, "DateDebut" = @p3, "DateFin" = @p4, "DefinitionWorkflowId" = @p5, "DonneesEntree" = @p6, "Erreur" = @p7, "Etat" = @p8, "HashVersionConfig" = @p9
      WHERE "Id" = @p10
      RETURNING 1;
info: Microsoft.EntityFrameworkCore.Database.Command[20101]
      Executed DbCommand (1ms) [Parameters=[@p10='?' (DbType = Guid), @p0='?' (Size = 2), @p1='?' (Size = 32), @p2='?' (DbType = DateTime), @p3='?' (DbType = DateTime), @p4='?' (DbType = DateTime), @p5='?' (DbType = Guid), @p6='?', @p7='?' (Size = 79), @p8='?' (Size = 8), @p9='?' (Size = 64)], CommandType='Text', CommandTimeout='30']
      UPDATE "InstancesWorkflow" SET "ContexteExecution" = @p0, "CorrelationId" = @p1, "DateCreation" = @p2, "DateDebut" = @p3, "DateFin" = @p4, "DefinitionWorkflowId" = @p5, "DonneesEntree" = @p6, "Erreur" = @p7, "Etat" = @p8, "HashVersionConfig" = @p9
      WHERE "Id" = @p10
      RETURNING 1;
dbug: Microsoft.EntityFrameworkCore.Database.Command[20301]
      Closing data reader to 'main' on server 'C:\OAM\src\OAM.Api\oam_dev.db'.
dbug: Microsoft.EntityFrameworkCore.Database.Command[20300]
      A data reader for 'main' on server 'C:\OAM\src\OAM.Api\oam_dev.db' is being disposed after spending 3ms reading results.
dbug: Microsoft.EntityFrameworkCore.Database.Connection[20002]
      Closing connection to database 'main' on server 'C:\OAM\src\OAM.Api\oam_dev.db'.
dbug: Microsoft.EntityFrameworkCore.Database.Connection[20003]
      Closed connection to database 'main' on server 'oam_dev.db' (1ms).
dbug: Microsoft.EntityFrameworkCore.ChangeTracking[10807]
      An entity of type 'InstanceWorkflow' tracked by 'OamDbContext' changed state from 'Modified' to 'Unchanged'. Consider using 'DbContextOptionsBuilder.EnableSensitiveDataLogging' to see key values.
dbug: Microsoft.EntityFrameworkCore.Update[10005]
      SaveChanges completed for 'OamDbContext' with 1 entities written to the database.
fail: OAM.Workflow.Core.Engine.MoteurWorkflow[0]
      Tâche rechercherRendezVous en erreur: Configuration HTTP 'getRendezVousApi' introuvable [CorrelationId=af46d640e7a74b6e98fe322f94f8617e]
info: Microsoft.AspNetCore.Http.Result.OkObjectResult[1]
      Setting HTTP status code 200.
info: Microsoft.AspNetCore.Http.Result.OkObjectResult[3]
      Writing value of type 'InstanceWorkflowDto' as Json.
info: Microsoft.AspNetCore.Routing.EndpointMiddleware[1]
      Executed endpoint 'HTTP: POST /api/instances/demarrer'
dbug: Microsoft.EntityFrameworkCore.Infrastructure[10407]
      'OamDbContext' disposed.
dbug: Microsoft.EntityFrameworkCore.Database.Connection[20007]
      Disposing connection to database 'main' on server 'oam_dev.db'.
dbug: Microsoft.EntityFrameworkCore.Database.Connection[20008]
      Disposed connection to database 'main' on server 'oam_dev.db' (1ms).
info: Microsoft.AspNetCore.Hosting.Diagnostics[2]
      Request finished HTTP/1.1 POST http://localhost:5000/api/instances/demarrer - 200 - application/json;+charset=utf-8 2844.5591ms
info: Microsoft.AspNetCore.Hosting.Diagnostics[1]
      Request starting HTTP/1.1 GET http://localhost:5000/api/instances/ad23db66-91fe-4fab-94d1-09b6e5a103a6 - application/json -
info: Microsoft.AspNetCore.Routing.EndpointMiddleware[0]
      Executing endpoint 'HTTP: GET /api/instances/{id:guid}'
dbug: Microsoft.EntityFrameworkCore.Infrastructure[10403]
      Entity Framework Core 10.0.5 initialized 'OamDbContext' using provider 'Microsoft.EntityFrameworkCore.Sqlite:10.0.5' with options: None
dbug: Microsoft.EntityFrameworkCore.Query[10111]
      Compiling query expression: 
      'DbSet<InstanceWorkflow>()
          .Include(i => i.Taches
              .OrderBy(t => t.Ordre))
          .Include(i => i.DefinitionWorkflow)
          .FirstOrDefault(i => i.Id == @id)'
dbug: Microsoft.EntityFrameworkCore.Query[10112]
      Including navigation: 'InstanceWorkflow.Taches'.
dbug: Microsoft.EntityFrameworkCore.Query[10112]
      Including navigation: 'InstanceWorkflow.DefinitionWorkflow'.
dbug: Microsoft.EntityFrameworkCore.Query[10107]
      Generated query execution expression: 
      'queryContext => ShapedQueryCompilingExpressionVisitor.SingleOrDefaultAsync<InstanceWorkflow>(
          asyncEnumerable: SingleQueryingEnumerable.Create<InstanceWorkflow>(
              relationalQueryContext: (RelationalQueryContext)queryContext, 
              relationalCommandResolver: parameters => [LIFTABLE Constant: RelationalCommandCache.QueryExpression(
                  Client Projections:
                      0 -> Dictionary<IPropertyBase, int> { [Property: InstanceWorkflow.Id (Guid) Required PK AfterSave:Throw ValueGenerated.OnAdd, 0], [Property: InstanceWorkflow.ContexteExecution (string), 1], [Property: InstanceWorkflow.CorrelationId (string) Required Index MaxLength(100), 2], [Property: InstanceWorkflow.DateCreation (DateTime) Required, 3], [Property: InstanceWorkflow.DateDebut (DateTime?), 4], [Property: InstanceWorkflow.DateFin (DateTime?), 5], [Property: InstanceWorkflow.DefinitionWorkflowId (Guid) Required FK Index, 6], [Property: InstanceWorkflow.DonneesEntree (string), 7], [Property: InstanceWorkflow.Erreur (string), 8], [Property: InstanceWorkflow.Etat (EtatWorkflow) Required Index MaxLength(20), 9], [Property: InstanceWorkflow.HashVersionConfig (string) Required MaxLength(64), 10] }
                      1 -> 0
                      2 -> 11
                      3 -> Dictionary<IPropertyBase, int> { [Property: ExecutionTache.Id (Guid) Required PK AfterSave:Throw ValueGenerated.OnAdd, 12], [Property: ExecutionTache.DateDebut (DateTime?), 13], [Property: ExecutionTache.DateFin (DateTime?), 14], [Property: ExecutionTache.DonneesEntree (string), 15], [Property: ExecutionTache.DonneesSortie (string), 16], [Property: ExecutionTache.Erreur (string), 17], [Property: ExecutionTache.Etat (EtatTache) Required MaxLength(20), 18], [Property: ExecutionTache.InstanceWorkflowId (Guid) Required FK Index, 19], [Property: ExecutionTache.NomTache (string) Required Index MaxLength(200), 20], [Property: ExecutionTache.NombreTentatives (int) Required, 21], [Property: ExecutionTache.Ordre (int) Required, 22], [Property: ExecutionTache.TypeConnecteur (string) Required MaxLength(50), 23] }
                      4 -> 12
                      5 -> Dictionary<IPropertyBase, int> { [Property: DefinitionWorkflow.Id (Guid) Required PK AfterSave:Throw ValueGenerated.OnAdd, 11], [Property: DefinitionWorkflow.Actif (bool) Required, 24], [Property: DefinitionWorkflow.ContenuYaml (string) Required, 25], [Property: DefinitionWorkflow.DateCreation (DateTime) Required, 26], [Property: DefinitionWorkflow.DateModification (DateTime) Required, 27], [Property: DefinitionWorkflow.Description (string), 28], [Property: DefinitionWorkflow.Equipe (string) MaxLength(100), 29], [Property: DefinitionWorkflow.HashVersion (string) Required Index MaxLength(64), 30], [Property: DefinitionWorkflow.Nom (string) Required Index MaxLength(200), 31] }
                  SELECT s.Id, s.ContexteExecution, s.CorrelationId, s.DateCreation, s.DateDebut, s.DateFin, s.DefinitionWorkflowId, s.DonneesEntree, s.Erreur, s.Etat, s.HashVersionConfig, s.Id0, e.Id, e.DateDebut, e.DateFin, e.DonneesEntree, e.DonneesSortie, e.Erreur, e.Etat, e.InstanceWorkflowId, e.NomTache, e.NombreTentatives, e.Ordre, e.TypeConnecteur, s.Actif, s.ContenuYaml, s.DateCreation0, s.DateModification, s.Description, s.Equipe, s.HashVersion, s.Nom
                  FROM 
                  (
                      SELECT TOP(1) i.Id, i.ContexteExecution, i.CorrelationId, i.DateCreation, i.DateDebut, i.DateFin, i.DefinitionWorkflowId, i.DonneesEntree, i.Erreur, i.Etat, i.HashVersionConfig, d.Id AS Id0, d.Actif, d.ContenuYaml, d.DateCreation AS DateCreation0, d.DateModification, d.Description, d.Equipe, d.HashVersion, d.Nom
                      FROM InstancesWorkflow AS i
                      INNER JOIN DefinitionsWorkflow AS d ON i.DefinitionWorkflowId == d.Id
                      WHERE i.Id == @id
                  ) AS s
                  LEFT JOIN ExecutionsTache AS e ON s.Id == e.InstanceWorkflowId
                  ORDER BY s.Id ASC, s.Id0 ASC, e.Ordre ASC) | Resolver: c => new RelationalCommandCache(
                  c.Dependencies.MemoryCache, 
                  c.RelationalDependencies.QuerySqlGeneratorFactory, 
                  c.RelationalDependencies.RelationalParameterBasedSqlProcessorFactory, 
                  Client Projections:
                      0 -> Dictionary<IPropertyBase, int> { [Property: InstanceWorkflow.Id (Guid) Required PK AfterSave:Throw ValueGenerated.OnAdd, 0], [Property: InstanceWorkflow.ContexteExecution (string), 1], [Property: InstanceWorkflow.CorrelationId (string) Required Index MaxLength(100), 2], [Property: InstanceWorkflow.DateCreation (DateTime) Required, 3], [Property: InstanceWorkflow.DateDebut (DateTime?), 4], [Property: InstanceWorkflow.DateFin (DateTime?), 5], [Property: InstanceWorkflow.DefinitionWorkflowId (Guid) Required FK Index, 6], [Property: InstanceWorkflow.DonneesEntree (string), 7], [Property: InstanceWorkflow.Erreur (string), 8], [Property: InstanceWorkflow.Etat (EtatWorkflow) Required Index MaxLength(20), 9], [Property: InstanceWorkflow.HashVersionConfig (string) Required MaxLength(64), 10] }
                      1 -> 0
                      2 -> 11
                      3 -> Dictionary<IPropertyBase, int> { [Property: ExecutionTache.Id (Guid) Required PK AfterSave:Throw ValueGenerated.OnAdd, 12], [Property: ExecutionTache.DateDebut (DateTime?), 13], [Property: ExecutionTache.DateFin (DateTime?), 14], [Property: ExecutionTache.DonneesEntree (string), 15], [Property: ExecutionTache.DonneesSortie (string), 16], [Property: ExecutionTache.Erreur (string), 17], [Property: ExecutionTache.Etat (EtatTache) Required MaxLength(20), 18], [Property: ExecutionTache.InstanceWorkflowId (Guid) Required FK Index, 19], [Property: ExecutionTache.NomTache (string) Required Index MaxLength(200), 20], [Property: ExecutionTache.NombreTentatives (int) Required, 21], [Property: ExecutionTache.Ordre (int) Required, 22], [Property: ExecutionTache.TypeConnecteur (string) Required MaxLength(50), 23] }
                      4 -> 12
                      5 -> Dictionary<IPropertyBase, int> { [Property: DefinitionWorkflow.Id (Guid) Required PK AfterSave:Throw ValueGenerated.OnAdd, 11], [Property: DefinitionWorkflow.Actif (bool) Required, 24], [Property: DefinitionWorkflow.ContenuYaml (string) Required, 25], [Property: DefinitionWorkflow.DateCreation (DateTime) Required, 26], [Property: DefinitionWorkflow.DateModification (DateTime) Required, 27], [Property: DefinitionWorkflow.Description (string), 28], [Property: DefinitionWorkflow.Equipe (string) MaxLength(100), 29], [Property: DefinitionWorkflow.HashVersion (string) Required Index MaxLength(64), 30], [Property: DefinitionWorkflow.Nom (string) Required Index MaxLength(200), 31] }
                  SELECT s.Id, s.ContexteExecution, s.CorrelationId, s.DateCreation, s.DateDebut, s.DateFin, s.DefinitionWorkflowId, s.DonneesEntree, s.Erreur, s.Etat, s.HashVersionConfig, s.Id0, e.Id, e.DateDebut, e.DateFin, e.DonneesEntree, e.DonneesSortie, e.Erreur, e.Etat, e.InstanceWorkflowId, e.NomTache, e.NombreTentatives, e.Ordre, e.TypeConnecteur, s.Actif, s.ContenuYaml, s.DateCreation0, s.DateModification, s.Description, s.Equipe, s.HashVersion, s.Nom
                  FROM 
                  (
                      SELECT TOP(1) i.Id, i.ContexteExecution, i.CorrelationId, i.DateCreation, i.DateDebut, i.DateFin, i.DefinitionWorkflowId, i.DonneesEntree, i.Erreur, i.Etat, i.HashVersionConfig, d.Id AS Id0, d.Actif, d.ContenuYaml, d.DateCreation AS DateCreation0, d.DateModification, d.Description, d.Equipe, d.HashVersion, d.Nom
                      FROM InstancesWorkflow AS i
                      INNER JOIN DefinitionsWorkflow AS d ON i.DefinitionWorkflowId == d.Id
                      WHERE i.Id == @id
                  ) AS s
                  LEFT JOIN ExecutionsTache AS e ON s.Id == e.InstanceWorkflowId
                  ORDER BY s.Id ASC, s.Id0 ASC, e.Ordre ASC, 
                  False, 
                  MultipleParameters
              )].GetRelationalCommandTemplate(parameters), 
              readerColumns: null, 
              shaper: (queryContext, dataReader, resultContext, resultCoordinator) => 
              {
                  resultContext.Values == null ? 
                  {
                      InstanceWorkflow entity;
                      DefinitionWorkflow entity;
                      entity = 
                      {
                          MaterializationContext materializationContext1;
                          IEntityType entityType1;
                          InstanceWorkflow instance1;
                          InternalEntityEntry entry1;
                          bool hasNullKey1;
                          materializationContext1 = new MaterializationContext(
                              [LIFTABLE Constant: ValueBuffer | Resolver: _ => (object)ValueBuffer.Empty], 
                              queryContext.Context
                          );
                          instance1 = default(InstanceWorkflow);
                          entry1 = queryContext.TryGetEntry(
                              key: [LIFTABLE Constant: Key: InstanceWorkflow.Id PK | Resolver: c => c.Dependencies.Model.FindEntityType("OAM.Domain.Entities.InstanceWorkflow").FindPrimaryKey()], 
                              keyValues: new object[]{ (object)dataReader.GetGuid(0) }, 
                              throwOnNullKey: True, 
                              hasNullKey: hasNullKey1);
                          !(hasNullKey1) ? entry1 != default(InternalEntityEntry) ? 
                          {
                              entityType1 = entry1.EntityType;
                              return instance1 = (InstanceWorkflow)entry1.Entity;
                          } : 
                          {
                              ISnapshot shadowSnapshot1;
                              shadowSnapshot1 = [LIFTABLE Constant: Snapshot | Resolver: _ => Snapshot.Empty];
                              entityType1 = [LIFTABLE Constant: EntityType: InstanceWorkflow | Resolver: namelessParameter{0} => namelessParameter{0}.Dependencies.Model.FindEntityType("OAM.Domain.Entities.InstanceWorkflow")];
                              instance1 = switch (entityType1)
                              {
                                  case [LIFTABLE Constant: EntityType: InstanceWorkflow | Resolver: namelessParameter{1} => namelessParameter{1}.Dependencies.Model.FindEntityType("OAM.Domain.Entities.InstanceWorkflow")]: 
                                      {
                                          return 
                                          {
                                              InstanceWorkflow instance;
                                              instance = new InstanceWorkflow();
                                              instance.<Id>k__BackingField = dataReader.GetGuid(0);
                                              instance.<ContexteExecution>k__BackingField = dataReader.IsDBNull(1) ? default(string) : dataReader.GetString(1);
                                              instance.<CorrelationId>k__BackingField = dataReader.GetString(2);
                                              instance.<DateCreation>k__BackingField = dataReader.GetDateTime(3);
                                              instance.<DateDebut>k__BackingField = dataReader.IsDBNull(4) ? default(DateTime?) : (DateTime?)dataReader.GetDateTime(4);
                                              instance.<DateFin>k__BackingField = dataReader.IsDBNull(5) ? default(DateTime?) : (DateTime?)dataReader.GetDateTime(5);
                                              instance.<DefinitionWorkflowId>k__BackingField = dataReader.GetGuid(6);
                                              instance.<DonneesEntree>k__BackingField = dataReader.IsDBNull(7) ? default(string) : dataReader.GetString(7);
                                              instance.<Erreur>k__BackingField = dataReader.IsDBNull(8) ? default(string) : dataReader.GetString(8);
                                              instance.<Etat>k__BackingField = Invoke(((EnumToStringConverter<EtatWorkflow>)((IReadOnlyProperty)[LIFTABLE Constant: Property: InstanceWorkflow.Etat (EtatWorkflow) Required Index MaxLength(20) | Resolver: namelessParameter{2} => namelessParameter{2}.Dependencies.Model.FindEntityType("OAM.Domain.Entities.InstanceWorkflow").FindProperty("Etat")]).GetTypeMapping().Converter).ConvertFromProviderTyped, dataReader.GetString(9));
                                              instance.<HashVersionConfig>k__BackingField = dataReader.GetString(10);
                                              (instance is IInjectableService) ? ((IInjectableService)instance).Injected(
                                                  context: materializationContext1.Context, 
                                                  entity: instance, 
                                                  queryTrackingBehavior: TrackAll, 
                                                  structuralType: [LIFTABLE Constant: EntityType: InstanceWorkflow | Resolver: namelessParameter{3} => namelessParameter{3}.Dependencies.Model.FindEntityType("OAM.Domain.Entities.InstanceWorkflow")]) : default(void);
                                              return instance;
                                          }}
                                  default: 
                                      default(InstanceWorkflow)
                              }
                              ;
                              entry1 = entityType1 == default(IEntityType) ? default(InternalEntityEntry) : queryContext.StartTracking(
                                  entityType: entityType1, 
                                  entity: instance1, 
                                  snapshot: shadowSnapshot1);
                              return instance1;
                          } : default(void);
                          return instance1;
                      };
                      entity = 
                      {
                          MaterializationContext materializationContext3;
                          IEntityType entityType3;
                          DefinitionWorkflow instance3;
                          InternalEntityEntry entry3;
                          bool hasNullKey3;
                          materializationContext3 = new MaterializationContext(
                              [LIFTABLE Constant: ValueBuffer | Resolver: _ => (object)ValueBuffer.Empty], 
                              queryContext.Context
                          );
                          instance3 = default(DefinitionWorkflow);
                          entry3 = queryContext.TryGetEntry(
                              key: [LIFTABLE Constant: Key: DefinitionWorkflow.Id PK | Resolver: c => c.Dependencies.Model.FindEntityType("OAM.Domain.Entities.DefinitionWorkflow").FindPrimaryKey()], 
                              keyValues: new object[]{ (object)dataReader.GetGuid(11) }, 
                              throwOnNullKey: True, 
                              hasNullKey: hasNullKey3);
                          !(hasNullKey3) ? entry3 != default(InternalEntityEntry) ? 
                          {
                              entityType3 = entry3.EntityType;
                              return instance3 = (DefinitionWorkflow)entry3.Entity;
                          } : 
                          {
                              ISnapshot shadowSnapshot3;
                              shadowSnapshot3 = [LIFTABLE Constant: Snapshot | Resolver: _ => Snapshot.Empty];
                              entityType3 = [LIFTABLE Constant: EntityType: DefinitionWorkflow | Resolver: namelessParameter{4} => namelessParameter{4}.Dependencies.Model.FindEntityType("OAM.Domain.Entities.DefinitionWorkflow")];
                              instance3 = switch (entityType3)
                              {
                                  case [LIFTABLE Constant: EntityType: DefinitionWorkflow | Resolver: namelessParameter{5} => namelessParameter{5}.Dependencies.Model.FindEntityType("OAM.Domain.Entities.DefinitionWorkflow")]: 
                                      {
                                          return 
                                          {
                                              DefinitionWorkflow instance;
                                              instance = new DefinitionWorkflow();
                                              instance.<Id>k__BackingField = dataReader.GetGuid(11);
                                              instance.<Actif>k__BackingField = dataReader.GetBoolean(24);
                                              instance.<ContenuYaml>k__BackingField = dataReader.GetString(25);
                                              instance.<DateCreation>k__BackingField = dataReader.GetDateTime(26);
                                              instance.<DateModification>k__BackingField = dataReader.GetDateTime(27);
                                              instance.<Description>k__BackingField = dataReader.IsDBNull(28) ? default(string) : dataReader.GetString(28);
                                              instance.<Equipe>k__BackingField = dataReader.IsDBNull(29) ? default(string) : dataReader.GetString(29);
                                              instance.<HashVersion>k__BackingField = dataReader.GetString(30);
                                              instance.<Nom>k__BackingField = dataReader.GetString(31);
                                              (instance is IInjectableService) ? ((IInjectableService)instance).Injected(
                                                  context: materializationContext3.Context, 
                                                  entity: instance, 
                                                  queryTrackingBehavior: TrackAll, 
                                                  structuralType: [LIFTABLE Constant: EntityType: DefinitionWorkflow | Resolver: namelessParameter{6} => namelessParameter{6}.Dependencies.Model.FindEntityType("OAM.Domain.Entities.DefinitionWorkflow")]) : default(void);
                                              return instance;
                                          }}
                                  default: 
                                      default(DefinitionWorkflow)
                              }
                              ;
                              entry3 = entityType3 == default(IEntityType) ? default(InternalEntityEntry) : queryContext.StartTracking(
                                  entityType: entityType3, 
                                  entity: instance3, 
                                  snapshot: shadowSnapshot3);
                              return instance3;
                          } : default(void);
                          return instance3;
                      };
                      resultContext.Values = new object[]
                      { 
                          entity, 
                          entity 
                      };
                      ShaperProcessingExpressionVisitor.InitializeIncludeCollection<InstanceWorkflow, InstanceWorkflow>(
                          collectionId: 0, 
                          queryContext: queryContext, 
                          dbDataReader: dataReader, 
                          resultCoordinator: resultCoordinator, 
                          entity: (InstanceWorkflow)(resultContext.Values[0]), 
                          parentIdentifier: [LIFTABLE Constant: Func<QueryContext, DbDataReader, object[]> | Resolver: _ => (queryContext, dataReader) => new object[]
                          { 
                              (object)(Guid?)dataReader.GetGuid(0), 
                              (object)(Guid?)dataReader.GetGuid(11) 
                          }], 
                          outerIdentifier: [LIFTABLE Constant: Func<QueryContext, DbDataReader, object[]> | Resolver: _ => (queryContext, dataReader) => new object[]
                          { 
                              (object)(Guid?)dataReader.GetGuid(0), 
                              (object)(Guid?)dataReader.GetGuid(11) 
                          }], 
                          navigation: [LIFTABLE Constant: Navigation: InstanceWorkflow.Taches (ICollection<ExecutionTache>) Collection ToDependent ExecutionTache Inverse: InstanceWorkflow | Resolver: namelessParameter{7} => namelessParameter{7}.Dependencies.Model.FindEntityType("OAM.Domain.Entities.InstanceWorkflow").FindNavigation("Taches")], 
                          clrCollectionAccessor: [LIFTABLE Constant: ClrCollectionAccessor<InstanceWorkflow, ICollection<ExecutionTache>, ExecutionTache> | Resolver: namelessParameter{8} => namelessParameter{8}.Dependencies.Model.FindEntityType("OAM.Domain.Entities.InstanceWorkflow").FindNavigation("Taches").GetCollectionAccessor()], 
                          trackingQuery: True, 
                          setLoaded: True);
                      ShaperProcessingExpressionVisitor.IncludeReference<InstanceWorkflow, InstanceWorkflow, DefinitionWorkflow>(
                          queryContext: queryContext, 
                          entity: (InstanceWorkflow)(resultContext.Values[0]), 
                          relatedEntity: (DefinitionWorkflow)(resultContext.Values[1]), 
                          navigation: [LIFTABLE Constant: Navigation: InstanceWorkflow.DefinitionWorkflow (DefinitionWorkflow) Required ToPrincipal DefinitionWorkflow Inverse: Instances | Resolver: namelessParameter{9} => namelessParameter{9}.Dependencies.Model.FindEntityType("OAM.Domain.Entities.InstanceWorkflow").FindNavigation("DefinitionWorkflow")], 
                          inverseNavigation: [LIFTABLE Constant: Navigation: DefinitionWorkflow.Instances (ICollection<InstanceWorkflow>) Collection ToDependent InstanceWorkflow Inverse: DefinitionWorkflow | Resolver: namelessParameter{10} => namelessParameter{10}.Dependencies.Model.FindEntityType("OAM.Domain.Entities.DefinitionWorkflow").FindNavigation("Instances")], 
                          fixup: (namelessParameter{11}, namelessParameter{12}) => 
                          {
                              namelessParameter{11}.<DefinitionWorkflow>k__BackingField = namelessParameter{12};
                              return [LIFTABLE Constant: ClrCollectionAccessor<DefinitionWorkflow, ICollection<InstanceWorkflow>, InstanceWorkflow> | Resolver: namelessParameter{13} => namelessParameter{13}.Dependencies.Model.FindEntityType("OAM.Domain.Entities.DefinitionWorkflow").FindNavigation("Instances").GetCollectionAccessor()].Add(
                                  entity: namelessParameter{12}, 
                                  value: namelessParameter{11}, 
                                  forMaterialization: True);
                          }, 
                          trackingQuery: True);
                  } : default(void);
                  ShaperProcessingExpressionVisitor.PopulateIncludeCollection<InstanceWorkflow, ExecutionTache>(
                      collectionId: 0, 
                      queryContext: queryContext, 
                      dbDataReader: dataReader, 
                      resultCoordinator: resultCoordinator, 
                      parentIdentifier: [LIFTABLE Constant: Func<QueryContext, DbDataReader, object[]> | Resolver: _ => (queryContext, dataReader) => new object[]
                      { 
                          (object)(Guid?)dataReader.GetGuid(0), 
                          (object)(Guid?)dataReader.GetGuid(11) 
                      }], 
                      outerIdentifier: [LIFTABLE Constant: Func<QueryContext, DbDataReader, object[]> | Resolver: _ => (queryContext, dataReader) => new object[]
                      { 
                          (object)(Guid?)dataReader.GetGuid(0), 
                          (object)(Guid?)dataReader.GetGuid(11) 
                      }], 
                      selfIdentifier: [LIFTABLE Constant: Func<QueryContext, DbDataReader, object[]> | Resolver: _ => (queryContext, dataReader) => new object[]{ (object)dataReader.IsDBNull(12) ? default(Guid?) : (Guid?)dataReader.GetGuid(12) }], 
                      parentIdentifierValueComparers: [LIFTABLE Constant: Func<object, object, bool>[] { Func<object, object, bool>, Func<object, object, bool> } | Resolver: _ => new Func<object, object, bool>[]
                      { 
                          (left, right) => left == null ? right == null : right != null && (Guid)left == (Guid)right, 
                          (left, right) => left == null ? right == null : right != null && (Guid)left == (Guid)right 
                      }], 
                      outerIdentifierValueComparers: [LIFTABLE Constant: Func<object, object, bool>[] { Func<object, object, bool>, Func<object, object, bool> } | Resolver: _ => new Func<object, object, bool>[]
                      { 
                          (left, right) => left == null ? right == null : right != null && (Guid)left == (Guid)right, 
                          (left, right) => left == null ? right == null : right != null && (Guid)left == (Guid)right 
                      }], 
                      selfIdentifierValueComparers: [LIFTABLE Constant: Func<object, object, bool>[] { Func<object, object, bool> } | Resolver: _ => new Func<object, object, bool>[]{ (left, right) => left == null ? right == null : right != null && (Guid)left == (Guid)right }], 
                      innerShaper: (queryContext, dataReader, resultContext, resultCoordinator) => 
                      {
                          ExecutionTache entity;
                          entity = 
                          {
                              MaterializationContext materializationContext2;
                              IEntityType entityType2;
                              ExecutionTache instance2;
                              InternalEntityEntry entry2;
                              bool hasNullKey2;
                              materializationContext2 = new MaterializationContext(
                                  [LIFTABLE Constant: ValueBuffer | Resolver: _ => (object)ValueBuffer.Empty], 
                                  queryContext.Context
                              );
                              instance2 = default(ExecutionTache);
                              entry2 = queryContext.TryGetEntry(
                                  key: [LIFTABLE Constant: Key: ExecutionTache.Id PK | Resolver: c => c.Dependencies.Model.FindEntityType("OAM.Domain.Entities.ExecutionTache").FindPrimaryKey()], 
                                  keyValues: new object[]{ dataReader.IsDBNull(12) ? default(object) : (object)dataReader.GetGuid(12) }, 
                                  throwOnNullKey: False, 
                                  hasNullKey: hasNullKey2);
                              !(hasNullKey2) ? entry2 != default(InternalEntityEntry) ? 
                              {
                                  entityType2 = entry2.EntityType;
                                  return instance2 = (ExecutionTache)entry2.Entity;
                              } : 
                              {
                                  ISnapshot shadowSnapshot2;
                                  shadowSnapshot2 = [LIFTABLE Constant: Snapshot | Resolver: _ => Snapshot.Empty];
                                  entityType2 = [LIFTABLE Constant: EntityType: ExecutionTache | Resolver: namelessParameter{14} => namelessParameter{14}.Dependencies.Model.FindEntityType("OAM.Domain.Entities.ExecutionTache")];
                                  instance2 = switch (entityType2)
                                  {
                                      case [LIFTABLE Constant: EntityType: ExecutionTache | Resolver: namelessParameter{15} => namelessParameter{15}.Dependencies.Model.FindEntityType("OAM.Domain.Entities.ExecutionTache")]: 
                                          {
                                              return 
                                              {
                                                  ExecutionTache instance;
                                                  instance = new ExecutionTache();
                                                  instance.<Id>k__BackingField = dataReader.IsDBNull(12) ? default(Guid) : dataReader.GetGuid(12);
                                                  instance.<DateDebut>k__BackingField = dataReader.IsDBNull(13) ? default(DateTime?) : (DateTime?)dataReader.GetDateTime(13);
                                                  instance.<DateFin>k__BackingField = dataReader.IsDBNull(14) ? default(DateTime?) : (DateTime?)dataReader.GetDateTime(14);
                                                  instance.<DonneesEntree>k__BackingField = dataReader.IsDBNull(15) ? default(string) : dataReader.GetString(15);
                                                  instance.<DonneesSortie>k__BackingField = dataReader.IsDBNull(16) ? default(string) : dataReader.GetString(16);
                                                  instance.<Erreur>k__BackingField = dataReader.IsDBNull(17) ? default(string) : dataReader.GetString(17);
                                                  instance.<Etat>k__BackingField = dataReader.IsDBNull(18) ? default(EtatTache) : Invoke(((EnumToStringConverter<EtatTache>)((IReadOnlyProperty)[LIFTABLE Constant: Property: ExecutionTache.Etat (EtatTache) Required MaxLength(20) | Resolver: namelessParameter{16} => namelessParameter{16}.Dependencies.Model.FindEntityType("OAM.Domain.Entities.ExecutionTache").FindProperty("Etat")]).GetTypeMapping().Converter).ConvertFromProviderTyped, dataReader.GetString(18));
                                                  instance.<InstanceWorkflowId>k__BackingField = dataReader.IsDBNull(19) ? default(Guid) : dataReader.GetGuid(19);
                                                  instance.<NomTache>k__BackingField = dataReader.IsDBNull(20) ? default(string) : dataReader.GetString(20);
                                                  instance.<NombreTentatives>k__BackingField = dataReader.IsDBNull(21) ? default(int) : dataReader.GetInt32(21);
                                                  instance.<Ordre>k__BackingField = dataReader.IsDBNull(22) ? default(int) : dataReader.GetInt32(22);
                                                  instance.<TypeConnecteur>k__BackingField = dataReader.IsDBNull(23) ? default(string) : dataReader.GetString(23);
                                                  (instance is IInjectableService) ? ((IInjectableService)instance).Injected(
                                                      context: materializationContext2.Context, 
                                                      entity: instance, 
                                                      queryTrackingBehavior: TrackAll, 
                                                      structuralType: [LIFTABLE Constant: EntityType: ExecutionTache | Resolver: namelessParameter{17} => namelessParameter{17}.Dependencies.Model.FindEntityType("OAM.Domain.Entities.ExecutionTache")]) : default(void);
                                                  return instance;
                                              }}
                                      default: 
                                          default(ExecutionTache)
                                  }
                                  ;
                                  entry2 = entityType2 == default(IEntityType) ? default(InternalEntityEntry) : queryContext.StartTracking(
                                      entityType: entityType2, 
                                      entity: instance2, 
                                      snapshot: shadowSnapshot2);
                                  return instance2;
                              } : default(void);
                              return instance2;
                          };
                          return entity;
                      }, 
                      inverseNavigation: [LIFTABLE Constant: Navigation: ExecutionTache.InstanceWorkflow (InstanceWorkflow) Required ToPrincipal InstanceWorkflow Inverse: Taches | Resolver: namelessParameter{18} => namelessParameter{18}.Dependencies.Model.FindEntityType("OAM.Domain.Entities.ExecutionTache").FindNavigation("InstanceWorkflow")], 
                      fixup: (namelessParameter{19}, namelessParameter{20}) => 
                      {
                          [LIFTABLE Constant: ClrCollectionAccessor<InstanceWorkflow, ICollection<ExecutionTache>, ExecutionTache> | Resolver: namelessParameter{21} => namelessParameter{21}.Dependencies.Model.FindEntityType("OAM.Domain.Entities.InstanceWorkflow").FindNavigation("Taches").GetCollectionAccessor()].Add(
                              entity: namelessParameter{19}, 
                              value: namelessParameter{20}, 
                              forMaterialization: True);
                          return namelessParameter{20}.<InstanceWorkflow>k__BackingField = namelessParameter{19};
                      }, 
                      trackingQuery: True);
                  return IsTrue(resultCoordinator.ResultReady)
                   ? (InstanceWorkflow)(resultContext.Values[0]) : default(InstanceWorkflow);
              }, 
              contextType: OAM.Infrastructure.Data.OamDbContext, 
              standAloneStateManager: False, 
              detailedErrorsEnabled: False, 
              threadSafetyChecksEnabled: True), 
          cancellationToken: queryContext.CancellationToken)'
dbug: Microsoft.EntityFrameworkCore.Database.Connection[20005]
      Creating DbConnection.
dbug: Microsoft.EntityFrameworkCore.Database.Connection[20006]
      Created DbConnection. (1ms).
dbug: Microsoft.EntityFrameworkCore.Database.Connection[20000]
      Opening connection to database 'main' on server 'oam_dev.db'.
dbug: Microsoft.EntityFrameworkCore.Database.Connection[20001]
      Opened connection to database 'main' on server 'C:\OAM\src\OAM.Api\oam_dev.db'.
dbug: Microsoft.EntityFrameworkCore.Database.Command[20103]
      Creating DbCommand for 'ExecuteReader'.
dbug: Microsoft.EntityFrameworkCore.Database.Command[20104]
      Created DbCommand for 'ExecuteReader' (1ms).
dbug: Microsoft.EntityFrameworkCore.Database.Command[20106]
      Initialized DbCommand for 'ExecuteReader' (2ms).
dbug: Microsoft.EntityFrameworkCore.Database.Command[20100]
      Executing DbCommand [Parameters=[@id='?' (DbType = Guid)], CommandType='Text', CommandTimeout='30']
      SELECT "s"."Id", "s"."ContexteExecution", "s"."CorrelationId", "s"."DateCreation", "s"."DateDebut", "s"."DateFin", "s"."DefinitionWorkflowId", "s"."DonneesEntree", "s"."Erreur", "s"."Etat", "s"."HashVersionConfig", "s"."Id0", "e"."Id", "e"."DateDebut", "e"."DateFin", "e"."DonneesEntree", "e"."DonneesSortie", "e"."Erreur", "e"."Etat", "e"."InstanceWorkflowId", "e"."NomTache", "e"."NombreTentatives", "e"."Ordre", "e"."TypeConnecteur", "s"."Actif", "s"."ContenuYaml", "s"."DateCreation0", "s"."DateModification", "s"."Description", "s"."Equipe", "s"."HashVersion", "s"."Nom"
      FROM (
          SELECT "i"."Id", "i"."ContexteExecution", "i"."CorrelationId", "i"."DateCreation", "i"."DateDebut", "i"."DateFin", "i"."DefinitionWorkflowId", "i"."DonneesEntree", "i"."Erreur", "i"."Etat", "i"."HashVersionConfig", "d"."Id" AS "Id0", "d"."Actif", "d"."ContenuYaml", "d"."DateCreation" AS "DateCreation0", "d"."DateModification", "d"."Description", "d"."Equipe", "d"."HashVersion", "d"."Nom"
          FROM "InstancesWorkflow" AS "i"
          INNER JOIN "DefinitionsWorkflow" AS "d" ON "i"."DefinitionWorkflowId" = "d"."Id"
          WHERE "i"."Id" = @id
          LIMIT 1
      ) AS "s"
      LEFT JOIN "ExecutionsTache" AS "e" ON "s"."Id" = "e"."InstanceWorkflowId"
      ORDER BY "s"."Id", "s"."Id0", "e"."Ordre"
info: Microsoft.EntityFrameworkCore.Database.Command[20101]
      Executed DbCommand (3ms) [Parameters=[@id='?' (DbType = Guid)], CommandType='Text', CommandTimeout='30']
      SELECT "s"."Id", "s"."ContexteExecution", "s"."CorrelationId", "s"."DateCreation", "s"."DateDebut", "s"."DateFin", "s"."DefinitionWorkflowId", "s"."DonneesEntree", "s"."Erreur", "s"."Etat", "s"."HashVersionConfig", "s"."Id0", "e"."Id", "e"."DateDebut", "e"."DateFin", "e"."DonneesEntree", "e"."DonneesSortie", "e"."Erreur", "e"."Etat", "e"."InstanceWorkflowId", "e"."NomTache", "e"."NombreTentatives", "e"."Ordre", "e"."TypeConnecteur", "s"."Actif", "s"."ContenuYaml", "s"."DateCreation0", "s"."DateModification", "s"."Description", "s"."Equipe", "s"."HashVersion", "s"."Nom"
      FROM (
          SELECT "i"."Id", "i"."ContexteExecution", "i"."CorrelationId", "i"."DateCreation", "i"."DateDebut", "i"."DateFin", "i"."DefinitionWorkflowId", "i"."DonneesEntree", "i"."Erreur", "i"."Etat", "i"."HashVersionConfig", "d"."Id" AS "Id0", "d"."Actif", "d"."ContenuYaml", "d"."DateCreation" AS "DateCreation0", "d"."DateModification", "d"."Description", "d"."Equipe", "d"."HashVersion", "d"."Nom"
          FROM "InstancesWorkflow" AS "i"
          INNER JOIN "DefinitionsWorkflow" AS "d" ON "i"."DefinitionWorkflowId" = "d"."Id"
          WHERE "i"."Id" = @id
          LIMIT 1
      ) AS "s"
      LEFT JOIN "ExecutionsTache" AS "e" ON "s"."Id" = "e"."InstanceWorkflowId"
      ORDER BY "s"."Id", "s"."Id0", "e"."Ordre"
dbug: Microsoft.EntityFrameworkCore.ChangeTracking[10806]
      Context 'OamDbContext' started tracking 'InstanceWorkflow' entity. Consider using 'DbContextOptionsBuilder.EnableSensitiveDataLogging' to see key values.
dbug: Microsoft.EntityFrameworkCore.ChangeTracking[10805]
      The navigation 'InstanceWorkflow.DefinitionWorkflow' was detected as changed. Consider using 'DbContextOptionsBuilder.EnableSensitiveDataLogging' to see key values.
dbug: Microsoft.EntityFrameworkCore.ChangeTracking[10806]
      Context 'OamDbContext' started tracking 'DefinitionWorkflow' entity. Consider using 'DbContextOptionsBuilder.EnableSensitiveDataLogging' to see key values.
dbug: Microsoft.EntityFrameworkCore.ChangeTracking[10806]
      Context 'OamDbContext' started tracking 'ExecutionTache' entity. Consider using 'DbContextOptionsBuilder.EnableSensitiveDataLogging' to see key values.
dbug: Microsoft.EntityFrameworkCore.Database.Command[20301]
      Closing data reader to 'main' on server 'C:\OAM\src\OAM.Api\oam_dev.db'.
dbug: Microsoft.EntityFrameworkCore.Database.Command[20300]
      A data reader for 'main' on server 'C:\OAM\src\OAM.Api\oam_dev.db' is being disposed after spending 7ms reading results.
dbug: Microsoft.EntityFrameworkCore.Database.Connection[20002]
      Closing connection to database 'main' on server 'C:\OAM\src\OAM.Api\oam_dev.db'.
dbug: Microsoft.EntityFrameworkCore.Database.Connection[20003]
      Closed connection to database 'main' on server 'oam_dev.db' (1ms).
info: Microsoft.AspNetCore.Http.Result.OkObjectResult[1]
      Setting HTTP status code 200.
info: Microsoft.AspNetCore.Http.Result.OkObjectResult[3]
      Writing value of type 'InstanceWorkflowDto' as Json.
info: Microsoft.AspNetCore.Routing.EndpointMiddleware[1]
      Executed endpoint 'HTTP: GET /api/instances/{id:guid}'
dbug: Microsoft.EntityFrameworkCore.Infrastructure[10407]
      'OamDbContext' disposed.
dbug: Microsoft.EntityFrameworkCore.Database.Connection[20007]
      Disposing connection to database 'main' on server 'oam_dev.db'.
dbug: Microsoft.EntityFrameworkCore.Database.Connection[20008]
      Disposed connection to database 'main' on server 'oam_dev.db' (1ms).
info: Microsoft.AspNetCore.Hosting.Diagnostics[2]
      Request finished HTTP/1.1 GET http://localhost:5000/api/instances/ad23db66-91fe-4fab-94d1-09b6e5a103a6 - 200 - application/json;+charset=utf-8 73.1668ms
info: Microsoft.AspNetCore.Hosting.Diagnostics[1]
      Request starting HTTP/1.1 POST http://localhost:5000/api/instances/ad23db66-91fe-4fab-94d1-09b6e5a103a6/reprendre - application/json 0
info: Microsoft.AspNetCore.Cors.Infrastructure.CorsService[4]
      CORS policy execution successful.
info: Microsoft.AspNetCore.Routing.EndpointMiddleware[0]
      Executing endpoint 'HTTP: POST /api/instances/{id:guid}/reprendre'
dbug: Microsoft.EntityFrameworkCore.Infrastructure[10403]
      Entity Framework Core 10.0.5 initialized 'OamDbContext' using provider 'Microsoft.EntityFrameworkCore.Sqlite:10.0.5' with options: None
dbug: Microsoft.EntityFrameworkCore.Database.Connection[20005]
      Creating DbConnection.
dbug: Microsoft.EntityFrameworkCore.Database.Connection[20006]
      Created DbConnection. (1ms).
dbug: Microsoft.EntityFrameworkCore.Database.Connection[20000]
      Opening connection to database 'main' on server 'oam_dev.db'.
dbug: Microsoft.EntityFrameworkCore.Database.Connection[20001]
      Opened connection to database 'main' on server 'C:\OAM\src\OAM.Api\oam_dev.db'.
dbug: Microsoft.EntityFrameworkCore.Database.Command[20103]
      Creating DbCommand for 'ExecuteReader'.
dbug: Microsoft.EntityFrameworkCore.Database.Command[20104]
      Created DbCommand for 'ExecuteReader' (3ms).
dbug: Microsoft.EntityFrameworkCore.Database.Command[20106]
      Initialized DbCommand for 'ExecuteReader' (4ms).
dbug: Microsoft.EntityFrameworkCore.Database.Command[20100]
      Executing DbCommand [Parameters=[@id='?' (DbType = Guid)], CommandType='Text', CommandTimeout='30']
      SELECT "s"."Id", "s"."ContexteExecution", "s"."CorrelationId", "s"."DateCreation", "s"."DateDebut", "s"."DateFin", "s"."DefinitionWorkflowId", "s"."DonneesEntree", "s"."Erreur", "s"."Etat", "s"."HashVersionConfig", "s"."Id0", "e"."Id", "e"."DateDebut", "e"."DateFin", "e"."DonneesEntree", "e"."DonneesSortie", "e"."Erreur", "e"."Etat", "e"."InstanceWorkflowId", "e"."NomTache", "e"."NombreTentatives", "e"."Ordre", "e"."TypeConnecteur", "s"."Actif", "s"."ContenuYaml", "s"."DateCreation0", "s"."DateModification", "s"."Description", "s"."Equipe", "s"."HashVersion", "s"."Nom"
      FROM (
          SELECT "i"."Id", "i"."ContexteExecution", "i"."CorrelationId", "i"."DateCreation", "i"."DateDebut", "i"."DateFin", "i"."DefinitionWorkflowId", "i"."DonneesEntree", "i"."Erreur", "i"."Etat", "i"."HashVersionConfig", "d"."Id" AS "Id0", "d"."Actif", "d"."ContenuYaml", "d"."DateCreation" AS "DateCreation0", "d"."DateModification", "d"."Description", "d"."Equipe", "d"."HashVersion", "d"."Nom"
          FROM "InstancesWorkflow" AS "i"
          INNER JOIN "DefinitionsWorkflow" AS "d" ON "i"."DefinitionWorkflowId" = "d"."Id"
          WHERE "i"."Id" = @id
          LIMIT 1
      ) AS "s"
      LEFT JOIN "ExecutionsTache" AS "e" ON "s"."Id" = "e"."InstanceWorkflowId"
      ORDER BY "s"."Id", "s"."Id0", "e"."Ordre"
info: Microsoft.EntityFrameworkCore.Database.Command[20101]
      Executed DbCommand (3ms) [Parameters=[@id='?' (DbType = Guid)], CommandType='Text', CommandTimeout='30']
      SELECT "s"."Id", "s"."ContexteExecution", "s"."CorrelationId", "s"."DateCreation", "s"."DateDebut", "s"."DateFin", "s"."DefinitionWorkflowId", "s"."DonneesEntree", "s"."Erreur", "s"."Etat", "s"."HashVersionConfig", "s"."Id0", "e"."Id", "e"."DateDebut", "e"."DateFin", "e"."DonneesEntree", "e"."DonneesSortie", "e"."Erreur", "e"."Etat", "e"."InstanceWorkflowId", "e"."NomTache", "e"."NombreTentatives", "e"."Ordre", "e"."TypeConnecteur", "s"."Actif", "s"."ContenuYaml", "s"."DateCreation0", "s"."DateModification", "s"."Description", "s"."Equipe", "s"."HashVersion", "s"."Nom"
      FROM (
          SELECT "i"."Id", "i"."ContexteExecution", "i"."CorrelationId", "i"."DateCreation", "i"."DateDebut", "i"."DateFin", "i"."DefinitionWorkflowId", "i"."DonneesEntree", "i"."Erreur", "i"."Etat", "i"."HashVersionConfig", "d"."Id" AS "Id0", "d"."Actif", "d"."ContenuYaml", "d"."DateCreation" AS "DateCreation0", "d"."DateModification", "d"."Description", "d"."Equipe", "d"."HashVersion", "d"."Nom"
          FROM "InstancesWorkflow" AS "i"
          INNER JOIN "DefinitionsWorkflow" AS "d" ON "i"."DefinitionWorkflowId" = "d"."Id"
          WHERE "i"."Id" = @id
          LIMIT 1
      ) AS "s"
      LEFT JOIN "ExecutionsTache" AS "e" ON "s"."Id" = "e"."InstanceWorkflowId"
      ORDER BY "s"."Id", "s"."Id0", "e"."Ordre"
dbug: Microsoft.EntityFrameworkCore.ChangeTracking[10806]
      Context 'OamDbContext' started tracking 'InstanceWorkflow' entity. Consider using 'DbContextOptionsBuilder.EnableSensitiveDataLogging' to see key values.
dbug: Microsoft.EntityFrameworkCore.ChangeTracking[10805]
      The navigation 'InstanceWorkflow.DefinitionWorkflow' was detected as changed. Consider using 'DbContextOptionsBuilder.EnableSensitiveDataLogging' to see key values.
dbug: Microsoft.EntityFrameworkCore.ChangeTracking[10806]
      Context 'OamDbContext' started tracking 'DefinitionWorkflow' entity. Consider using 'DbContextOptionsBuilder.EnableSensitiveDataLogging' to see key values.
dbug: Microsoft.EntityFrameworkCore.ChangeTracking[10806]
      Context 'OamDbContext' started tracking 'ExecutionTache' entity. Consider using 'DbContextOptionsBuilder.EnableSensitiveDataLogging' to see key values.
dbug: Microsoft.EntityFrameworkCore.Database.Command[20301]
      Closing data reader to 'main' on server 'C:\OAM\src\OAM.Api\oam_dev.db'.
dbug: Microsoft.EntityFrameworkCore.Database.Command[20300]
      A data reader for 'main' on server 'C:\OAM\src\OAM.Api\oam_dev.db' is being disposed after spending 12ms reading results.
dbug: Microsoft.EntityFrameworkCore.Database.Connection[20002]
      Closing connection to database 'main' on server 'C:\OAM\src\OAM.Api\oam_dev.db'.
dbug: Microsoft.EntityFrameworkCore.Database.Connection[20003]
      Closed connection to database 'main' on server 'oam_dev.db' (1ms).
dbug: Microsoft.EntityFrameworkCore.Database.Connection[20000]
      Opening connection to database 'main' on server 'oam_dev.db'.
dbug: Microsoft.EntityFrameworkCore.Database.Connection[20001]
      Opened connection to database 'main' on server 'C:\OAM\src\OAM.Api\oam_dev.db'.
dbug: Microsoft.EntityFrameworkCore.Database.Command[20103]
      Creating DbCommand for 'ExecuteReader'.
dbug: Microsoft.EntityFrameworkCore.Database.Command[20104]
      Created DbCommand for 'ExecuteReader' (1ms).
dbug: Microsoft.EntityFrameworkCore.Database.Command[20106]
      Initialized DbCommand for 'ExecuteReader' (3ms).
dbug: Microsoft.EntityFrameworkCore.Database.Command[20100]
      Executing DbCommand [Parameters=[@id='?' (DbType = Guid)], CommandType='Text', CommandTimeout='30']
      SELECT "d0"."Id", "d0"."Actif", "d0"."ContenuYaml", "d0"."DateCreation", "d0"."DateModification", "d0"."Description", "d0"."Equipe", "d0"."HashVersion", "d0"."Nom", "v1"."Id", "v1"."ContenuYaml", "v1"."DateChargement", "v1"."DefinitionWorkflowId", "v1"."DeployePar", "v1"."HashVersion"
      FROM (
          SELECT "d"."Id", "d"."Actif", "d"."ContenuYaml", "d"."DateCreation", "d"."DateModification", "d"."Description", "d"."Equipe", "d"."HashVersion", "d"."Nom"
          FROM "DefinitionsWorkflow" AS "d"
          WHERE "d"."Id" = @id
          LIMIT 1
      ) AS "d0"
      LEFT JOIN (
          SELECT "v0"."Id", "v0"."ContenuYaml", "v0"."DateChargement", "v0"."DefinitionWorkflowId", "v0"."DeployePar", "v0"."HashVersion"
          FROM (
              SELECT "v"."Id", "v"."ContenuYaml", "v"."DateChargement", "v"."DefinitionWorkflowId", "v"."DeployePar", "v"."HashVersion", ROW_NUMBER() OVER(PARTITION BY "v"."DefinitionWorkflowId" ORDER BY "v"."DateChargement" DESC) AS "row"
              FROM "VersionsDefinitionWorkflow" AS "v"
          ) AS "v0"
          WHERE "v0"."row" <= 5
      ) AS "v1" ON "d0"."Id" = "v1"."DefinitionWorkflowId"
      ORDER BY "d0"."Id", "v1"."DefinitionWorkflowId", "v1"."DateChargement" DESC
info: Microsoft.EntityFrameworkCore.Database.Command[20101]
      Executed DbCommand (2ms) [Parameters=[@id='?' (DbType = Guid)], CommandType='Text', CommandTimeout='30']
      SELECT "d0"."Id", "d0"."Actif", "d0"."ContenuYaml", "d0"."DateCreation", "d0"."DateModification", "d0"."Description", "d0"."Equipe", "d0"."HashVersion", "d0"."Nom", "v1"."Id", "v1"."ContenuYaml", "v1"."DateChargement", "v1"."DefinitionWorkflowId", "v1"."DeployePar", "v1"."HashVersion"
      FROM (
          SELECT "d"."Id", "d"."Actif", "d"."ContenuYaml", "d"."DateCreation", "d"."DateModification", "d"."Description", "d"."Equipe", "d"."HashVersion", "d"."Nom"
          FROM "DefinitionsWorkflow" AS "d"
          WHERE "d"."Id" = @id
          LIMIT 1
      ) AS "d0"
      LEFT JOIN (
          SELECT "v0"."Id", "v0"."ContenuYaml", "v0"."DateChargement", "v0"."DefinitionWorkflowId", "v0"."DeployePar", "v0"."HashVersion"
          FROM (
              SELECT "v"."Id", "v"."ContenuYaml", "v"."DateChargement", "v"."DefinitionWorkflowId", "v"."DeployePar", "v"."HashVersion", ROW_NUMBER() OVER(PARTITION BY "v"."DefinitionWorkflowId" ORDER BY "v"."DateChargement" DESC) AS "row"
              FROM "VersionsDefinitionWorkflow" AS "v"
          ) AS "v0"
          WHERE "v0"."row" <= 5
      ) AS "v1" ON "d0"."Id" = "v1"."DefinitionWorkflowId"
      ORDER BY "d0"."Id", "v1"."DefinitionWorkflowId", "v1"."DateChargement" DESC
dbug: Microsoft.EntityFrameworkCore.ChangeTracking[10806]
      Context 'OamDbContext' started tracking 'VersionDefinitionWorkflow' entity. Consider using 'DbContextOptionsBuilder.EnableSensitiveDataLogging' to see key values.
dbug: Microsoft.EntityFrameworkCore.ChangeTracking[10806]
      Context 'OamDbContext' started tracking 'VersionDefinitionWorkflow' entity. Consider using 'DbContextOptionsBuilder.EnableSensitiveDataLogging' to see key values.
dbug: Microsoft.EntityFrameworkCore.ChangeTracking[10806]
      Context 'OamDbContext' started tracking 'VersionDefinitionWorkflow' entity. Consider using 'DbContextOptionsBuilder.EnableSensitiveDataLogging' to see key values.
dbug: Microsoft.EntityFrameworkCore.ChangeTracking[10806]
      Context 'OamDbContext' started tracking 'VersionDefinitionWorkflow' entity. Consider using 'DbContextOptionsBuilder.EnableSensitiveDataLogging' to see key values.
dbug: Microsoft.EntityFrameworkCore.ChangeTracking[10806]
      Context 'OamDbContext' started tracking 'VersionDefinitionWorkflow' entity. Consider using 'DbContextOptionsBuilder.EnableSensitiveDataLogging' to see key values.
dbug: Microsoft.EntityFrameworkCore.Database.Command[20301]
      Closing data reader to 'main' on server 'C:\OAM\src\OAM.Api\oam_dev.db'.
dbug: Microsoft.EntityFrameworkCore.Database.Command[20300]
      A data reader for 'main' on server 'C:\OAM\src\OAM.Api\oam_dev.db' is being disposed after spending 7ms reading results.
dbug: Microsoft.EntityFrameworkCore.Database.Connection[20002]
      Closing connection to database 'main' on server 'C:\OAM\src\OAM.Api\oam_dev.db'.
dbug: Microsoft.EntityFrameworkCore.Database.Connection[20003]
      Closed connection to database 'main' on server 'oam_dev.db' (1ms).
dbug: Microsoft.EntityFrameworkCore.ChangeTracking[10807]
      An entity of type 'InstanceWorkflow' tracked by 'OamDbContext' changed state from 'Unchanged' to 'Modified'. Consider using 'DbContextOptionsBuilder.EnableSensitiveDataLogging' to see key values.
dbug: Microsoft.EntityFrameworkCore.Update[10004]
      SaveChanges starting for 'OamDbContext'.
dbug: Microsoft.EntityFrameworkCore.ChangeTracking[10800]
      DetectChanges starting for 'OamDbContext'.
dbug: Microsoft.EntityFrameworkCore.ChangeTracking[10801]
      DetectChanges completed for 'OamDbContext'.
dbug: Microsoft.EntityFrameworkCore.Database.Connection[20000]
      Opening connection to database 'main' on server 'oam_dev.db'.
dbug: Microsoft.EntityFrameworkCore.Database.Connection[20001]
      Opened connection to database 'main' on server 'C:\OAM\src\OAM.Api\oam_dev.db'.
dbug: Microsoft.EntityFrameworkCore.Database.Command[20103]
      Creating DbCommand for 'ExecuteReader'.
dbug: Microsoft.EntityFrameworkCore.Database.Command[20104]
      Created DbCommand for 'ExecuteReader' (1ms).
dbug: Microsoft.EntityFrameworkCore.Database.Command[20106]
      Initialized DbCommand for 'ExecuteReader' (2ms).
dbug: Microsoft.EntityFrameworkCore.Database.Command[20100]
      Executing DbCommand [Parameters=[@p10='?' (DbType = Guid), @p0='?' (Size = 2), @p1='?' (Size = 32), @p2='?' (DbType = DateTime), @p3='?' (DbType = DateTime), @p4='?' (DbType = DateTime), @p5='?' (DbType = Guid), @p6='?', @p7='?' (Size = 79), @p8='?' (Size = 7), @p9='?' (Size = 64)], CommandType='Text', CommandTimeout='30']
      UPDATE "InstancesWorkflow" SET "ContexteExecution" = @p0, "CorrelationId" = @p1, "DateCreation" = @p2, "DateDebut" = @p3, "DateFin" = @p4, "DefinitionWorkflowId" = @p5, "DonneesEntree" = @p6, "Erreur" = @p7, "Etat" = @p8, "HashVersionConfig" = @p9
      WHERE "Id" = @p10
      RETURNING 1;
info: Microsoft.EntityFrameworkCore.Database.Command[20101]
      Executed DbCommand (2ms) [Parameters=[@p10='?' (DbType = Guid), @p0='?' (Size = 2), @p1='?' (Size = 32), @p2='?' (DbType = DateTime), @p3='?' (DbType = DateTime), @p4='?' (DbType = DateTime), @p5='?' (DbType = Guid), @p6='?', @p7='?' (Size = 79), @p8='?' (Size = 7), @p9='?' (Size = 64)], CommandType='Text', CommandTimeout='30']
      UPDATE "InstancesWorkflow" SET "ContexteExecution" = @p0, "CorrelationId" = @p1, "DateCreation" = @p2, "DateDebut" = @p3, "DateFin" = @p4, "DefinitionWorkflowId" = @p5, "DonneesEntree" = @p6, "Erreur" = @p7, "Etat" = @p8, "HashVersionConfig" = @p9
      WHERE "Id" = @p10
      RETURNING 1;
dbug: Microsoft.EntityFrameworkCore.Database.Command[20301]
      Closing data reader to 'main' on server 'C:\OAM\src\OAM.Api\oam_dev.db'.
dbug: Microsoft.EntityFrameworkCore.Database.Command[20300]
      A data reader for 'main' on server 'C:\OAM\src\OAM.Api\oam_dev.db' is being disposed after spending 2ms reading results.
dbug: Microsoft.EntityFrameworkCore.Database.Connection[20002]
      Closing connection to database 'main' on server 'C:\OAM\src\OAM.Api\oam_dev.db'.
dbug: Microsoft.EntityFrameworkCore.Database.Connection[20003]
      Closed connection to database 'main' on server 'oam_dev.db' (1ms).
dbug: Microsoft.EntityFrameworkCore.ChangeTracking[10807]
      An entity of type 'InstanceWorkflow' tracked by 'OamDbContext' changed state from 'Modified' to 'Unchanged'. Consider using 'DbContextOptionsBuilder.EnableSensitiveDataLogging' to see key values.
dbug: Microsoft.EntityFrameworkCore.Update[10005]
      SaveChanges completed for 'OamDbContext' with 1 entities written to the database.
info: Microsoft.AspNetCore.Hosting.Diagnostics[1]
      Request starting HTTP/1.1 GET http://localhost:5000/api/instances/ad23db66-91fe-4fab-94d1-09b6e5a103a6 - application/json -
info: Microsoft.AspNetCore.Routing.EndpointMiddleware[0]
      Executing endpoint 'HTTP: GET /api/instances/{id:guid}'
dbug: Microsoft.EntityFrameworkCore.Infrastructure[10403]
      Entity Framework Core 10.0.5 initialized 'OamDbContext' using provider 'Microsoft.EntityFrameworkCore.Sqlite:10.0.5' with options: None
dbug: Microsoft.EntityFrameworkCore.Database.Connection[20005]
      Creating DbConnection.
dbug: Microsoft.EntityFrameworkCore.ChangeTracking[10807]
      An entity of type 'ExecutionTache' tracked by 'OamDbContext' changed state from 'Unchanged' to 'Modified'. Consider using 'DbContextOptionsBuilder.EnableSensitiveDataLogging' to see key values.
dbug: Microsoft.EntityFrameworkCore.Database.Connection[20006]
      Created DbConnection. (26ms).
dbug: Microsoft.EntityFrameworkCore.Update[10004]
      SaveChanges starting for 'OamDbContext'.
dbug: Microsoft.EntityFrameworkCore.Database.Connection[20000]
      Opening connection to database 'main' on server 'oam_dev.db'.
dbug: Microsoft.EntityFrameworkCore.ChangeTracking[10800]
      DetectChanges starting for 'OamDbContext'.
dbug: Microsoft.EntityFrameworkCore.Database.Connection[20001]
      Opened connection to database 'main' on server 'C:\OAM\src\OAM.Api\oam_dev.db'.
dbug: Microsoft.EntityFrameworkCore.Database.Command[20103]
      Creating DbCommand for 'ExecuteReader'.
dbug: Microsoft.EntityFrameworkCore.Database.Command[20104]
      Created DbCommand for 'ExecuteReader' (2ms).
dbug: Microsoft.EntityFrameworkCore.ChangeTracking[10801]
      DetectChanges completed for 'OamDbContext'.
dbug: Microsoft.EntityFrameworkCore.Database.Command[20106]
      Initialized DbCommand for 'ExecuteReader' (3ms).
dbug: Microsoft.EntityFrameworkCore.Database.Command[20100]
      Executing DbCommand [Parameters=[@id='?' (DbType = Guid)], CommandType='Text', CommandTimeout='30']
      SELECT "s"."Id", "s"."ContexteExecution", "s"."CorrelationId", "s"."DateCreation", "s"."DateDebut", "s"."DateFin", "s"."DefinitionWorkflowId", "s"."DonneesEntree", "s"."Erreur", "s"."Etat", "s"."HashVersionConfig", "s"."Id0", "e"."Id", "e"."DateDebut", "e"."DateFin", "e"."DonneesEntree", "e"."DonneesSortie", "e"."Erreur", "e"."Etat", "e"."InstanceWorkflowId", "e"."NomTache", "e"."NombreTentatives", "e"."Ordre", "e"."TypeConnecteur", "s"."Actif", "s"."ContenuYaml", "s"."DateCreation0", "s"."DateModification", "s"."Description", "s"."Equipe", "s"."HashVersion", "s"."Nom"
      FROM (
          SELECT "i"."Id", "i"."ContexteExecution", "i"."CorrelationId", "i"."DateCreation", "i"."DateDebut", "i"."DateFin", "i"."DefinitionWorkflowId", "i"."DonneesEntree", "i"."Erreur", "i"."Etat", "i"."HashVersionConfig", "d"."Id" AS "Id0", "d"."Actif", "d"."ContenuYaml", "d"."DateCreation" AS "DateCreation0", "d"."DateModification", "d"."Description", "d"."Equipe", "d"."HashVersion", "d"."Nom"
          FROM "InstancesWorkflow" AS "i"
          INNER JOIN "DefinitionsWorkflow" AS "d" ON "i"."DefinitionWorkflowId" = "d"."Id"
          WHERE "i"."Id" = @id
          LIMIT 1
      ) AS "s"
      LEFT JOIN "ExecutionsTache" AS "e" ON "s"."Id" = "e"."InstanceWorkflowId"
      ORDER BY "s"."Id", "s"."Id0", "e"."Ordre"
dbug: Microsoft.EntityFrameworkCore.Database.Connection[20000]
      Opening connection to database 'main' on server 'oam_dev.db'.
info: Microsoft.EntityFrameworkCore.Database.Command[20101]
      Executed DbCommand (2ms) [Parameters=[@id='?' (DbType = Guid)], CommandType='Text', CommandTimeout='30']
      SELECT "s"."Id", "s"."ContexteExecution", "s"."CorrelationId", "s"."DateCreation", "s"."DateDebut", "s"."DateFin", "s"."DefinitionWorkflowId", "s"."DonneesEntree", "s"."Erreur", "s"."Etat", "s"."HashVersionConfig", "s"."Id0", "e"."Id", "e"."DateDebut", "e"."DateFin", "e"."DonneesEntree", "e"."DonneesSortie", "e"."Erreur", "e"."Etat", "e"."InstanceWorkflowId", "e"."NomTache", "e"."NombreTentatives", "e"."Ordre", "e"."TypeConnecteur", "s"."Actif", "s"."ContenuYaml", "s"."DateCreation0", "s"."DateModification", "s"."Description", "s"."Equipe", "s"."HashVersion", "s"."Nom"
      FROM (
          SELECT "i"."Id", "i"."ContexteExecution", "i"."CorrelationId", "i"."DateCreation", "i"."DateDebut", "i"."DateFin", "i"."DefinitionWorkflowId", "i"."DonneesEntree", "i"."Erreur", "i"."Etat", "i"."HashVersionConfig", "d"."Id" AS "Id0", "d"."Actif", "d"."ContenuYaml", "d"."DateCreation" AS "DateCreation0", "d"."DateModification", "d"."Description", "d"."Equipe", "d"."HashVersion", "d"."Nom"
          FROM "InstancesWorkflow" AS "i"
          INNER JOIN "DefinitionsWorkflow" AS "d" ON "i"."DefinitionWorkflowId" = "d"."Id"
          WHERE "i"."Id" = @id
          LIMIT 1
      ) AS "s"
      LEFT JOIN "ExecutionsTache" AS "e" ON "s"."Id" = "e"."InstanceWorkflowId"
      ORDER BY "s"."Id", "s"."Id0", "e"."Ordre"
dbug: Microsoft.EntityFrameworkCore.Database.Connection[20001]
      Opened connection to database 'main' on server 'C:\OAM\src\OAM.Api\oam_dev.db'.
dbug: Microsoft.EntityFrameworkCore.ChangeTracking[10806]
      Context 'OamDbContext' started tracking 'InstanceWorkflow' entity. Consider using 'DbContextOptionsBuilder.EnableSensitiveDataLogging' to see key values.
dbug: Microsoft.EntityFrameworkCore.Database.Command[20103]
      Creating DbCommand for 'ExecuteReader'.
dbug: Microsoft.EntityFrameworkCore.Database.Command[20104]
      Created DbCommand for 'ExecuteReader' (1ms).
dbug: Microsoft.EntityFrameworkCore.Database.Command[20106]
      Initialized DbCommand for 'ExecuteReader' (3ms).
dbug: Microsoft.EntityFrameworkCore.ChangeTracking[10805]
      The navigation 'InstanceWorkflow.DefinitionWorkflow' was detected as changed. Consider using 'DbContextOptionsBuilder.EnableSensitiveDataLogging' to see key values.
dbug: Microsoft.EntityFrameworkCore.Database.Command[20100]
      Executing DbCommand [Parameters=[@p11='?' (DbType = Guid), @p0='?' (DbType = DateTime), @p1='?' (DbType = DateTime), @p2='?' (Size = 87), @p3='?', @p4='?' (Size = 49), @p5='?' (Size = 7), @p6='?' (DbType = Guid), @p7='?' (Size = 20), @p8='?' (DbType = Int32), @p9='?' (DbType = Int32), @p10='?' (Size = 4)], CommandType='Text', CommandTimeout='30']
      UPDATE "ExecutionsTache" SET "DateDebut" = @p0, "DateFin" = @p1, "DonneesEntree" = @p2, "DonneesSortie" = @p3, "Erreur" = @p4, "Etat" = @p5, "InstanceWorkflowId" = @p6, "NomTache" = @p7, "NombreTentatives" = @p8, "Ordre" = @p9, "TypeConnecteur" = @p10
      WHERE "Id" = @p11
      RETURNING 1;
dbug: Microsoft.EntityFrameworkCore.ChangeTracking[10806]
      Context 'OamDbContext' started tracking 'DefinitionWorkflow' entity. Consider using 'DbContextOptionsBuilder.EnableSensitiveDataLogging' to see key values.
dbug: Microsoft.EntityFrameworkCore.ChangeTracking[10806]
      Context 'OamDbContext' started tracking 'ExecutionTache' entity. Consider using 'DbContextOptionsBuilder.EnableSensitiveDataLogging' to see key values.
dbug: Microsoft.EntityFrameworkCore.Database.Command[20301]
      Closing data reader to 'main' on server 'C:\OAM\src\OAM.Api\oam_dev.db'.
info: Microsoft.EntityFrameworkCore.Database.Command[20101]
      Executed DbCommand (4ms) [Parameters=[@p11='?' (DbType = Guid), @p0='?' (DbType = DateTime), @p1='?' (DbType = DateTime), @p2='?' (Size = 87), @p3='?', @p4='?' (Size = 49), @p5='?' (Size = 7), @p6='?' (DbType = Guid), @p7='?' (Size = 20), @p8='?' (DbType = Int32), @p9='?' (DbType = Int32), @p10='?' (Size = 4)], CommandType='Text', CommandTimeout='30']
      UPDATE "ExecutionsTache" SET "DateDebut" = @p0, "DateFin" = @p1, "DonneesEntree" = @p2, "DonneesSortie" = @p3, "Erreur" = @p4, "Etat" = @p5, "InstanceWorkflowId" = @p6, "NomTache" = @p7, "NombreTentatives" = @p8, "Ordre" = @p9, "TypeConnecteur" = @p10
      WHERE "Id" = @p11
      RETURNING 1;
dbug: Microsoft.EntityFrameworkCore.Database.Command[20300]
      A data reader for 'main' on server 'C:\OAM\src\OAM.Api\oam_dev.db' is being disposed after spending 46ms reading results.
dbug: Microsoft.EntityFrameworkCore.Database.Connection[20002]
      Closing connection to database 'main' on server 'C:\OAM\src\OAM.Api\oam_dev.db'.
dbug: Microsoft.EntityFrameworkCore.Database.Connection[20003]
      Closed connection to database 'main' on server 'oam_dev.db' (1ms).
dbug: Microsoft.EntityFrameworkCore.Database.Command[20301]
      Closing data reader to 'main' on server 'C:\OAM\src\OAM.Api\oam_dev.db'.
info: Microsoft.AspNetCore.Http.Result.OkObjectResult[1]
      Setting HTTP status code 200.
dbug: Microsoft.EntityFrameworkCore.Database.Command[20300]
      A data reader for 'main' on server 'C:\OAM\src\OAM.Api\oam_dev.db' is being disposed after spending 29ms reading results.
info: Microsoft.AspNetCore.Http.Result.OkObjectResult[3]
      Writing value of type 'InstanceWorkflowDto' as Json.
dbug: Microsoft.EntityFrameworkCore.Database.Connection[20002]
      Closing connection to database 'main' on server 'C:\OAM\src\OAM.Api\oam_dev.db'.
dbug: Microsoft.EntityFrameworkCore.Database.Connection[20003]
      Closed connection to database 'main' on server 'oam_dev.db' (27ms).
dbug: Microsoft.EntityFrameworkCore.ChangeTracking[10807]
      An entity of type 'ExecutionTache' tracked by 'OamDbContext' changed state from 'Modified' to 'Unchanged'. Consider using 'DbContextOptionsBuilder.EnableSensitiveDataLogging' to see key values.
dbug: Microsoft.EntityFrameworkCore.Update[10005]
      SaveChanges completed for 'OamDbContext' with 1 entities written to the database.
info: Microsoft.AspNetCore.Routing.EndpointMiddleware[1]
      Executed endpoint 'HTTP: GET /api/instances/{id:guid}'
dbug: Microsoft.EntityFrameworkCore.Infrastructure[10407]
      'OamDbContext' disposed.
dbug: Microsoft.EntityFrameworkCore.Database.Connection[20007]
      Disposing connection to database 'main' on server 'oam_dev.db'.
dbug: Microsoft.EntityFrameworkCore.Database.Connection[20008]
      Disposed connection to database 'main' on server 'oam_dev.db' (8ms).
info: Microsoft.AspNetCore.Hosting.Diagnostics[2]
      Request finished HTTP/1.1 GET http://localhost:5000/api/instances/ad23db66-91fe-4fab-94d1-09b6e5a103a6 - 200 - application/json;+charset=utf-8 306.6236ms
info: Microsoft.AspNetCore.Hosting.Diagnostics[1]
      Request starting HTTP/1.1 GET http://localhost:5000/api/instances/ad23db66-91fe-4fab-94d1-09b6e5a103a6 - application/json -
info: Microsoft.AspNetCore.Routing.EndpointMiddleware[0]
      Executing endpoint 'HTTP: GET /api/instances/{id:guid}'
dbug: Microsoft.EntityFrameworkCore.Infrastructure[10403]
      Entity Framework Core 10.0.5 initialized 'OamDbContext' using provider 'Microsoft.EntityFrameworkCore.Sqlite:10.0.5' with options: None
dbug: Microsoft.EntityFrameworkCore.ChangeTracking[10807]
      An entity of type 'ExecutionTache' tracked by 'OamDbContext' changed state from 'Unchanged' to 'Modified'. Consider using 'DbContextOptionsBuilder.EnableSensitiveDataLogging' to see key values.
dbug: Microsoft.EntityFrameworkCore.Database.Connection[20005]
      Creating DbConnection.
dbug: Microsoft.EntityFrameworkCore.Update[10004]
      SaveChanges starting for 'OamDbContext'.
dbug: Microsoft.EntityFrameworkCore.Database.Connection[20006]
      Created DbConnection. (2ms).
dbug: Microsoft.EntityFrameworkCore.ChangeTracking[10800]
      DetectChanges starting for 'OamDbContext'.
dbug: Microsoft.EntityFrameworkCore.Database.Connection[20000]
      Opening connection to database 'main' on server 'oam_dev.db'.
dbug: Microsoft.EntityFrameworkCore.Database.Connection[20001]
      Opened connection to database 'main' on server 'C:\OAM\src\OAM.Api\oam_dev.db'.
dbug: Microsoft.EntityFrameworkCore.Database.Command[20103]
      Creating DbCommand for 'ExecuteReader'.
dbug: Microsoft.EntityFrameworkCore.ChangeTracking[10801]
      DetectChanges completed for 'OamDbContext'.
dbug: Microsoft.EntityFrameworkCore.Database.Command[20104]
      Created DbCommand for 'ExecuteReader' (29ms).
dbug: Microsoft.EntityFrameworkCore.Database.Command[20106]
      Initialized DbCommand for 'ExecuteReader' (31ms).
dbug: Microsoft.EntityFrameworkCore.Database.Command[20100]
      Executing DbCommand [Parameters=[@id='?' (DbType = Guid)], CommandType='Text', CommandTimeout='30']
      SELECT "s"."Id", "s"."ContexteExecution", "s"."CorrelationId", "s"."DateCreation", "s"."DateDebut", "s"."DateFin", "s"."DefinitionWorkflowId", "s"."DonneesEntree", "s"."Erreur", "s"."Etat", "s"."HashVersionConfig", "s"."Id0", "e"."Id", "e"."DateDebut", "e"."DateFin", "e"."DonneesEntree", "e"."DonneesSortie", "e"."Erreur", "e"."Etat", "e"."InstanceWorkflowId", "e"."NomTache", "e"."NombreTentatives", "e"."Ordre", "e"."TypeConnecteur", "s"."Actif", "s"."ContenuYaml", "s"."DateCreation0", "s"."DateModification", "s"."Description", "s"."Equipe", "s"."HashVersion", "s"."Nom"
      FROM (
          SELECT "i"."Id", "i"."ContexteExecution", "i"."CorrelationId", "i"."DateCreation", "i"."DateDebut", "i"."DateFin", "i"."DefinitionWorkflowId", "i"."DonneesEntree", "i"."Erreur", "i"."Etat", "i"."HashVersionConfig", "d"."Id" AS "Id0", "d"."Actif", "d"."ContenuYaml", "d"."DateCreation" AS "DateCreation0", "d"."DateModification", "d"."Description", "d"."Equipe", "d"."HashVersion", "d"."Nom"
          FROM "InstancesWorkflow" AS "i"
          INNER JOIN "DefinitionsWorkflow" AS "d" ON "i"."DefinitionWorkflowId" = "d"."Id"
          WHERE "i"."Id" = @id
          LIMIT 1
      ) AS "s"
      LEFT JOIN "ExecutionsTache" AS "e" ON "s"."Id" = "e"."InstanceWorkflowId"
      ORDER BY "s"."Id", "s"."Id0", "e"."Ordre"
dbug: Microsoft.EntityFrameworkCore.Database.Connection[20000]
      Opening connection to database 'main' on server 'oam_dev.db'.
dbug: Microsoft.EntityFrameworkCore.Database.Connection[20001]
      Opened connection to database 'main' on server 'C:\OAM\src\OAM.Api\oam_dev.db'.
dbug: Microsoft.EntityFrameworkCore.Database.Command[20103]
      Creating DbCommand for 'ExecuteReader'.
info: Microsoft.EntityFrameworkCore.Database.Command[20101]
      Executed DbCommand (33ms) [Parameters=[@id='?' (DbType = Guid)], CommandType='Text', CommandTimeout='30']
      SELECT "s"."Id", "s"."ContexteExecution", "s"."CorrelationId", "s"."DateCreation", "s"."DateDebut", "s"."DateFin", "s"."DefinitionWorkflowId", "s"."DonneesEntree", "s"."Erreur", "s"."Etat", "s"."HashVersionConfig", "s"."Id0", "e"."Id", "e"."DateDebut", "e"."DateFin", "e"."DonneesEntree", "e"."DonneesSortie", "e"."Erreur", "e"."Etat", "e"."InstanceWorkflowId", "e"."NomTache", "e"."NombreTentatives", "e"."Ordre", "e"."TypeConnecteur", "s"."Actif", "s"."ContenuYaml", "s"."DateCreation0", "s"."DateModification", "s"."Description", "s"."Equipe", "s"."HashVersion", "s"."Nom"
      FROM (
          SELECT "i"."Id", "i"."ContexteExecution", "i"."CorrelationId", "i"."DateCreation", "i"."DateDebut", "i"."DateFin", "i"."DefinitionWorkflowId", "i"."DonneesEntree", "i"."Erreur", "i"."Etat", "i"."HashVersionConfig", "d"."Id" AS "Id0", "d"."Actif", "d"."ContenuYaml", "d"."DateCreation" AS "DateCreation0", "d"."DateModification", "d"."Description", "d"."Equipe", "d"."HashVersion", "d"."Nom"
          FROM "InstancesWorkflow" AS "i"
          INNER JOIN "DefinitionsWorkflow" AS "d" ON "i"."DefinitionWorkflowId" = "d"."Id"
          WHERE "i"."Id" = @id
          LIMIT 1
      ) AS "s"
      LEFT JOIN "ExecutionsTache" AS "e" ON "s"."Id" = "e"."InstanceWorkflowId"
      ORDER BY "s"."Id", "s"."Id0", "e"."Ordre"
dbug: Microsoft.EntityFrameworkCore.Database.Command[20104]
      Created DbCommand for 'ExecuteReader' (27ms).
dbug: Microsoft.EntityFrameworkCore.ChangeTracking[10806]
      Context 'OamDbContext' started tracking 'InstanceWorkflow' entity. Consider using 'DbContextOptionsBuilder.EnableSensitiveDataLogging' to see key values.
dbug: Microsoft.EntityFrameworkCore.Database.Command[20106]
      Initialized DbCommand for 'ExecuteReader' (29ms).
dbug: Microsoft.EntityFrameworkCore.Database.Command[20100]
      Executing DbCommand [Parameters=[@p11='?' (DbType = Guid), @p0='?' (DbType = DateTime), @p1='?' (DbType = DateTime), @p2='?' (Size = 87), @p3='?', @p4='?' (Size = 49), @p5='?' (Size = 8), @p6='?' (DbType = Guid), @p7='?' (Size = 20), @p8='?' (DbType = Int32), @p9='?' (DbType = Int32), @p10='?' (Size = 4)], CommandType='Text', CommandTimeout='30']
      UPDATE "ExecutionsTache" SET "DateDebut" = @p0, "DateFin" = @p1, "DonneesEntree" = @p2, "DonneesSortie" = @p3, "Erreur" = @p4, "Etat" = @p5, "InstanceWorkflowId" = @p6, "NomTache" = @p7, "NombreTentatives" = @p8, "Ordre" = @p9, "TypeConnecteur" = @p10
      WHERE "Id" = @p11
      RETURNING 1;
dbug: Microsoft.EntityFrameworkCore.ChangeTracking[10805]
      The navigation 'InstanceWorkflow.DefinitionWorkflow' was detected as changed. Consider using 'DbContextOptionsBuilder.EnableSensitiveDataLogging' to see key values.
dbug: Microsoft.EntityFrameworkCore.ChangeTracking[10806]
      Context 'OamDbContext' started tracking 'DefinitionWorkflow' entity. Consider using 'DbContextOptionsBuilder.EnableSensitiveDataLogging' to see key values.
info: Microsoft.EntityFrameworkCore.Database.Command[20101]
      Executed DbCommand (28ms) [Parameters=[@p11='?' (DbType = Guid), @p0='?' (DbType = DateTime), @p1='?' (DbType = DateTime), @p2='?' (Size = 87), @p3='?', @p4='?' (Size = 49), @p5='?' (Size = 8), @p6='?' (DbType = Guid), @p7='?' (Size = 20), @p8='?' (DbType = Int32), @p9='?' (DbType = Int32), @p10='?' (Size = 4)], CommandType='Text', CommandTimeout='30']
      UPDATE "ExecutionsTache" SET "DateDebut" = @p0, "DateFin" = @p1, "DonneesEntree" = @p2, "DonneesSortie" = @p3, "Erreur" = @p4, "Etat" = @p5, "InstanceWorkflowId" = @p6, "NomTache" = @p7, "NombreTentatives" = @p8, "Ordre" = @p9, "TypeConnecteur" = @p10
      WHERE "Id" = @p11
      RETURNING 1;
dbug: Microsoft.EntityFrameworkCore.ChangeTracking[10806]
      Context 'OamDbContext' started tracking 'ExecutionTache' entity. Consider using 'DbContextOptionsBuilder.EnableSensitiveDataLogging' to see key values.
dbug: Microsoft.EntityFrameworkCore.Database.Command[20301]
      Closing data reader to 'main' on server 'C:\OAM\src\OAM.Api\oam_dev.db'.
dbug: Microsoft.EntityFrameworkCore.Database.Command[20300]
      A data reader for 'main' on server 'C:\OAM\src\OAM.Api\oam_dev.db' is being disposed after spending 33ms reading results.
dbug: Microsoft.EntityFrameworkCore.Database.Command[20301]
      Closing data reader to 'main' on server 'C:\OAM\src\OAM.Api\oam_dev.db'.
dbug: Microsoft.EntityFrameworkCore.Database.Connection[20002]
      Closing connection to database 'main' on server 'C:\OAM\src\OAM.Api\oam_dev.db'.
dbug: Microsoft.EntityFrameworkCore.Database.Command[20300]
      A data reader for 'main' on server 'C:\OAM\src\OAM.Api\oam_dev.db' is being disposed after spending 30ms reading results.
dbug: Microsoft.EntityFrameworkCore.Database.Connection[20003]
      Closed connection to database 'main' on server 'oam_dev.db' (26ms).
dbug: Microsoft.EntityFrameworkCore.Database.Connection[20002]
      Closing connection to database 'main' on server 'C:\OAM\src\OAM.Api\oam_dev.db'.
info: Microsoft.AspNetCore.Http.Result.OkObjectResult[1]
      Setting HTTP status code 200.
dbug: Microsoft.EntityFrameworkCore.Database.Connection[20003]
      Closed connection to database 'main' on server 'oam_dev.db' (2ms).
info: Microsoft.AspNetCore.Http.Result.OkObjectResult[3]
      Writing value of type 'InstanceWorkflowDto' as Json.
dbug: Microsoft.EntityFrameworkCore.ChangeTracking[10807]
      An entity of type 'ExecutionTache' tracked by 'OamDbContext' changed state from 'Modified' to 'Unchanged'. Consider using 'DbContextOptionsBuilder.EnableSensitiveDataLogging' to see key values.
dbug: Microsoft.EntityFrameworkCore.Update[10005]
      SaveChanges completed for 'OamDbContext' with 1 entities written to the database.
info: Microsoft.AspNetCore.Routing.EndpointMiddleware[1]
      Executed endpoint 'HTTP: GET /api/instances/{id:guid}'
dbug: Microsoft.EntityFrameworkCore.ChangeTracking[10807]
      An entity of type 'InstanceWorkflow' tracked by 'OamDbContext' changed state from 'Unchanged' to 'Modified'. Consider using 'DbContextOptionsBuilder.EnableSensitiveDataLogging' to see key values.
dbug: Microsoft.EntityFrameworkCore.Update[10004]
      SaveChanges starting for 'OamDbContext'.
dbug: Microsoft.EntityFrameworkCore.Infrastructure[10407]
      'OamDbContext' disposed.
dbug: Microsoft.EntityFrameworkCore.ChangeTracking[10800]
      DetectChanges starting for 'OamDbContext'.
dbug: Microsoft.EntityFrameworkCore.Database.Connection[20007]
      Disposing connection to database 'main' on server 'oam_dev.db'.
dbug: Microsoft.EntityFrameworkCore.ChangeTracking[10801]
      DetectChanges completed for 'OamDbContext'.
info: Microsoft.AspNetCore.Hosting.Diagnostics[1]
      Request starting HTTP/1.1 GET http://localhost:5000/api/instances/ad23db66-91fe-4fab-94d1-09b6e5a103a6 - application/json -
dbug: Microsoft.EntityFrameworkCore.Database.Connection[20008]
      Disposed connection to database 'main' on server 'oam_dev.db' (91ms).
info: Microsoft.AspNetCore.Hosting.Diagnostics[2]
      Request finished HTTP/1.1 GET http://localhost:5000/api/instances/ad23db66-91fe-4fab-94d1-09b6e5a103a6 - 200 - application/json;+charset=utf-8 2146.4511ms
info: Microsoft.AspNetCore.Routing.EndpointMiddleware[0]
      Executing endpoint 'HTTP: GET /api/instances/{id:guid}'
dbug: Microsoft.EntityFrameworkCore.Database.Connection[20000]
      Opening connection to database 'main' on server 'oam_dev.db'.
dbug: Microsoft.EntityFrameworkCore.Database.Connection[20001]
      Opened connection to database 'main' on server 'C:\OAM\src\OAM.Api\oam_dev.db'.
dbug: Microsoft.EntityFrameworkCore.Database.Command[20103]
      Creating DbCommand for 'ExecuteReader'.
dbug: Microsoft.EntityFrameworkCore.Database.Command[20104]
      Created DbCommand for 'ExecuteReader' (30ms).
dbug: Microsoft.EntityFrameworkCore.Database.Command[20106]
      Initialized DbCommand for 'ExecuteReader' (31ms).
dbug: Microsoft.EntityFrameworkCore.Infrastructure[10403]
      Entity Framework Core 10.0.5 initialized 'OamDbContext' using provider 'Microsoft.EntityFrameworkCore.Sqlite:10.0.5' with options: None
dbug: Microsoft.EntityFrameworkCore.Database.Command[20100]
      Executing DbCommand [Parameters=[@p10='?' (DbType = Guid), @p0='?' (Size = 2), @p1='?' (Size = 32), @p2='?' (DbType = DateTime), @p3='?' (DbType = DateTime), @p4='?' (DbType = DateTime), @p5='?' (DbType = Guid), @p6='?', @p7='?' (Size = 79), @p8='?' (Size = 8), @p9='?' (Size = 64)], CommandType='Text', CommandTimeout='30']
      UPDATE "InstancesWorkflow" SET "ContexteExecution" = @p0, "CorrelationId" = @p1, "DateCreation" = @p2, "DateDebut" = @p3, "DateFin" = @p4, "DefinitionWorkflowId" = @p5, "DonneesEntree" = @p6, "Erreur" = @p7, "Etat" = @p8, "HashVersionConfig" = @p9
      WHERE "Id" = @p10
      RETURNING 1;
info: Microsoft.EntityFrameworkCore.Database.Command[20101]
      Executed DbCommand (29ms) [Parameters=[@p10='?' (DbType = Guid), @p0='?' (Size = 2), @p1='?' (Size = 32), @p2='?' (DbType = DateTime), @p3='?' (DbType = DateTime), @p4='?' (DbType = DateTime), @p5='?' (DbType = Guid), @p6='?', @p7='?' (Size = 79), @p8='?' (Size = 8), @p9='?' (Size = 64)], CommandType='Text', CommandTimeout='30']
      UPDATE "InstancesWorkflow" SET "ContexteExecution" = @p0, "CorrelationId" = @p1, "DateCreation" = @p2, "DateDebut" = @p3, "DateFin" = @p4, "DefinitionWorkflowId" = @p5, "DonneesEntree" = @p6, "Erreur" = @p7, "Etat" = @p8, "HashVersionConfig" = @p9
      WHERE "Id" = @p10
      RETURNING 1;
dbug: Microsoft.EntityFrameworkCore.Database.Connection[20005]
      Creating DbConnection.
dbug: Microsoft.EntityFrameworkCore.Database.Connection[20006]
      Created DbConnection. (1ms).
dbug: Microsoft.EntityFrameworkCore.Database.Connection[20000]
      Opening connection to database 'main' on server 'oam_dev.db'.
dbug: Microsoft.EntityFrameworkCore.Database.Command[20301]
      Closing data reader to 'main' on server 'C:\OAM\src\OAM.Api\oam_dev.db'.
dbug: Microsoft.EntityFrameworkCore.Database.Connection[20001]
      Opened connection to database 'main' on server 'C:\OAM\src\OAM.Api\oam_dev.db'.
dbug: Microsoft.EntityFrameworkCore.Database.Command[20300]
      A data reader for 'main' on server 'C:\OAM\src\OAM.Api\oam_dev.db' is being disposed after spending 31ms reading results.
dbug: Microsoft.EntityFrameworkCore.Database.Command[20103]
      Creating DbCommand for 'ExecuteReader'.
dbug: Microsoft.EntityFrameworkCore.Database.Connection[20002]
      Closing connection to database 'main' on server 'C:\OAM\src\OAM.Api\oam_dev.db'.
dbug: Microsoft.EntityFrameworkCore.Database.Command[20104]
      Created DbCommand for 'ExecuteReader' (30ms).
dbug: Microsoft.EntityFrameworkCore.Database.Connection[20003]
      Closed connection to database 'main' on server 'oam_dev.db' (30ms).
dbug: Microsoft.EntityFrameworkCore.Database.Command[20106]
      Initialized DbCommand for 'ExecuteReader' (32ms).
dbug: Microsoft.EntityFrameworkCore.ChangeTracking[10807]
      An entity of type 'InstanceWorkflow' tracked by 'OamDbContext' changed state from 'Modified' to 'Unchanged'. Consider using 'DbContextOptionsBuilder.EnableSensitiveDataLogging' to see key values.
dbug: Microsoft.EntityFrameworkCore.Update[10005]
      SaveChanges completed for 'OamDbContext' with 1 entities written to the database.
dbug: Microsoft.EntityFrameworkCore.Database.Command[20100]
      Executing DbCommand [Parameters=[@id='?' (DbType = Guid)], CommandType='Text', CommandTimeout='30']
      SELECT "s"."Id", "s"."ContexteExecution", "s"."CorrelationId", "s"."DateCreation", "s"."DateDebut", "s"."DateFin", "s"."DefinitionWorkflowId", "s"."DonneesEntree", "s"."Erreur", "s"."Etat", "s"."HashVersionConfig", "s"."Id0", "e"."Id", "e"."DateDebut", "e"."DateFin", "e"."DonneesEntree", "e"."DonneesSortie", "e"."Erreur", "e"."Etat", "e"."InstanceWorkflowId", "e"."NomTache", "e"."NombreTentatives", "e"."Ordre", "e"."TypeConnecteur", "s"."Actif", "s"."ContenuYaml", "s"."DateCreation0", "s"."DateModification", "s"."Description", "s"."Equipe", "s"."HashVersion", "s"."Nom"
      FROM (
          SELECT "i"."Id", "i"."ContexteExecution", "i"."CorrelationId", "i"."DateCreation", "i"."DateDebut", "i"."DateFin", "i"."DefinitionWorkflowId", "i"."DonneesEntree", "i"."Erreur", "i"."Etat", "i"."HashVersionConfig", "d"."Id" AS "Id0", "d"."Actif", "d"."ContenuYaml", "d"."DateCreation" AS "DateCreation0", "d"."DateModification", "d"."Description", "d"."Equipe", "d"."HashVersion", "d"."Nom"
          FROM "InstancesWorkflow" AS "i"
          INNER JOIN "DefinitionsWorkflow" AS "d" ON "i"."DefinitionWorkflowId" = "d"."Id"
          WHERE "i"."Id" = @id
          LIMIT 1
      ) AS "s"
      LEFT JOIN "ExecutionsTache" AS "e" ON "s"."Id" = "e"."InstanceWorkflowId"
      ORDER BY "s"."Id", "s"."Id0", "e"."Ordre"
fail: OAM.Workflow.Core.Engine.MoteurWorkflow[0]
      Tâche rechercherRendezVous en erreur: Configuration HTTP 'getRendezVousApi' introuvable [CorrelationId=af46d640e7a74b6e98fe322f94f8617e]
info: Microsoft.EntityFrameworkCore.Database.Command[20101]
      Executed DbCommand (95ms) [Parameters=[@id='?' (DbType = Guid)], CommandType='Text', CommandTimeout='30']
      SELECT "s"."Id", "s"."ContexteExecution", "s"."CorrelationId", "s"."DateCreation", "s"."DateDebut", "s"."DateFin", "s"."DefinitionWorkflowId", "s"."DonneesEntree", "s"."Erreur", "s"."Etat", "s"."HashVersionConfig", "s"."Id0", "e"."Id", "e"."DateDebut", "e"."DateFin", "e"."DonneesEntree", "e"."DonneesSortie", "e"."Erreur", "e"."Etat", "e"."InstanceWorkflowId", "e"."NomTache", "e"."NombreTentatives", "e"."Ordre", "e"."TypeConnecteur", "s"."Actif", "s"."ContenuYaml", "s"."DateCreation0", "s"."DateModification", "s"."Description", "s"."Equipe", "s"."HashVersion", "s"."Nom"
      FROM (
          SELECT "i"."Id", "i"."ContexteExecution", "i"."CorrelationId", "i"."DateCreation", "i"."DateDebut", "i"."DateFin", "i"."DefinitionWorkflowId", "i"."DonneesEntree", "i"."Erreur", "i"."Etat", "i"."HashVersionConfig", "d"."Id" AS "Id0", "d"."Actif", "d"."ContenuYaml", "d"."DateCreation" AS "DateCreation0", "d"."DateModification", "d"."Description", "d"."Equipe", "d"."HashVersion", "d"."Nom"
          FROM "InstancesWorkflow" AS "i"
          INNER JOIN "DefinitionsWorkflow" AS "d" ON "i"."DefinitionWorkflowId" = "d"."Id"
          WHERE "i"."Id" = @id
          LIMIT 1
      ) AS "s"
      LEFT JOIN "ExecutionsTache" AS "e" ON "s"."Id" = "e"."InstanceWorkflowId"
      ORDER BY "s"."Id", "s"."Id0", "e"."Ordre"
dbug: Microsoft.EntityFrameworkCore.ChangeTracking[10806]
      Context 'OamDbContext' started tracking 'InstanceWorkflow' entity. Consider using 'DbContextOptionsBuilder.EnableSensitiveDataLogging' to see key values.
dbug: Microsoft.EntityFrameworkCore.ChangeTracking[10805]
      The navigation 'InstanceWorkflow.DefinitionWorkflow' was detected as changed. Consider using 'DbContextOptionsBuilder.EnableSensitiveDataLogging' to see key values.
info: Microsoft.AspNetCore.Http.Result.OkObjectResult[1]
      Setting HTTP status code 200.
dbug: Microsoft.EntityFrameworkCore.ChangeTracking[10806]
      Context 'OamDbContext' started tracking 'DefinitionWorkflow' entity. Consider using 'DbContextOptionsBuilder.EnableSensitiveDataLogging' to see key values.
info: Microsoft.AspNetCore.Routing.EndpointMiddleware[1]
      Executed endpoint 'HTTP: POST /api/instances/{id:guid}/reprendre'
dbug: Microsoft.EntityFrameworkCore.ChangeTracking[10806]
      Context 'OamDbContext' started tracking 'ExecutionTache' entity. Consider using 'DbContextOptionsBuilder.EnableSensitiveDataLogging' to see key values.
dbug: Microsoft.EntityFrameworkCore.Database.Command[20301]
      Closing data reader to 'main' on server 'C:\OAM\src\OAM.Api\oam_dev.db'.
dbug: Microsoft.EntityFrameworkCore.Database.Command[20300]
      A data reader for 'main' on server 'C:\OAM\src\OAM.Api\oam_dev.db' is being disposed after spending 7ms reading results.
dbug: Microsoft.EntityFrameworkCore.Database.Connection[20002]
      Closing connection to database 'main' on server 'C:\OAM\src\OAM.Api\oam_dev.db'.
dbug: Microsoft.EntityFrameworkCore.Database.Connection[20003]
      Closed connection to database 'main' on server 'oam_dev.db' (1ms).
info: Microsoft.AspNetCore.Http.Result.OkObjectResult[1]
      Setting HTTP status code 200.
info: Microsoft.AspNetCore.Http.Result.OkObjectResult[3]
      Writing value of type 'InstanceWorkflowDto' as Json.
dbug: Microsoft.EntityFrameworkCore.Infrastructure[10407]
      'OamDbContext' disposed.
dbug: Microsoft.EntityFrameworkCore.Database.Connection[20007]
      Disposing connection to database 'main' on server 'oam_dev.db'.
dbug: Microsoft.EntityFrameworkCore.Database.Connection[20008]
      Disposed connection to database 'main' on server 'oam_dev.db' (1ms).
info: Microsoft.AspNetCore.Routing.EndpointMiddleware[1]
      Executed endpoint 'HTTP: GET /api/instances/{id:guid}'
info: Microsoft.AspNetCore.Hosting.Diagnostics[2]
      Request finished HTTP/1.1 POST http://localhost:5000/api/instances/ad23db66-91fe-4fab-94d1-09b6e5a103a6/reprendre - 200 - - 3002.8597ms
info: Microsoft.AspNetCore.Hosting.Diagnostics[1]
      Request starting HTTP/1.1 GET http://localhost:5000/api/instances/ad23db66-91fe-4fab-94d1-09b6e5a103a6 - application/json -
dbug: Microsoft.EntityFrameworkCore.Infrastructure[10407]
      'OamDbContext' disposed.
dbug: Microsoft.EntityFrameworkCore.Database.Connection[20007]
      Disposing connection to database 'main' on server 'oam_dev.db'.
dbug: Microsoft.EntityFrameworkCore.Database.Connection[20008]
      Disposed connection to database 'main' on server 'oam_dev.db' (29ms).
info: Microsoft.AspNetCore.Hosting.Diagnostics[2]
      Request finished HTTP/1.1 GET http://localhost:5000/api/instances/ad23db66-91fe-4fab-94d1-09b6e5a103a6 - 200 - application/json;+charset=utf-8 633.6911ms
info: Microsoft.AspNetCore.Routing.EndpointMiddleware[0]
      Executing endpoint 'HTTP: GET /api/instances/{id:guid}'
dbug: Microsoft.EntityFrameworkCore.Infrastructure[10403]
      Entity Framework Core 10.0.5 initialized 'OamDbContext' using provider 'Microsoft.EntityFrameworkCore.Sqlite:10.0.5' with options: None
dbug: Microsoft.EntityFrameworkCore.Database.Connection[20005]
      Creating DbConnection.
dbug: Microsoft.EntityFrameworkCore.Database.Connection[20006]
      Created DbConnection. (2ms).
dbug: Microsoft.EntityFrameworkCore.Database.Connection[20000]
      Opening connection to database 'main' on server 'oam_dev.db'.
dbug: Microsoft.EntityFrameworkCore.Database.Connection[20001]
      Opened connection to database 'main' on server 'C:\OAM\src\OAM.Api\oam_dev.db'.
dbug: Microsoft.EntityFrameworkCore.Database.Command[20103]
      Creating DbCommand for 'ExecuteReader'.
dbug: Microsoft.EntityFrameworkCore.Database.Command[20104]
      Created DbCommand for 'ExecuteReader' (1ms).
dbug: Microsoft.EntityFrameworkCore.Database.Command[20106]
      Initialized DbCommand for 'ExecuteReader' (2ms).
dbug: Microsoft.EntityFrameworkCore.Database.Command[20100]
      Executing DbCommand [Parameters=[@id='?' (DbType = Guid)], CommandType='Text', CommandTimeout='30']
      SELECT "s"."Id", "s"."ContexteExecution", "s"."CorrelationId", "s"."DateCreation", "s"."DateDebut", "s"."DateFin", "s"."DefinitionWorkflowId", "s"."DonneesEntree", "s"."Erreur", "s"."Etat", "s"."HashVersionConfig", "s"."Id0", "e"."Id", "e"."DateDebut", "e"."DateFin", "e"."DonneesEntree", "e"."DonneesSortie", "e"."Erreur", "e"."Etat", "e"."InstanceWorkflowId", "e"."NomTache", "e"."NombreTentatives", "e"."Ordre", "e"."TypeConnecteur", "s"."Actif", "s"."ContenuYaml", "s"."DateCreation0", "s"."DateModification", "s"."Description", "s"."Equipe", "s"."HashVersion", "s"."Nom"
      FROM (
          SELECT "i"."Id", "i"."ContexteExecution", "i"."CorrelationId", "i"."DateCreation", "i"."DateDebut", "i"."DateFin", "i"."DefinitionWorkflowId", "i"."DonneesEntree", "i"."Erreur", "i"."Etat", "i"."HashVersionConfig", "d"."Id" AS "Id0", "d"."Actif", "d"."ContenuYaml", "d"."DateCreation" AS "DateCreation0", "d"."DateModification", "d"."Description", "d"."Equipe", "d"."HashVersion", "d"."Nom"
          FROM "InstancesWorkflow" AS "i"
          INNER JOIN "DefinitionsWorkflow" AS "d" ON "i"."DefinitionWorkflowId" = "d"."Id"
          WHERE "i"."Id" = @id
          LIMIT 1
      ) AS "s"
      LEFT JOIN "ExecutionsTache" AS "e" ON "s"."Id" = "e"."InstanceWorkflowId"
      ORDER BY "s"."Id", "s"."Id0", "e"."Ordre"
info: Microsoft.EntityFrameworkCore.Database.Command[20101]
      Executed DbCommand (17ms) [Parameters=[@id='?' (DbType = Guid)], CommandType='Text', CommandTimeout='30']
      SELECT "s"."Id", "s"."ContexteExecution", "s"."CorrelationId", "s"."DateCreation", "s"."DateDebut", "s"."DateFin", "s"."DefinitionWorkflowId", "s"."DonneesEntree", "s"."Erreur", "s"."Etat", "s"."HashVersionConfig", "s"."Id0", "e"."Id", "e"."DateDebut", "e"."DateFin", "e"."DonneesEntree", "e"."DonneesSortie", "e"."Erreur", "e"."Etat", "e"."InstanceWorkflowId", "e"."NomTache", "e"."NombreTentatives", "e"."Ordre", "e"."TypeConnecteur", "s"."Actif", "s"."ContenuYaml", "s"."DateCreation0", "s"."DateModification", "s"."Description", "s"."Equipe", "s"."HashVersion", "s"."Nom"
      FROM (
          SELECT "i"."Id", "i"."ContexteExecution", "i"."CorrelationId", "i"."DateCreation", "i"."DateDebut", "i"."DateFin", "i"."DefinitionWorkflowId", "i"."DonneesEntree", "i"."Erreur", "i"."Etat", "i"."HashVersionConfig", "d"."Id" AS "Id0", "d"."Actif", "d"."ContenuYaml", "d"."DateCreation" AS "DateCreation0", "d"."DateModification", "d"."Description", "d"."Equipe", "d"."HashVersion", "d"."Nom"
          FROM "InstancesWorkflow" AS "i"
          INNER JOIN "DefinitionsWorkflow" AS "d" ON "i"."DefinitionWorkflowId" = "d"."Id"
          WHERE "i"."Id" = @id
          LIMIT 1
      ) AS "s"
      LEFT JOIN "ExecutionsTache" AS "e" ON "s"."Id" = "e"."InstanceWorkflowId"
      ORDER BY "s"."Id", "s"."Id0", "e"."Ordre"
dbug: Microsoft.EntityFrameworkCore.ChangeTracking[10806]
      Context 'OamDbContext' started tracking 'InstanceWorkflow' entity. Consider using 'DbContextOptionsBuilder.EnableSensitiveDataLogging' to see key values.
dbug: Microsoft.EntityFrameworkCore.ChangeTracking[10805]
      The navigation 'InstanceWorkflow.DefinitionWorkflow' was detected as changed. Consider using 'DbContextOptionsBuilder.EnableSensitiveDataLogging' to see key values.
dbug: Microsoft.EntityFrameworkCore.ChangeTracking[10806]
      Context 'OamDbContext' started tracking 'DefinitionWorkflow' entity. Consider using 'DbContextOptionsBuilder.EnableSensitiveDataLogging' to see key values.
dbug: Microsoft.EntityFrameworkCore.ChangeTracking[10806]
      Context 'OamDbContext' started tracking 'ExecutionTache' entity. Consider using 'DbContextOptionsBuilder.EnableSensitiveDataLogging' to see key values.
dbug: Microsoft.EntityFrameworkCore.Database.Command[20301]
      Closing data reader to 'main' on server 'C:\OAM\src\OAM.Api\oam_dev.db'.
dbug: Microsoft.EntityFrameworkCore.Database.Command[20300]
      A data reader for 'main' on server 'C:\OAM\src\OAM.Api\oam_dev.db' is being disposed after spending 8ms reading results.
dbug: Microsoft.EntityFrameworkCore.Database.Connection[20002]
      Closing connection to database 'main' on server 'C:\OAM\src\OAM.Api\oam_dev.db'.
dbug: Microsoft.EntityFrameworkCore.Database.Connection[20003]
      Closed connection to database 'main' on server 'oam_dev.db' (1ms).
info: Microsoft.AspNetCore.Http.Result.OkObjectResult[1]
      Setting HTTP status code 200.
info: Microsoft.AspNetCore.Http.Result.OkObjectResult[3]
      Writing value of type 'InstanceWorkflowDto' as Json.
info: Microsoft.AspNetCore.Routing.EndpointMiddleware[1]
      Executed endpoint 'HTTP: GET /api/instances/{id:guid}'
info: Microsoft.AspNetCore.Hosting.Diagnostics[1]
      Request starting HTTP/1.1 GET http://localhost:5000/api/instances/ad23db66-91fe-4fab-94d1-09b6e5a103a6 - application/json -
dbug: Microsoft.EntityFrameworkCore.Infrastructure[10407]
      'OamDbContext' disposed.
dbug: Microsoft.EntityFrameworkCore.Database.Connection[20007]
      Disposing connection to database 'main' on server 'oam_dev.db'.
dbug: Microsoft.EntityFrameworkCore.Database.Connection[20008]
      Disposed connection to database 'main' on server 'oam_dev.db' (32ms).
info: Microsoft.AspNetCore.Routing.EndpointMiddleware[0]
      Executing endpoint 'HTTP: GET /api/instances/{id:guid}'
info: Microsoft.AspNetCore.Hosting.Diagnostics[2]
      Request finished HTTP/1.1 GET http://localhost:5000/api/instances/ad23db66-91fe-4fab-94d1-09b6e5a103a6 - 200 - application/json;+charset=utf-8 276.1636ms
dbug: Microsoft.EntityFrameworkCore.Infrastructure[10403]
      Entity Framework Core 10.0.5 initialized 'OamDbContext' using provider 'Microsoft.EntityFrameworkCore.Sqlite:10.0.5' with options: None
dbug: Microsoft.EntityFrameworkCore.Database.Connection[20005]
      Creating DbConnection.
dbug: Microsoft.EntityFrameworkCore.Database.Connection[20006]
      Created DbConnection. (1ms).
dbug: Microsoft.EntityFrameworkCore.Database.Connection[20000]
      Opening connection to database 'main' on server 'oam_dev.db'.
dbug: Microsoft.EntityFrameworkCore.Database.Connection[20001]
      Opened connection to database 'main' on server 'C:\OAM\src\OAM.Api\oam_dev.db'.
dbug: Microsoft.EntityFrameworkCore.Database.Command[20103]
      Creating DbCommand for 'ExecuteReader'.
dbug: Microsoft.EntityFrameworkCore.Database.Command[20104]
      Created DbCommand for 'ExecuteReader' (1ms).
dbug: Microsoft.EntityFrameworkCore.Database.Command[20106]
      Initialized DbCommand for 'ExecuteReader' (2ms).
dbug: Microsoft.EntityFrameworkCore.Database.Command[20100]
      Executing DbCommand [Parameters=[@id='?' (DbType = Guid)], CommandType='Text', CommandTimeout='30']
      SELECT "s"."Id", "s"."ContexteExecution", "s"."CorrelationId", "s"."DateCreation", "s"."DateDebut", "s"."DateFin", "s"."DefinitionWorkflowId", "s"."DonneesEntree", "s"."Erreur", "s"."Etat", "s"."HashVersionConfig", "s"."Id0", "e"."Id", "e"."DateDebut", "e"."DateFin", "e"."DonneesEntree", "e"."DonneesSortie", "e"."Erreur", "e"."Etat", "e"."InstanceWorkflowId", "e"."NomTache", "e"."NombreTentatives", "e"."Ordre", "e"."TypeConnecteur", "s"."Actif", "s"."ContenuYaml", "s"."DateCreation0", "s"."DateModification", "s"."Description", "s"."Equipe", "s"."HashVersion", "s"."Nom"
      FROM (
          SELECT "i"."Id", "i"."ContexteExecution", "i"."CorrelationId", "i"."DateCreation", "i"."DateDebut", "i"."DateFin", "i"."DefinitionWorkflowId", "i"."DonneesEntree", "i"."Erreur", "i"."Etat", "i"."HashVersionConfig", "d"."Id" AS "Id0", "d"."Actif", "d"."ContenuYaml", "d"."DateCreation" AS "DateCreation0", "d"."DateModification", "d"."Description", "d"."Equipe", "d"."HashVersion", "d"."Nom"
          FROM "InstancesWorkflow" AS "i"
          INNER JOIN "DefinitionsWorkflow" AS "d" ON "i"."DefinitionWorkflowId" = "d"."Id"
          WHERE "i"."Id" = @id
          LIMIT 1
      ) AS "s"
      LEFT JOIN "ExecutionsTache" AS "e" ON "s"."Id" = "e"."InstanceWorkflowId"
      ORDER BY "s"."Id", "s"."Id0", "e"."Ordre"
info: Microsoft.EntityFrameworkCore.Database.Command[20101]
      Executed DbCommand (2ms) [Parameters=[@id='?' (DbType = Guid)], CommandType='Text', CommandTimeout='30']
      SELECT "s"."Id", "s"."ContexteExecution", "s"."CorrelationId", "s"."DateCreation", "s"."DateDebut", "s"."DateFin", "s"."DefinitionWorkflowId", "s"."DonneesEntree", "s"."Erreur", "s"."Etat", "s"."HashVersionConfig", "s"."Id0", "e"."Id", "e"."DateDebut", "e"."DateFin", "e"."DonneesEntree", "e"."DonneesSortie", "e"."Erreur", "e"."Etat", "e"."InstanceWorkflowId", "e"."NomTache", "e"."NombreTentatives", "e"."Ordre", "e"."TypeConnecteur", "s"."Actif", "s"."ContenuYaml", "s"."DateCreation0", "s"."DateModification", "s"."Description", "s"."Equipe", "s"."HashVersion", "s"."Nom"
      FROM (
          SELECT "i"."Id", "i"."ContexteExecution", "i"."CorrelationId", "i"."DateCreation", "i"."DateDebut", "i"."DateFin", "i"."DefinitionWorkflowId", "i"."DonneesEntree", "i"."Erreur", "i"."Etat", "i"."HashVersionConfig", "d"."Id" AS "Id0", "d"."Actif", "d"."ContenuYaml", "d"."DateCreation" AS "DateCreation0", "d"."DateModification", "d"."Description", "d"."Equipe", "d"."HashVersion", "d"."Nom"
          FROM "InstancesWorkflow" AS "i"
          INNER JOIN "DefinitionsWorkflow" AS "d" ON "i"."DefinitionWorkflowId" = "d"."Id"
          WHERE "i"."Id" = @id
          LIMIT 1
      ) AS "s"
      LEFT JOIN "ExecutionsTache" AS "e" ON "s"."Id" = "e"."InstanceWorkflowId"
      ORDER BY "s"."Id", "s"."Id0", "e"."Ordre"
dbug: Microsoft.EntityFrameworkCore.ChangeTracking[10806]
      Context 'OamDbContext' started tracking 'InstanceWorkflow' entity. Consider using 'DbContextOptionsBuilder.EnableSensitiveDataLogging' to see key values.
dbug: Microsoft.EntityFrameworkCore.ChangeTracking[10805]
      The navigation 'InstanceWorkflow.DefinitionWorkflow' was detected as changed. Consider using 'DbContextOptionsBuilder.EnableSensitiveDataLogging' to see key values.
dbug: Microsoft.EntityFrameworkCore.ChangeTracking[10806]
      Context 'OamDbContext' started tracking 'DefinitionWorkflow' entity. Consider using 'DbContextOptionsBuilder.EnableSensitiveDataLogging' to see key values.
dbug: Microsoft.EntityFrameworkCore.ChangeTracking[10806]
      Context 'OamDbContext' started tracking 'ExecutionTache' entity. Consider using 'DbContextOptionsBuilder.EnableSensitiveDataLogging' to see key values.
dbug: Microsoft.EntityFrameworkCore.Database.Command[20301]
      Closing data reader to 'main' on server 'C:\OAM\src\OAM.Api\oam_dev.db'.
dbug: Microsoft.EntityFrameworkCore.Database.Command[20300]
      A data reader for 'main' on server 'C:\OAM\src\OAM.Api\oam_dev.db' is being disposed after spending 6ms reading results.
dbug: Microsoft.EntityFrameworkCore.Database.Connection[20002]
      Closing connection to database 'main' on server 'C:\OAM\src\OAM.Api\oam_dev.db'.
dbug: Microsoft.EntityFrameworkCore.Database.Connection[20003]
      Closed connection to database 'main' on server 'oam_dev.db' (1ms).
info: Microsoft.AspNetCore.Http.Result.OkObjectResult[1]
      Setting HTTP status co