dbug: Microsoft.EntityFrameworkCore.Infrastructure[10401]
      An 'IServiceProvider' was created for internal use by Entity Framework.
dbug: Microsoft.EntityFrameworkCore.Model[10601]
      The index {'InstanceWorkflowId'} was not created on entity type 'ExecutionTache' as the properties are already covered by the index {'InstanceWorkflowId', 'NomTache'}.
dbug: Microsoft.EntityFrameworkCore.Infrastructure[10403]
      Entity Framework Core 10.0.5 initialized 'OamDbContext' using provider 'Microsoft.EntityFrameworkCore.Sqlite:10.0.5' with options: None
dbug: Microsoft.EntityFrameworkCore.Database.Connection[20005]
      Creating DbConnection.
dbug: Microsoft.EntityFrameworkCore.Database.Connection[20006]
      Created DbConnection. (8ms).
dbug: Microsoft.EntityFrameworkCore.Database.Connection[20000]
      Opening connection to database 'main' on server 'oam_dev.db'.
dbug: Microsoft.EntityFrameworkCore.Database.Connection[20001]
      Opened connection to database 'main' on server 'C:\OAM\src\OAM.Api\oam_dev.db'.
dbug: Microsoft.EntityFrameworkCore.Database.Connection[20007]
      Disposing connection to database 'main' on server 'oam_dev.db'.
dbug: Microsoft.EntityFrameworkCore.Database.Connection[20008]
      Disposed connection to database 'main' on server 'oam_dev.db' (1ms).
dbug: Microsoft.EntityFrameworkCore.Database.Command[20103]
      Creating DbCommand for 'ExecuteScalar'.
dbug: Microsoft.EntityFrameworkCore.Database.Connection[20005]
      Creating DbConnection.
dbug: Microsoft.EntityFrameworkCore.Database.Connection[20006]
      Created DbConnection. (1ms).
dbug: Microsoft.EntityFrameworkCore.Database.Command[20104]
      Created DbCommand for 'ExecuteScalar' (6ms).
dbug: Microsoft.EntityFrameworkCore.Database.Command[20106]
      Initialized DbCommand for 'ExecuteScalar' (11ms).
dbug: Microsoft.EntityFrameworkCore.Database.Connection[20000]
      Opening connection to database 'main' on server 'oam_dev.db'.
dbug: Microsoft.EntityFrameworkCore.Database.Connection[20001]
      Opened connection to database 'main' on server 'C:\OAM\src\OAM.Api\oam_dev.db'.
dbug: Microsoft.EntityFrameworkCore.Database.Command[20100]
      Executing DbCommand [Parameters=[], CommandType='Text', CommandTimeout='30']
      SELECT COUNT(*) FROM "sqlite_master" WHERE "type" = 'table' AND "rootpage" IS NOT NULL;
info: Microsoft.EntityFrameworkCore.Database.Command[20101]
      Executed DbCommand (14ms) [Parameters=[], CommandType='Text', CommandTimeout='30']
      SELECT COUNT(*) FROM "sqlite_master" WHERE "type" = 'table' AND "rootpage" IS NOT NULL;
dbug: Microsoft.EntityFrameworkCore.Database.Connection[20002]
      Closing connection to database 'main' on server 'C:\OAM\src\OAM.Api\oam_dev.db'.
dbug: Microsoft.EntityFrameworkCore.Database.Connection[20003]
      Closed connection to database 'main' on server 'oam_dev.db' (2ms).
info: OAM.Api[0]
      Mocks seedés depuis C:\OAM\src\OAM.Api\bin\Debug\net10.0\seed-mocks.json (2 entrées)
dbug: Microsoft.EntityFrameworkCore.Infrastructure[10407]
      'OamDbContext' disposed.
dbug: Microsoft.EntityFrameworkCore.Database.Connection[20007]
      Disposing connection to database 'main' on server 'oam_dev.db'.
dbug: Microsoft.EntityFrameworkCore.Database.Connection[20008]
      Disposed connection to database 'main' on server 'oam_dev.db' (0ms).
warn: Microsoft.AspNetCore.StaticFiles.StaticFileMiddleware[16]
      The WebRootPath was not found: C:\OAM\src\OAM.Api\wwwroot. Static files may be unavailable.
dbug: Microsoft.Extensions.Hosting.Internal.Host[1]
      Hosting starting
info: Microsoft.AspNetCore.DataProtection.KeyManagement.XmlKeyManager[63]
      User profile is available. Using 'C:\Users\infol\AppData\Local\ASP.NET\DataProtection-Keys' as key repository and Windows DPAPI to encrypt keys at rest.
info: Microsoft.AspNetCore.Authentication.Negotiate.NegotiateHandler[8]
      Deferring to the server's implementation of Windows Authentication.
warn: Microsoft.AspNetCore.StaticFiles.StaticFileMiddleware[16]
      The WebRootPath was not found: C:\OAM\src\OAM.Api\wwwroot. Static files may be unavailable.
info: Microsoft.AspNetCore.Hosting.Diagnostics[1]
      Request starting HTTP/1.1 GET http://localhost:5000/api/instances/dff0ec2a-b01b-4775-b08b-39f04122b054 - application/json -
info: Microsoft.AspNetCore.Hosting.Diagnostics[1]
      Request starting HTTP/1.1 GET http://localhost:5000/api/definitions - application/json -
info: Microsoft.AspNetCore.Hosting.Diagnostics[1]
      Request starting HTTP/1.1 GET http://localhost:5000/api/definitions - application/json -
info: Microsoft.AspNetCore.Hosting.Diagnostics[1]
      Request starting HTTP/1.1 GET http://localhost:5000/api/definitions - application/json -
info: Microsoft.AspNetCore.Hosting.Diagnostics[1]
      Request starting HTTP/1.1 POST http://localhost:5173/hubs/workflow/negotiate?negotiateVersion=1 - - 0
info: Microsoft.AspNetCore.Hosting.Diagnostics[1]
      Request starting HTTP/1.1 POST http://localhost:5173/hubs/workflow/negotiate?negotiateVersion=1 - - 0
info: Microsoft.AspNetCore.Hosting.Diagnostics[1]
      Request starting HTTP/1.1 POST http://localhost:5173/hubs/workflow/negotiate?negotiateVersion=1 - - 0
info: Microsoft.AspNetCore.Hosting.Diagnostics[1]
      Request starting HTTP/1.1 POST http://localhost:5173/hubs/workflow/negotiate?negotiateVersion=1 - - 0
info: Microsoft.AspNetCore.Hosting.Diagnostics[1]
      Request starting HTTP/1.1 POST http://localhost:5173/hubs/workflow/negotiate?negotiateVersion=1 - - 0
info: Microsoft.AspNetCore.Hosting.Diagnostics[1]
      Request starting HTTP/1.1 POST http://localhost:5173/hubs/workflow/negotiate?negotiateVersion=1 - - 0
info: Microsoft.AspNetCore.Hosting.Diagnostics[1]
      Request starting HTTP/1.1 POST http://localhost:5173/hubs/workflow/negotiate?negotiateVersion=1 - - 0
info: Microsoft.AspNetCore.Hosting.Diagnostics[1]
      Request starting HTTP/1.1 GET http://localhost:5000/api/instances/dff0ec2a-b01b-4775-b08b-39f04122b054 - application/json -
info: Microsoft.AspNetCore.Hosting.Diagnostics[1]
      Request starting HTTP/1.1 GET http://localhost:5000/api/instances/dff0ec2a-b01b-4775-b08b-39f04122b054 - application/json -
info: Microsoft.AspNetCore.Hosting.Diagnostics[1]
      Request starting HTTP/1.1 GET http://localhost:5000/api/definitions - application/json -
info: Microsoft.AspNetCore.Hosting.Diagnostics[1]
      Request starting HTTP/1.1 GET http://localhost:5000/api/definitions - application/json -
info: Microsoft.AspNetCore.Hosting.Diagnostics[1]
      Request starting HTTP/1.1 GET http://localhost:5000/api/instances/dff0ec2a-b01b-4775-b08b-39f04122b054 - application/json -
info: Microsoft.AspNetCore.Hosting.Diagnostics[1]
      Request starting HTTP/1.1 POST http://localhost:5173/hubs/workflow/negotiate?negotiateVersion=1 - - 0
info: Microsoft.AspNetCore.Hosting.Diagnostics[1]
      Request starting HTTP/1.1 GET http://localhost:5000/api/definitions - application/json -
info: Microsoft.AspNetCore.Cors.Infrastructure.CorsService[4]
      CORS policy execution successful.
info: Microsoft.AspNetCore.Cors.Infrastructure.CorsService[4]
      CORS policy execution successful.
info: Microsoft.AspNetCore.Cors.Infrastructure.CorsService[4]
      CORS policy execution successful.
info: Microsoft.AspNetCore.Cors.Infrastructure.CorsService[4]
      CORS policy execution successful.
info: Microsoft.AspNetCore.Cors.Infrastructure.CorsService[4]
      CORS policy execution successful.
info: Microsoft.AspNetCore.Cors.Infrastructure.CorsService[4]
      CORS policy execution successful.
info: Microsoft.AspNetCore.Cors.Infrastructure.CorsService[4]
      CORS policy execution successful.
info: Microsoft.AspNetCore.Routing.EndpointMiddleware[0]
      Executing endpoint 'OAM.Api.Controllers.DefinitionsController.Lister (OAM.Api)'
info: Microsoft.AspNetCore.Routing.EndpointMiddleware[0]
      Executing endpoint '/hubs/workflow/negotiate'
info: Microsoft.AspNetCore.Routing.EndpointMiddleware[0]
      Executing endpoint '/hubs/workflow/negotiate'
info: Microsoft.AspNetCore.Routing.EndpointMiddleware[0]
      Executing endpoint '/hubs/workflow/negotiate'
info: Microsoft.AspNetCore.Routing.EndpointMiddleware[0]
      Executing endpoint 'OAM.Api.Controllers.DefinitionsController.Lister (OAM.Api)'
info: Microsoft.AspNetCore.Routing.EndpointMiddleware[0]
      Executing endpoint 'OAM.Api.Controllers.InstancesController.ObtenirParId (OAM.Api)'
info: Microsoft.AspNetCore.Routing.EndpointMiddleware[0]
      Executing endpoint 'OAM.Api.Controllers.InstancesController.ObtenirParId (OAM.Api)'
info: Microsoft.AspNetCore.Routing.EndpointMiddleware[0]
      Executing endpoint 'OAM.Api.Controllers.InstancesController.ObtenirParId (OAM.Api)'
info: Microsoft.AspNetCore.Routing.EndpointMiddleware[0]
      Executing endpoint 'OAM.Api.Controllers.DefinitionsController.Lister (OAM.Api)'
info: Microsoft.AspNetCore.Routing.EndpointMiddleware[0]
      Executing endpoint '/hubs/workflow/negotiate'
info: Microsoft.AspNetCore.Routing.EndpointMiddleware[0]
      Executing endpoint 'OAM.Api.Controllers.InstancesController.ObtenirParId (OAM.Api)'
info: Microsoft.AspNetCore.Routing.EndpointMiddleware[0]
      Executing endpoint 'OAM.Api.Controllers.DefinitionsController.Lister (OAM.Api)'
info: Microsoft.AspNetCore.Routing.EndpointMiddleware[0]
      Executing endpoint '/hubs/workflow/negotiate'
info: Microsoft.AspNetCore.Routing.EndpointMiddleware[0]
      Executing endpoint 'OAM.Api.Controllers.DefinitionsController.Lister (OAM.Api)'
info: Microsoft.AspNetCore.Routing.EndpointMiddleware[0]
      Executing endpoint '/hubs/workflow/negotiate'
info: Microsoft.AspNetCore.Routing.EndpointMiddleware[0]
      Executing endpoint '/hubs/workflow/negotiate'
info: Microsoft.AspNetCore.Mvc.Infrastructure.ControllerActionInvoker[102]
      Route matched with {action = "ObtenirParId", controller = "Instances"}. Executing controller action with signature System.Threading.Tasks.Task`1[Microsoft.AspNetCore.Mvc.ActionResult`1[OAM.Api.Dtos.InstanceWorkflowDto]] ObtenirParId(System.Guid) on controller OAM.Api.Controllers.InstancesController (OAM.Api).
info: Microsoft.AspNetCore.Mvc.Infrastructure.ControllerActionInvoker[102]
      Route matched with {action = "Lister", controller = "Definitions"}. Executing controller action with signature System.Threading.Tasks.Task`1[Microsoft.AspNetCore.Mvc.ActionResult`1[System.Collections.Generic.IReadOnlyList`1[OAM.Api.Dtos.DefinitionWorkflowDto]]] Lister(System.String) on controller OAM.Api.Controllers.DefinitionsController (OAM.Api).
info: Microsoft.AspNetCore.Mvc.Infrastructure.ControllerActionInvoker[102]
      Route matched with {action = "ObtenirParId", controller = "Instances"}. Executing controller action with signature System.Threading.Tasks.Task`1[Microsoft.AspNetCore.Mvc.ActionResult`1[OAM.Api.Dtos.InstanceWorkflowDto]] ObtenirParId(System.Guid) on controller OAM.Api.Controllers.InstancesController (OAM.Api).
info: Microsoft.AspNetCore.Mvc.Infrastructure.ControllerActionInvoker[102]
      Route matched with {action = "ObtenirParId", controller = "Instances"}. Executing controller action with signature System.Threading.Tasks.Task`1[Microsoft.AspNetCore.Mvc.ActionResult`1[OAM.Api.Dtos.InstanceWorkflowDto]] ObtenirParId(System.Guid) on controller OAM.Api.Controllers.InstancesController (OAM.Api).
info: Microsoft.AspNetCore.Mvc.Infrastructure.ControllerActionInvoker[102]
      Route matched with {action = "Lister", controller = "Definitions"}. Executing controller action with signature System.Threading.Tasks.Task`1[Microsoft.AspNetCore.Mvc.ActionResult`1[System.Collections.Generic.IReadOnlyList`1[OAM.Api.Dtos.DefinitionWorkflowDto]]] Lister(System.String) on controller OAM.Api.Controllers.DefinitionsController (OAM.Api).
info: Microsoft.AspNetCore.Mvc.Infrastructure.ControllerActionInvoker[102]
      Route matched with {action = "Lister", controller = "Definitions"}. Executing controller action with signature System.Threading.Tasks.Task`1[Microsoft.AspNetCore.Mvc.ActionResult`1[System.Collections.Generic.IReadOnlyList`1[OAM.Api.Dtos.DefinitionWorkflowDto]]] Lister(System.String) on controller OAM.Api.Controllers.DefinitionsController (OAM.Api).
info: Microsoft.AspNetCore.Mvc.Infrastructure.ControllerActionInvoker[102]
      Route matched with {action = "Lister", controller = "Definitions"}. Executing controller action with signature System.Threading.Tasks.Task`1[Microsoft.AspNetCore.Mvc.ActionResult`1[System.Collections.Generic.IReadOnlyList`1[OAM.Api.Dtos.DefinitionWorkflowDto]]] Lister(System.String) on controller OAM.Api.Controllers.DefinitionsController (OAM.Api).
info: Microsoft.AspNetCore.Mvc.Infrastructure.ControllerActionInvoker[102]
      Route matched with {action = "ObtenirParId", controller = "Instances"}. Executing controller action with signature System.Threading.Tasks.Task`1[Microsoft.AspNetCore.Mvc.ActionResult`1[OAM.Api.Dtos.InstanceWorkflowDto]] ObtenirParId(System.Guid) on controller OAM.Api.Controllers.InstancesController (OAM.Api).
info: Microsoft.AspNetCore.Mvc.Infrastructure.ControllerActionInvoker[102]
      Route matched with {action = "Lister", controller = "Definitions"}. Executing controller action with signature System.Threading.Tasks.Task`1[Microsoft.AspNetCore.Mvc.ActionResult`1[System.Collections.Generic.IReadOnlyList`1[OAM.Api.Dtos.DefinitionWorkflowDto]]] Lister(System.String) on controller OAM.Api.Controllers.DefinitionsController (OAM.Api).
info: Microsoft.AspNetCore.Routing.EndpointMiddleware[1]
      Executed endpoint '/hubs/workflow/negotiate'
info: Microsoft.AspNetCore.Routing.EndpointMiddleware[1]
      Executed endpoint '/hubs/workflow/negotiate'
info: Microsoft.AspNetCore.Routing.EndpointMiddleware[1]
      Executed endpoint '/hubs/workflow/negotiate'
info: Microsoft.AspNetCore.Routing.EndpointMiddleware[1]
      Executed endpoint '/hubs/workflow/negotiate'
info: Microsoft.AspNetCore.Routing.EndpointMiddleware[1]
      Executed endpoint '/hubs/workflow/negotiate'
info: Microsoft.AspNetCore.Routing.EndpointMiddleware[1]
      Executed endpoint '/hubs/workflow/negotiate'
info: Microsoft.AspNetCore.Routing.EndpointMiddleware[1]
      Executed endpoint '/hubs/workflow/negotiate'
info: Microsoft.AspNetCore.Hosting.Diagnostics[2]
      Request finished HTTP/1.1 POST http://localhost:5173/hubs/workflow/negotiate?negotiateVersion=1 - 200 316 application/json 504.8955ms
info: Microsoft.AspNetCore.Hosting.Diagnostics[2]
      Request finished HTTP/1.1 POST http://localhost:5173/hubs/workflow/negotiate?negotiateVersion=1 - 200 316 application/json 504.9305ms
info: Microsoft.AspNetCore.Hosting.Diagnostics[2]
      Request finished HTTP/1.1 POST http://localhost:5173/hubs/workflow/negotiate?negotiateVersion=1 - 200 316 application/json 504.9476ms
info: Microsoft.AspNetCore.Hosting.Diagnostics[2]
      Request finished HTTP/1.1 POST http://localhost:5173/hubs/workflow/negotiate?negotiateVersion=1 - 200 316 application/json 504.9555ms
info: Microsoft.AspNetCore.Hosting.Diagnostics[2]
      Request finished HTTP/1.1 POST http://localhost:5173/hubs/workflow/negotiate?negotiateVersion=1 - 200 316 application/json 504.9833ms
info: Microsoft.AspNetCore.Hosting.Diagnostics[2]
      Request finished HTTP/1.1 POST http://localhost:5173/hubs/workflow/negotiate?negotiateVersion=1 - 200 316 application/json 505.0562ms
info: Microsoft.AspNetCore.Hosting.Diagnostics[2]
      Request finished HTTP/1.1 POST http://localhost:5173/hubs/workflow/negotiate?negotiateVersion=1 - 200 316 application/json 504.9677ms
info: Microsoft.AspNetCore.Cors.Infrastructure.CorsService[4]
      CORS policy execution successful.
dbug: Microsoft.EntityFrameworkCore.Infrastructure[10403]
      Entity Framework Core 10.0.5 initialized 'OamDbContext' using provider 'Microsoft.EntityFrameworkCore.Sqlite:10.0.5' with options: None
dbug: Microsoft.EntityFrameworkCore.Infrastructure[10403]
      Entity Framework Core 10.0.5 initialized 'OamDbContext' using provider 'Microsoft.EntityFrameworkCore.Sqlite:10.0.5' with options: None
dbug: Microsoft.EntityFrameworkCore.Infrastructure[10403]
      Entity Framework Core 10.0.5 initialized 'OamDbContext' using provider 'Microsoft.EntityFrameworkCore.Sqlite:10.0.5' with options: None
dbug: Microsoft.EntityFrameworkCore.Infrastructure[10403]
      Entity Framework Core 10.0.5 initialized 'OamDbContext' using provider 'Microsoft.EntityFrameworkCore.Sqlite:10.0.5' with options: None
dbug: Microsoft.EntityFrameworkCore.Infrastructure[10403]
      Entity Framework Core 10.0.5 initialized 'OamDbContext' using provider 'Microsoft.EntityFrameworkCore.Sqlite:10.0.5' with options: None
dbug: Microsoft.EntityFrameworkCore.Infrastructure[10403]
      Entity Framework Core 10.0.5 initialized 'OamDbContext' using provider 'Microsoft.EntityFrameworkCore.Sqlite:10.0.5' with options: None
dbug: Microsoft.EntityFrameworkCore.Infrastructure[10403]
      Entity Framework Core 10.0.5 initialized 'OamDbContext' using provider 'Microsoft.EntityFrameworkCore.Sqlite:10.0.5' with options: None
dbug: Microsoft.EntityFrameworkCore.Infrastructure[10403]
      Entity Framework Core 10.0.5 initialized 'OamDbContext' using provider 'Microsoft.EntityFrameworkCore.Sqlite:10.0.5' with options: None
dbug: Microsoft.EntityFrameworkCore.Infrastructure[10403]
      Entity Framework Core 10.0.5 initialized 'OamDbContext' using provider 'Microsoft.EntityFrameworkCore.Sqlite:10.0.5' with options: None
info: Microsoft.AspNetCore.Routing.EndpointMiddleware[0]
      Executing endpoint '/hubs/workflow/negotiate'
info: Microsoft.AspNetCore.Routing.EndpointMiddleware[0]
      Executing endpoint 'OAM.Api.Controllers.DefinitionsController.Lister (OAM.Api)'
info: Microsoft.AspNetCore.Routing.EndpointMiddleware[1]
      Executed endpoint '/hubs/workflow/negotiate'
info: Microsoft.AspNetCore.Mvc.Infrastructure.ControllerActionInvoker[102]
      Route matched with {action = "Lister", controller = "Definitions"}. Executing controller action with signature System.Threading.Tasks.Task`1[Microsoft.AspNetCore.Mvc.ActionResult`1[System.Collections.Generic.IReadOnlyList`1[OAM.Api.Dtos.DefinitionWorkflowDto]]] Lister(System.String) on controller OAM.Api.Controllers.DefinitionsController (OAM.Api).
info: Microsoft.AspNetCore.Hosting.Diagnostics[1]
      Request starting HTTP/1.1 GET http://localhost:5173/hubs/workflow?id=T_pvhuCjhWplvbT6GPayGg&access_token=eyJhbGciOiJIUzI1NiIsInR5cCI6IkpXVCJ9.eyJodHRwOi8vc2NoZW1hcy54bWxzb2FwLm9yZy93cy8yMDA1LzA1L2lkZW50aXR5L2NsYWltcy9uYW1lIjoiaW5mb2wiLCJodHRwOi8vc2NoZW1hcy5taWNyb3NvZnQuY29tL3dzLzIwMDgvMDYvaWRlbnRpdHkvY2xhaW1zL2F1dGhlbnRpY2F0aW9ubWV0aG9kIjoiRGV2IiwianRpIjoiMjIzYjEwOTEtYTA5MS00ZTQ4LTgyZTMtMTZlNjZjNDliMzQ1IiwiZXhwIjoxNzc0ODIxNjIxLCJpc3MiOiJPQU0iLCJhdWQiOiJPQU0tRnJvbnRlbmQifQ.hHzaTgOheQaUuqQU1s4TikTVrA_rHTDJX_wwg09al7Y - - -
info: Microsoft.AspNetCore.Hosting.Diagnostics[2]
      Request finished HTTP/1.1 POST http://localhost:5173/hubs/workflow/negotiate?negotiateVersion=1 - 200 316 application/json 753.3580ms
info: Microsoft.AspNetCore.Cors.Infrastructure.CorsService[4]
      CORS policy execution successful.
info: Microsoft.AspNetCore.Routing.EndpointMiddleware[0]
      Executing endpoint '/hubs/workflow'
info: Microsoft.Hosting.Lifetime[0]
      Application started. Press Ctrl+C to shut down.
info: Microsoft.Hosting.Lifetime[0]
      Hosting environment: Development
info: Microsoft.Hosting.Lifetime[0]
      Content root path: C:\OAM\src\OAM.Api
dbug: Microsoft.Extensions.Hosting.Internal.Host[2]
      Hosting started
dbug: Microsoft.EntityFrameworkCore.Query[10111]
      Compiling query expression: 
      'DbSet<InstanceWorkflow>()
          .Include(i => i.Taches
              .OrderBy(t => t.Ordre))
          .Include(i => i.DefinitionWorkflow)
          .FirstOrDefault(i => i.Id == @id)'
dbug: Microsoft.EntityFrameworkCore.Query[10111]
      Compiling query expression: 
      'DbSet<DefinitionWorkflow>()
          .Where(d => d.Actif)
          .OrderBy(d => d.Nom)'
dbug: Microsoft.EntityFrameworkCore.Infrastructure[10403]
      Entity Framework Core 10.0.5 initialized 'OamDbContext' using provider 'Microsoft.EntityFrameworkCore.Sqlite:10.0.5' with options: None
dbug: Microsoft.EntityFrameworkCore.Query[10112]
      Including navigation: 'InstanceWorkflow.Taches'.
dbug: Microsoft.EntityFrameworkCore.Query[10112]
      Including navigation: 'InstanceWorkflow.DefinitionWorkflow'.
dbug: Microsoft.EntityFrameworkCore.Query[10107]
      Generated query execution expression: 
      'queryContext => SingleQueryingEnumerable.Create<DefinitionWorkflow>(
          relationalQueryContext: (RelationalQueryContext)queryContext, 
          relationalCommandResolver: parameters => [LIFTABLE Constant: RelationalCommandCache.QueryExpression(
              Projection Mapping:
                  EmptyProjectionMember -> Dictionary<IPropertyBase, int> { [Property: DefinitionWorkflow.Id (Guid) Required PK AfterSave:Throw ValueGenerated.OnAdd, 0], [Property: DefinitionWorkflow.Actif (bool) Required, 1], [Property: DefinitionWorkflow.ContenuYaml (string) Required, 2], [Property: DefinitionWorkflow.DateCreation (DateTime) Required, 3], [Property: DefinitionWorkflow.DateModification (DateTime) Required, 4], [Property: DefinitionWorkflow.Description (string), 5], [Property: DefinitionWorkflow.Equipe (string) MaxLength(100), 6], [Property: DefinitionWorkflow.HashVersion (string) Required Index MaxLength(64), 7], [Property: DefinitionWorkflow.Nom (string) Required Index MaxLength(200), 8] }
              SELECT d.Id, d.Actif, d.ContenuYaml, d.DateCreation, d.DateModification, d.Description, d.Equipe, d.HashVersion, d.Nom
              FROM DefinitionsWorkflow AS d
              WHERE d.Actif
              ORDER BY d.Nom ASC) | Resolver: c => new RelationalCommandCache(
              c.Dependencies.MemoryCache, 
              c.RelationalDependencies.QuerySqlGeneratorFactory, 
              c.RelationalDependencies.RelationalParameterBasedSqlProcessorFactory, 
              Projection Mapping:
                  EmptyProjectionMember -> Dictionary<IPropertyBase, int> { [Property: DefinitionWorkflow.Id (Guid) Required PK AfterSave:Throw ValueGenerated.OnAdd, 0], [Property: DefinitionWorkflow.Actif (bool) Required, 1], [Property: DefinitionWorkflow.ContenuYaml (string) Required, 2], [Property: DefinitionWorkflow.DateCreation (DateTime) Required, 3], [Property: DefinitionWorkflow.DateModification (DateTime) Required, 4], [Property: DefinitionWorkflow.Description (string), 5], [Property: DefinitionWorkflow.Equipe (string) MaxLength(100), 6], [Property: DefinitionWorkflow.HashVersion (string) Required Index MaxLength(64), 7], [Property: DefinitionWorkflow.Nom (string) Required Index MaxLength(200), 8] }
              SELECT d.Id, d.Actif, d.ContenuYaml, d.DateCreation, d.DateModification, d.Description, d.Equipe, d.HashVersion, d.Nom
              FROM DefinitionsWorkflow AS d
              WHERE d.Actif
              ORDER BY d.Nom ASC, 
              False, 
              MultipleParameters
          )].GetRelationalCommandTemplate(parameters), 
          readerColumns: null, 
          shaper: (queryContext, dataReader, resultContext, resultCoordinator) => 
          {
              DefinitionWorkflow entity;
              entity = 
              {
                  MaterializationContext materializationContext1;
                  IEntityType entityType1;
                  DefinitionWorkflow instance1;
                  InternalEntityEntry entry1;
                  bool hasNullKey1;
                  materializationContext1 = new MaterializationContext(
                      [LIFTABLE Constant: ValueBuffer | Resolver: _ => (object)ValueBuffer.Empty], 
                      queryContext.Context
                  );
                  instance1 = default(DefinitionWorkflow);
                  entry1 = queryContext.TryGetEntry(
                      key: [LIFTABLE Constant: Key: DefinitionWorkflow.Id PK | Resolver: c => c.Dependencies.Model.FindEntityType("OAM.Domain.Entities.DefinitionWorkflow").FindPrimaryKey()], 
                      keyValues: new object[]{ (object)dataReader.GetGuid(0) }, 
                      throwOnNullKey: True, 
                      hasNullKey: hasNullKey1);
                  !(hasNullKey1) ? entry1 != default(InternalEntityEntry) ? 
                  {
                      entityType1 = entry1.EntityType;
                      return instance1 = (DefinitionWorkflow)entry1.Entity;
                  } : 
                  {
                      ISnapshot shadowSnapshot1;
                      shadowSnapshot1 = [LIFTABLE Constant: Snapshot | Resolver: _ => Snapshot.Empty];
                      entityType1 = [LIFTABLE Constant: EntityType: DefinitionWorkflow | Resolver: namelessParameter{0} => namelessParameter{0}.Dependencies.Model.FindEntityType("OAM.Domain.Entities.DefinitionWorkflow")];
                      instance1 = switch (entityType1)
                      {
                          case [LIFTABLE Constant: EntityType: DefinitionWorkflow | Resolver: namelessParameter{1} => namelessParameter{1}.Dependencies.Model.FindEntityType("OAM.Domain.Entities.DefinitionWorkflow")]: 
                              {
                                  return 
                                  {
                                      DefinitionWorkflow instance;
                                      instance = new DefinitionWorkflow();
                                      instance.<Id>k__BackingField = dataReader.GetGuid(0);
                                      instance.<Actif>k__BackingField = dataReader.GetBoolean(1);
                                      instance.<ContenuYaml>k__BackingField = dataReader.GetString(2);
                                      instance.<DateCreation>k__BackingField = dataReader.GetDateTime(3);
                                      instance.<DateModification>k__BackingField = dataReader.GetDateTime(4);
                                      instance.<Description>k__BackingField = dataReader.IsDBNull(5) ? default(string) : dataReader.GetString(5);
                                      instance.<Equipe>k__BackingField = dataReader.IsDBNull(6) ? default(string) : dataReader.GetString(6);
                                      instance.<HashVersion>k__BackingField = dataReader.GetString(7);
                                      instance.<Nom>k__BackingField = dataReader.GetString(8);
                                      (instance is IInjectableService) ? ((IInjectableService)instance).Injected(
                                          context: materializationContext1.Context, 
                                          entity: instance, 
                                          queryTrackingBehavior: TrackAll, 
                                          structuralType: [LIFTABLE Constant: EntityType: DefinitionWorkflow | Resolver: namelessParameter{2} => namelessParameter{2}.Dependencies.Model.FindEntityType("OAM.Domain.Entities.DefinitionWorkflow")]) : default(void);
                                      return instance;
                                  }}
                          default: 
                              default(DefinitionWorkflow)
                      }
                      ;
                      entry1 = entityType1 == default(IEntityType) ? default(InternalEntityEntry) : queryContext.StartTracking(
                          entityType: entityType1, 
                          entity: instance1, 
                          snapshot: shadowSnapshot1);
                      return instance1;
                  } : default(void);
                  return instance1;
              };
              return entity;
          }, 
          contextType: OAM.Infrastructure.Data.OamDbContext, 
          standAloneStateManager: False, 
          detailedErrorsEnabled: False, 
          threadSafetyChecksEnabled: True)'
dbug: Microsoft.EntityFrameworkCore.Query[10107]
      Generated query execution expression: 
      'queryContext => ShapedQueryCompilingExpressionVisitor.SingleOrDefaultAsync<InstanceWorkflow>(
          asyncEnumerable: SingleQueryingEnumerable.Create<InstanceWorkflow>(
              relationalQueryContext: (RelationalQueryContext)queryContext, 
              relationalCommandResolver: parameters => [LIFTABLE Constant: RelationalCommandCache.QueryExpression(
                  Client Projections:
                      0 -> Dictionary<IPropertyBase, int> { [Property: InstanceWorkflow.Id (Guid) Required PK AfterSave:Throw ValueGenerated.OnAdd, 0], [Property: InstanceWorkflow.ContexteExecution (string), 1], [Property: InstanceWorkflow.CorrelationId (string) Required Index MaxLength(100), 2], [Property: InstanceWorkflow.DateCreation (DateTime) Required, 3], [Property: InstanceWorkflow.DateDebut (DateTime?), 4], [Property: InstanceWorkflow.DateFin (DateTime?), 5], [Property: InstanceWorkflow.DefinitionWorkflowId (Guid) Required FK Index, 6], [Property: InstanceWorkflow.DonneesEntree (string), 7], [Property: InstanceWorkflow.Erreur (string), 8], [Property: InstanceWorkflow.Etat (EtatWorkflow) Required Index MaxLength(20), 9], [Property: InstanceWorkflow.HashVersionConfig (string) Required MaxLength(64), 10] }
                      1 -> 0
                      2 -> 11
                      3 -> Dictionary<IPropertyBase, int> { [Property: ExecutionTache.Id (Guid) Required PK AfterSave:Throw ValueGenerated.OnAdd, 12], [Property: ExecutionTache.DateDebut (DateTime?), 13], [Property: ExecutionTache.DateFin (DateTime?), 14], [Property: ExecutionTache.DonneesEntree (string), 15], [Property: ExecutionTache.DonneesSortie (string), 16], [Property: ExecutionTache.Erreur (string), 17], [Property: ExecutionTache.Etat (EtatTache) Required MaxLength(20), 18], [Property: ExecutionTache.InstanceWorkflowId (Guid) Required FK Index, 19], [Property: ExecutionTache.NomTache (string) Required Index MaxLength(200), 20], [Property: ExecutionTache.NombreTentatives (int) Required, 21], [Property: ExecutionTache.Ordre (int) Required, 22], [Property: ExecutionTache.TypeConnecteur (string) Required MaxLength(50), 23] }
                      4 -> 12
                      5 -> Dictionary<IPropertyBase, int> { [Property: DefinitionWorkflow.Id (Guid) Required PK AfterSave:Throw ValueGenerated.OnAdd, 11], [Property: DefinitionWorkflow.Actif (bool) Required, 24], [Property: DefinitionWorkflow.ContenuYaml (string) Required, 25], [Property: DefinitionWorkflow.DateCreation (DateTime) Required, 26], [Property: DefinitionWorkflow.DateModification (DateTime) Required, 27], [Property: DefinitionWorkflow.Description (string), 28], [Property: DefinitionWorkflow.Equipe (string) MaxLength(100), 29], [Property: DefinitionWorkflow.HashVersion (string) Required Index MaxLength(64), 30], [Property: DefinitionWorkflow.Nom (string) Required Index MaxLength(200), 31] }
                  SELECT s.Id, s.ContexteExecution, s.CorrelationId, s.DateCreation, s.DateDebut, s.DateFin, s.DefinitionWorkflowId, s.DonneesEntree, s.Erreur, s.Etat, s.HashVersionConfig, s.Id0, e.Id, e.DateDebut, e.DateFin, e.DonneesEntree, e.DonneesSortie, e.Erreur, e.Etat, e.InstanceWorkflowId, e.NomTache, e.NombreTentatives, e.Ordre, e.TypeConnecteur, s.Actif, s.ContenuYaml, s.DateCreation0, s.DateModification, s.Description, s.Equipe, s.HashVersion, s.Nom
                  FROM 
                  (
                      SELECT TOP(1) i.Id, i.ContexteExecution, i.CorrelationId, i.DateCreation, i.DateDebut, i.DateFin, i.DefinitionWorkflowId, i.DonneesEntree, i.Erreur, i.Etat, i.HashVersionConfig, d.Id AS Id0, d.Actif, d.ContenuYaml, d.DateCreation AS DateCreation0, d.DateModification, d.Description, d.Equipe, d.HashVersion, d.Nom
                      FROM InstancesWorkflow AS i
                      INNER JOIN DefinitionsWorkflow AS d ON i.DefinitionWorkflowId == d.Id
                      WHERE i.Id == @id
                  ) AS s
                  LEFT JOIN ExecutionsTache AS e ON s.Id == e.InstanceWorkflowId
                  ORDER BY s.Id ASC, s.Id0 ASC, e.Ordre ASC) | Resolver: c => new RelationalCommandCache(
                  c.Dependencies.MemoryCache, 
                  c.RelationalDependencies.QuerySqlGeneratorFactory, 
                  c.RelationalDependencies.RelationalParameterBasedSqlProcessorFactory, 
                  Client Projections:
                      0 -> Dictionary<IPropertyBase, int> { [Property: InstanceWorkflow.Id (Guid) Required PK AfterSave:Throw ValueGenerated.OnAdd, 0], [Property: InstanceWorkflow.ContexteExecution (string), 1], [Property: InstanceWorkflow.CorrelationId (string) Required Index MaxLength(100), 2], [Property: InstanceWorkflow.DateCreation (DateTime) Required, 3], [Property: InstanceWorkflow.DateDebut (DateTime?), 4], [Property: InstanceWorkflow.DateFin (DateTime?), 5], [Property: InstanceWorkflow.DefinitionWorkflowId (Guid) Required FK Index, 6], [Property: InstanceWorkflow.DonneesEntree (string), 7], [Property: InstanceWorkflow.Erreur (string), 8], [Property: InstanceWorkflow.Etat (EtatWorkflow) Required Index MaxLength(20), 9], [Property: InstanceWorkflow.HashVersionConfig (string) Required MaxLength(64), 10] }
                      1 -> 0
                      2 -> 11
                      3 -> Dictionary<IPropertyBase, int> { [Property: ExecutionTache.Id (Guid) Required PK AfterSave:Throw ValueGenerated.OnAdd, 12], [Property: ExecutionTache.DateDebut (DateTime?), 13], [Property: ExecutionTache.DateFin (DateTime?), 14], [Property: ExecutionTache.DonneesEntree (string), 15], [Property: ExecutionTache.DonneesSortie (string), 16], [Property: ExecutionTache.Erreur (string), 17], [Property: ExecutionTache.Etat (EtatTache) Required MaxLength(20), 18], [Property: ExecutionTache.InstanceWorkflowId (Guid) Required FK Index, 19], [Property: ExecutionTache.NomTache (string) Required Index MaxLength(200), 20], [Property: ExecutionTache.NombreTentatives (int) Required, 21], [Property: ExecutionTache.Ordre (int) Required, 22], [Property: ExecutionTache.TypeConnecteur (string) Required MaxLength(50), 23] }
                      4 -> 12
                      5 -> Dictionary<IPropertyBase, int> { [Property: DefinitionWorkflow.Id (Guid) Required PK AfterSave:Throw ValueGenerated.OnAdd, 11], [Property: DefinitionWorkflow.Actif (bool) Required, 24], [Property: DefinitionWorkflow.ContenuYaml (string) Required, 25], [Property: DefinitionWorkflow.DateCreation (DateTime) Required, 26], [Property: DefinitionWorkflow.DateModification (DateTime) Required, 27], [Property: DefinitionWorkflow.Description (string), 28], [Property: DefinitionWorkflow.Equipe (string) MaxLength(100), 29], [Property: DefinitionWorkflow.HashVersion (string) Required Index MaxLength(64), 30], [Property: DefinitionWorkflow.Nom (string) Required Index MaxLength(200), 31] }
                  SELECT s.Id, s.ContexteExecution, s.CorrelationId, s.DateCreation, s.DateDebut, s.DateFin, s.DefinitionWorkflowId, s.DonneesEntree, s.Erreur, s.Etat, s.HashVersionConfig, s.Id0, e.Id, e.DateDebut, e.DateFin, e.DonneesEntree, e.DonneesSortie, e.Erreur, e.Etat, e.InstanceWorkflowId, e.NomTache, e.NombreTentatives, e.Ordre, e.TypeConnecteur, s.Actif, s.ContenuYaml, s.DateCreation0, s.DateModification, s.Description, s.Equipe, s.HashVersion, s.Nom
                  FROM 
                  (
                      SELECT TOP(1) i.Id, i.ContexteExecution, i.CorrelationId, i.DateCreation, i.DateDebut, i.DateFin, i.DefinitionWorkflowId, i.DonneesEntree, i.Erreur, i.Etat, i.HashVersionConfig, d.Id AS Id0, d.Actif, d.ContenuYaml, d.DateCreation AS DateCreation0, d.DateModification, d.Description, d.Equipe, d.HashVersion, d.Nom
                      FROM InstancesWorkflow AS i
                      INNER JOIN DefinitionsWorkflow AS d ON i.DefinitionWorkflowId == d.Id
                      WHERE i.Id == @id
                  ) AS s
                  LEFT JOIN ExecutionsTache AS e ON s.Id == e.InstanceWorkflowId
                  ORDER BY s.Id ASC, s.Id0 ASC, e.Ordre ASC, 
                  False, 
                  MultipleParameters
              )].GetRelationalCommandTemplate(parameters), 
              readerColumns: null, 
              shaper: (queryContext, dataReader, resultContext, resultCoordinator) => 
              {
                  resultContext.Values == null ? 
                  {
                      InstanceWorkflow entity;
                      DefinitionWorkflow entity;
                      entity = 
                      {
                          MaterializationContext materializationContext1;
                          IEntityType entityType1;
                          InstanceWorkflow instance1;
                          InternalEntityEntry entry1;
                          bool hasNullKey1;
                          materializationContext1 = new MaterializationContext(
                              [LIFTABLE Constant: ValueBuffer | Resolver: _ => (object)ValueBuffer.Empty], 
                              queryContext.Context
                          );
                          instance1 = default(InstanceWorkflow);
                          entry1 = queryContext.TryGetEntry(
                              key: [LIFTABLE Constant: Key: InstanceWorkflow.Id PK | Resolver: c => c.Dependencies.Model.FindEntityType("OAM.Domain.Entities.InstanceWorkflow").FindPrimaryKey()], 
                              keyValues: new object[]{ (object)dataReader.GetGuid(0) }, 
                              throwOnNullKey: True, 
                              hasNullKey: hasNullKey1);
                          !(hasNullKey1) ? entry1 != default(InternalEntityEntry) ? 
                          {
                              entityType1 = entry1.EntityType;
                              return instance1 = (InstanceWorkflow)entry1.Entity;
                          } : 
                          {
                              ISnapshot shadowSnapshot1;
                              shadowSnapshot1 = [LIFTABLE Constant: Snapshot | Resolver: _ => Snapshot.Empty];
                              entityType1 = [LIFTABLE Constant: EntityType: InstanceWorkflow | Resolver: namelessParameter{0} => namelessParameter{0}.Dependencies.Model.FindEntityType("OAM.Domain.Entities.InstanceWorkflow")];
                              instance1 = switch (entityType1)
                              {
                                  case [LIFTABLE Constant: EntityType: InstanceWorkflow | Resolver: namelessParameter{1} => namelessParameter{1}.Dependencies.Model.FindEntityType("OAM.Domain.Entities.InstanceWorkflow")]: 
                                      {
                                          return 
                                          {
                                              InstanceWorkflow instance;
                                              instance = new InstanceWorkflow();
                                              instance.<Id>k__BackingField = dataReader.GetGuid(0);
                                              instance.<ContexteExecution>k__BackingField = dataReader.IsDBNull(1) ? default(string) : dataReader.GetString(1);
                                              instance.<CorrelationId>k__BackingField = dataReader.GetString(2);
                                              instance.<DateCreation>k__BackingField = dataReader.GetDateTime(3);
                                              instance.<DateDebut>k__BackingField = dataReader.IsDBNull(4) ? default(DateTime?) : (DateTime?)dataReader.GetDateTime(4);
                                              instance.<DateFin>k__BackingField = dataReader.IsDBNull(5) ? default(DateTime?) : (DateTime?)dataReader.GetDateTime(5);
                                              instance.<DefinitionWorkflowId>k__BackingField = dataReader.GetGuid(6);
                                              instance.<DonneesEntree>k__BackingField = dataReader.IsDBNull(7) ? default(string) : dataReader.GetString(7);
                                              instance.<Erreur>k__BackingField = dataReader.IsDBNull(8) ? default(string) : dataReader.GetString(8);
                                              instance.<Etat>k__BackingField = Invoke(((EnumToStringConverter<EtatWorkflow>)((IReadOnlyProperty)[LIFTABLE Constant: Property: InstanceWorkflow.Etat (EtatWorkflow) Required Index MaxLength(20) | Resolver: namelessParameter{2} => namelessParameter{2}.Dependencies.Model.FindEntityType("OAM.Domain.Entities.InstanceWorkflow").FindProperty("Etat")]).GetTypeMapping().Converter).ConvertFromProviderTyped, dataReader.GetString(9));
                                              instance.<HashVersionConfig>k__BackingField = dataReader.GetString(10);
                                              (instance is IInjectableService) ? ((IInjectableService)instance).Injected(
                                                  context: materializationContext1.Context, 
                                                  entity: instance, 
                                                  queryTrackingBehavior: TrackAll, 
                                                  structuralType: [LIFTABLE Constant: EntityType: InstanceWorkflow | Resolver: namelessParameter{3} => namelessParameter{3}.Dependencies.Model.FindEntityType("OAM.Domain.Entities.InstanceWorkflow")]) : default(void);
                                              return instance;
                                          }}
                                  default: 
                                      default(InstanceWorkflow)
                              }
                              ;
                              entry1 = entityType1 == default(IEntityType) ? default(InternalEntityEntry) : queryContext.StartTracking(
                                  entityType: entityType1, 
                                  entity: instance1, 
                                  snapshot: shadowSnapshot1);
                              return instance1;
                          } : default(void);
                          return instance1;
                      };
                      entity = 
                      {
                          MaterializationContext materializationContext3;
                          IEntityType entityType3;
                          DefinitionWorkflow instance3;
                          InternalEntityEntry entry3;
                          bool hasNullKey3;
                          materializationContext3 = new MaterializationContext(
                              [LIFTABLE Constant: ValueBuffer | Resolver: _ => (object)ValueBuffer.Empty], 
                              queryContext.Context
                          );
                          instance3 = default(DefinitionWorkflow);
                          entry3 = queryContext.TryGetEntry(
                              key: [LIFTABLE Constant: Key: DefinitionWorkflow.Id PK | Resolver: c => c.Dependencies.Model.FindEntityType("OAM.Domain.Entities.DefinitionWorkflow").FindPrimaryKey()], 
                              keyValues: new object[]{ (object)dataReader.GetGuid(11) }, 
                              throwOnNullKey: True, 
                              hasNullKey: hasNullKey3);
                          !(hasNullKey3) ? entry3 != default(InternalEntityEntry) ? 
                          {
                              entityType3 = entry3.EntityType;
                              return instance3 = (DefinitionWorkflow)entry3.Entity;
                          } : 
                          {
                              ISnapshot shadowSnapshot3;
                              shadowSnapshot3 = [LIFTABLE Constant: Snapshot | Resolver: _ => Snapshot.Empty];
                              entityType3 = [LIFTABLE Constant: EntityType: DefinitionWorkflow | Resolver: namelessParameter{4} => namelessParameter{4}.Dependencies.Model.FindEntityType("OAM.Domain.Entities.DefinitionWorkflow")];
                              instance3 = switch (entityType3)
                              {
                                  case [LIFTABLE Constant: EntityType: DefinitionWorkflow | Resolver: namelessParameter{5} => namelessParameter{5}.Dependencies.Model.FindEntityType("OAM.Domain.Entities.DefinitionWorkflow")]: 
                                      {
                                          return 
                                          {
                                              DefinitionWorkflow instance;
                                              instance = new DefinitionWorkflow();
                                              instance.<Id>k__BackingField = dataReader.GetGuid(11);
                                              instance.<Actif>k__BackingField = dataReader.GetBoolean(24);
                                              instance.<ContenuYaml>k__BackingField = dataReader.GetString(25);
                                              instance.<DateCreation>k__BackingField = dataReader.GetDateTime(26);
                                              instance.<DateModification>k__BackingField = dataReader.GetDateTime(27);
                                              instance.<Description>k__BackingField = dataReader.IsDBNull(28) ? default(string) : dataReader.GetString(28);
                                              instance.<Equipe>k__BackingField = dataReader.IsDBNull(29) ? default(string) : dataReader.GetString(29);
                                              instance.<HashVersion>k__BackingField = dataReader.GetString(30);
                                              instance.<Nom>k__BackingField = dataReader.GetString(31);
                                              (instance is IInjectableService) ? ((IInjectableService)instance).Injected(
                                                  context: materializationContext3.Context, 
                                                  entity: instance, 
                                                  queryTrackingBehavior: TrackAll, 
                                                  structuralType: [LIFTABLE Constant: EntityType: DefinitionWorkflow | Resolver: namelessParameter{6} => namelessParameter{6}.Dependencies.Model.FindEntityType("OAM.Domain.Entities.DefinitionWorkflow")]) : default(void);
                                              return instance;
                                          }}
                                  default: 
                                      default(DefinitionWorkflow)
                              }
                              ;
                              entry3 = entityType3 == default(IEntityType) ? default(InternalEntityEntry) : queryContext.StartTracking(
                                  entityType: entityType3, 
                                  entity: instance3, 
                                  snapshot: shadowSnapshot3);
                              return instance3;
                          } : default(void);
                          return instance3;
                      };
                      resultContext.Values = new object[]
                      { 
                          entity, 
                          entity 
                      };
                      ShaperProcessingExpressionVisitor.InitializeIncludeCollection<InstanceWorkflow, InstanceWorkflow>(
                          collectionId: 0, 
                          queryContext: queryContext, 
                          dbDataReader: dataReader, 
                          resultCoordinator: resultCoordinator, 
                          entity: (InstanceWorkflow)(resultContext.Values[0]), 
                          parentIdentifier: [LIFTABLE Constant: Func<QueryContext, DbDataReader, object[]> | Resolver: _ => (queryContext, dataReader) => new object[]
                          { 
                              (object)(Guid?)dataReader.GetGuid(0), 
                              (object)(Guid?)dataReader.GetGuid(11) 
                          }], 
                          outerIdentifier: [LIFTABLE Constant: Func<QueryContext, DbDataReader, object[]> | Resolver: _ => (queryContext, dataReader) => new object[]
                          { 
                              (object)(Guid?)dataReader.GetGuid(0), 
                              (object)(Guid?)dataReader.GetGuid(11) 
                          }], 
                          navigation: [LIFTABLE Constant: Navigation: InstanceWorkflow.Taches (ICollection<ExecutionTache>) Collection ToDependent ExecutionTache Inverse: InstanceWorkflow | Resolver: namelessParameter{7} => namelessParameter{7}.Dependencies.Model.FindEntityType("OAM.Domain.Entities.InstanceWorkflow").FindNavigation("Taches")], 
                          clrCollectionAccessor: [LIFTABLE Constant: ClrCollectionAccessor<InstanceWorkflow, ICollection<ExecutionTache>, ExecutionTache> | Resolver: namelessParameter{8} => namelessParameter{8}.Dependencies.Model.FindEntityType("OAM.Domain.Entities.InstanceWorkflow").FindNavigation("Taches").GetCollectionAccessor()], 
                          trackingQuery: True, 
                          setLoaded: True);
                      ShaperProcessingExpressionVisitor.IncludeReference<InstanceWorkflow, InstanceWorkflow, DefinitionWorkflow>(
                          queryContext: queryContext, 
                          entity: (InstanceWorkflow)(resultContext.Values[0]), 
                          relatedEntity: (DefinitionWorkflow)(resultContext.Values[1]), 
                          navigation: [LIFTABLE Constant: Navigation: InstanceWorkflow.DefinitionWorkflow (DefinitionWorkflow) Required ToPrincipal DefinitionWorkflow Inverse: Instances | Resolver: namelessParameter{9} => namelessParameter{9}.Dependencies.Model.FindEntityType("OAM.Domain.Entities.InstanceWorkflow").FindNavigation("DefinitionWorkflow")], 
                          inverseNavigation: [LIFTABLE Constant: Navigation: DefinitionWorkflow.Instances (ICollection<InstanceWorkflow>) Collection ToDependent InstanceWorkflow Inverse: DefinitionWorkflow | Resolver: namelessParameter{10} => namelessParameter{10}.Dependencies.Model.FindEntityType("OAM.Domain.Entities.DefinitionWorkflow").FindNavigation("Instances")], 
                          fixup: (namelessParameter{11}, namelessParameter{12}) => 
                          {
                              namelessParameter{11}.<DefinitionWorkflow>k__BackingField = namelessParameter{12};
                              return [LIFTABLE Constant: ClrCollectionAccessor<DefinitionWorkflow, ICollection<InstanceWorkflow>, InstanceWorkflow> | Resolver: namelessParameter{13} => namelessParameter{13}.Dependencies.Model.FindEntityType("OAM.Domain.Entities.DefinitionWorkflow").FindNavigation("Instances").GetCollectionAccessor()].Add(
                                  entity: namelessParameter{12}, 
                                  value: namelessParameter{11}, 
                                  forMaterialization: True);
                          }, 
                          trackingQuery: True);
                  } : default(void);
                  ShaperProcessingExpressionVisitor.PopulateIncludeCollection<InstanceWorkflow, ExecutionTache>(
                      collectionId: 0, 
                      queryContext: queryContext, 
                      dbDataReader: dataReader, 
                      resultCoordinator: resultCoordinator, 
                      parentIdentifier: [LIFTABLE Constant: Func<QueryContext, DbDataReader, object[]> | Resolver: _ => (queryContext, dataReader) => new object[]
                      { 
                          (object)(Guid?)dataReader.GetGuid(0), 
                          (object)(Guid?)dataReader.GetGuid(11) 
                      }], 
                      outerIdentifier: [LIFTABLE Constant: Func<QueryContext, DbDataReader, object[]> | Resolver: _ => (queryContext, dataReader) => new object[]
                      { 
                          (object)(Guid?)dataReader.GetGuid(0), 
                          (object)(Guid?)dataReader.GetGuid(11) 
                      }], 
                      selfIdentifier: [LIFTABLE Constant: Func<QueryContext, DbDataReader, object[]> | Resolver: _ => (queryContext, dataReader) => new object[]{ (object)dataReader.IsDBNull(12) ? default(Guid?) : (Guid?)dataReader.GetGuid(12) }], 
                      parentIdentifierValueComparers: [LIFTABLE Constant: Func<object, object, bool>[] { Func<object, object, bool>, Func<object, object, bool> } | Resolver: _ => new Func<object, object, bool>[]
                      { 
                          (left, right) => left == null ? right == null : right != null && (Guid)left == (Guid)right, 
                          (left, right) => left == null ? right == null : right != null && (Guid)left == (Guid)right 
                      }], 
                      outerIdentifierValueComparers: [LIFTABLE Constant: Func<object, object, bool>[] { Func<object, object, bool>, Func<object, object, bool> } | Resolver: _ => new Func<object, object, bool>[]
                      { 
                          (left, right) => left == null ? right == null : right != null && (Guid)left == (Guid)right, 
                          (left, right) => left == null ? right == null : right != null && (Guid)left == (Guid)right 
                      }], 
                      selfIdentifierValueComparers: [LIFTABLE Constant: Func<object, object, bool>[] { Func<object, object, bool> } | Resolver: _ => new Func<object, object, bool>[]{ (left, right) => left == null ? right == null : right != null && (Guid)left == (Guid)right }], 
                      innerShaper: (queryContext, dataReader, resultContext, resultCoordinator) => 
                      {
                          ExecutionTache entity;
                          entity = 
                          {
                              MaterializationContext materializationContext2;
                              IEntityType entityType2;
                              ExecutionTache instance2;
                              InternalEntityEntry entry2;
                              bool hasNullKey2;
                              materializationContext2 = new MaterializationContext(
                                  [LIFTABLE Constant: ValueBuffer | Resolver: _ => (object)ValueBuffer.Empty], 
                                  queryContext.Context
                              );
                              instance2 = default(ExecutionTache);
                              entry2 = queryContext.TryGetEntry(
                                  key: [LIFTABLE Constant: Key: ExecutionTache.Id PK | Resolver: c => c.Dependencies.Model.FindEntityType("OAM.Domain.Entities.ExecutionTache").FindPrimaryKey()], 
                                  keyValues: new object[]{ dataReader.IsDBNull(12) ? default(object) : (object)dataReader.GetGuid(12) }, 
                                  throwOnNullKey: False, 
                                  hasNullKey: hasNullKey2);
                              !(hasNullKey2) ? entry2 != default(InternalEntityEntry) ? 
                              {
                                  entityType2 = entry2.EntityType;
                                  return instance2 = (ExecutionTache)entry2.Entity;
                              } : 
                              {
                                  ISnapshot shadowSnapshot2;
                                  shadowSnapshot2 = [LIFTABLE Constant: Snapshot | Resolver: _ => Snapshot.Empty];
                                  entityType2 = [LIFTABLE Constant: EntityType: ExecutionTache | Resolver: namelessParameter{14} => namelessParameter{14}.Dependencies.Model.FindEntityType("OAM.Domain.Entities.ExecutionTache")];
                                  instance2 = switch (entityType2)
                                  {
                                      case [LIFTABLE Constant: EntityType: ExecutionTache | Resolver: namelessParameter{15} => namelessParameter{15}.Dependencies.Model.FindEntityType("OAM.Domain.Entities.ExecutionTache")]: 
                                          {
                                              return 
                                              {
                                                  ExecutionTache instance;
                                                  instance = new ExecutionTache();
                                                  instance.<Id>k__BackingField = dataReader.IsDBNull(12) ? default(Guid) : dataReader.GetGuid(12);
                                                  instance.<DateDebut>k__BackingField = dataReader.IsDBNull(13) ? default(DateTime?) : (DateTime?)dataReader.GetDateTime(13);
                                                  instance.<DateFin>k__BackingField = dataReader.IsDBNull(14) ? default(DateTime?) : (DateTime?)dataReader.GetDateTime(14);
                                                  instance.<DonneesEntree>k__BackingField = dataReader.IsDBNull(15) ? default(string) : dataReader.GetString(15);
                                                  instance.<DonneesSortie>k__BackingField = dataReader.IsDBNull(16) ? default(string) : dataReader.GetString(16);
                                                  instance.<Erreur>k__BackingField = dataReader.IsDBNull(17) ? default(string) : dataReader.GetString(17);
                                                  instance.<Etat>k__BackingField = dataReader.IsDBNull(18) ? default(EtatTache) : Invoke(((EnumToStringConverter<EtatTache>)((IReadOnlyProperty)[LIFTABLE Constant: Property: ExecutionTache.Etat (EtatTache) Required MaxLength(20) | Resolver: namelessParameter{16} => namelessParameter{16}.Dependencies.Model.FindEntityType("OAM.Domain.Entities.ExecutionTache").FindProperty("Etat")]).GetTypeMapping().Converter).ConvertFromProviderTyped, dataReader.GetString(18));
                                                  instance.<InstanceWorkflowId>k__BackingField = dataReader.IsDBNull(19) ? default(Guid) : dataReader.GetGuid(19);
                                                  instance.<NomTache>k__BackingField = dataReader.IsDBNull(20) ? default(string) : dataReader.GetString(20);
                                                  instance.<NombreTentatives>k__BackingField = dataReader.IsDBNull(21) ? default(int) : dataReader.GetInt32(21);
                                                  instance.<Ordre>k__BackingField = dataReader.IsDBNull(22) ? default(int) : dataReader.GetInt32(22);
                                                  instance.<TypeConnecteur>k__BackingField = dataReader.IsDBNull(23) ? default(string) : dataReader.GetString(23);
                                                  (instance is IInjectableService) ? ((IInjectableService)instance).Injected(
                                                      context: materializationContext2.Context, 
                                                      entity: instance, 
                                                      queryTrackingBehavior: TrackAll, 
                                                      structuralType: [LIFTABLE Constant: EntityType: ExecutionTache | Resolver: namelessParameter{17} => namelessParameter{17}.Dependencies.Model.FindEntityType("OAM.Domain.Entities.ExecutionTache")]) : default(void);
                                                  return instance;
                                              }}
                                      default: 
                                          default(ExecutionTache)
                                  }
                                  ;
                                  entry2 = entityType2 == default(IEntityType) ? default(InternalEntityEntry) : queryContext.StartTracking(
                                      entityType: entityType2, 
                                      entity: instance2, 
                                      snapshot: shadowSnapshot2);
                                  return instance2;
                              } : default(void);
                              return instance2;
                          };
                          return entity;
                      }, 
                      inverseNavigation: [LIFTABLE Constant: Navigation: ExecutionTache.InstanceWorkflow (InstanceWorkflow) Required ToPrincipal InstanceWorkflow Inverse: Taches | Resolver: namelessParameter{18} => namelessParameter{18}.Dependencies.Model.FindEntityType("OAM.Domain.Entities.ExecutionTache").FindNavigation("InstanceWorkflow")], 
                      fixup: (namelessParameter{19}, namelessParameter{20}) => 
                      {
                          [LIFTABLE Constant: ClrCollectionAccessor<InstanceWorkflow, ICollection<ExecutionTache>, ExecutionTache> | Resolver: namelessParameter{21} => namelessParameter{21}.Dependencies.Model.FindEntityType("OAM.Domain.Entities.InstanceWorkflow").FindNavigation("Taches").GetCollectionAccessor()].Add(
                              entity: namelessParameter{19}, 
                              value: namelessParameter{20}, 
                              forMaterialization: True);
                          return namelessParameter{20}.<InstanceWorkflow>k__BackingField = namelessParameter{19};
                      }, 
                      trackingQuery: True);
                  return IsTrue(resultCoordinator.ResultReady)
                   ? (InstanceWorkflow)(resultContext.Values[0]) : default(InstanceWorkflow);
              }, 
              contextType: OAM.Infrastructure.Data.OamDbContext, 
              standAloneStateManager: False, 
              detailedErrorsEnabled: False, 
              threadSafetyChecksEnabled: True), 
          cancellationToken: queryContext.CancellationToken)'
dbug: Microsoft.EntityFrameworkCore.Database.Connection[20005]
      Creating DbConnection.
dbug: Microsoft.EntityFrameworkCore.Database.Connection[20005]
      Creating DbConnection.
dbug: Microsoft.EntityFrameworkCore.Database.Connection[20005]
      Creating DbConnection.
dbug: Microsoft.EntityFrameworkCore.Database.Connection[20005]
      Creating DbConnection.
dbug: Microsoft.EntityFrameworkCore.Database.Connection[20005]
      Creating DbConnection.
dbug: Microsoft.EntityFrameworkCore.Database.Connection[20005]
      Creating DbConnection.
dbug: Microsoft.EntityFrameworkCore.Database.Connection[20005]
      Creating DbConnection.
dbug: Microsoft.EntityFrameworkCore.Database.Connection[20005]
      Creating DbConnection.
dbug: Microsoft.EntityFrameworkCore.Database.Connection[20005]
      Creating DbConnection.
dbug: Microsoft.EntityFrameworkCore.Database.Connection[20005]
      Creating DbConnection.
dbug: Microsoft.EntityFrameworkCore.Database.Connection[20006]
      Created DbConnection. (1ms).
dbug: Microsoft.EntityFrameworkCore.Database.Connection[20006]
      Created DbConnection. (36ms).
dbug: Microsoft.EntityFrameworkCore.Database.Connection[20006]
      Created DbConnection. (38ms).
dbug: Microsoft.EntityFrameworkCore.Database.Connection[20006]
      Created DbConnection. (40ms).
dbug: Microsoft.EntityFrameworkCore.Database.Connection[20006]
      Created DbConnection. (43ms).
dbug: Microsoft.EntityFrameworkCore.Database.Connection[20006]
      Created DbConnection. (69ms).
dbug: Microsoft.EntityFrameworkCore.Database.Connection[20006]
      Created DbConnection. (70ms).
dbug: Microsoft.EntityFrameworkCore.Database.Connection[20006]
      Created DbConnection. (74ms).
dbug: Microsoft.EntityFrameworkCore.Database.Connection[20000]
      Opening connection to database 'main' on server 'oam_dev.db'.
dbug: Microsoft.EntityFrameworkCore.Database.Connection[20000]
      Opening connection to database 'main' on server 'oam_dev.db'.
dbug: Microsoft.EntityFrameworkCore.Database.Connection[20000]
      Opening connection to database 'main' on server 'oam_dev.db'.
dbug: Microsoft.EntityFrameworkCore.Database.Connection[20000]
      Opening connection to database 'main' on server 'oam_dev.db'.
dbug: Microsoft.EntityFrameworkCore.Database.Connection[20000]
      Opening connection to database 'main' on server 'oam_dev.db'.
dbug: Microsoft.EntityFrameworkCore.Database.Connection[20000]
      Opening connection to database 'main' on server 'oam_dev.db'.
dbug: Microsoft.EntityFrameworkCore.Database.Connection[20000]
      Opening connection to database 'main' on server 'oam_dev.db'.
dbug: Microsoft.EntityFrameworkCore.Database.Connection[20000]
      Opening connection to database 'main' on server 'oam_dev.db'.
dbug: Microsoft.EntityFrameworkCore.Database.Connection[20006]
      Created DbConnection. (128ms).
dbug: Microsoft.EntityFrameworkCore.Database.Connection[20006]
      Created DbConnection. (129ms).
dbug: Microsoft.EntityFrameworkCore.Database.Connection[20000]
      Opening connection to database 'main' on server 'oam_dev.db'.
dbug: Microsoft.EntityFrameworkCore.Database.Connection[20000]
      Opening connection to database 'main' on server 'oam_dev.db'.
dbug: Microsoft.EntityFrameworkCore.Database.Connection[20001]
      Opened connection to database 'main' on server 'C:\OAM\src\OAM.Api\oam_dev.db'.
dbug: Microsoft.EntityFrameworkCore.Database.Connection[20001]
      Opened connection to database 'main' on server 'C:\OAM\src\OAM.Api\oam_dev.db'.
dbug: Microsoft.EntityFrameworkCore.Database.Command[20103]
      Creating DbCommand for 'ExecuteReader'.
dbug: Microsoft.EntityFrameworkCore.Database.Command[20103]
      Creating DbCommand for 'ExecuteReader'.
dbug: Microsoft.EntityFrameworkCore.Database.Command[20104]
      Created DbCommand for 'ExecuteReader' (25ms).
dbug: Microsoft.EntityFrameworkCore.Database.Connection[20001]
      Opened connection to database 'main' on server 'C:\OAM\src\OAM.Api\oam_dev.db'.
dbug: Microsoft.EntityFrameworkCore.Database.Command[20104]
      Created DbCommand for 'ExecuteReader' (2ms).
dbug: Microsoft.EntityFrameworkCore.Database.Connection[20001]
      Opened connection to database 'main' on server 'C:\OAM\src\OAM.Api\oam_dev.db'.
dbug: Microsoft.EntityFrameworkCore.Database.Command[20106]
      Initialized DbCommand for 'ExecuteReader' (27ms).
dbug: Microsoft.EntityFrameworkCore.Database.Command[20103]
      Creating DbCommand for 'ExecuteReader'.
dbug: Microsoft.EntityFrameworkCore.Database.Connection[20001]
      Opened connection to database 'main' on server 'C:\OAM\src\OAM.Api\oam_dev.db'.
dbug: Microsoft.EntityFrameworkCore.Database.Command[20104]
      Created DbCommand for 'ExecuteReader' (25ms).
dbug: Microsoft.EntityFrameworkCore.Database.Connection[20001]
      Opened connection to database 'main' on server 'C:\OAM\src\OAM.Api\oam_dev.db'.
dbug: Microsoft.EntityFrameworkCore.Database.Command[20103]
      Creating DbCommand for 'ExecuteReader'.
dbug: Microsoft.EntityFrameworkCore.Database.Command[20100]
      Executing DbCommand [Parameters=[], CommandType='Text', CommandTimeout='30']
      SELECT "d"."Id", "d"."Actif", "d"."ContenuYaml", "d"."DateCreation", "d"."DateModification", "d"."Description", "d"."Equipe", "d"."HashVersion", "d"."Nom"
      FROM "DefinitionsWorkflow" AS "d"
      WHERE "d"."Actif"
      ORDER BY "d"."Nom"
dbug: Microsoft.EntityFrameworkCore.Database.Connection[20001]
      Opened connection to database 'main' on server 'C:\OAM\src\OAM.Api\oam_dev.db'.
dbug: Microsoft.EntityFrameworkCore.Database.Command[20106]
      Initialized DbCommand for 'ExecuteReader' (94ms).
dbug: Microsoft.EntityFrameworkCore.Database.Connection[20001]
      Opened connection to database 'main' on server 'C:\OAM\src\OAM.Api\oam_dev.db'.
dbug: Microsoft.EntityFrameworkCore.Database.Command[20104]
      Created DbCommand for 'ExecuteReader' (34ms).
dbug: Microsoft.EntityFrameworkCore.Database.Connection[20001]
      Opened connection to database 'main' on server 'C:\OAM\src\OAM.Api\oam_dev.db'.
dbug: Microsoft.EntityFrameworkCore.Database.Command[20100]
      Executing DbCommand [Parameters=[], CommandType='Text', CommandTimeout='30']
      SELECT "d"."Id", "d"."Actif", "d"."ContenuYaml", "d"."DateCreation", "d"."DateModification", "d"."Description", "d"."Equipe", "d"."HashVersion", "d"."Nom"
      FROM "DefinitionsWorkflow" AS "d"
      WHERE "d"."Actif"
      ORDER BY "d"."Nom"
dbug: Microsoft.EntityFrameworkCore.Database.Command[20103]
      Creating DbCommand for 'ExecuteReader'.
dbug: Microsoft.EntityFrameworkCore.Database.Connection[20001]
      Opened connection to database 'main' on server 'C:\OAM\src\OAM.Api\oam_dev.db'.
dbug: Microsoft.EntityFrameworkCore.Database.Command[20103]
      Creating DbCommand for 'ExecuteReader'.
dbug: Microsoft.EntityFrameworkCore.Database.Command[20104]
      Created DbCommand for 'ExecuteReader' (57ms).
dbug: Microsoft.EntityFrameworkCore.Database.Command[20103]
      Creating DbCommand for 'ExecuteReader'.
dbug: Microsoft.EntityFrameworkCore.Database.Command[20104]
      Created DbCommand for 'ExecuteReader' (29ms).
dbug: Microsoft.EntityFrameworkCore.Database.Command[20106]
      Initialized DbCommand for 'ExecuteReader' (87ms).
dbug: Microsoft.EntityFrameworkCore.Database.Command[20100]
      Executing DbCommand [Parameters=[], CommandType='Text', CommandTimeout='30']
      SELECT "d"."Id", "d"."Actif", "d"."ContenuYaml", "d"."DateCreation", "d"."DateModification", "d"."Description", "d"."Equipe", "d"."HashVersion", "d"."Nom"
      FROM "DefinitionsWorkflow" AS "d"
      WHERE "d"."Actif"
      ORDER BY "d"."Nom"
dbug: Microsoft.EntityFrameworkCore.Database.Command[20104]
      Created DbCommand for 'ExecuteReader' (32ms).
dbug: Microsoft.EntityFrameworkCore.Database.Command[20103]
      Creating DbCommand for 'ExecuteReader'.
dbug: Microsoft.EntityFrameworkCore.Database.Command[20104]
      Created DbCommand for 'ExecuteReader' (28ms).
dbug: Microsoft.EntityFrameworkCore.Database.Command[20103]
      Creating DbCommand for 'ExecuteReader'.
dbug: Microsoft.EntityFrameworkCore.Database.Command[20106]
      Initialized DbCommand for 'ExecuteReader' (55ms).
dbug: Microsoft.EntityFrameworkCore.Database.Command[20104]
      Created DbCommand for 'ExecuteReader' (56ms).
dbug: Microsoft.EntityFrameworkCore.Database.Command[20103]
      Creating DbCommand for 'ExecuteReader'.
dbug: Microsoft.EntityFrameworkCore.Database.Command[20100]
      Executing DbCommand [Parameters=[], CommandType='Text', CommandTimeout='30']
      SELECT "d"."Id", "d"."Actif", "d"."ContenuYaml", "d"."DateCreation", "d"."DateModification", "d"."Description", "d"."Equipe", "d"."HashVersion", "d"."Nom"
      FROM "DefinitionsWorkflow" AS "d"
      WHERE "d"."Actif"
      ORDER BY "d"."Nom"
dbug: Microsoft.EntityFrameworkCore.Database.Command[20106]
      Initialized DbCommand for 'ExecuteReader' (118ms).
dbug: Microsoft.EntityFrameworkCore.Database.Command[20104]
      Created DbCommand for 'ExecuteReader' (62ms).
dbug: Microsoft.EntityFrameworkCore.Database.Command[20100]
      Executing DbCommand [Parameters=[], CommandType='Text', CommandTimeout='30']
      SELECT "d"."Id", "d"."Actif", "d"."ContenuYaml", "d"."DateCreation", "d"."DateModification", "d"."Description", "d"."Equipe", "d"."HashVersion", "d"."Nom"
      FROM "DefinitionsWorkflow" AS "d"
      WHERE "d"."Actif"
      ORDER BY "d"."Nom"
dbug: Microsoft.EntityFrameworkCore.Database.Command[20106]
      Initialized DbCommand for 'ExecuteReader' (397ms).
dbug: Microsoft.EntityFrameworkCore.Database.Command[20106]
      Initialized DbCommand for 'ExecuteReader' (242ms).
dbug: Microsoft.EntityFrameworkCore.Database.Command[20106]
      Initialized DbCommand for 'ExecuteReader' (368ms).
dbug: Microsoft.EntityFrameworkCore.Database.Command[20106]
      Initialized DbCommand for 'ExecuteReader' (244ms).
dbug: Microsoft.EntityFrameworkCore.Database.Command[20106]
      Initialized DbCommand for 'ExecuteReader' (92ms).
info: Microsoft.EntityFrameworkCore.Database.Command[20101]
      Executed DbCommand (274ms) [Parameters=[], CommandType='Text', CommandTimeout='30']
      SELECT "d"."Id", "d"."Actif", "d"."ContenuYaml", "d"."DateCreation", "d"."DateModification", "d"."Description", "d"."Equipe", "d"."HashVersion", "d"."Nom"
      FROM "DefinitionsWorkflow" AS "d"
      WHERE "d"."Actif"
      ORDER BY "d"."Nom"
info: Microsoft.EntityFrameworkCore.Database.Command[20101]
      Executed DbCommand (181ms) [Parameters=[], CommandType='Text', CommandTimeout='30']
      SELECT "d"."Id", "d"."Actif", "d"."ContenuYaml", "d"."DateCreation", "d"."DateModification", "d"."Description", "d"."Equipe", "d"."HashVersion", "d"."Nom"
      FROM "DefinitionsWorkflow" AS "d"
      WHERE "d"."Actif"
      ORDER BY "d"."Nom"
info: Microsoft.EntityFrameworkCore.Database.Command[20101]
      Executed DbCommand (395ms) [Parameters=[], CommandType='Text', CommandTimeout='30']
      SELECT "d"."Id", "d"."Actif", "d"."ContenuYaml", "d"."DateCreation", "d"."DateModification", "d"."Description", "d"."Equipe", "d"."HashVersion", "d"."Nom"
      FROM "DefinitionsWorkflow" AS "d"
      WHERE "d"."Actif"
      ORDER BY "d"."Nom"
info: Microsoft.EntityFrameworkCore.Database.Command[20101]
      Executed DbCommand (91ms) [Parameters=[], CommandType='Text', CommandTimeout='30']
      SELECT "d"."Id", "d"."Actif", "d"."ContenuYaml", "d"."DateCreation", "d"."DateModification", "d"."Description", "d"."Equipe", "d"."HashVersion", "d"."Nom"
      FROM "DefinitionsWorkflow" AS "d"
      WHERE "d"."Actif"
      ORDER BY "d"."Nom"
dbug: Microsoft.EntityFrameworkCore.Database.Command[20100]
      Executing DbCommand [Parameters=[], CommandType='Text', CommandTimeout='30']
      SELECT "d"."Id", "d"."Actif", "d"."ContenuYaml", "d"."DateCreation", "d"."DateModification", "d"."Description", "d"."Equipe", "d"."HashVersion", "d"."Nom"
      FROM "DefinitionsWorkflow" AS "d"
      WHERE "d"."Actif"
      ORDER BY "d"."Nom"
info: Microsoft.EntityFrameworkCore.Database.Command[20101]
      Executed DbCommand (101ms) [Parameters=[], CommandType='Text', CommandTimeout='30']
      SELECT "d"."Id", "d"."Actif", "d"."ContenuYaml", "d"."DateCreation", "d"."DateModification", "d"."Description", "d"."Equipe", "d"."HashVersion", "d"."Nom"
      FROM "DefinitionsWorkflow" AS "d"
      WHERE "d"."Actif"
      ORDER BY "d"."Nom"
info: Microsoft.EntityFrameworkCore.Database.Command[20101]
      Executed DbCommand (2ms) [Parameters=[], CommandType='Text', CommandTimeout='30']
      SELECT "d"."Id", "d"."Actif", "d"."ContenuYaml", "d"."DateCreation", "d"."DateModification", "d"."Description", "d"."Equipe", "d"."HashVersion", "d"."Nom"
      FROM "DefinitionsWorkflow" AS "d"
      WHERE "d"."Actif"
      ORDER BY "d"."Nom"
dbug: Microsoft.EntityFrameworkCore.Database.Command[20100]
      Executing DbCommand [Parameters=[@id='?' (DbType = Guid)], CommandType='Text', CommandTimeout='30']
      SELECT "s"."Id", "s"."ContexteExecution", "s"."CorrelationId", "s"."DateCreation", "s"."DateDebut", "s"."DateFin", "s"."DefinitionWorkflowId", "s"."DonneesEntree", "s"."Erreur", "s"."Etat", "s"."HashVersionConfig", "s"."Id0", "e"."Id", "e"."DateDebut", "e"."DateFin", "e"."DonneesEntree", "e"."DonneesSortie", "e"."Erreur", "e"."Etat", "e"."InstanceWorkflowId", "e"."NomTache", "e"."NombreTentatives", "e"."Ordre", "e"."TypeConnecteur", "s"."Actif", "s"."ContenuYaml", "s"."DateCreation0", "s"."DateModification", "s"."Description", "s"."Equipe", "s"."HashVersion", "s"."Nom"
      FROM (
          SELECT "i"."Id", "i"."ContexteExecution", "i"."CorrelationId", "i"."DateCreation", "i"."DateDebut", "i"."DateFin", "i"."DefinitionWorkflowId", "i"."DonneesEntree", "i"."Erreur", "i"."Etat", "i"."HashVersionConfig", "d"."Id" AS "Id0", "d"."Actif", "d"."ContenuYaml", "d"."DateCreation" AS "DateCreation0", "d"."DateModification", "d"."Description", "d"."Equipe", "d"."HashVersion", "d"."Nom"
          FROM "InstancesWorkflow" AS "i"
          INNER JOIN "DefinitionsWorkflow" AS "d" ON "i"."DefinitionWorkflowId" = "d"."Id"
          WHERE "i"."Id" = @id
          LIMIT 1
      ) AS "s"
      LEFT JOIN "ExecutionsTache" AS "e" ON "s"."Id" = "e"."InstanceWorkflowId"
      ORDER BY "s"."Id", "s"."Id0", "e"."Ordre"
dbug: Microsoft.EntityFrameworkCore.Database.Command[20100]
      Executing DbCommand [Parameters=[@id='?' (DbType = Guid)], CommandType='Text', CommandTimeout='30']
      SELECT "s"."Id", "s"."ContexteExecution", "s"."CorrelationId", "s"."DateCreation", "s"."DateDebut", "s"."DateFin", "s"."DefinitionWorkflowId", "s"."DonneesEntree", "s"."Erreur", "s"."Etat", "s"."HashVersionConfig", "s"."Id0", "e"."Id", "e"."DateDebut", "e"."DateFin", "e"."DonneesEntree", "e"."DonneesSortie", "e"."Erreur", "e"."Etat", "e"."InstanceWorkflowId", "e"."NomTache", "e"."NombreTentatives", "e"."Ordre", "e"."TypeConnecteur", "s"."Actif", "s"."ContenuYaml", "s"."DateCreation0", "s"."DateModification", "s"."Description", "s"."Equipe", "s"."HashVersion", "s"."Nom"
      FROM (
          SELECT "i"."Id", "i"."ContexteExecution", "i"."CorrelationId", "i"."DateCreation", "i"."DateDebut", "i"."DateFin", "i"."DefinitionWorkflowId", "i"."DonneesEntree", "i"."Erreur", "i"."Etat", "i"."HashVersionConfig", "d"."Id" AS "Id0", "d"."Actif", "d"."ContenuYaml", "d"."DateCreation" AS "DateCreation0", "d"."DateModification", "d"."Description", "d"."Equipe", "d"."HashVersion", "d"."Nom"
          FROM "InstancesWorkflow" AS "i"
          INNER JOIN "DefinitionsWorkflow" AS "d" ON "i"."DefinitionWorkflowId" = "d"."Id"
          WHERE "i"."Id" = @id
          LIMIT 1
      ) AS "s"
      LEFT JOIN "ExecutionsTache" AS "e" ON "s"."Id" = "e"."InstanceWorkflowId"
      ORDER BY "s"."Id", "s"."Id0", "e"."Ordre"
dbug: Microsoft.EntityFrameworkCore.Database.Command[20100]
      Executing DbCommand [Parameters=[@id='?' (DbType = Guid)], CommandType='Text', CommandTimeout='30']
      SELECT "s"."Id", "s"."ContexteExecution", "s"."CorrelationId", "s"."DateCreation", "s"."DateDebut", "s"."DateFin", "s"."DefinitionWorkflowId", "s"."DonneesEntree", "s"."Erreur", "s"."Etat", "s"."HashVersionConfig", "s"."Id0", "e"."Id", "e"."DateDebut", "e"."DateFin", "e"."DonneesEntree", "e"."DonneesSortie", "e"."Erreur", "e"."Etat", "e"."InstanceWorkflowId", "e"."NomTache", "e"."NombreTentatives", "e"."Ordre", "e"."TypeConnecteur", "s"."Actif", "s"."ContenuYaml", "s"."DateCreation0", "s"."DateModification", "s"."Description", "s"."Equipe", "s"."HashVersion", "s"."Nom"
      FROM (
          SELECT "i"."Id", "i"."ContexteExecution", "i"."CorrelationId", "i"."DateCreation", "i"."DateDebut", "i"."DateFin", "i"."DefinitionWorkflowId", "i"."DonneesEntree", "i"."Erreur", "i"."Etat", "i"."HashVersionConfig", "d"."Id" AS "Id0", "d"."Actif", "d"."ContenuYaml", "d"."DateCreation" AS "DateCreation0", "d"."DateModification", "d"."Description", "d"."Equipe", "d"."HashVersion", "d"."Nom"
          FROM "InstancesWorkflow" AS "i"
          INNER JOIN "DefinitionsWorkflow" AS "d" ON "i"."DefinitionWorkflowId" = "d"."Id"
          WHERE "i"."Id" = @id
          LIMIT 1
      ) AS "s"
      LEFT JOIN "ExecutionsTache" AS "e" ON "s"."Id" = "e"."InstanceWorkflowId"
      ORDER BY "s"."Id", "s"."Id0", "e"."Ordre"
dbug: Microsoft.EntityFrameworkCore.Database.Command[20100]
      Executing DbCommand [Parameters=[@id='?' (DbType = Guid)], CommandType='Text', CommandTimeout='30']
      SELECT "s"."Id", "s"."ContexteExecution", "s"."CorrelationId", "s"."DateCreation", "s"."DateDebut", "s"."DateFin", "s"."DefinitionWorkflowId", "s"."DonneesEntree", "s"."Erreur", "s"."Etat", "s"."HashVersionConfig", "s"."Id0", "e"."Id", "e"."DateDebut", "e"."DateFin", "e"."DonneesEntree", "e"."DonneesSortie", "e"."Erreur", "e"."Etat", "e"."InstanceWorkflowId", "e"."NomTache", "e"."NombreTentatives", "e"."Ordre", "e"."TypeConnecteur", "s"."Actif", "s"."ContenuYaml", "s"."DateCreation0", "s"."DateModification", "s"."Description", "s"."Equipe", "s"."HashVersion", "s"."Nom"
      FROM (
          SELECT "i"."Id", "i"."ContexteExecution", "i"."CorrelationId", "i"."DateCreation", "i"."DateDebut", "i"."DateFin", "i"."DefinitionWorkflowId", "i"."DonneesEntree", "i"."Erreur", "i"."Etat", "i"."HashVersionConfig", "d"."Id" AS "Id0", "d"."Actif", "d"."ContenuYaml", "d"."DateCreation" AS "DateCreation0", "d"."DateModification", "d"."Description", "d"."Equipe", "d"."HashVersion", "d"."Nom"
          FROM "InstancesWorkflow" AS "i"
          INNER JOIN "DefinitionsWorkflow" AS "d" ON "i"."DefinitionWorkflowId" = "d"."Id"
          WHERE "i"."Id" = @id
          LIMIT 1
      ) AS "s"
      LEFT JOIN "ExecutionsTache" AS "e" ON "s"."Id" = "e"."InstanceWorkflowId"
      ORDER BY "s"."Id", "s"."Id0", "e"."Ordre"
info: Microsoft.EntityFrameworkCore.Database.Command[20101]
      Executed DbCommand (18ms) [Parameters=[@id='?' (DbType = Guid)], CommandType='Text', CommandTimeout='30']
      SELECT "s"."Id", "s"."ContexteExecution", "s"."CorrelationId", "s"."DateCreation", "s"."DateDebut", "s"."DateFin", "s"."DefinitionWorkflowId", "s"."DonneesEntree", "s"."Erreur", "s"."Etat", "s"."HashVersionConfig", "s"."Id0", "e"."Id", "e"."DateDebut", "e"."DateFin", "e"."DonneesEntree", "e"."DonneesSortie", "e"."Erreur", "e"."Etat", "e"."InstanceWorkflowId", "e"."NomTache", "e"."NombreTentatives", "e"."Ordre", "e"."TypeConnecteur", "s"."Actif", "s"."ContenuYaml", "s"."DateCreation0", "s"."DateModification", "s"."Description", "s"."Equipe", "s"."HashVersion", "s"."Nom"
      FROM (
          SELECT "i"."Id", "i"."ContexteExecution", "i"."CorrelationId", "i"."DateCreation", "i"."DateDebut", "i"."DateFin", "i"."DefinitionWorkflowId", "i"."DonneesEntree", "i"."Erreur", "i"."Etat", "i"."HashVersionConfig", "d"."Id" AS "Id0", "d"."Actif", "d"."ContenuYaml", "d"."DateCreation" AS "DateCreation0", "d"."DateModification", "d"."Description", "d"."Equipe", "d"."HashVersion", "d"."Nom"
          FROM "InstancesWorkflow" AS "i"
          INNER JOIN "DefinitionsWorkflow" AS "d" ON "i"."DefinitionWorkflowId" = "d"."Id"
          WHERE "i"."Id" = @id
          LIMIT 1
      ) AS "s"
      LEFT JOIN "ExecutionsTache" AS "e" ON "s"."Id" = "e"."InstanceWorkflowId"
      ORDER BY "s"."Id", "s"."Id0", "e"."Ordre"
info: Microsoft.EntityFrameworkCore.Database.Command[20101]
      Executed DbCommand (24ms) [Parameters=[@id='?' (DbType = Guid)], CommandType='Text', CommandTimeout='30']
      SELECT "s"."Id", "s"."ContexteExecution", "s"."CorrelationId", "s"."DateCreation", "s"."DateDebut", "s"."DateFin", "s"."DefinitionWorkflowId", "s"."DonneesEntree", "s"."Erreur", "s"."Etat", "s"."HashVersionConfig", "s"."Id0", "e"."Id", "e"."DateDebut", "e"."DateFin", "e"."DonneesEntree", "e"."DonneesSortie", "e"."Erreur", "e"."Etat", "e"."InstanceWorkflowId", "e"."NomTache", "e"."NombreTentatives", "e"."Ordre", "e"."TypeConnecteur", "s"."Actif", "s"."ContenuYaml", "s"."DateCreation0", "s"."DateModification", "s"."Description", "s"."Equipe", "s"."HashVersion", "s"."Nom"
      FROM (
          SELECT "i"."Id", "i"."ContexteExecution", "i"."CorrelationId", "i"."DateCreation", "i"."DateDebut", "i"."DateFin", "i"."DefinitionWorkflowId", "i"."DonneesEntree", "i"."Erreur", "i"."Etat", "i"."HashVersionConfig", "d"."Id" AS "Id0", "d"."Actif", "d"."ContenuYaml", "d"."DateCreation" AS "DateCreation0", "d"."DateModification", "d"."Description", "d"."Equipe", "d"."HashVersion", "d"."Nom"
          FROM "InstancesWorkflow" AS "i"
          INNER JOIN "DefinitionsWorkflow" AS "d" ON "i"."DefinitionWorkflowId" = "d"."Id"
          WHERE "i"."Id" = @id
          LIMIT 1
      ) AS "s"
      LEFT JOIN "ExecutionsTache" AS "e" ON "s"."Id" = "e"."InstanceWorkflowId"
      ORDER BY "s"."Id", "s"."Id0", "e"."Ordre"
info: Microsoft.EntityFrameworkCore.Database.Command[20101]
      Executed DbCommand (53ms) [Parameters=[@id='?' (DbType = Guid)], CommandType='Text', CommandTimeout='30']
      SELECT "s"."Id", "s"."ContexteExecution", "s"."CorrelationId", "s"."DateCreation", "s"."DateDebut", "s"."DateFin", "s"."DefinitionWorkflowId", "s"."DonneesEntree", "s"."Erreur", "s"."Etat", "s"."HashVersionConfig", "s"."Id0", "e"."Id", "e"."DateDebut", "e"."DateFin", "e"."DonneesEntree", "e"."DonneesSortie", "e"."Erreur", "e"."Etat", "e"."InstanceWorkflowId", "e"."NomTache", "e"."NombreTentatives", "e"."Ordre", "e"."TypeConnecteur", "s"."Actif", "s"."ContenuYaml", "s"."DateCreation0", "s"."DateModification", "s"."Description", "s"."Equipe", "s"."HashVersion", "s"."Nom"
      FROM (
          SELECT "i"."Id", "i"."ContexteExecution", "i"."CorrelationId", "i"."DateCreation", "i"."DateDebut", "i"."DateFin", "i"."DefinitionWorkflowId", "i"."DonneesEntree", "i"."Erreur", "i"."Etat", "i"."HashVersionConfig", "d"."Id" AS "Id0", "d"."Actif", "d"."ContenuYaml", "d"."DateCreation" AS "DateCreation0", "d"."DateModification", "d"."Description", "d"."Equipe", "d"."HashVersion", "d"."Nom"
          FROM "InstancesWorkflow" AS "i"
          INNER JOIN "DefinitionsWorkflow" AS "d" ON "i"."DefinitionWorkflowId" = "d"."Id"
          WHERE "i"."Id" = @id
          LIMIT 1
      ) AS "s"
      LEFT JOIN "ExecutionsTache" AS "e" ON "s"."Id" = "e"."InstanceWorkflowId"
      ORDER BY "s"."Id", "s"."Id0", "e"."Ordre"
info: Microsoft.EntityFrameworkCore.Database.Command[20101]
      Executed DbCommand (17ms) [Parameters=[@id='?' (DbType = Guid)], CommandType='Text', CommandTimeout='30']
      SELECT "s"."Id", "s"."ContexteExecution", "s"."CorrelationId", "s"."DateCreation", "s"."DateDebut", "s"."DateFin", "s"."DefinitionWorkflowId", "s"."DonneesEntree", "s"."Erreur", "s"."Etat", "s"."HashVersionConfig", "s"."Id0", "e"."Id", "e"."DateDebut", "e"."DateFin", "e"."DonneesEntree", "e"."DonneesSortie", "e"."Erreur", "e"."Etat", "e"."InstanceWorkflowId", "e"."NomTache", "e"."NombreTentatives", "e"."Ordre", "e"."TypeConnecteur", "s"."Actif", "s"."ContenuYaml", "s"."DateCreation0", "s"."DateModification", "s"."Description", "s"."Equipe", "s"."HashVersion", "s"."Nom"
      FROM (
          SELECT "i"."Id", "i"."ContexteExecution", "i"."CorrelationId", "i"."DateCreation", "i"."DateDebut", "i"."DateFin", "i"."DefinitionWorkflowId", "i"."DonneesEntree", "i"."Erreur", "i"."Etat", "i"."HashVersionConfig", "d"."Id" AS "Id0", "d"."Actif", "d"."ContenuYaml", "d"."DateCreation" AS "DateCreation0", "d"."DateModification", "d"."Description", "d"."Equipe", "d"."HashVersion", "d"."Nom"
          FROM "InstancesWorkflow" AS "i"
          INNER JOIN "DefinitionsWorkflow" AS "d" ON "i"."DefinitionWorkflowId" = "d"."Id"
          WHERE "i"."Id" = @id
          LIMIT 1
      ) AS "s"
      LEFT JOIN "ExecutionsTache" AS "e" ON "s"."Id" = "e"."InstanceWorkflowId"
      ORDER BY "s"."Id", "s"."Id0", "e"."Ordre"
dbug: Microsoft.EntityFrameworkCore.ChangeTracking[10806]
      Context 'OamDbContext' started tracking 'DefinitionWorkflow' entity. Consider using 'DbContextOptionsBuilder.EnableSensitiveDataLogging' to see key values.
dbug: Microsoft.EntityFrameworkCore.ChangeTracking[10806]
      Context 'OamDbContext' started tracking 'InstanceWorkflow' entity. Consider using 'DbContextOptionsBuilder.EnableSensitiveDataLogging' to see key values.
dbug: Microsoft.EntityFrameworkCore.ChangeTracking[10806]
      Context 'OamDbContext' started tracking 'DefinitionWorkflow' entity. Consider using 'DbContextOptionsBuilder.EnableSensitiveDataLogging' to see key values.
dbug: Microsoft.EntityFrameworkCore.ChangeTracking[10806]
      Context 'OamDbContext' started tracking 'DefinitionWorkflow' entity. Consider using 'DbContextOptionsBuilder.EnableSensitiveDataLogging' to see key values.
dbug: Microsoft.EntityFrameworkCore.ChangeTracking[10806]
      Context 'OamDbContext' started tracking 'DefinitionWorkflow' entity. Consider using 'DbContextOptionsBuilder.EnableSensitiveDataLogging' to see key values.
dbug: Microsoft.EntityFrameworkCore.ChangeTracking[10806]
      Context 'OamDbContext' started tracking 'InstanceWorkflow' entity. Consider using 'DbContextOptionsBuilder.EnableSensitiveDataLogging' to see key values.
dbug: Microsoft.EntityFrameworkCore.ChangeTracking[10806]
      Context 'OamDbContext' started tracking 'DefinitionWorkflow' entity. Consider using 'DbContextOptionsBuilder.EnableSensitiveDataLogging' to see key values.
dbug: Microsoft.EntityFrameworkCore.ChangeTracking[10806]
      Context 'OamDbContext' started tracking 'InstanceWorkflow' entity. Consider using 'DbContextOptionsBuilder.EnableSensitiveDataLogging' to see key values.
dbug: Microsoft.EntityFrameworkCore.ChangeTracking[10806]
      Context 'OamDbContext' started tracking 'DefinitionWorkflow' entity. Consider using 'DbContextOptionsBuilder.EnableSensitiveDataLogging' to see key values.
dbug: Microsoft.EntityFrameworkCore.ChangeTracking[10806]
      Context 'OamDbContext' started tracking 'InstanceWorkflow' entity. Consider using 'DbContextOptionsBuilder.EnableSensitiveDataLogging' to see key values.
dbug: Microsoft.EntityFrameworkCore.Database.Command[20301]
      Closing data reader to 'main' on server 'C:\OAM\src\OAM.Api\oam_dev.db'.
dbug: Microsoft.EntityFrameworkCore.Database.Command[20301]
      Closing data reader to 'main' on server 'C:\OAM\src\OAM.Api\oam_dev.db'.
dbug: Microsoft.EntityFrameworkCore.Database.Command[20301]
      Closing data reader to 'main' on server 'C:\OAM\src\OAM.Api\oam_dev.db'.
dbug: Microsoft.EntityFrameworkCore.Database.Command[20301]
      Closing data reader to 'main' on server 'C:\OAM\src\OAM.Api\oam_dev.db'.
dbug: Microsoft.EntityFrameworkCore.Database.Command[20301]
      Closing data reader to 'main' on server 'C:\OAM\src\OAM.Api\oam_dev.db'.
dbug: Microsoft.EntityFrameworkCore.Database.Command[20301]
      Closing data reader to 'main' on server 'C:\OAM\src\OAM.Api\oam_dev.db'.
dbug: Microsoft.EntityFrameworkCore.Database.Command[20300]
      A data reader for 'main' on server 'C:\OAM\src\OAM.Api\oam_dev.db' is being disposed after spending 100ms reading results.
dbug: Microsoft.EntityFrameworkCore.Database.Command[20300]
      A data reader for 'main' on server 'C:\OAM\src\OAM.Api\oam_dev.db' is being disposed after spending 100ms reading results.
dbug: Microsoft.EntityFrameworkCore.Database.Command[20300]
      A data reader for 'main' on server 'C:\OAM\src\OAM.Api\oam_dev.db' is being disposed after spending 105ms reading results.
dbug: Microsoft.EntityFrameworkCore.Database.Command[20300]
      A data reader for 'main' on server 'C:\OAM\src\OAM.Api\oam_dev.db' is being disposed after spending 105ms reading results.
dbug: Microsoft.EntityFrameworkCore.Database.Command[20300]
      A data reader for 'main' on server 'C:\OAM\src\OAM.Api\oam_dev.db' is being disposed after spending 106ms reading results.
dbug: Microsoft.EntityFrameworkCore.Database.Command[20300]
      A data reader for 'main' on server 'C:\OAM\src\OAM.Api\oam_dev.db' is being disposed after spending 105ms reading results.
dbug: Microsoft.EntityFrameworkCore.Database.Connection[20002]
      Closing connection to database 'main' on server 'C:\OAM\src\OAM.Api\oam_dev.db'.
dbug: Microsoft.EntityFrameworkCore.Database.Connection[20002]
      Closing connection to database 'main' on server 'C:\OAM\src\OAM.Api\oam_dev.db'.
dbug: Microsoft.EntityFrameworkCore.Database.Connection[20002]
      Closing connection to database 'main' on server 'C:\OAM\src\OAM.Api\oam_dev.db'.
dbug: Microsoft.EntityFrameworkCore.Database.Connection[20002]
      Closing connection to database 'main' on server 'C:\OAM\src\OAM.Api\oam_dev.db'.
dbug: Microsoft.EntityFrameworkCore.Database.Connection[20002]
      Closing connection to database 'main' on server 'C:\OAM\src\OAM.Api\oam_dev.db'.
dbug: Microsoft.EntityFrameworkCore.Database.Connection[20002]
      Closing connection to database 'main' on server 'C:\OAM\src\OAM.Api\oam_dev.db'.
dbug: Microsoft.EntityFrameworkCore.Database.Connection[20003]
      Closed connection to database 'main' on server 'oam_dev.db' (7ms).
dbug: Microsoft.EntityFrameworkCore.Database.Connection[20003]
      Closed connection to database 'main' on server 'oam_dev.db' (5ms).
dbug: Microsoft.EntityFrameworkCore.Database.Connection[20003]
      Closed connection to database 'main' on server 'oam_dev.db' (6ms).
dbug: Microsoft.EntityFrameworkCore.Database.Connection[20003]
      Closed connection to database 'main' on server 'oam_dev.db' (7ms).
dbug: Microsoft.EntityFrameworkCore.Database.Connection[20003]
      Closed connection to database 'main' on server 'oam_dev.db' (8ms).
dbug: Microsoft.EntityFrameworkCore.Database.Connection[20003]
      Closed connection to database 'main' on server 'oam_dev.db' (8ms).
info: Microsoft.AspNetCore.Mvc.Infrastructure.ObjectResultExecutor[1]
      Executing OkObjectResult, writing value of type 'System.Linq.Enumerable+ListSelectIterator`2[[OAM.Domain.Entities.DefinitionWorkflow, OAM.Domain, Version=1.0.0.0, Culture=neutral, PublicKeyToken=null],[OAM.Api.Dtos.DefinitionWorkflowDto, OAM.Api, Version=1.0.0.0, Culture=neutral, PublicKeyToken=null]]'.
info: Microsoft.AspNetCore.Mvc.Infrastructure.ObjectResultExecutor[1]
      Executing OkObjectResult, writing value of type 'System.Linq.Enumerable+ListSelectIterator`2[[OAM.Domain.Entities.DefinitionWorkflow, OAM.Domain, Version=1.0.0.0, Culture=neutral, PublicKeyToken=null],[OAM.Api.Dtos.DefinitionWorkflowDto, OAM.Api, Version=1.0.0.0, Culture=neutral, PublicKeyToken=null]]'.
info: Microsoft.AspNetCore.Mvc.Infrastructure.ObjectResultExecutor[1]
      Executing OkObjectResult, writing value of type 'System.Linq.Enumerable+ListSelectIterator`2[[OAM.Domain.Entities.DefinitionWorkflow, OAM.Domain, Version=1.0.0.0, Culture=neutral, PublicKeyToken=null],[OAM.Api.Dtos.DefinitionWorkflowDto, OAM.Api, Version=1.0.0.0, Culture=neutral, PublicKeyToken=null]]'.
info: Microsoft.AspNetCore.Mvc.Infrastructure.ObjectResultExecutor[1]
      Executing OkObjectResult, writing value of type 'System.Linq.Enumerable+ListSelectIterator`2[[OAM.Domain.Entities.DefinitionWorkflow, OAM.Domain, Version=1.0.0.0, Culture=neutral, PublicKeyToken=null],[OAM.Api.Dtos.DefinitionWorkflowDto, OAM.Api, Version=1.0.0.0, Culture=neutral, PublicKeyToken=null]]'.
info: Microsoft.AspNetCore.Mvc.Infrastructure.ObjectResultExecutor[1]
      Executing OkObjectResult, writing value of type 'System.Linq.Enumerable+ListSelectIterator`2[[OAM.Domain.Entities.DefinitionWorkflow, OAM.Domain, Version=1.0.0.0, Culture=neutral, PublicKeyToken=null],[OAM.Api.Dtos.DefinitionWorkflowDto, OAM.Api, Version=1.0.0.0, Culture=neutral, PublicKeyToken=null]]'.
info: Microsoft.AspNetCore.Mvc.Infrastructure.ObjectResultExecutor[1]
      Executing OkObjectResult, writing value of type 'System.Linq.Enumerable+ListSelectIterator`2[[OAM.Domain.Entities.DefinitionWorkflow, OAM.Domain, Version=1.0.0.0, Culture=neutral, PublicKeyToken=null],[OAM.Api.Dtos.DefinitionWorkflowDto, OAM.Api, Version=1.0.0.0, Culture=neutral, PublicKeyToken=null]]'.
dbug: Microsoft.EntityFrameworkCore.ChangeTracking[10805]
      The navigation 'InstanceWorkflow.DefinitionWorkflow' was detected as changed. Consider using 'DbContextOptionsBuilder.EnableSensitiveDataLogging' to see key values.
dbug: Microsoft.EntityFrameworkCore.ChangeTracking[10805]
      The navigation 'InstanceWorkflow.DefinitionWorkflow' was detected as changed. Consider using 'DbContextOptionsBuilder.EnableSensitiveDataLogging' to see key values.
dbug: Microsoft.EntityFrameworkCore.ChangeTracking[10805]
      The navigation 'InstanceWorkflow.DefinitionWorkflow' was detected as changed. Consider using 'DbContextOptionsBuilder.EnableSensitiveDataLogging' to see key values.
dbug: Microsoft.EntityFrameworkCore.ChangeTracking[10805]
      The navigation 'InstanceWorkflow.DefinitionWorkflow' was detected as changed. Consider using 'DbContextOptionsBuilder.EnableSensitiveDataLogging' to see key values.
dbug: Microsoft.EntityFrameworkCore.ChangeTracking[10806]
      Context 'OamDbContext' started tracking 'DefinitionWorkflow' entity. Consider using 'DbContextOptionsBuilder.EnableSensitiveDataLogging' to see key values.
dbug: Microsoft.EntityFrameworkCore.ChangeTracking[10806]
      Context 'OamDbContext' started tracking 'DefinitionWorkflow' entity. Consider using 'DbContextOptionsBuilder.EnableSensitiveDataLogging' to see key values.
dbug: Microsoft.EntityFrameworkCore.ChangeTracking[10806]
      Context 'OamDbContext' started tracking 'DefinitionWorkflow' entity. Consider using 'DbContextOptionsBuilder.EnableSensitiveDataLogging' to see key values.
dbug: Microsoft.EntityFrameworkCore.ChangeTracking[10806]
      Context 'OamDbContext' started tracking 'DefinitionWorkflow' entity. Consider using 'DbContextOptionsBuilder.EnableSensitiveDataLogging' to see key values.
info: Microsoft.AspNetCore.Mvc.Infrastructure.ControllerActionInvoker[105]
      Executed action OAM.Api.Controllers.DefinitionsController.Lister (OAM.Api) in 1552.824ms
info: Microsoft.AspNetCore.Mvc.Infrastructure.ControllerActionInvoker[105]
      Executed action OAM.Api.Controllers.DefinitionsController.Lister (OAM.Api) in 1553.2473ms
info: Microsoft.AspNetCore.Mvc.Infrastructure.ControllerActionInvoker[105]
      Executed action OAM.Api.Controllers.DefinitionsController.Lister (OAM.Api) in 1552.2045ms
info: Microsoft.AspNetCore.Mvc.Infrastructure.ControllerActionInvoker[105]
      Executed action OAM.Api.Controllers.DefinitionsController.Lister (OAM.Api) in 1210.1415ms
info: Microsoft.AspNetCore.Mvc.Infrastructure.ControllerActionInvoker[105]
      Executed action OAM.Api.Controllers.DefinitionsController.Lister (OAM.Api) in 1552.208ms
info: Microsoft.AspNetCore.Mvc.Infrastructure.ControllerActionInvoker[105]
      Executed action OAM.Api.Controllers.DefinitionsController.Lister (OAM.Api) in 1552.9549ms
info: Microsoft.AspNetCore.Routing.EndpointMiddleware[1]
      Executed endpoint 'OAM.Api.Controllers.DefinitionsController.Lister (OAM.Api)'
info: Microsoft.AspNetCore.Routing.EndpointMiddleware[1]
      Executed endpoint 'OAM.Api.Controllers.DefinitionsController.Lister (OAM.Api)'
info: Microsoft.AspNetCore.Routing.EndpointMiddleware[1]
      Executed endpoint 'OAM.Api.Controllers.DefinitionsController.Lister (OAM.Api)'
info: Microsoft.AspNetCore.Routing.EndpointMiddleware[1]
      Executed endpoint 'OAM.Api.Controllers.DefinitionsController.Lister (OAM.Api)'
info: Microsoft.AspNetCore.Routing.EndpointMiddleware[1]
      Executed endpoint 'OAM.Api.Controllers.DefinitionsController.Lister (OAM.Api)'
info: Microsoft.AspNetCore.Routing.EndpointMiddleware[1]
      Executed endpoint 'OAM.Api.Controllers.DefinitionsController.Lister (OAM.Api)'
dbug: Microsoft.EntityFrameworkCore.Infrastructure[10407]
      'OamDbContext' disposed.
dbug: Microsoft.EntityFrameworkCore.Infrastructure[10407]
      'OamDbContext' disposed.
dbug: Microsoft.EntityFrameworkCore.Infrastructure[10407]
      'OamDbContext' disposed.
dbug: Microsoft.EntityFrameworkCore.Infrastructure[10407]
      'OamDbContext' disposed.
dbug: Microsoft.EntityFrameworkCore.Infrastructure[10407]
      'OamDbContext' disposed.
dbug: Microsoft.EntityFrameworkCore.Infrastructure[10407]
      'OamDbContext' disposed.
dbug: Microsoft.EntityFrameworkCore.Database.Connection[20007]
      Disposing connection to database 'main' on server 'oam_dev.db'.
dbug: Microsoft.EntityFrameworkCore.Database.Connection[20007]
      Disposing connection to database 'main' on server 'oam_dev.db'.
dbug: Microsoft.EntityFrameworkCore.Database.Connection[20007]
      Disposing connection to database 'main' on server 'oam_dev.db'.
dbug: Microsoft.EntityFrameworkCore.Database.Connection[20007]
      Disposing connection to database 'main' on server 'oam_dev.db'.
dbug: Microsoft.EntityFrameworkCore.Database.Connection[20007]
      Disposing connection to database 'main' on server 'oam_dev.db'.
dbug: Microsoft.EntityFrameworkCore.Database.Connection[20007]
      Disposing connection to database 'main' on server 'oam_dev.db'.
dbug: Microsoft.EntityFrameworkCore.Database.Connection[20008]
      Disposed connection to database 'main' on server 'oam_dev.db' (24ms).
dbug: Microsoft.EntityFrameworkCore.Database.Connection[20008]
      Disposed connection to database 'main' on server 'oam_dev.db' (27ms).
dbug: Microsoft.EntityFrameworkCore.Database.Connection[20008]
      Disposed connection to database 'main' on server 'oam_dev.db' (25ms).
dbug: Microsoft.EntityFrameworkCore.Database.Connection[20008]
      Disposed connection to database 'main' on server 'oam_dev.db' (24ms).
dbug: Microsoft.EntityFrameworkCore.Database.Connection[20008]
      Disposed connection to database 'main' on server 'oam_dev.db' (28ms).
dbug: Microsoft.EntityFrameworkCore.Database.Connection[20008]
      Disposed connection to database 'main' on server 'oam_dev.db' (29ms).
info: Microsoft.AspNetCore.Hosting.Diagnostics[2]
      Request finished HTTP/1.1 GET http://localhost:5000/api/definitions - 200 - application/json;+charset=utf-8 2146.5795ms
info: Microsoft.AspNetCore.Hosting.Diagnostics[2]
      Request finished HTTP/1.1 GET http://localhost:5000/api/definitions - 200 - application/json;+charset=utf-8 2105.8534ms
info: Microsoft.AspNetCore.Hosting.Diagnostics[2]
      Request finished HTTP/1.1 GET http://localhost:5000/api/definitions - 200 - application/json;+charset=utf-8 2146.4890ms
info: Microsoft.AspNetCore.Hosting.Diagnostics[2]
      Request finished HTTP/1.1 GET http://localhost:5000/api/definitions - 200 - application/json;+charset=utf-8 2147.6923ms
info: Microsoft.AspNetCore.Hosting.Diagnostics[2]
      Request finished HTTP/1.1 GET http://localhost:5000/api/definitions - 200 - application/json;+charset=utf-8 2148.7765ms
info: Microsoft.AspNetCore.Hosting.Diagnostics[2]
      Request finished HTTP/1.1 GET http://localhost:5000/api/definitions - 200 - application/json;+charset=utf-8 2209.6320ms
dbug: Microsoft.EntityFrameworkCore.ChangeTracking[10806]
      Context 'OamDbContext' started tracking 'ExecutionTache' entity. Consider using 'DbContextOptionsBuilder.EnableSensitiveDataLogging' to see key values.
dbug: Microsoft.EntityFrameworkCore.ChangeTracking[10806]
      Context 'OamDbContext' started tracking 'ExecutionTache' entity. Consider using 'DbContextOptionsBuilder.EnableSensitiveDataLogging' to see key values.
dbug: Microsoft.EntityFrameworkCore.ChangeTracking[10806]
      Context 'OamDbContext' started tracking 'ExecutionTache' entity. Consider using 'DbContextOptionsBuilder.EnableSensitiveDataLogging' to see key values.
dbug: Microsoft.EntityFrameworkCore.ChangeTracking[10806]
      Context 'OamDbContext' started tracking 'ExecutionTache' entity. Consider using 'DbContextOptionsBuilder.EnableSensitiveDataLogging' to see key values.
dbug: Microsoft.EntityFrameworkCore.ChangeTracking[10806]
      Context 'OamDbContext' started tracking 'ExecutionTache' entity. Consider using 'DbContextOptionsBuilder.EnableSensitiveDataLogging' to see key values.
dbug: Microsoft.EntityFrameworkCore.ChangeTracking[10806]
      Context 'OamDbContext' started tracking 'ExecutionTache' entity. Consider using 'DbContextOptionsBuilder.EnableSensitiveDataLogging' to see key values.
dbug: Microsoft.EntityFrameworkCore.ChangeTracking[10806]
      Context 'OamDbContext' started tracking 'ExecutionTache' entity. Consider using 'DbContextOptionsBuilder.EnableSensitiveDataLogging' to see key values.
dbug: Microsoft.EntityFrameworkCore.ChangeTracking[10806]
      Context 'OamDbContext' started tracking 'ExecutionTache' entity. Consider using 'DbContextOptionsBuilder.EnableSensitiveDataLogging' to see key values.
dbug: Microsoft.EntityFrameworkCore.ChangeTracking[10806]
      Context 'OamDbContext' started tracking 'ExecutionTache' entity. Consider using 'DbContextOptionsBuilder.EnableSensitiveDataLogging' to see key values.
dbug: Microsoft.EntityFrameworkCore.ChangeTracking[10806]
      Context 'OamDbContext' started tracking 'ExecutionTache' entity. Consider using 'DbContextOptionsBuilder.EnableSensitiveDataLogging' to see key values.
dbug: Microsoft.EntityFrameworkCore.ChangeTracking[10806]
      Context 'OamDbContext' started tracking 'ExecutionTache' entity. Consider using 'DbContextOptionsBuilder.EnableSensitiveDataLogging' to see key values.
dbug: Microsoft.EntityFrameworkCore.ChangeTracking[10806]
      Context 'OamDbContext' started tracking 'ExecutionTache' entity. Consider using 'DbContextOptionsBuilder.EnableSensitiveDataLogging' to see key values.
dbug: Microsoft.EntityFrameworkCore.ChangeTracking[10806]
      Context 'OamDbContext' started tracking 'ExecutionTache' entity. Consider using 'DbContextOptionsBuilder.EnableSensitiveDataLogging' to see key values.
dbug: Microsoft.EntityFrameworkCore.ChangeTracking[10806]
      Context 'OamDbContext' started tracking 'ExecutionTache' entity. Consider using 'DbContextOptionsBuilder.EnableSensitiveDataLogging' to see key values.
dbug: Microsoft.EntityFrameworkCore.ChangeTracking[10806]
      Context 'OamDbContext' started tracking 'ExecutionTache' entity. Consider using 'DbContextOptionsBuilder.EnableSensitiveDataLogging' to see key values.
dbug: Microsoft.EntityFrameworkCore.ChangeTracking[10806]
      Context 'OamDbContext' started tracking 'ExecutionTache' entity. Consider using 'DbContextOptionsBuilder.EnableSensitiveDataLogging' to see key values.
dbug: Microsoft.EntityFrameworkCore.Database.Command[20301]
      Closing data reader to 'main' on server 'C:\OAM\src\OAM.Api\oam_dev.db'.
dbug: Microsoft.EntityFrameworkCore.Database.Command[20301]
      Closing data reader to 'main' on server 'C:\OAM\src\OAM.Api\oam_dev.db'.
dbug: Microsoft.EntityFrameworkCore.Database.Command[20301]
      Closing data reader to 'main' on server 'C:\OAM\src\OAM.Api\oam_dev.db'.
dbug: Microsoft.EntityFrameworkCore.Database.Command[20301]
      Closing data reader to 'main' on server 'C:\OAM\src\OAM.Api\oam_dev.db'.
dbug: Microsoft.EntityFrameworkCore.Database.Command[20300]
      A data reader for 'main' on server 'C:\OAM\src\OAM.Api\oam_dev.db' is being disposed after spending 680ms reading results.
dbug: Microsoft.EntityFrameworkCore.Database.Command[20300]
      A data reader for 'main' on server 'C:\OAM\src\OAM.Api\oam_dev.db' is being disposed after spending 713ms reading results.
dbug: Microsoft.EntityFrameworkCore.Database.Command[20300]
      A data reader for 'main' on server 'C:\OAM\src\OAM.Api\oam_dev.db' is being disposed after spending 714ms reading results.
dbug: Microsoft.EntityFrameworkCore.Database.Connection[20002]
      Closing connection to database 'main' on server 'C:\OAM\src\OAM.Api\oam_dev.db'.
dbug: Microsoft.EntityFrameworkCore.Database.Connection[20002]
      Closing connection to database 'main' on server 'C:\OAM\src\OAM.Api\oam_dev.db'.
dbug: Microsoft.EntityFrameworkCore.Database.Connection[20002]
      Closing connection to database 'main' on server 'C:\OAM\src\OAM.Api\oam_dev.db'.
dbug: Microsoft.EntityFrameworkCore.Database.Connection[20003]
      Closed connection to database 'main' on server 'oam_dev.db' (2ms).
dbug: Microsoft.EntityFrameworkCore.Database.Connection[20003]
      Closed connection to database 'main' on server 'oam_dev.db' (4ms).
dbug: Microsoft.EntityFrameworkCore.Database.Connection[20003]
      Closed connection to database 'main' on server 'oam_dev.db' (4ms).
dbug: Microsoft.EntityFrameworkCore.Database.Command[20300]
      A data reader for 'main' on server 'C:\OAM\src\OAM.Api\oam_dev.db' is being disposed after spending 722ms reading results.
dbug: Microsoft.EntityFrameworkCore.Database.Connection[20002]
      Closing connection to database 'main' on server 'C:\OAM\src\OAM.Api\oam_dev.db'.
dbug: Microsoft.EntityFrameworkCore.Database.Connection[20003]
      Closed connection to database 'main' on server 'oam_dev.db' (1ms).
info: Microsoft.AspNetCore.Mvc.Infrastructure.ObjectResultExecutor[1]
      Executing OkObjectResult, writing value of type 'OAM.Api.Dtos.InstanceWorkflowDto'.
info: Microsoft.AspNetCore.Mvc.Infrastructure.ObjectResultExecutor[1]
      Executing OkObjectResult, writing value of type 'OAM.Api.Dtos.InstanceWorkflowDto'.
info: Microsoft.AspNetCore.Mvc.Infrastructure.ObjectResultExecutor[1]
      Executing OkObjectResult, writing value of type 'OAM.Api.Dtos.InstanceWorkflowDto'.
info: Microsoft.AspNetCore.Mvc.Infrastructure.ObjectResultExecutor[1]
      Executing OkObjectResult, writing value of type 'OAM.Api.Dtos.InstanceWorkflowDto'.
info: Microsoft.AspNetCore.Mvc.Infrastructure.ControllerActionInvoker[105]
      Executed action OAM.Api.Controllers.InstancesController.ObtenirParId (OAM.Api) in 2123.3887ms
info: Microsoft.AspNetCore.Mvc.Infrastructure.ControllerActionInvoker[105]
      Executed action OAM.Api.Controllers.InstancesController.ObtenirParId (OAM.Api) in 2123.6545ms
info: Microsoft.AspNetCore.Mvc.Infrastructure.ControllerActionInvoker[105]
      Executed action OAM.Api.Controllers.InstancesController.ObtenirParId (OAM.Api) in 2125.0363ms
info: Microsoft.AspNetCore.Mvc.Infrastructure.ControllerActionInvoker[105]
      Executed action OAM.Api.Controllers.InstancesController.ObtenirParId (OAM.Api) in 2125.2046ms
info: Microsoft.AspNetCore.Routing.EndpointMiddleware[1]
      Executed endpoint 'OAM.Api.Controllers.InstancesController.ObtenirParId (OAM.Api)'
info: Microsoft.AspNetCore.Routing.EndpointMiddleware[1]
      Executed endpoint 'OAM.Api.Controllers.InstancesController.ObtenirParId (OAM.Api)'
info: Microsoft.AspNetCore.Routing.EndpointMiddleware[1]
      Executed endpoint 'OAM.Api.Controllers.InstancesController.ObtenirParId (OAM.Api)'
info: Microsoft.AspNetCore.Routing.EndpointMiddleware[1]
      Executed endpoint 'OAM.Api.Controllers.InstancesController.ObtenirParId (OAM.Api)'
dbug: Microsoft.EntityFrameworkCore.Infrastructure[10407]
      'OamDbContext' disposed.
dbug: Microsoft.EntityFrameworkCore.Infrastructure[10407]
      'OamDbContext' disposed.
dbug: Microsoft.EntityFrameworkCore.Infrastructure[10407]
      'OamDbContext' disposed.
dbug: Microsoft.EntityFrameworkCore.Infrastructure[10407]
      'OamDbContext' disposed.
dbug: Microsoft.EntityFrameworkCore.Database.Connection[20007]
      Disposing connection to database 'main' on server 'oam_dev.db'.
dbug: Microsoft.EntityFrameworkCore.Database.Connection[20007]
      Disposing connection to database 'main' on server 'oam_dev.db'.
dbug: Microsoft.EntityFrameworkCore.Database.Connection[20007]
      Disposing connection to database 'main' on server 'oam_dev.db'.
dbug: Microsoft.EntityFrameworkCore.Database.Connection[20008]
      Disposed connection to database 'main' on server 'oam_dev.db' (3ms).
dbug: Microsoft.EntityFrameworkCore.Database.Connection[20008]
      Disposed connection to database 'main' on server 'oam_dev.db' (3ms).
dbug: Microsoft.EntityFrameworkCore.Database.Connection[20008]
      Disposed connection to database 'main' on server 'oam_dev.db' (3ms).
info: Microsoft.AspNetCore.Hosting.Diagnostics[2]
      Request finished HTTP/1.1 GET http://localhost:5000/api/instances/dff0ec2a-b01b-4775-b08b-39f04122b054 - 200 - application/json;+charset=utf-8 2565.6622ms
info: Microsoft.AspNetCore.Hosting.Diagnostics[2]
      Request finished HTTP/1.1 GET http://localhost:5000/api/instances/dff0ec2a-b01b-4775-b08b-39f04122b054 - 200 - application/json;+charset=utf-8 2564.5830ms
info: Microsoft.AspNetCore.Hosting.Diagnostics[2]
      Request finished HTTP/1.1 GET http://localhost:5000/api/instances/dff0ec2a-b01b-4775-b08b-39f04122b054 - 200 - application/json;+charset=utf-8 2566.7602ms
dbug: Microsoft.EntityFrameworkCore.Database.Connection[20007]
      Disposing connection to database 'main' on server 'oam_dev.db'.
dbug: Microsoft.EntityFrameworkCore.Database.Connection[20008]
      Disposed connection to database 'main' on server 'oam_dev.db' (2ms).
info: Microsoft.AspNetCore.Hosting.Diagnostics[2]
      Request finished HTTP/1.1 GET http://localhost:5000/api/instances/dff0ec2a-b01b-4775-b08b-39f04122b054 - 200 - application/json;+charset=utf-8 2598.9545ms
info: Microsoft.AspNetCore.Hosting.Diagnostics[1]
      Request starting HTTP/1.1 GET http://localhost:5000/api/instances - application/json -
info: Microsoft.AspNetCore.Routing.EndpointMiddleware[0]
      Executing endpoint 'OAM.Api.Controllers.InstancesController.Lister (OAM.Api)'
info: Microsoft.AspNetCore.Mvc.Infrastructure.ControllerActionInvoker[102]
      Route matched with {action = "Lister", controller = "Instances"}. Executing controller action with signature System.Threading.Tasks.Task`1[Microsoft.AspNetCore.Mvc.ActionResult`1[System.Collections.Generic.IReadOnlyList`1[OAM.Api.Dtos.InstanceWorkflowDto]]] Lister(System.Nullable`1[OAM.Domain.Enums.EtatWorkflow], System.Nullable`1[System.Guid]) on controller OAM.Api.Controllers.InstancesController (OAM.Api).
dbug: Microsoft.EntityFrameworkCore.Infrastructure[10403]
      Entity Framework Core 10.0.5 initialized 'OamDbContext' using provider 'Microsoft.EntityFrameworkCore.Sqlite:10.0.5' with options: None
dbug: Microsoft.EntityFrameworkCore.Query[10111]
      Compiling query expression: 
      'DbSet<InstanceWorkflow>()
          .Include(i => i.DefinitionWorkflow)
          .OrderByDescending(i => i.DateCreation)'
dbug: Microsoft.EntityFrameworkCore.Query[10112]
      Including navigation: 'InstanceWorkflow.DefinitionWorkflow'.
dbug: Microsoft.EntityFrameworkCore.Query[10107]
      Generated query execution expression: 
      'queryContext => SingleQueryingEnumerable.Create<InstanceWorkflow>(
          relationalQueryContext: (RelationalQueryContext)queryContext, 
          relationalCommandResolver: parameters => [LIFTABLE Constant: RelationalCommandCache.QueryExpression(
              Client Projections:
                  0 -> Dictionary<IPropertyBase, int> { [Property: InstanceWorkflow.Id (Guid) Required PK AfterSave:Throw ValueGenerated.OnAdd, 0], [Property: InstanceWorkflow.ContexteExecution (string), 1], [Property: InstanceWorkflow.CorrelationId (string) Required Index MaxLength(100), 2], [Property: InstanceWorkflow.DateCreation (DateTime) Required, 3], [Property: InstanceWorkflow.DateDebut (DateTime?), 4], [Property: InstanceWorkflow.DateFin (DateTime?), 5], [Property: InstanceWorkflow.DefinitionWorkflowId (Guid) Required FK Index, 6], [Property: InstanceWorkflow.DonneesEntree (string), 7], [Property: InstanceWorkflow.Erreur (string), 8], [Property: InstanceWorkflow.Etat (EtatWorkflow) Required Index MaxLength(20), 9], [Property: InstanceWorkflow.HashVersionConfig (string) Required MaxLength(64), 10] }
                  1 -> Dictionary<IPropertyBase, int> { [Property: DefinitionWorkflow.Id (Guid) Required PK AfterSave:Throw ValueGenerated.OnAdd, 11], [Property: DefinitionWorkflow.Actif (bool) Required, 12], [Property: DefinitionWorkflow.ContenuYaml (string) Required, 13], [Property: DefinitionWorkflow.DateCreation (DateTime) Required, 14], [Property: DefinitionWorkflow.DateModification (DateTime) Required, 15], [Property: DefinitionWorkflow.Description (string), 16], [Property: DefinitionWorkflow.Equipe (string) MaxLength(100), 17], [Property: DefinitionWorkflow.HashVersion (string) Required Index MaxLength(64), 18], [Property: DefinitionWorkflow.Nom (string) Required Index MaxLength(200), 19] }
              SELECT i.Id, i.ContexteExecution, i.CorrelationId, i.DateCreation, i.DateDebut, i.DateFin, i.DefinitionWorkflowId, i.DonneesEntree, i.Erreur, i.Etat, i.HashVersionConfig, d.Id, d.Actif, d.ContenuYaml, d.DateCreation, d.DateModification, d.Description, d.Equipe, d.HashVersion, d.Nom
              FROM InstancesWorkflow AS i
              INNER JOIN DefinitionsWorkflow AS d ON i.DefinitionWorkflowId == d.Id
              ORDER BY i.DateCreation DESC) | Resolver: c => new RelationalCommandCache(
              c.Dependencies.MemoryCache, 
              c.RelationalDependencies.QuerySqlGeneratorFactory, 
              c.RelationalDependencies.RelationalParameterBasedSqlProcessorFactory, 
              Client Projections:
                  0 -> Dictionary<IPropertyBase, int> { [Property: InstanceWorkflow.Id (Guid) Required PK AfterSave:Throw ValueGenerated.OnAdd, 0], [Property: InstanceWorkflow.ContexteExecution (string), 1], [Property: InstanceWorkflow.CorrelationId (string) Required Index MaxLength(100), 2], [Property: InstanceWorkflow.DateCreation (DateTime) Required, 3], [Property: InstanceWorkflow.DateDebut (DateTime?), 4], [Property: InstanceWorkflow.DateFin (DateTime?), 5], [Property: InstanceWorkflow.DefinitionWorkflowId (Guid) Required FK Index, 6], [Property: InstanceWorkflow.DonneesEntree (string), 7], [Property: InstanceWorkflow.Erreur (string), 8], [Property: InstanceWorkflow.Etat (EtatWorkflow) Required Index MaxLength(20), 9], [Property: InstanceWorkflow.HashVersionConfig (string) Required MaxLength(64), 10] }
                  1 -> Dictionary<IPropertyBase, int> { [Property: DefinitionWorkflow.Id (Guid) Required PK AfterSave:Throw ValueGenerated.OnAdd, 11], [Property: DefinitionWorkflow.Actif (bool) Required, 12], [Property: DefinitionWorkflow.ContenuYaml (string) Required, 13], [Property: DefinitionWorkflow.DateCreation (DateTime) Required, 14], [Property: DefinitionWorkflow.DateModification (DateTime) Required, 15], [Property: DefinitionWorkflow.Description (string), 16], [Property: DefinitionWorkflow.Equipe (string) MaxLength(100), 17], [Property: DefinitionWorkflow.HashVersion (string) Required Index MaxLength(64), 18], [Property: DefinitionWorkflow.Nom (string) Required Index MaxLength(200), 19] }
              SELECT i.Id, i.ContexteExecution, i.CorrelationId, i.DateCreation, i.DateDebut, i.DateFin, i.DefinitionWorkflowId, i.DonneesEntree, i.Erreur, i.Etat, i.HashVersionConfig, d.Id, d.Actif, d.ContenuYaml, d.DateCreation, d.DateModification, d.Description, d.Equipe, d.HashVersion, d.Nom
              FROM InstancesWorkflow AS i
              INNER JOIN DefinitionsWorkflow AS d ON i.DefinitionWorkflowId == d.Id
              ORDER BY i.DateCreation DESC, 
              False, 
              MultipleParameters
          )].GetRelationalCommandTemplate(parameters), 
          readerColumns: null, 
          shaper: (queryContext, dataReader, resultContext, resultCoordinator) => 
          {
              InstanceWorkflow entity;
              DefinitionWorkflow entity;
              entity = 
              {
                  MaterializationContext materializationContext1;
                  IEntityType entityType1;
                  InstanceWorkflow instance1;
                  InternalEntityEntry entry1;
                  bool hasNullKey1;
                  materializationContext1 = new MaterializationContext(
                      [LIFTABLE Constant: ValueBuffer | Resolver: _ => (object)ValueBuffer.Empty], 
                      queryContext.Context
                  );
                  instance1 = default(InstanceWorkflow);
                  entry1 = queryContext.TryGetEntry(
                      key: [LIFTABLE Constant: Key: InstanceWorkflow.Id PK | Resolver: c => c.Dependencies.Model.FindEntityType("OAM.Domain.Entities.InstanceWorkflow").FindPrimaryKey()], 
                      keyValues: new object[]{ (object)dataReader.GetGuid(0) }, 
                      throwOnNullKey: True, 
                      hasNullKey: hasNullKey1);
                  !(hasNullKey1) ? entry1 != default(InternalEntityEntry) ? 
                  {
                      entityType1 = entry1.EntityType;
                      return instance1 = (InstanceWorkflow)entry1.Entity;
                  } : 
                  {
                      ISnapshot shadowSnapshot1;
                      shadowSnapshot1 = [LIFTABLE Constant: Snapshot | Resolver: _ => Snapshot.Empty];
                      entityType1 = [LIFTABLE Constant: EntityType: InstanceWorkflow | Resolver: namelessParameter{0} => namelessParameter{0}.Dependencies.Model.FindEntityType("OAM.Domain.Entities.InstanceWorkflow")];
                      instance1 = switch (entityType1)
                      {
                          case [LIFTABLE Constant: EntityType: InstanceWorkflow | Resolver: namelessParameter{1} => namelessParameter{1}.Dependencies.Model.FindEntityType("OAM.Domain.Entities.InstanceWorkflow")]: 
                              {
                                  return 
                                  {
                                      InstanceWorkflow instance;
                                      instance = new InstanceWorkflow();
                                      instance.<Id>k__BackingField = dataReader.GetGuid(0);
                                      instance.<ContexteExecution>k__BackingField = dataReader.IsDBNull(1) ? default(string) : dataReader.GetString(1);
                                      instance.<CorrelationId>k__BackingField = dataReader.GetString(2);
                                      instance.<DateCreation>k__BackingField = dataReader.GetDateTime(3);
                                      instance.<DateDebut>k__BackingField = dataReader.IsDBNull(4) ? default(DateTime?) : (DateTime?)dataReader.GetDateTime(4);
                                      instance.<DateFin>k__BackingField = dataReader.IsDBNull(5) ? default(DateTime?) : (DateTime?)dataReader.GetDateTime(5);
                                      instance.<DefinitionWorkflowId>k__BackingField = dataReader.GetGuid(6);
                                      instance.<DonneesEntree>k__BackingField = dataReader.IsDBNull(7) ? default(string) : dataReader.GetString(7);
                                      instance.<Erreur>k__BackingField = dataReader.IsDBNull(8) ? default(string) : dataReader.GetString(8);
                                      instance.<Etat>k__BackingField = Invoke(((EnumToStringConverter<EtatWorkflow>)((IReadOnlyProperty)[LIFTABLE Constant: Property: InstanceWorkflow.Etat (EtatWorkflow) Required Index MaxLength(20) | Resolver: namelessParameter{2} => namelessParameter{2}.Dependencies.Model.FindEntityType("OAM.Domain.Entities.InstanceWorkflow").FindProperty("Etat")]).GetTypeMapping().Converter).ConvertFromProviderTyped, dataReader.GetString(9));
                                      instance.<HashVersionConfig>k__BackingField = dataReader.GetString(10);
                                      (instance is IInjectableService) ? ((IInjectableService)instance).Injected(
                                          context: materializationContext1.Context, 
                                          entity: instance, 
                                          queryTrackingBehavior: TrackAll, 
                                          structuralType: [LIFTABLE Constant: EntityType: InstanceWorkflow | Resolver: namelessParameter{3} => namelessParameter{3}.Dependencies.Model.FindEntityType("OAM.Domain.Entities.InstanceWorkflow")]) : default(void);
                                      return instance;
                                  }}
                          default: 
                              default(InstanceWorkflow)
                      }
                      ;
                      entry1 = entityType1 == default(IEntityType) ? default(InternalEntityEntry) : queryContext.StartTracking(
                          entityType: entityType1, 
                          entity: instance1, 
                          snapshot: shadowSnapshot1);
                      return instance1;
                  } : default(void);
                  return instance1;
              };
              entity = 
              {
                  MaterializationContext materializationContext2;
                  IEntityType entityType2;
                  DefinitionWorkflow instance2;
                  InternalEntityEntry entry2;
                  bool hasNullKey2;
                  materializationContext2 = new MaterializationContext(
                      [LIFTABLE Constant: ValueBuffer | Resolver: _ => (object)ValueBuffer.Empty], 
                      queryContext.Context
                  );
                  instance2 = default(DefinitionWorkflow);
                  entry2 = queryContext.TryGetEntry(
                      key: [LIFTABLE Constant: Key: DefinitionWorkflow.Id PK | Resolver: c => c.Dependencies.Model.FindEntityType("OAM.Domain.Entities.DefinitionWorkflow").FindPrimaryKey()], 
                      keyValues: new object[]{ (object)dataReader.GetGuid(11) }, 
                      throwOnNullKey: True, 
                      hasNullKey: hasNullKey2);
                  !(hasNullKey2) ? entry2 != default(InternalEntityEntry) ? 
                  {
                      entityType2 = entry2.EntityType;
                      return instance2 = (DefinitionWorkflow)entry2.Entity;
                  } : 
                  {
                      ISnapshot shadowSnapshot2;
                      shadowSnapshot2 = [LIFTABLE Constant: Snapshot | Resolver: _ => Snapshot.Empty];
                      entityType2 = [LIFTABLE Constant: EntityType: DefinitionWorkflow | Resolver: namelessParameter{4} => namelessParameter{4}.Dependencies.Model.FindEntityType("OAM.Domain.Entities.DefinitionWorkflow")];
                      instance2 = switch (entityType2)
                      {
                          case [LIFTABLE Constant: EntityType: DefinitionWorkflow | Resolver: namelessParameter{5} => namelessParameter{5}.Dependencies.Model.FindEntityType("OAM.Domain.Entities.DefinitionWorkflow")]: 
                              {
                                  return 
                                  {
                                      DefinitionWorkflow instance;
                                      instance = new DefinitionWorkflow();
                                      instance.<Id>k__BackingField = dataReader.GetGuid(11);
                                      instance.<Actif>k__BackingField = dataReader.GetBoolean(12);
                                      instance.<ContenuYaml>k__BackingField = dataReader.GetString(13);
                                      instance.<DateCreation>k__BackingField = dataReader.GetDateTime(14);
                                      instance.<DateModification>k__BackingField = dataReader.GetDateTime(15);
                                      instance.<Description>k__BackingField = dataReader.IsDBNull(16) ? default(string) : dataReader.GetString(16);
                                      instance.<Equipe>k__BackingField = dataReader.IsDBNull(17) ? default(string) : dataReader.GetString(17);
                                      instance.<HashVersion>k__BackingField = dataReader.GetString(18);
                                      instance.<Nom>k__BackingField = dataReader.GetString(19);
                                      (instance is IInjectableService) ? ((IInjectableService)instance).Injected(
                                          context: materializationContext2.Context, 
                                          entity: instance, 
                                          queryTrackingBehavior: TrackAll, 
                                          structuralType: [LIFTABLE Constant: EntityType: DefinitionWorkflow | Resolver: namelessParameter{6} => namelessParameter{6}.Dependencies.Model.FindEntityType("OAM.Domain.Entities.DefinitionWorkflow")]) : default(void);
                                      return instance;
                                  }}
                          default: 
                              default(DefinitionWorkflow)
                      }
                      ;
                      entry2 = entityType2 == default(IEntityType) ? default(InternalEntityEntry) : queryContext.StartTracking(
                          entityType: entityType2, 
                          entity: instance2, 
                          snapshot: shadowSnapshot2);
                      return instance2;
                  } : default(void);
                  return instance2;
              };
              ShaperProcessingExpressionVisitor.IncludeReference<InstanceWorkflow, InstanceWorkflow, DefinitionWorkflow>(
                  queryContext: queryContext, 
                  entity: entity, 
                  relatedEntity: entity, 
                  navigation: [LIFTABLE Constant: Navigation: InstanceWorkflow.DefinitionWorkflow (DefinitionWorkflow) Required ToPrincipal DefinitionWorkflow Inverse: Instances | Resolver: namelessParameter{7} => namelessParameter{7}.Dependencies.Model.FindEntityType("OAM.Domain.Entities.InstanceWorkflow").FindNavigation("DefinitionWorkflow")], 
                  inverseNavigation: [LIFTABLE Constant: Navigation: DefinitionWorkflow.Instances (ICollection<InstanceWorkflow>) Collection ToDependent InstanceWorkflow Inverse: DefinitionWorkflow | Resolver: namelessParameter{8} => namelessParameter{8}.Dependencies.Model.FindEntityType("OAM.Domain.Entities.DefinitionWorkflow").FindNavigation("Instances")], 
                  fixup: (namelessParameter{9}, namelessParameter{10}) => 
                  {
                      namelessParameter{9}.<DefinitionWorkflow>k__BackingField = namelessParameter{10};
                      return [LIFTABLE Constant: ClrCollectionAccessor<DefinitionWorkflow, ICollection<InstanceWorkflow>, InstanceWorkflow> | Resolver: namelessParameter{11} => namelessParameter{11}.Dependencies.Model.FindEntityType("OAM.Domain.Entities.DefinitionWorkflow").FindNavigation("Instances").GetCollectionAccessor()].Add(
                          entity: namelessParameter{10}, 
                          value: namelessParameter{9}, 
                          forMaterialization: True);
                  }, 
                  trackingQuery: True);
              return entity;
          }, 
          contextType: OAM.Infrastructure.Data.OamDbContext, 
          standAloneStateManager: False, 
          detailedErrorsEnabled: False, 
          threadSafetyChecksEnabled: True)'
dbug: Microsoft.EntityFrameworkCore.Database.Connection[20005]
      Creating DbConnection.
dbug: Microsoft.EntityFrameworkCore.Database.Connection[20006]
      Created DbConnection. (1ms).
dbug: Microsoft.EntityFrameworkCore.Database.Connection[20000]
      Opening connection to database 'main' on server 'oam_dev.db'.
dbug: Microsoft.EntityFrameworkCore.Database.Connection[20001]
      Opened connection to database 'main' on server 'C:\OAM\src\OAM.Api\oam_dev.db'.
dbug: Microsoft.EntityFrameworkCore.Database.Command[20103]
      Creating DbCommand for 'ExecuteReader'.
dbug: Microsoft.EntityFrameworkCore.Database.Command[20104]
      Created DbCommand for 'ExecuteReader' (1ms).
dbug: Microsoft.EntityFrameworkCore.Database.Command[20106]
      Initialized DbCommand for 'ExecuteReader' (2ms).
dbug: Microsoft.EntityFrameworkCore.Database.Command[20100]
      Executing DbCommand [Parameters=[], CommandType='Text', CommandTimeout='30']
      SELECT "i"."Id", "i"."ContexteExecution", "i"."CorrelationId", "i"."DateCreation", "i"."DateDebut", "i"."DateFin", "i"."DefinitionWorkflowId", "i"."DonneesEntree", "i"."Erreur", "i"."Etat", "i"."HashVersionConfig", "d"."Id", "d"."Actif", "d"."ContenuYaml", "d"."DateCreation", "d"."DateModification", "d"."Description", "d"."Equipe", "d"."HashVersion", "d"."Nom"
      FROM "InstancesWorkflow" AS "i"
      INNER JOIN "DefinitionsWorkflow" AS "d" ON "i"."DefinitionWorkflowId" = "d"."Id"
      ORDER BY "i"."DateCreation" DESC
info: Microsoft.EntityFrameworkCore.Database.Command[20101]
      Executed DbCommand (2ms) [Parameters=[], CommandType='Text', CommandTimeout='30']
      SELECT "i"."Id", "i"."ContexteExecution", "i"."CorrelationId", "i"."DateCreation", "i"."DateDebut", "i"."DateFin", "i"."DefinitionWorkflowId", "i"."DonneesEntree", "i"."Erreur", "i"."Etat", "i"."HashVersionConfig", "d"."Id", "d"."Actif", "d"."ContenuYaml", "d"."DateCreation", "d"."DateModification", "d"."Description", "d"."Equipe", "d"."HashVersion", "d"."Nom"
      FROM "InstancesWorkflow" AS "i"
      INNER JOIN "DefinitionsWorkflow" AS "d" ON "i"."DefinitionWorkflowId" = "d"."Id"
      ORDER BY "i"."DateCreation" DESC
dbug: Microsoft.EntityFrameworkCore.ChangeTracking[10806]
      Context 'OamDbContext' started tracking 'InstanceWorkflow' entity. Consider using 'DbContextOptionsBuilder.EnableSensitiveDataLogging' to see key values.
dbug: Microsoft.EntityFrameworkCore.ChangeTracking[10805]
      The navigation 'InstanceWorkflow.DefinitionWorkflow' was detected as changed. Consider using 'DbContextOptionsBuilder.EnableSensitiveDataLogging' to see key values.
dbug: Microsoft.EntityFrameworkCore.ChangeTracking[10806]
      Context 'OamDbContext' started tracking 'DefinitionWorkflow' entity. Consider using 'DbContextOptionsBuilder.EnableSensitiveDataLogging' to see key values.
dbug: Microsoft.EntityFrameworkCore.ChangeTracking[10806]
      Context 'OamDbContext' started tracking 'InstanceWorkflow' entity. Consider using 'DbContextOptionsBuilder.EnableSensitiveDataLogging' to see key values.
dbug: Microsoft.EntityFrameworkCore.ChangeTracking[10806]
      Context 'OamDbContext' started tracking 'InstanceWorkflow' entity. Consider using 'DbContextOptionsBuilder.EnableSensitiveDataLogging' to see key values.
dbug: Microsoft.EntityFrameworkCore.ChangeTracking[10806]
      Context 'OamDbContext' started tracking 'InstanceWorkflow' entity. Consider using 'DbContextOptionsBuilder.EnableSensitiveDataLogging' to see key values.
dbug: Microsoft.EntityFrameworkCore.ChangeTracking[10806]
      Context 'OamDbContext' started tracking 'InstanceWorkflow' entity. Consider using 'DbContextOptionsBuilder.EnableSensitiveDataLogging' to see key values.
dbug: Microsoft.EntityFrameworkCore.ChangeTracking[10806]
      Context 'OamDbContext' started tracking 'InstanceWorkflow' entity. Consider using 'DbContextOptionsBuilder.EnableSensitiveDataLogging' to see key values.
dbug: Microsoft.EntityFrameworkCore.ChangeTracking[10806]
      Context 'OamDbContext' started tracking 'InstanceWorkflow' entity. Consider using 'DbContextOptionsBuilder.EnableSensitiveDataLogging' to see key values.
dbug: Microsoft.EntityFrameworkCore.ChangeTracking[10806]
      Context 'OamDbContext' started tracking 'InstanceWorkflow' entity. Consider using 'DbContextOptionsBuilder.EnableSensitiveDataLogging' to see key values.
dbug: Microsoft.EntityFrameworkCore.ChangeTracking[10806]
      Context 'OamDbContext' started tracking 'InstanceWorkflow' entity. Consider using 'DbContextOptionsBuilder.EnableSensitiveDataLogging' to see key values.
dbug: Microsoft.EntityFrameworkCore.ChangeTracking[10806]
      Context 'OamDbContext' started tracking 'InstanceWorkflow' entity. Consider using 'DbContextOptionsBuilder.EnableSensitiveDataLogging' to see key values.
dbug: Microsoft.EntityFrameworkCore.ChangeTracking[10806]
      Context 'OamDbContext' started tracking 'InstanceWorkflow' entity. Consider using 'DbContextOptionsBuilder.EnableSensitiveDataLogging' to see key values.
dbug: Microsoft.EntityFrameworkCore.ChangeTracking[10806]
      Context 'OamDbContext' started tracking 'InstanceWorkflow' entity. Consider using 'DbContextOptionsBuilder.EnableSensitiveDataLogging' to see key values.
dbug: Microsoft.EntityFrameworkCore.ChangeTracking[10806]
      Context 'OamDbContext' started tracking 'InstanceWorkflow' entity. Consider using 'DbContextOptionsBuilder.EnableSensitiveDataLogging' to see key values.
dbug: Microsoft.EntityFrameworkCore.ChangeTracking[10806]
      Context 'OamDbContext' started tracking 'InstanceWorkflow' entity. Consider using 'DbContextOptionsBuilder.EnableSensitiveDataLogging' to see key values.
dbug: Microsoft.EntityFrameworkCore.ChangeTracking[10806]
      Context 'OamDbContext' started tracking 'InstanceWorkflow' entity. Consider using 'DbContextOptionsBuilder.EnableSensitiveDataLogging' to see key values.
dbug: Microsoft.EntityFrameworkCore.Database.Command[20301]
      Closing data reader to 'main' on server 'C:\OAM\src\OAM.Api\oam_dev.db'.
dbug: Microsoft.EntityFrameworkCore.Database.Command[20300]
      A data reader for 'main' on server 'C:\OAM\src\OAM.Api\oam_dev.db' is being disposed after spending 26ms reading results.
dbug: Microsoft.EntityFrameworkCore.Database.Connection[20002]
      Closing connection to database 'main' on server 'C:\OAM\src\OAM.Api\oam_dev.db'.
dbug: Microsoft.EntityFrameworkCore.Database.Connection[20003]
      Closed connection to database 'main' on server 'oam_dev.db' (1ms).
info: Microsoft.AspNetCore.Mvc.Infrastructure.ObjectResultExecutor[1]
      Executing OkObjectResult, writing value of type 'System.Linq.Enumerable+ListSelectIterator`2[[OAM.Domain.Entities.InstanceWorkflow, OAM.Domain, Version=1.0.0.0, Culture=neutral, PublicKeyToken=null],[OAM.Api.Dtos.InstanceWorkflowDto, OAM.Api, Version=1.0.0.0, Culture=neutral, PublicKeyToken=null]]'.
info: Microsoft.AspNetCore.Mvc.Infrastructure.ControllerActionInvoker[105]
      Executed action OAM.Api.Controllers.InstancesController.Lister (OAM.Api) in 68.6294ms
info: Microsoft.AspNetCore.Routing.EndpointMiddleware[1]
      Executed endpoint 'OAM.Api.Controllers.InstancesController.Lister (OAM.Api)'
dbug: Microsoft.EntityFrameworkCore.Infrastructure[10407]
      'OamDbContext' disposed.
dbug: Microsoft.EntityFrameworkCore.Database.Connection[20007]
      Disposing connection to database 'main' on server 'oam_dev.db'.
dbug: Microsoft.EntityFrameworkCore.Database.Connection[20008]
      Disposed connection to database 'main' on server 'oam_dev.db' (1ms).
info: Microsoft.AspNetCore.Hosting.Diagnostics[2]
      Request finished HTTP/1.1 GET http://localhost:5000/api/instances - 200 - application/json;+charset=utf-8 88.3846ms
info: Microsoft.AspNetCore.Hosting.Diagnostics[1]
      Request starting HTTP/1.1 GET http://localhost:5000/api/definitions - application/json -
info: Microsoft.AspNetCore.Routing.EndpointMiddleware[0]
      Executing endpoint 'OAM.Api.Controllers.DefinitionsController.Lister (OAM.Api)'
info: Microsoft.AspNetCore.Hosting.Diagnostics[1]
      Request starting HTTP/1.1 GET http://localhost:5000/api/instances - application/json -
info: Microsoft.AspNetCore.Hosting.Diagnostics[1]
      Request starting HTTP/1.1 GET http://localhost:5000/api/instances/erreurs - application/json -
info: Microsoft.AspNetCore.Mvc.Infrastructure.ControllerActionInvoker[102]
      Route matched with {action = "Lister", controller = "Definitions"}. Executing controller action with signature System.Threading.Tasks.Task`1[Microsoft.AspNetCore.Mvc.ActionResult`1[System.Collections.Generic.IReadOnlyList`1[OAM.Api.Dtos.DefinitionWorkflowDto]]] Lister(System.String) on controller OAM.Api.Controllers.DefinitionsController (OAM.Api).
info: Microsoft.AspNetCore.Routing.EndpointMiddleware[0]
      Executing endpoint 'OAM.Api.Controllers.InstancesController.Lister (OAM.Api)'
info: Microsoft.AspNetCore.Mvc.Infrastructure.ControllerActionInvoker[102]
      Route matched with {action = "Lister", controller = "Instances"}. Executing controller action with signature System.Threading.Tasks.Task`1[Microsoft.AspNetCore.Mvc.ActionResult`1[System.Collections.Generic.IReadOnlyList`1[OAM.Api.Dtos.InstanceWorkflowDto]]] Lister(System.Nullable`1[OAM.Domain.Enums.EtatWorkflow], System.Nullable`1[System.Guid]) on controller OAM.Api.Controllers.InstancesController (OAM.Api).
dbug: Microsoft.EntityFrameworkCore.Infrastructure[10403]
      Entity Framework Core 10.0.5 initialized 'OamDbContext' using provider 'Microsoft.EntityFrameworkCore.Sqlite:10.0.5' with options: None
dbug: Microsoft.EntityFrameworkCore.Infrastructure[10403]
      Entity Framework Core 10.0.5 initialized 'OamDbContext' using provider 'Microsoft.EntityFrameworkCore.Sqlite:10.0.5' with options: None
info: Microsoft.AspNetCore.Routing.EndpointMiddleware[0]
      Executing endpoint 'OAM.Api.Controllers.InstancesController.ListerEnErreur (OAM.Api)'
dbug: Microsoft.EntityFrameworkCore.Database.Connection[20005]
      Creating DbConnection.
dbug: Microsoft.EntityFrameworkCore.Database.Connection[20005]
      Creating DbConnection.
dbug: Microsoft.EntityFrameworkCore.Database.Connection[20006]
      Created DbConnection. (2ms).
dbug: Microsoft.EntityFrameworkCore.Database.Connection[20006]
      Created DbConnection. (2ms).
dbug: Microsoft.EntityFrameworkCore.Database.Connection[20000]
      Opening connection to database 'main' on server 'oam_dev.db'.
dbug: Microsoft.EntityFrameworkCore.Database.Connection[20000]
      Opening connection to database 'main' on server 'oam_dev.db'.
dbug: Microsoft.EntityFrameworkCore.Database.Connection[20001]
      Opened connection to database 'main' on server 'C:\OAM\src\OAM.Api\oam_dev.db'.
dbug: Microsoft.EntityFrameworkCore.Database.Connection[20001]
      Opened connection to database 'main' on server 'C:\OAM\src\OAM.Api\oam_dev.db'.
dbug: Microsoft.EntityFrameworkCore.Database.Command[20103]
      Creating DbCommand for 'ExecuteReader'.
dbug: Microsoft.EntityFrameworkCore.Database.Command[20103]
      Creating DbCommand for 'ExecuteReader'.
dbug: Microsoft.EntityFrameworkCore.Database.Command[20104]
      Created DbCommand for 'ExecuteReader' (2ms).
dbug: Microsoft.EntityFrameworkCore.Database.Command[20104]
      Created DbCommand for 'ExecuteReader' (2ms).
dbug: Microsoft.EntityFrameworkCore.Database.Command[20106]
      Initialized DbCommand for 'ExecuteReader' (4ms).
dbug: Microsoft.EntityFrameworkCore.Database.Command[20106]
      Initialized DbCommand for 'ExecuteReader' (5ms).
dbug: Microsoft.EntityFrameworkCore.Database.Command[20100]
      Executing DbCommand [Parameters=[], CommandType='Text', CommandTimeout='30']
      SELECT "d"."Id", "d"."Actif", "d"."ContenuYaml", "d"."DateCreation", "d"."DateModification", "d"."Description", "d"."Equipe", "d"."HashVersion", "d"."Nom"
      FROM "DefinitionsWorkflow" AS "d"
      WHERE "d"."Actif"
      ORDER BY "d"."Nom"
dbug: Microsoft.EntityFrameworkCore.Database.Command[20100]
      Executing DbCommand [Parameters=[], CommandType='Text', CommandTimeout='30']
      SELECT "i"."Id", "i"."ContexteExecution", "i"."CorrelationId", "i"."DateCreation", "i"."DateDebut", "i"."DateFin", "i"."DefinitionWorkflowId", "i"."DonneesEntree", "i"."Erreur", "i"."Etat", "i"."HashVersionConfig", "d"."Id", "d"."Actif", "d"."ContenuYaml", "d"."DateCreation", "d"."DateModification", "d"."Description", "d"."Equipe", "d"."HashVersion", "d"."Nom"
      FROM "InstancesWorkflow" AS "i"
      INNER JOIN "DefinitionsWorkflow" AS "d" ON "i"."DefinitionWorkflowId" = "d"."Id"
      ORDER BY "i"."DateCreation" DESC
info: Microsoft.EntityFrameworkCore.Database.Command[20101]
      Executed DbCommand (28ms) [Parameters=[], CommandType='Text', CommandTimeout='30']
      SELECT "d"."Id", "d"."Actif", "d"."ContenuYaml", "d"."DateCreation", "d"."DateModification", "d"."Description", "d"."Equipe", "d"."HashVersion", "d"."Nom"
      FROM "DefinitionsWorkflow" AS "d"
      WHERE "d"."Actif"
      ORDER BY "d"."Nom"
info: Microsoft.EntityFrameworkCore.Database.Command[20101]
      Executed DbCommand (3ms) [Parameters=[], CommandType='Text', CommandTimeout='30']
      SELECT "i"."Id", "i"."ContexteExecution", "i"."CorrelationId", "i"."DateCreation", "i"."DateDebut", "i"."DateFin", "i"."DefinitionWorkflowId", "i"."DonneesEntree", "i"."Erreur", "i"."Etat", "i"."HashVersionConfig", "d"."Id", "d"."Actif", "d"."ContenuYaml", "d"."DateCreation", "d"."DateModification", "d"."Description", "d"."Equipe", "d"."HashVersion", "d"."Nom"
      FROM "InstancesWorkflow" AS "i"
      INNER JOIN "DefinitionsWorkflow" AS "d" ON "i"."DefinitionWorkflowId" = "d"."Id"
      ORDER BY "i"."DateCreation" DESC
dbug: Microsoft.EntityFrameworkCore.ChangeTracking[10806]
      Context 'OamDbContext' started tracking 'DefinitionWorkflow' entity. Consider using 'DbContextOptionsBuilder.EnableSensitiveDataLogging' to see key values.
dbug: Microsoft.EntityFrameworkCore.ChangeTracking[10806]
      Context 'OamDbContext' started tracking 'InstanceWorkflow' entity. Consider using 'DbContextOptionsBuilder.EnableSensitiveDataLogging' to see key values.
dbug: Microsoft.EntityFrameworkCore.Database.Command[20301]
      Closing data reader to 'main' on server 'C:\OAM\src\OAM.Api\oam_dev.db'.
dbug: Microsoft.EntityFrameworkCore.ChangeTracking[10805]
      The navigation 'InstanceWorkflow.DefinitionWorkflow' was detected as changed. Consider using 'DbContextOptionsBuilder.EnableSensitiveDataLogging' to see key values.
dbug: Microsoft.EntityFrameworkCore.Database.Command[20300]
      A data reader for 'main' on server 'C:\OAM\src\OAM.Api\oam_dev.db' is being disposed after spending 5ms reading results.
dbug: Microsoft.EntityFrameworkCore.ChangeTracking[10806]
      Context 'OamDbContext' started tracking 'DefinitionWorkflow' entity. Consider using 'DbContextOptionsBuilder.EnableSensitiveDataLogging' to see key values.
dbug: Microsoft.EntityFrameworkCore.Database.Connection[20002]
      Closing connection to database 'main' on server 'C:\OAM\src\OAM.Api\oam_dev.db'.
dbug: Microsoft.EntityFrameworkCore.Database.Connection[20003]
      Closed connection to database 'main' on server 'oam_dev.db' (31ms).
dbug: Microsoft.EntityFrameworkCore.ChangeTracking[10806]
      Context 'OamDbContext' started tracking 'InstanceWorkflow' entity. Consider using 'DbContextOptionsBuilder.EnableSensitiveDataLogging' to see key values.
info: Microsoft.AspNetCore.Mvc.Infrastructure.ObjectResultExecutor[1]
      Executing OkObjectResult, writing value of type 'System.Linq.Enumerable+ListSelectIterator`2[[OAM.Domain.Entities.DefinitionWorkflow, OAM.Domain, Version=1.0.0.0, Culture=neutral, PublicKeyToken=null],[OAM.Api.Dtos.DefinitionWorkflowDto, OAM.Api, Version=1.0.0.0, Culture=neutral, PublicKeyToken=null]]'.
dbug: Microsoft.EntityFrameworkCore.ChangeTracking[10806]
      Context 'OamDbContext' started tracking 'InstanceWorkflow' entity. Consider using 'DbContextOptionsBuilder.EnableSensitiveDataLogging' to see key values.
dbug: Microsoft.EntityFrameworkCore.ChangeTracking[10806]
      Context 'OamDbContext' started tracking 'InstanceWorkflow' entity. Consider using 'DbContextOptionsBuilder.EnableSensitiveDataLogging' to see key values.
info: Microsoft.AspNetCore.Mvc.Infrastructure.ControllerActionInvoker[105]
      Executed action OAM.Api.Controllers.DefinitionsController.Lister (OAM.Api) in 187.8815ms
info: Microsoft.AspNetCore.Routing.EndpointMiddleware[1]
      Executed endpoint 'OAM.Api.Controllers.DefinitionsController.Lister (OAM.Api)'
dbug: Microsoft.EntityFrameworkCore.ChangeTracking[10806]
      Context 'OamDbContext' started tracking 'InstanceWorkflow' entity. Consider using 'DbContextOptionsBuilder.EnableSensitiveDataLogging' to see key values.
dbug: Microsoft.EntityFrameworkCore.Infrastructure[10407]
      'OamDbContext' disposed.
dbug: Microsoft.EntityFrameworkCore.ChangeTracking[10806]
      Context 'OamDbContext' started tracking 'InstanceWorkflow' entity. Consider using 'DbContextOptionsBuilder.EnableSensitiveDataLogging' to see key values.
dbug: Microsoft.EntityFrameworkCore.Database.Connection[20007]
      Disposing connection to database 'main' on server 'oam_dev.db'.
dbug: Microsoft.EntityFrameworkCore.Database.Connection[20008]
      Disposed connection to database 'main' on server 'oam_dev.db' (65ms).
info: Microsoft.AspNetCore.Hosting.Diagnostics[2]
      Request finished HTTP/1.1 GET http://localhost:5000/api/definitions - 200 - application/json;+charset=utf-8 318.9639ms
dbug: Microsoft.EntityFrameworkCore.ChangeTracking[10806]
      Context 'OamDbContext' started tracking 'InstanceWorkflow' entity. Consider using 'DbContextOptionsBuilder.EnableSensitiveDataLogging' to see key values.
dbug: Microsoft.EntityFrameworkCore.ChangeTracking[10806]
      Context 'OamDbContext' started tracking 'InstanceWorkflow' entity. Consider using 'DbContextOptionsBuilder.EnableSensitiveDataLogging' to see key values.
dbug: Microsoft.EntityFrameworkCore.ChangeTracking[10806]
      Context 'OamDbContext' started tracking 'InstanceWorkflow' entity. Consider using 'DbContextOptionsBuilder.EnableSensitiveDataLogging' to see key values.
dbug: Microsoft.EntityFrameworkCore.ChangeTracking[10806]
      Context 'OamDbContext' started tracking 'InstanceWorkflow' entity. Consider using 'DbContextOptionsBuilder.EnableSensitiveDataLogging' to see key values.
dbug: Microsoft.EntityFrameworkCore.ChangeTracking[10806]
      Context 'OamDbContext' started tracking 'InstanceWorkflow' entity. Consider using 'DbContextOptionsBuilder.EnableSensitiveDataLogging' to see key values.
dbug: Microsoft.EntityFrameworkCore.ChangeTracking[10806]
      Context 'OamDbContext' started tracking 'InstanceWorkflow' entity. Consider using 'DbContextOptionsBuilder.EnableSensitiveDataLogging' to see key values.
dbug: Microsoft.EntityFrameworkCore.ChangeTracking[10806]
      Context 'OamDbContext' started tracking 'InstanceWorkflow' entity. Consider using 'DbContextOptionsBuilder.EnableSensitiveDataLogging' to see key values.
dbug: Microsoft.EntityFrameworkCore.ChangeTracking[10806]
      Context 'OamDbContext' started tracking 'InstanceWorkflow' entity. Consider using 'DbContextOptionsBuilder.EnableSensitiveDataLogging' to see key values.
dbug: Microsoft.EntityFrameworkCore.ChangeTracking[10806]
      Context 'OamDbContext' started tracking 'InstanceWorkflow' entity. Consider using 'DbContextOptionsBuilder.EnableSensitiveDataLogging' to see key values.
dbug: Microsoft.EntityFrameworkCore.Database.Command[20301]
      Closing data reader to 'main' on server 'C:\OAM\src\OAM.Api\oam_dev.db'.
dbug: Microsoft.EntityFrameworkCore.Database.Command[20300]
      A data reader for 'main' on server 'C:\OAM\src\OAM.Api\oam_dev.db' is being disposed after spending 214ms reading results.
dbug: Microsoft.EntityFrameworkCore.Database.Connection[20002]
      Closing connection to database 'main' on server 'C:\OAM\src\OAM.Api\oam_dev.db'.
dbug: Microsoft.EntityFrameworkCore.Database.Connection[20003]
      Closed connection to database 'main' on server 'oam_dev.db' (1ms).
info: Microsoft.AspNetCore.Mvc.Infrastructure.ObjectResultExecutor[1]
      Executing OkObjectResult, writing value of type 'System.Linq.Enumerable+ListSelectIterator`2[[OAM.Domain.Entities.InstanceWorkflow, OAM.Domain, Version=1.0.0.0, Culture=neutral, PublicKeyToken=null],[OAM.Api.Dtos.InstanceWorkflowDto, OAM.Api, Version=1.0.0.0, Culture=neutral, PublicKeyToken=null]]'.
info: Microsoft.AspNetCore.Mvc.Infrastructure.ControllerActionInvoker[102]
      Route matched with {action = "ListerEnErreur", controller = "Instances"}. Executing controller action with signature System.Threading.Tasks.Task`1[Microsoft.AspNetCore.Mvc.ActionResult`1[System.Collections.Generic.IReadOnlyList`1[OAM.Api.Dtos.InstanceWorkflowDto]]] ListerEnErreur(System.Nullable`1[System.Guid]) on controller OAM.Api.Controllers.InstancesController (OAM.Api).
info: Microsoft.AspNetCore.Mvc.Infrastructure.ControllerActionInvoker[105]
      Executed action OAM.Api.Controllers.InstancesController.Lister (OAM.Api) in 299.8145ms
info: Microsoft.AspNetCore.Routing.EndpointMiddleware[1]
      Executed endpoint 'OAM.Api.Controllers.InstancesController.Lister (OAM.Api)'
dbug: Microsoft.EntityFrameworkCore.Infrastructure[10407]
      'OamDbContext' disposed.
dbug: Microsoft.EntityFrameworkCore.Database.Connection[20007]
      Disposing connection to database 'main' on server 'oam_dev.db'.
dbug: Microsoft.EntityFrameworkCore.Database.Connection[20008]
      Disposed connection to database 'main' on server 'oam_dev.db' (1ms).
info: Microsoft.AspNetCore.Hosting.Diagnostics[2]
      Request finished HTTP/1.1 GET http://localhost:5000/api/instances - 200 - application/json;+charset=utf-8 432.2766ms
dbug: Microsoft.EntityFrameworkCore.Infrastructure[10403]
      Entity Framework Core 10.0.5 initialized 'OamDbContext' using provider 'Microsoft.EntityFrameworkCore.Sqlite:10.0.5' with options: None
dbug: Microsoft.EntityFrameworkCore.Query[10111]
      Compiling query expression: 
      'DbSet<InstanceWorkflow>()
          .Include(i => i.Taches
              .Where(t => (int)t.Etat == 3))
          .Include(i => i.DefinitionWorkflow)
          .Where(i => (int)i.Etat == 3)
          .OrderByDescending(i => i.DateCreation)'
dbug: Microsoft.EntityFrameworkCore.Query[10112]
      Including navigation: 'InstanceWorkflow.Taches'.
dbug: Microsoft.EntityFrameworkCore.Query[10112]
      Including navigation: 'InstanceWorkflow.DefinitionWorkflow'.
dbug: Microsoft.EntityFrameworkCore.Query[10107]
      Generated query execution expression: 
      'queryContext => SingleQueryingEnumerable.Create<InstanceWorkflow>(
          relationalQueryContext: (RelationalQueryContext)queryContext, 
          relationalCommandResolver: parameters => [LIFTABLE Constant: RelationalCommandCache.QueryExpression(
              Client Projections:
                  0 -> Dictionary<IPropertyBase, int> { [Property: InstanceWorkflow.Id (Guid) Required PK AfterSave:Throw ValueGenerated.OnAdd, 0], [Property: InstanceWorkflow.ContexteExecution (string), 1], [Property: InstanceWorkflow.CorrelationId (string) Required Index MaxLength(100), 2], [Property: InstanceWorkflow.DateCreation (DateTime) Required, 3], [Property: InstanceWorkflow.DateDebut (DateTime?), 4], [Property: InstanceWorkflow.DateFin (DateTime?), 5], [Property: InstanceWorkflow.DefinitionWorkflowId (Guid) Required FK Index, 6], [Property: InstanceWorkflow.DonneesEntree (string), 7], [Property: InstanceWorkflow.Erreur (string), 8], [Property: InstanceWorkflow.Etat (EtatWorkflow) Required Index MaxLength(20), 9], [Property: InstanceWorkflow.HashVersionConfig (string) Required MaxLength(64), 10] }
                  1 -> 0
                  2 -> 11
                  3 -> Dictionary<IPropertyBase, int> { [Property: ExecutionTache.Id (Guid) Required PK AfterSave:Throw ValueGenerated.OnAdd, 12], [Property: ExecutionTache.DateDebut (DateTime?), 13], [Property: ExecutionTache.DateFin (DateTime?), 14], [Property: ExecutionTache.DonneesEntree (string), 15], [Property: ExecutionTache.DonneesSortie (string), 16], [Property: ExecutionTache.Erreur (string), 17], [Property: ExecutionTache.Etat (EtatTache) Required MaxLength(20), 18], [Property: ExecutionTache.InstanceWorkflowId (Guid) Required FK Index, 19], [Property: ExecutionTache.NomTache (string) Required Index MaxLength(200), 20], [Property: ExecutionTache.NombreTentatives (int) Required, 21], [Property: ExecutionTache.Ordre (int) Required, 22], [Property: ExecutionTache.TypeConnecteur (string) Required MaxLength(50), 23] }
                  4 -> 12
                  5 -> Dictionary<IPropertyBase, int> { [Property: DefinitionWorkflow.Id (Guid) Required PK AfterSave:Throw ValueGenerated.OnAdd, 11], [Property: DefinitionWorkflow.Actif (bool) Required, 24], [Property: DefinitionWorkflow.ContenuYaml (string) Required, 25], [Property: DefinitionWorkflow.DateCreation (DateTime) Required, 26], [Property: DefinitionWorkflow.DateModification (DateTime) Required, 27], [Property: DefinitionWorkflow.Description (string), 28], [Property: DefinitionWorkflow.Equipe (string) MaxLength(100), 29], [Property: DefinitionWorkflow.HashVersion (string) Required Index MaxLength(64), 30], [Property: DefinitionWorkflow.Nom (string) Required Index MaxLength(200), 31] }
              SELECT i.Id, i.ContexteExecution, i.CorrelationId, i.DateCreation, i.DateDebut, i.DateFin, i.DefinitionWorkflowId, i.DonneesEntree, i.Erreur, i.Etat, i.HashVersionConfig, d.Id, e0.Id, e0.DateDebut, e0.DateFin, e0.DonneesEntree, e0.DonneesSortie, e0.Erreur, e0.Etat, e0.InstanceWorkflowId, e0.NomTache, e0.NombreTentatives, e0.Ordre, e0.TypeConnecteur, d.Actif, d.ContenuYaml, d.DateCreation, d.DateModification, d.Description, d.Equipe, d.HashVersion, d.Nom
              FROM InstancesWorkflow AS i
              INNER JOIN DefinitionsWorkflow AS d ON i.DefinitionWorkflowId == d.Id
              LEFT JOIN 
              (
                  SELECT e.Id, e.DateDebut, e.DateFin, e.DonneesEntree, e.DonneesSortie, e.Erreur, e.Etat, e.InstanceWorkflowId, e.NomTache, e.NombreTentatives, e.Ordre, e.TypeConnecteur
                  FROM ExecutionsTache AS e
                  WHERE e.Etat == 'EnErreur'
              ) AS e0 ON i.Id == e0.InstanceWorkflowId
              WHERE i.Etat == 'EnErreur'
              ORDER BY i.DateCreation DESC, i.Id ASC, d.Id ASC) | Resolver: c => new RelationalCommandCache(
              c.Dependencies.MemoryCache, 
              c.RelationalDependencies.QuerySqlGeneratorFactory, 
              c.RelationalDependencies.RelationalParameterBasedSqlProcessorFactory, 
              Client Projections:
                  0 -> Dictionary<IPropertyBase, int> { [Property: InstanceWorkflow.Id (Guid) Required PK AfterSave:Throw ValueGenerated.OnAdd, 0], [Property: InstanceWorkflow.ContexteExecution (string), 1], [Property: InstanceWorkflow.CorrelationId (string) Required Index MaxLength(100), 2], [Property: InstanceWorkflow.DateCreation (DateTime) Required, 3], [Property: InstanceWorkflow.DateDebut (DateTime?), 4], [Property: InstanceWorkflow.DateFin (DateTime?), 5], [Property: InstanceWorkflow.DefinitionWorkflowId (Guid) Required FK Index, 6], [Property: InstanceWorkflow.DonneesEntree (string), 7], [Property: InstanceWorkflow.Erreur (string), 8], [Property: InstanceWorkflow.Etat (EtatWorkflow) Required Index MaxLength(20), 9], [Property: InstanceWorkflow.HashVersionConfig (string) Required MaxLength(64), 10] }
                  1 -> 0
                  2 -> 11
                  3 -> Dictionary<IPropertyBase, int> { [Property: ExecutionTache.Id (Guid) Required PK AfterSave:Throw ValueGenerated.OnAdd, 12], [Property: ExecutionTache.DateDebut (DateTime?), 13], [Property: ExecutionTache.DateFin (DateTime?), 14], [Property: ExecutionTache.DonneesEntree (string), 15], [Property: ExecutionTache.DonneesSortie (string), 16], [Property: ExecutionTache.Erreur (string), 17], [Property: ExecutionTache.Etat (EtatTache) Required MaxLength(20), 18], [Property: ExecutionTache.InstanceWorkflowId (Guid) Required FK Index, 19], [Property: ExecutionTache.NomTache (string) Required Index MaxLength(200), 20], [Property: ExecutionTache.NombreTentatives (int) Required, 21], [Property: ExecutionTache.Ordre (int) Required, 22], [Property: ExecutionTache.TypeConnecteur (string) Required MaxLength(50), 23] }
                  4 -> 12
                  5 -> Dictionary<IPropertyBase, int> { [Property: DefinitionWorkflow.Id (Guid) Required PK AfterSave:Throw ValueGenerated.OnAdd, 11], [Property: DefinitionWorkflow.Actif (bool) Required, 24], [Property: DefinitionWorkflow.ContenuYaml (string) Required, 25], [Property: DefinitionWorkflow.DateCreation (DateTime) Required, 26], [Property: DefinitionWorkflow.DateModification (DateTime) Required, 27], [Property: DefinitionWorkflow.Description (string), 28], [Property: DefinitionWorkflow.Equipe (string) MaxLength(100), 29], [Property: DefinitionWorkflow.HashVersion (string) Required Index MaxLength(64), 30], [Property: DefinitionWorkflow.Nom (string) Required Index MaxLength(200), 31] }
              SELECT i.Id, i.ContexteExecution, i.CorrelationId, i.DateCreation, i.DateDebut, i.DateFin, i.DefinitionWorkflowId, i.DonneesEntree, i.Erreur, i.Etat, i.HashVersionConfig, d.Id, e0.Id, e0.DateDebut, e0.DateFin, e0.DonneesEntree, e0.DonneesSortie, e0.Erreur, e0.Etat, e0.InstanceWorkflowId, e0.NomTache, e0.NombreTentatives, e0.Ordre, e0.TypeConnecteur, d.Actif, d.ContenuYaml, d.DateCreation, d.DateModification, d.Description, d.Equipe, d.HashVersion, d.Nom
              FROM InstancesWorkflow AS i
              INNER JOIN DefinitionsWorkflow AS d ON i.DefinitionWorkflowId == d.Id
              LEFT JOIN 
              (
                  SELECT e.Id, e.DateDebut, e.DateFin, e.DonneesEntree, e.DonneesSortie, e.Erreur, e.Etat, e.InstanceWorkflowId, e.NomTache, e.NombreTentatives, e.Ordre, e.TypeConnecteur
                  FROM ExecutionsTache AS e
                  WHERE e.Etat == 'EnErreur'
              ) AS e0 ON i.Id == e0.InstanceWorkflowId
              WHERE i.Etat == 'EnErreur'
              ORDER BY i.DateCreation DESC, i.Id ASC, d.Id ASC, 
              False, 
              MultipleParameters
          )].GetRelationalCommandTemplate(parameters), 
          readerColumns: null, 
          shaper: (queryContext, dataReader, resultContext, resultCoordinator) => 
          {
              resultContext.Values == null ? 
              {
                  InstanceWorkflow entity;
                  DefinitionWorkflow entity;
                  entity = 
                  {
                      MaterializationContext materializationContext1;
                      IEntityType entityType1;
                      InstanceWorkflow instance1;
                      InternalEntityEntry entry1;
                      bool hasNullKey1;
                      materializationContext1 = new MaterializationContext(
                          [LIFTABLE Constant: ValueBuffer | Resolver: _ => (object)ValueBuffer.Empty], 
                          queryContext.Context
                      );
                      instance1 = default(InstanceWorkflow);
                      entry1 = queryContext.TryGetEntry(
                          key: [LIFTABLE Constant: Key: InstanceWorkflow.Id PK | Resolver: c => c.Dependencies.Model.FindEntityType("OAM.Domain.Entities.InstanceWorkflow").FindPrimaryKey()], 
                          keyValues: new object[]{ (object)dataReader.GetGuid(0) }, 
                          throwOnNullKey: True, 
                          hasNullKey: hasNullKey1);
                      !(hasNullKey1) ? entry1 != default(InternalEntityEntry) ? 
                      {
                          entityType1 = entry1.EntityType;
                          return instance1 = (InstanceWorkflow)entry1.Entity;
                      } : 
                      {
                          ISnapshot shadowSnapshot1;
                          shadowSnapshot1 = [LIFTABLE Constant: Snapshot | Resolver: _ => Snapshot.Empty];
                          entityType1 = [LIFTABLE Constant: EntityType: InstanceWorkflow | Resolver: namelessParameter{0} => namelessParameter{0}.Dependencies.Model.FindEntityType("OAM.Domain.Entities.InstanceWorkflow")];
                          instance1 = switch (entityType1)
                          {
                              case [LIFTABLE Constant: EntityType: InstanceWorkflow | Resolver: namelessParameter{1} => namelessParameter{1}.Dependencies.Model.FindEntityType("OAM.Domain.Entities.InstanceWorkflow")]: 
                                  {
                                      return 
                                      {
                                          InstanceWorkflow instance;
                                          instance = new InstanceWorkflow();
                                          instance.<Id>k__BackingField = dataReader.GetGuid(0);
                                          instance.<ContexteExecution>k__BackingField = dataReader.IsDBNull(1) ? default(string) : dataReader.GetString(1);
                                          instance.<CorrelationId>k__BackingField = dataReader.GetString(2);
                                          instance.<DateCreation>k__BackingField = dataReader.GetDateTime(3);
                                          instance.<DateDebut>k__BackingField = dataReader.IsDBNull(4) ? default(DateTime?) : (DateTime?)dataReader.GetDateTime(4);
                                          instance.<DateFin>k__BackingField = dataReader.IsDBNull(5) ? default(DateTime?) : (DateTime?)dataReader.GetDateTime(5);
                                          instance.<DefinitionWorkflowId>k__BackingField = dataReader.GetGuid(6);
                                          instance.<DonneesEntree>k__BackingField = dataReader.IsDBNull(7) ? default(string) : dataReader.GetString(7);
                                          instance.<Erreur>k__BackingField = dataReader.IsDBNull(8) ? default(string) : dataReader.GetString(8);
                                          instance.<Etat>k__BackingField = Invoke(((EnumToStringConverter<EtatWorkflow>)((IReadOnlyProperty)[LIFTABLE Constant: Property: InstanceWorkflow.Etat (EtatWorkflow) Required Index MaxLength(20) | Resolver: namelessParameter{2} => namelessParameter{2}.Dependencies.Model.FindEntityType("OAM.Domain.Entities.InstanceWorkflow").FindProperty("Etat")]).GetTypeMapping().Converter).ConvertFromProviderTyped, dataReader.GetString(9));
                                          instance.<HashVersionConfig>k__BackingField = dataReader.GetString(10);
                                          (instance is IInjectableService) ? ((IInjectableService)instance).Injected(
                                              context: materializationContext1.Context, 
                                              entity: instance, 
                                              queryTrackingBehavior: TrackAll, 
                                              structuralType: [LIFTABLE Constant: EntityType: InstanceWorkflow | Resolver: namelessParameter{3} => namelessParameter{3}.Dependencies.Model.FindEntityType("OAM.Domain.Entities.InstanceWorkflow")]) : default(void);
                                          return instance;
                                      }}
                              default: 
                                  default(InstanceWorkflow)
                          }
                          ;
                          entry1 = entityType1 == default(IEntityType) ? default(InternalEntityEntry) : queryContext.StartTracking(
                              entityType: entityType1, 
                              entity: instance1, 
                              snapshot: shadowSnapshot1);
                          return instance1;
                      } : default(void);
                      return instance1;
                  };
                  entity = 
                  {
                      MaterializationContext materializationContext3;
                      IEntityType entityType3;
                      DefinitionWorkflow instance3;
                      InternalEntityEntry entry3;
                      bool hasNullKey3;
                      materializationContext3 = new MaterializationContext(
                          [LIFTABLE Constant: ValueBuffer | Resolver: _ => (object)ValueBuffer.Empty], 
                          queryContext.Context
                      );
                      instance3 = default(DefinitionWorkflow);
                      entry3 = queryContext.TryGetEntry(
                          key: [LIFTABLE Constant: Key: DefinitionWorkflow.Id PK | Resolver: c => c.Dependencies.Model.FindEntityType("OAM.Domain.Entities.DefinitionWorkflow").FindPrimaryKey()], 
                          keyValues: new object[]{ (object)dataReader.GetGuid(11) }, 
                          throwOnNullKey: True, 
                          hasNullKey: hasNullKey3);
                      !(hasNullKey3) ? entry3 != default(InternalEntityEntry) ? 
                      {
                          entityType3 = entry3.EntityType;
                          return instance3 = (DefinitionWorkflow)entry3.Entity;
                      } : 
                      {
                          ISnapshot shadowSnapshot3;
                          shadowSnapshot3 = [LIFTABLE Constant: Snapshot | Resolver: _ => Snapshot.Empty];
                          entityType3 = [LIFTABLE Constant: EntityType: DefinitionWorkflow | Resolver: namelessParameter{4} => namelessParameter{4}.Dependencies.Model.FindEntityType("OAM.Domain.Entities.DefinitionWorkflow")];
                          instance3 = switch (entityType3)
                          {
                              case [LIFTABLE Constant: EntityType: DefinitionWorkflow | Resolver: namelessParameter{5} => namelessParameter{5}.Dependencies.Model.FindEntityType("OAM.Domain.Entities.DefinitionWorkflow")]: 
                                  {
                                      return 
                                      {
                                          DefinitionWorkflow instance;
                                          instance = new DefinitionWorkflow();
                                          instance.<Id>k__BackingField = dataReader.GetGuid(11);
                                          instance.<Actif>k__BackingField = dataReader.GetBoolean(24);
                                          instance.<ContenuYaml>k__BackingField = dataReader.GetString(25);
                                          instance.<DateCreation>k__BackingField = dataReader.GetDateTime(26);
                                          instance.<DateModification>k__BackingField = dataReader.GetDateTime(27);
                                          instance.<Description>k__BackingField = dataReader.IsDBNull(28) ? default(string) : dataReader.GetString(28);
                                          instance.<Equipe>k__BackingField = dataReader.IsDBNull(29) ? default(string) : dataReader.GetString(29);
                                          instance.<HashVersion>k__BackingField = dataReader.GetString(30);
                                          instance.<Nom>k__BackingField = dataReader.GetString(31);
                                          (instance is IInjectableService) ? ((IInjectableService)instance).Injected(
                                              context: materializationContext3.Context, 
                                              entity: instance, 
                                              queryTrackingBehavior: TrackAll, 
                                              structuralType: [LIFTABLE Constant: EntityType: DefinitionWorkflow | Resolver: namelessParameter{6} => namelessParameter{6}.Dependencies.Model.FindEntityType("OAM.Domain.Entities.DefinitionWorkflow")]) : default(void);
                                          return instance;
                                      }}
                              default: 
                                  default(DefinitionWorkflow)
                          }
                          ;
                          entry3 = entityType3 == default(IEntityType) ? default(InternalEntityEntry) : queryContext.StartTracking(
                              entityType: entityType3, 
                              entity: instance3, 
                              snapshot: shadowSnapshot3);
                          return instance3;
                      } : default(void);
                      return instance3;
                  };
                  resultContext.Values = new object[]
                  { 
                      entity, 
                      entity 
                  };
                  ShaperProcessingExpressionVisitor.InitializeIncludeCollection<InstanceWorkflow, InstanceWorkflow>(
                      collectionId: 0, 
                      queryContext: queryContext, 
                      dbDataReader: dataReader, 
                      resultCoordinator: resultCoordinator, 
                      entity: (InstanceWorkflow)(resultContext.Values[0]), 
                      parentIdentifier: [LIFTABLE Constant: Func<QueryContext, DbDataReader, object[]> | Resolver: _ => (queryContext, dataReader) => new object[]
                      { 
                          (object)(Guid?)dataReader.GetGuid(0), 
                          (object)(Guid?)dataReader.GetGuid(11) 
                      }], 
                      outerIdentifier: [LIFTABLE Constant: Func<QueryContext, DbDataReader, object[]> | Resolver: _ => (queryContext, dataReader) => new object[]
                      { 
                          (object)(Guid?)dataReader.GetGuid(0), 
                          (object)(Guid?)dataReader.GetGuid(11) 
                      }], 
                      navigation: [LIFTABLE Constant: Navigation: InstanceWorkflow.Taches (ICollection<ExecutionTache>) Collection ToDependent ExecutionTache Inverse: InstanceWorkflow | Resolver: namelessParameter{7} => namelessParameter{7}.Dependencies.Model.FindEntityType("OAM.Domain.Entities.InstanceWorkflow").FindNavigation("Taches")], 
                      clrCollectionAccessor: [LIFTABLE Constant: ClrCollectionAccessor<InstanceWorkflow, ICollection<ExecutionTache>, ExecutionTache> | Resolver: namelessParameter{8} => namelessParameter{8}.Dependencies.Model.FindEntityType("OAM.Domain.Entities.InstanceWorkflow").FindNavigation("Taches").GetCollectionAccessor()], 
                      trackingQuery: True, 
                      setLoaded: True);
                  ShaperProcessingExpressionVisitor.IncludeReference<InstanceWorkflow, InstanceWorkflow, DefinitionWorkflow>(
                      queryContext: queryContext, 
                      entity: (InstanceWorkflow)(resultContext.Values[0]), 
                      relatedEntity: (DefinitionWorkflow)(resultContext.Values[1]), 
                      navigation: [LIFTABLE Constant: Navigation: InstanceWorkflow.DefinitionWorkflow (DefinitionWorkflow) Required ToPrincipal DefinitionWorkflow Inverse: Instances | Resolver: namelessParameter{9} => namelessParameter{9}.Dependencies.Model.FindEntityType("OAM.Domain.Entities.InstanceWorkflow").FindNavigation("DefinitionWorkflow")], 
                      inverseNavigation: [LIFTABLE Constant: Navigation: DefinitionWorkflow.Instances (ICollection<InstanceWorkflow>) Collection ToDependent InstanceWorkflow Inverse: DefinitionWorkflow | Resolver: namelessParameter{10} => namelessParameter{10}.Dependencies.Model.FindEntityType("OAM.Domain.Entities.DefinitionWorkflow").FindNavigation("Instances")], 
                      fixup: (namelessParameter{11}, namelessParameter{12}) => 
                      {
                          namelessParameter{11}.<DefinitionWorkflow>k__BackingField = namelessParameter{12};
                          return [LIFTABLE Constant: ClrCollectionAccessor<DefinitionWorkflow, ICollection<InstanceWorkflow>, InstanceWorkflow> | Resolver: namelessParameter{13} => namelessParameter{13}.Dependencies.Model.FindEntityType("OAM.Domain.Entities.DefinitionWorkflow").FindNavigation("Instances").GetCollectionAccessor()].Add(
                              entity: namelessParameter{12}, 
                              value: namelessParameter{11}, 
                              forMaterialization: True);
                      }, 
                      trackingQuery: True);
              } : default(void);
              ShaperProcessingExpressionVisitor.PopulateIncludeCollection<InstanceWorkflow, ExecutionTache>(
                  collectionId: 0, 
                  queryContext: queryContext, 
                  dbDataReader: dataReader, 
                  resultCoordinator: resultCoordinator, 
                  parentIdentifier: [LIFTABLE Constant: Func<QueryContext, DbDataReader, object[]> | Resolver: _ => (queryContext, dataReader) => new object[]
                  { 
                      (object)(Guid?)dataReader.GetGuid(0), 
                      (object)(Guid?)dataReader.GetGuid(11) 
                  }], 
                  outerIdentifier: [LIFTABLE Constant: Func<QueryContext, DbDataReader, object[]> | Resolver: _ => (queryContext, dataReader) => new object[]
                  { 
                      (object)(Guid?)dataReader.GetGuid(0), 
                      (object)(Guid?)dataReader.GetGuid(11) 
                  }], 
                  selfIdentifier: [LIFTABLE Constant: Func<QueryContext, DbDataReader, object[]> | Resolver: _ => (queryContext, dataReader) => new object[]{ (object)dataReader.IsDBNull(12) ? default(Guid?) : (Guid?)dataReader.GetGuid(12) }], 
                  parentIdentifierValueComparers: [LIFTABLE Constant: Func<object, object, bool>[] { Func<object, object, bool>, Func<object, object, bool> } | Resolver: _ => new Func<object, object, bool>[]
                  { 
                      (left, right) => left == null ? right == null : right != null && (Guid)left == (Guid)right, 
                      (left, right) => left == null ? right == null : right != null && (Guid)left == (Guid)right 
                  }], 
                  outerIdentifierValueComparers: [LIFTABLE Constant: Func<object, object, bool>[] { Func<object, object, bool>, Func<object, object, bool> } | Resolver: _ => new Func<object, object, bool>[]
                  { 
                      (left, right) => left == null ? right == null : right != null && (Guid)left == (Guid)right, 
                      (left, right) => left == null ? right == null : right != null && (Guid)left == (Guid)right 
                  }], 
                  selfIdentifierValueComparers: [LIFTABLE Constant: Func<object, object, bool>[] { Func<object, object, bool> } | Resolver: _ => new Func<object, object, bool>[]{ (left, right) => left == null ? right == null : right != null && (Guid)left == (Guid)right }], 
                  innerShaper: (queryContext, dataReader, resultContext, resultCoordinator) => 
                  {
                      ExecutionTache entity;
                      entity = 
                      {
                          MaterializationContext materializationContext2;
                          IEntityType entityType2;
                          ExecutionTache instance2;
                          InternalEntityEntry entry2;
                          bool hasNullKey2;
                          materializationContext2 = new MaterializationContext(
                              [LIFTABLE Constant: ValueBuffer | Resolver: _ => (object)ValueBuffer.Empty], 
                              queryContext.Context
                          );
                          instance2 = default(ExecutionTache);
                          entry2 = queryContext.TryGetEntry(
                              key: [LIFTABLE Constant: Key: ExecutionTache.Id PK | Resolver: c => c.Dependencies.Model.FindEntityType("OAM.Domain.Entities.ExecutionTache").FindPrimaryKey()], 
                              keyValues: new object[]{ dataReader.IsDBNull(12) ? default(object) : (object)dataReader.GetGuid(12) }, 
                              throwOnNullKey: False, 
                              hasNullKey: hasNullKey2);
                          !(hasNullKey2) ? entry2 != default(InternalEntityEntry) ? 
                          {
                              entityType2 = entry2.EntityType;
                              return instance2 = (ExecutionTache)entry2.Entity;
                          } : 
                          {
                              ISnapshot shadowSnapshot2;
                              shadowSnapshot2 = [LIFTABLE Constant: Snapshot | Resolver: _ => Snapshot.Empty];
                              entityType2 = [LIFTABLE Constant: EntityType: ExecutionTache | Resolver: namelessParameter{14} => namelessParameter{14}.Dependencies.Model.FindEntityType("OAM.Domain.Entities.ExecutionTache")];
                              instance2 = switch (entityType2)
                              {
                                  case [LIFTABLE Constant: EntityType: ExecutionTache | Resolver: namelessParameter{15} => namelessParameter{15}.Dependencies.Model.FindEntityType("OAM.Domain.Entities.ExecutionTache")]: 
                                      {
                                          return 
                                          {
                                              ExecutionTache instance;
                                              instance = new ExecutionTache();
                                              instance.<Id>k__BackingField = dataReader.IsDBNull(12) ? default(Guid) : dataReader.GetGuid(12);
                                              instance.<DateDebut>k__BackingField = dataReader.IsDBNull(13) ? default(DateTime?) : (DateTime?)dataReader.GetDateTime(13);
                                              instance.<DateFin>k__BackingField = dataReader.IsDBNull(14) ? default(DateTime?) : (DateTime?)dataReader.GetDateTime(14);
                                              instance.<DonneesEntree>k__BackingField = dataReader.IsDBNull(15) ? default(string) : dataReader.GetString(15);
                                              instance.<DonneesSortie>k__BackingField = dataReader.IsDBNull(16) ? default(string) : dataReader.GetString(16);
                                              instance.<Erreur>k__BackingField = dataReader.IsDBNull(17) ? default(string) : dataReader.GetString(17);
                                              instance.<Etat>k__BackingField = dataReader.IsDBNull(18) ? default(EtatTache) : Invoke(((EnumToStringConverter<EtatTache>)((IReadOnlyProperty)[LIFTABLE Constant: Property: ExecutionTache.Etat (EtatTache) Required MaxLength(20) | Resolver: namelessParameter{16} => namelessParameter{16}.Dependencies.Model.FindEntityType("OAM.Domain.Entities.ExecutionTache").FindProperty("Etat")]).GetTypeMapping().Converter).ConvertFromProviderTyped, dataReader.GetString(18));
                                              instance.<InstanceWorkflowId>k__BackingField = dataReader.IsDBNull(19) ? default(Guid) : dataReader.GetGuid(19);
                                              instance.<NomTache>k__BackingField = dataReader.IsDBNull(20) ? default(string) : dataReader.GetString(20);
                                              instance.<NombreTentatives>k__BackingField = dataReader.IsDBNull(21) ? default(int) : dataReader.GetInt32(21);
                                              instance.<Ordre>k__BackingField = dataReader.IsDBNull(22) ? default(int) : dataReader.GetInt32(22);
                                              instance.<TypeConnecteur>k__BackingField = dataReader.IsDBNull(23) ? default(string) : dataReader.GetString(23);
                                              (instance is IInjectableService) ? ((IInjectableService)instance).Injected(
                                                  context: materializationContext2.Context, 
                                                  entity: instance, 
                                                  queryTrackingBehavior: TrackAll, 
                                                  structuralType: [LIFTABLE Constant: EntityType: ExecutionTache | Resolver: namelessParameter{17} => namelessParameter{17}.Dependencies.Model.FindEntityType("OAM.Domain.Entities.ExecutionTache")]) : default(void);
                                              return instance;
                                          }}
                                  default: 
                                      default(ExecutionTache)
                              }
                              ;
                              entry2 = entityType2 == default(IEntityType) ? default(InternalEntityEntry) : queryContext.StartTracking(
                                  entityType: entityType2, 
                                  entity: instance2, 
                                  snapshot: shadowSnapshot2);
                              return instance2;
                          } : default(void);
                          return instance2;
                      };
                      return entity;
                  }, 
                  inverseNavigation: [LIFTABLE Constant: Navigation: ExecutionTache.InstanceWorkflow (InstanceWorkflow) Required ToPrincipal InstanceWorkflow Inverse: Taches | Resolver: namelessParameter{18} => namelessParameter{18}.Dependencies.Model.FindEntityType("OAM.Domain.Entities.ExecutionTache").FindNavigation("InstanceWorkflow")], 
                  fixup: (namelessParameter{19}, namelessParameter{20}) => 
                  {
                      [LIFTABLE Constant: ClrCollectionAccessor<InstanceWorkflow, ICollection<ExecutionTache>, ExecutionTache> | Resolver: namelessParameter{21} => namelessParameter{21}.Dependencies.Model.FindEntityType("OAM.Domain.Entities.InstanceWorkflow").FindNavigation("Taches").GetCollectionAccessor()].Add(
                          entity: namelessParameter{19}, 
                          value: namelessParameter{20}, 
                          forMaterialization: True);
                      return namelessParameter{20}.<InstanceWorkflow>k__BackingField = namelessParameter{19};
                  }, 
                  trackingQuery: True);
              return IsTrue(resultCoordinator.ResultReady)
               ? (InstanceWorkflow)(resultContext.Values[0]) : default(InstanceWorkflow);
          }, 
          contextType: OAM.Infrastructure.Data.OamDbContext, 
          standAloneStateManager: False, 
          detailedErrorsEnabled: False, 
          threadSafetyChecksEnabled: True)'
dbug: Microsoft.EntityFrameworkCore.Database.Connection[20005]
      Creating DbConnection.
dbug: Microsoft.EntityFrameworkCore.Database.Connection[20006]
      Created DbConnection. (1ms).
dbug: Microsoft.EntityFrameworkCore.Database.Connection[20000]
      Opening connection to database 'main' on server 'oam_dev.db'.
dbug: Microsoft.EntityFrameworkCore.Database.Connection[20001]
      Opened connection to database 'main' on server 'C:\OAM\src\OAM.Api\oam_dev.db'.
dbug: Microsoft.EntityFrameworkCore.Database.Command[20103]
      Creating DbCommand for 'ExecuteReader'.
dbug: Microsoft.EntityFrameworkCore.Database.Command[20104]
      Created DbCommand for 'ExecuteReader' (1ms).
dbug: Microsoft.EntityFrameworkCore.Database.Command[20106]
      Initialized DbCommand for 'ExecuteReader' (2ms).
dbug: Microsoft.EntityFrameworkCore.Database.Command[20100]
      Executing DbCommand [Parameters=[], CommandType='Text', CommandTimeout='30']
      SELECT "i"."Id", "i"."ContexteExecution", "i"."CorrelationId", "i"."DateCreation", "i"."DateDebut", "i"."DateFin", "i"."DefinitionWorkflowId", "i"."DonneesEntree", "i"."Erreur", "i"."Etat", "i"."HashVersionConfig", "d"."Id", "e0"."Id", "e0"."DateDebut", "e0"."DateFin", "e0"."DonneesEntree", "e0"."DonneesSortie", "e0"."Erreur", "e0"."Etat", "e0"."InstanceWorkflowId", "e0"."NomTache", "e0"."NombreTentatives", "e0"."Ordre", "e0"."TypeConnecteur", "d"."Actif", "d"."ContenuYaml", "d"."DateCreation", "d"."DateModification", "d"."Description", "d"."Equipe", "d"."HashVersion", "d"."Nom"
      FROM "InstancesWorkflow" AS "i"
      INNER JOIN "DefinitionsWorkflow" AS "d" ON "i"."DefinitionWorkflowId" = "d"."Id"
      LEFT JOIN (
          SELECT "e"."Id", "e"."DateDebut", "e"."DateFin", "e"."DonneesEntree", "e"."DonneesSortie", "e"."Erreur", "e"."Etat", "e"."InstanceWorkflowId", "e"."NomTache", "e"."NombreTentatives", "e"."Ordre", "e"."TypeConnecteur"
          FROM "ExecutionsTache" AS "e"
          WHERE "e"."Etat" = 'EnErreur'
      ) AS "e0" ON "i"."Id" = "e0"."InstanceWorkflowId"
      WHERE "i"."Etat" = 'EnErreur'
      ORDER BY "i"."DateCreation" DESC, "i"."Id", "d"."Id"
info: Microsoft.EntityFrameworkCore.Database.Command[20101]
      Executed DbCommand (1ms) [Parameters=[], CommandType='Text', CommandTimeout='30']
      SELECT "i"."Id", "i"."ContexteExecution", "i"."CorrelationId", "i"."DateCreation", "i"."DateDebut", "i"."DateFin", "i"."DefinitionWorkflowId", "i"."DonneesEntree", "i"."Erreur", "i"."Etat", "i"."HashVersionConfig", "d"."Id", "e0"."Id", "e0"."DateDebut", "e0"."DateFin", "e0"."DonneesEntree", "e0"."DonneesSortie", "e0"."Erreur", "e0"."Etat", "e0"."InstanceWorkflowId", "e0"."NomTache", "e0"."NombreTentatives", "e0"."Ordre", "e0"."TypeConnecteur", "d"."Actif", "d"."ContenuYaml", "d"."DateCreation", "d"."DateModification", "d"."Description", "d"."Equipe", "d"."HashVersion", "d"."Nom"
      FROM "InstancesWorkflow" AS "i"
      INNER JOIN "DefinitionsWorkflow" AS "d" ON "i"."DefinitionWorkflowId" = "d"."Id"
      LEFT JOIN (
          SELECT "e"."Id", "e"."DateDebut", "e"."DateFin", "e"."DonneesEntree", "e"."DonneesSortie", "e"."Erreur", "e"."Etat", "e"."InstanceWorkflowId", "e"."NomTache", "e"."NombreTentatives", "e"."Ordre", "e"."TypeConnecteur"
          FROM "ExecutionsTache" AS "e"
          WHERE "e"."Etat" = 'EnErreur'
      ) AS "e0" ON "i"."Id" = "e0"."InstanceWorkflowId"
      WHERE "i"."Etat" = 'EnErreur'
      ORDER BY "i"."DateCreation" DESC, "i"."Id", "d"."Id"
dbug: Microsoft.EntityFrameworkCore.ChangeTracking[10806]
      Context 'OamDbContext' started tracking 'InstanceWorkflow' entity. Consider using 'DbContextOptionsBuilder.EnableSensitiveDataLogging' to see key values.
dbug: Microsoft.EntityFrameworkCore.ChangeTracking[10805]
      The navigation 'InstanceWorkflow.DefinitionWorkflow' was detected as changed. Consider using 'DbContextOptionsBuilder.EnableSensitiveDataLogging' to see key values.
dbug: Microsoft.EntityFrameworkCore.ChangeTracking[10806]
      Context 'OamDbContext' started tracking 'DefinitionWorkflow' entity. Consider using 'DbContextOptionsBuilder.EnableSensitiveDataLogging' to see key values.
dbug: Microsoft.EntityFrameworkCore.ChangeTracking[10806]
      Context 'OamDbContext' started tracking 'ExecutionTache' entity. Consider using 'DbContextOptionsBuilder.EnableSensitiveDataLogging' to see key values.
dbug: Microsoft.EntityFrameworkCore.ChangeTracking[10806]
      Context 'OamDbContext' started tracking 'InstanceWorkflow' entity. Consider using 'DbContextOptionsBuilder.EnableSensitiveDataLogging' to see key values.
dbug: Microsoft.EntityFrameworkCore.ChangeTracking[10806]
      Context 'OamDbContext' started tracking 'ExecutionTache' entity. Consider using 'DbContextOptionsBuilder.EnableSensitiveDataLogging' to see key values.
dbug: Microsoft.EntityFrameworkCore.ChangeTracking[10806]
      Context 'OamDbContext' started tracking 'InstanceWorkflow' entity. Consider using 'DbContextOptionsBuilder.EnableSensitiveDataLogging' to see key values.
dbug: Microsoft.EntityFrameworkCore.ChangeTracking[10806]
      Context 'OamDbContext' started tracking 'ExecutionTache' entity. Consider using 'DbContextOptionsBuilder.EnableSensitiveDataLogging' to see key values.
dbug: Microsoft.EntityFrameworkCore.ChangeTracking[10806]
      Context 'OamDbContext' started tracking 'InstanceWorkflow' entity. Consider using 'DbContextOptionsBuilder.EnableSensitiveDataLogging' to see key values.
dbug: Microsoft.EntityFrameworkCore.ChangeTracking[10806]
      Context 'OamDbContext' started tracking 'ExecutionTache' entity. Consider using 'DbContextOptionsBuilder.EnableSensitiveDataLogging' to see key values.
dbug: Microsoft.EntityFrameworkCore.Database.Command[20301]
      Closing data reader to 'main' on server 'C:\OAM\src\OAM.Api\oam_dev.db'.
dbug: Microsoft.EntityFrameworkCore.Database.Command[20300]
      A data reader for 'main' on server 'C:\OAM\src\OAM.Api\oam_dev.db' is being disposed after spending 17ms reading results.
dbug: Microsoft.EntityFrameworkCore.Database.Connection[20002]
      Closing connection to database 'main' on server 'C:\OAM\src\OAM.Api\oam_dev.db'.
dbug: Microsoft.EntityFrameworkCore.Database.Connection[20003]
      Closed connection to database 'main' on server 'oam_dev.db' (1ms).
info: Microsoft.AspNetCore.Mvc.Infrastructure.ObjectResultExecutor[1]
      Executing OkObjectResult, writing value of type 'System.Linq.Enumerable+ListSelectIterator`2[[OAM.Domain.Entities.InstanceWorkflow, OAM.Domain, Version=1.0.0.0, Culture=neutral, PublicKeyToken=null],[OAM.Api.Dtos.InstanceWorkflowDto, OAM.Api, Version=1.0.0.0, Culture=neutral, PublicKeyToken=null]]'.
info: Microsoft.AspNetCore.Mvc.Infrastructure.ControllerActionInvoker[105]
      Executed action OAM.Api.Controllers.InstancesController.ListerEnErreur (OAM.Api) in 178.2514ms
info: Microsoft.AspNetCore.Routing.EndpointMiddleware[1]
      Executed endpoint 'OAM.Api.Controllers.InstancesController.ListerEnErreur (OAM.Api)'
dbug: Microsoft.EntityFrameworkCore.Infrastructure[10407]
      'OamDbContext' disposed.
dbug: Microsoft.EntityFrameworkCore.Database.Connection[20007]
      Disposing connection to database 'main' on server 'oam_dev.db'.
dbug: Microsoft.EntityFrameworkCore.Database.Connection[20008]
      Disposed connection to database 'main' on server 'oam_dev.db' (1ms).
info: Microsoft.AspNetCore.Hosting.Diagnostics[2]
      Request finished HTTP/1.1 GET http://localhost:5000/api/instances/erreurs - 200 - application/json;+charset=utf-8 518.2134ms
info: Microsoft.AspNetCore.Hosting.Diagnostics[1]
      Request starting HTTP/1.1 GET http://localhost:5000/api/definitions - application/json -
info: Microsoft.AspNetCore.Routing.EndpointMiddleware[0]
      Executing endpoint 'OAM.Api.Controllers.DefinitionsController.Lister (OAM.Api)'
info: Microsoft.AspNetCore.Mvc.Infrastructure.ControllerActionInvoker[102]
      Route matched with {action = "Lister", controller = "Definitions"}. Executing controller action with signature System.Threading.Tasks.Task`1[Microsoft.AspNetCore.Mvc.ActionResult`1[System.Collections.Generic.IReadOnlyList`1[OAM.Api.Dtos.DefinitionWorkflowDto]]] Lister(System.String) on controller OAM.Api.Controllers.DefinitionsController (OAM.Api).
dbug: Microsoft.EntityFrameworkCore.Infrastructure[10403]
      Entity Framework Core 10.0.5 initialized 'OamDbContext' using provider 'Microsoft.EntityFrameworkCore.Sqlite:10.0.5' with options: None
dbug: Microsoft.EntityFrameworkCore.Database.Connection[20005]
      Creating DbConnection.
dbug: Microsoft.EntityFrameworkCore.Database.Connection[20006]
      Created DbConnection. (1ms).
dbug: Microsoft.EntityFrameworkCore.Database.Connection[20000]
      Opening connection to database 'main' on server 'oam_dev.db'.
dbug: Microsoft.EntityFrameworkCore.Database.Connection[20001]
      Opened connection to database 'main' on server 'C:\OAM\src\OAM.Api\oam_dev.db'.
dbug: Microsoft.EntityFrameworkCore.Database.Command[20103]
      Creating DbCommand for 'ExecuteReader'.
dbug: Microsoft.EntityFrameworkCore.Database.Command[20104]
      Created DbCommand for 'ExecuteReader' (1ms).
dbug: Microsoft.EntityFrameworkCore.Database.Command[20106]
      Initialized DbCommand for 'ExecuteReader' (2ms).
dbug: Microsoft.EntityFrameworkCore.Database.Command[20100]
      Executing DbCommand [Parameters=[], CommandType='Text', CommandTimeout='30']
      SELECT "d"."Id", "d"."Actif", "d"."ContenuYaml", "d"."DateCreation", "d"."DateModification", "d"."Description", "d"."Equipe", "d"."HashVersion", "d"."Nom"
      FROM "DefinitionsWorkflow" AS "d"
      WHERE "d"."Actif"
      ORDER BY "d"."Nom"
info: Microsoft.EntityFrameworkCore.Database.Command[20101]
      Executed DbCommand (2ms) [Parameters=[], CommandType='Text', CommandTimeout='30']
      SELECT "d"."Id", "d"."Actif", "d"."ContenuYaml", "d"."DateCreation", "d"."DateModification", "d"."Description", "d"."Equipe", "d"."HashVersion", "d"."Nom"
      FROM "DefinitionsWorkflow" AS "d"
      WHERE "d"."Actif"
      ORDER BY "d"."Nom"
dbug: Microsoft.EntityFrameworkCore.ChangeTracking[10806]
      Context 'OamDbContext' started tracking 'DefinitionWorkflow' entity. Consider using 'DbContextOptionsBuilder.EnableSensitiveDataLogging' to see key values.
dbug: Microsoft.EntityFrameworkCore.Database.Command[20301]
      Closing data reader to 'main' on server 'C:\OAM\src\OAM.Api\oam_dev.db'.
dbug: Microsoft.EntityFrameworkCore.Database.Command[20300]
      A data reader for 'main' on server 'C:\OAM\src\OAM.Api\oam_dev.db' is being disposed after spending 2ms reading results.
dbug: Microsoft.EntityFrameworkCore.Database.Connection[20002]
      Closing connection to database 'main' on server 'C:\OAM\src\OAM.Api\oam_dev.db'.
dbug: Microsoft.EntityFrameworkCore.Database.Connection[20003]
      Closed connection to database 'main' on server 'oam_dev.db' (1ms).
info: Microsoft.AspNetCore.Mvc.Infrastructure.ObjectResultExecutor[1]
      Executing OkObjectResult, writing value of type 'System.Linq.Enumerable+ListSelectIterator`2[[OAM.Domain.Entities.DefinitionWorkflow, OAM.Domain, Version=1.0.0.0, Culture=neutral, PublicKeyToken=null],[OAM.Api.Dtos.DefinitionWorkflowDto, OAM.Api, Version=1.0.0.0, Culture=neutral, PublicKeyToken=null]]'.
info: Microsoft.AspNetCore.Mvc.Infrastructure.ControllerActionInvoker[105]
      Executed action OAM.Api.Controllers.DefinitionsController.Lister (OAM.Api) in 23.042ms
info: Microsoft.AspNetCore.Routing.EndpointMiddleware[1]
      Executed endpoint 'OAM.Api.Controllers.DefinitionsController.Lister (OAM.Api)'
dbug: Microsoft.EntityFrameworkCore.Infrastructure[10407]
      'OamDbContext' disposed.
dbug: Microsoft.EntityFrameworkCore.Database.Connection[20007]
      Disposing connection to database 'main' on server 'oam_dev.db'.
dbug: Microsoft.EntityFrameworkCore.Database.Connection[20008]
      Disposed connection to database 'main' on server 'oam_dev.db' (1ms).
info: Microsoft.AspNetCore.Hosting.Diagnostics[2]
      Request finished HTTP/1.1 GET http://localhost:5000/api/definitions - 200 - application/json;+charset=utf-8 35.4236ms
info: Microsoft.AspNetCore.Hosting.Diagnostics[1]
      Request starting HTTP/1.1 POST http://localhost:5000/api/instances/demarrer - application/json 55
info: Microsoft.AspNetCore.Cors.Infrastructure.CorsService[4]
      CORS policy execution successful.
info: Microsoft.AspNetCore.Routing.EndpointMiddleware[0]
      Executing endpoint 'OAM.Api.Controllers.InstancesController.Demarrer (OAM.Api)'
info: Microsoft.AspNetCore.Mvc.Infrastructure.ControllerActionInvoker[102]
      Route matched with {action = "Demarrer", controller = "Instances"}. Executing controller action with signature System.Threading.Tasks.Task`1[Microsoft.AspNetCore.Mvc.ActionResult`1[OAM.Api.Dtos.InstanceWorkflowDto]] Demarrer(OAM.Api.Dtos.DemarrerWorkflowDto) on controller OAM.Api.Controllers.InstancesController (OAM.Api).
dbug: Microsoft.EntityFrameworkCore.Infrastructure[10403]
      Entity Framework Core 10.0.5 initialized 'OamDbContext' using provider 'Microsoft.EntityFrameworkCore.Sqlite:10.0.5' with options: None
dbug: Microsoft.EntityFrameworkCore.Query[10111]
      Compiling query expression: 
      'DbSet<DefinitionWorkflow>()
          .Include(d => d.Versions
              .OrderByDescending(v => v.DateChargement)
              .Take(5))
          .FirstOrDefault(d => d.Id == @id)'
dbug: Microsoft.EntityFrameworkCore.Query[10112]
      Including navigation: 'DefinitionWorkflow.Versions'.
dbug: Microsoft.EntityFrameworkCore.Query[10107]
      Generated query execution expression: 
      'queryContext => ShapedQueryCompilingExpressionVisitor.SingleOrDefaultAsync<DefinitionWorkflow>(
          asyncEnumerable: SingleQueryingEnumerable.Create<DefinitionWorkflow>(
              relationalQueryContext: (RelationalQueryContext)queryContext, 
              relationalCommandResolver: parameters => [LIFTABLE Constant: RelationalCommandCache.QueryExpression(
                  Client Projections:
                      0 -> Dictionary<IPropertyBase, int> { [Property: DefinitionWorkflow.Id (Guid) Required PK AfterSave:Throw ValueGenerated.OnAdd, 0], [Property: DefinitionWorkflow.Actif (bool) Required, 1], [Property: DefinitionWorkflow.ContenuYaml (string) Required, 2], [Property: DefinitionWorkflow.DateCreation (DateTime) Required, 3], [Property: DefinitionWorkflow.DateModification (DateTime) Required, 4], [Property: DefinitionWorkflow.Description (string), 5], [Property: DefinitionWorkflow.Equipe (string) MaxLength(100), 6], [Property: DefinitionWorkflow.HashVersion (string) Required Index MaxLength(64), 7], [Property: DefinitionWorkflow.Nom (string) Required Index MaxLength(200), 8] }
                      1 -> 0
                      2 -> Dictionary<IPropertyBase, int> { [Property: VersionDefinitionWorkflow.Id (Guid) Required PK AfterSave:Throw ValueGenerated.OnAdd, 9], [Property: VersionDefinitionWorkflow.ContenuYaml (string) Required, 10], [Property: VersionDefinitionWorkflow.DateChargement (DateTime) Required, 11], [Property: VersionDefinitionWorkflow.DefinitionWorkflowId (Guid) Required FK Index, 12], [Property: VersionDefinitionWorkflow.DeployePar (string) MaxLength(200), 13], [Property: VersionDefinitionWorkflow.HashVersion (string) Required Index MaxLength(64), 14] }
                      3 -> 9
                  SELECT d0.Id, d0.Actif, d0.ContenuYaml, d0.DateCreation, d0.DateModification, d0.Description, d0.Equipe, d0.HashVersion, d0.Nom, v1.Id, v1.ContenuYaml, v1.DateChargement, v1.DefinitionWorkflowId, v1.DeployePar, v1.HashVersion
                  FROM 
                  (
                      SELECT TOP(1) d.Id, d.Actif, d.ContenuYaml, d.DateCreation, d.DateModification, d.Description, d.Equipe, d.HashVersion, d.Nom
                      FROM DefinitionsWorkflow AS d
                      WHERE d.Id == @id
                  ) AS d0
                  LEFT JOIN 
                  (
                      SELECT v0.Id, v0.ContenuYaml, v0.DateChargement, v0.DefinitionWorkflowId, v0.DeployePar, v0.HashVersion
                      FROM 
                      (
                          SELECT v.Id, v.ContenuYaml, v.DateChargement, v.DefinitionWorkflowId, v.DeployePar, v.HashVersion, ROW_NUMBER() OVER(PARTITION BY v.DefinitionWorkflowId ORDER BY v.DateChargement DESC) AS row
                          FROM VersionsDefinitionWorkflow AS v
                      ) AS v0
                      WHERE v0.row <= 5
                  ) AS v1 ON d0.Id == v1.DefinitionWorkflowId
                  ORDER BY d0.Id ASC, v1.DefinitionWorkflowId ASC, v1.DateChargement DESC) | Resolver: c => new RelationalCommandCache(
                  c.Dependencies.MemoryCache, 
                  c.RelationalDependencies.QuerySqlGeneratorFactory, 
                  c.RelationalDependencies.RelationalParameterBasedSqlProcessorFactory, 
                  Client Projections:
                      0 -> Dictionary<IPropertyBase, int> { [Property: DefinitionWorkflow.Id (Guid) Required PK AfterSave:Throw ValueGenerated.OnAdd, 0], [Property: DefinitionWorkflow.Actif (bool) Required, 1], [Property: DefinitionWorkflow.ContenuYaml (string) Required, 2], [Property: DefinitionWorkflow.DateCreation (DateTime) Required, 3], [Property: DefinitionWorkflow.DateModification (DateTime) Required, 4], [Property: DefinitionWorkflow.Description (string), 5], [Property: DefinitionWorkflow.Equipe (string) MaxLength(100), 6], [Property: DefinitionWorkflow.HashVersion (string) Required Index MaxLength(64), 7], [Property: DefinitionWorkflow.Nom (string) Required Index MaxLength(200), 8] }
                      1 -> 0
                      2 -> Dictionary<IPropertyBase, int> { [Property: VersionDefinitionWorkflow.Id (Guid) Required PK AfterSave:Throw ValueGenerated.OnAdd, 9], [Property: VersionDefinitionWorkflow.ContenuYaml (string) Required, 10], [Property: VersionDefinitionWorkflow.DateChargement (DateTime) Required, 11], [Property: VersionDefinitionWorkflow.DefinitionWorkflowId (Guid) Required FK Index, 12], [Property: VersionDefinitionWorkflow.DeployePar (string) MaxLength(200), 13], [Property: VersionDefinitionWorkflow.HashVersion (string) Required Index MaxLength(64), 14] }
                      3 -> 9
                  SELECT d0.Id, d0.Actif, d0.ContenuYaml, d0.DateCreation, d0.DateModification, d0.Description, d0.Equipe, d0.HashVersion, d0.Nom, v1.Id, v1.ContenuYaml, v1.DateChargement, v1.DefinitionWorkflowId, v1.DeployePar, v1.HashVersion
                  FROM 
                  (
                      SELECT TOP(1) d.Id, d.Actif, d.ContenuYaml, d.DateCreation, d.DateModification, d.Description, d.Equipe, d.HashVersion, d.Nom
                      FROM DefinitionsWorkflow AS d
                      WHERE d.Id == @id
                  ) AS d0
                  LEFT JOIN 
                  (
                      SELECT v0.Id, v0.ContenuYaml, v0.DateChargement, v0.DefinitionWorkflowId, v0.DeployePar, v0.HashVersion
                      FROM 
                      (
                          SELECT v.Id, v.ContenuYaml, v.DateChargement, v.DefinitionWorkflowId, v.DeployePar, v.HashVersion, ROW_NUMBER() OVER(PARTITION BY v.DefinitionWorkflowId ORDER BY v.DateChargement DESC) AS row
                          FROM VersionsDefinitionWorkflow AS v
                      ) AS v0
                      WHERE v0.row <= 5
                  ) AS v1 ON d0.Id == v1.DefinitionWorkflowId
                  ORDER BY d0.Id ASC, v1.DefinitionWorkflowId ASC, v1.DateChargement DESC, 
                  False, 
                  MultipleParameters
              )].GetRelationalCommandTemplate(parameters), 
              readerColumns: null, 
              shaper: (queryContext, dataReader, resultContext, resultCoordinator) => 
              {
                  resultContext.Values == null ? 
                  {
                      DefinitionWorkflow entity;
                      entity = 
                      {
                          MaterializationContext materializationContext1;
                          IEntityType entityType1;
                          DefinitionWorkflow instance1;
                          InternalEntityEntry entry1;
                          bool hasNullKey1;
                          materializationContext1 = new MaterializationContext(
                              [LIFTABLE Constant: ValueBuffer | Resolver: _ => (object)ValueBuffer.Empty], 
                              queryContext.Context
                          );
                          instance1 = default(DefinitionWorkflow);
                          entry1 = queryContext.TryGetEntry(
                              key: [LIFTABLE Constant: Key: DefinitionWorkflow.Id PK | Resolver: c => c.Dependencies.Model.FindEntityType("OAM.Domain.Entities.DefinitionWorkflow").FindPrimaryKey()], 
                              keyValues: new object[]{ (object)dataReader.GetGuid(0) }, 
                              throwOnNullKey: True, 
                              hasNullKey: hasNullKey1);
                          !(hasNullKey1) ? entry1 != default(InternalEntityEntry) ? 
                          {
                              entityType1 = entry1.EntityType;
                              return instance1 = (DefinitionWorkflow)entry1.Entity;
                          } : 
                          {
                              ISnapshot shadowSnapshot1;
                              shadowSnapshot1 = [LIFTABLE Constant: Snapshot | Resolver: _ => Snapshot.Empty];
                              entityType1 = [LIFTABLE Constant: EntityType: DefinitionWorkflow | Resolver: namelessParameter{0} => namelessParameter{0}.Dependencies.Model.FindEntityType("OAM.Domain.Entities.DefinitionWorkflow")];
                              instance1 = switch (entityType1)
                              {
                                  case [LIFTABLE Constant: EntityType: DefinitionWorkflow | Resolver: namelessParameter{1} => namelessParameter{1}.Dependencies.Model.FindEntityType("OAM.Domain.Entities.DefinitionWorkflow")]: 
                                      {
                                          return 
                                          {
                                              DefinitionWorkflow instance;
                                              instance = new DefinitionWorkflow();
                                              instance.<Id>k__BackingField = dataReader.GetGuid(0);
                                              instance.<Actif>k__BackingField = dataReader.GetBoolean(1);
                                              instance.<ContenuYaml>k__BackingField = dataReader.GetString(2);
                                              instance.<DateCreation>k__BackingField = dataReader.GetDateTime(3);
                                              instance.<DateModification>k__BackingField = dataReader.GetDateTime(4);
                                              instance.<Description>k__BackingField = dataReader.IsDBNull(5) ? default(string) : dataReader.GetString(5);
                                              instance.<Equipe>k__BackingField = dataReader.IsDBNull(6) ? default(string) : dataReader.GetString(6);
                                              instance.<HashVersion>k__BackingField = dataReader.GetString(7);
                                              instance.<Nom>k__BackingField = dataReader.GetString(8);
                                              (instance is IInjectableService) ? ((IInjectableService)instance).Injected(
                                                  context: materializationContext1.Context, 
                                                  entity: instance, 
                                                  queryTrackingBehavior: TrackAll, 
                                                  structuralType: [LIFTABLE Constant: EntityType: DefinitionWorkflow | Resolver: namelessParameter{2} => namelessParameter{2}.Dependencies.Model.FindEntityType("OAM.Domain.Entities.DefinitionWorkflow")]) : default(void);
                                              return instance;
                                          }}
                                  default: 
                                      default(DefinitionWorkflow)
                              }
                              ;
                              entry1 = entityType1 == default(IEntityType) ? default(InternalEntityEntry) : queryContext.StartTracking(
                                  entityType: entityType1, 
                                  entity: instance1, 
                                  snapshot: shadowSnapshot1);
                              return instance1;
                          } : default(void);
                          return instance1;
                      };
                      resultContext.Values = new object[]{ entity };
                      ShaperProcessingExpressionVisitor.InitializeIncludeCollection<DefinitionWorkflow, DefinitionWorkflow>(
                          collectionId: 0, 
                          queryContext: queryContext, 
                          dbDataReader: dataReader, 
                          resultCoordinator: resultCoordinator, 
                          entity: (DefinitionWorkflow)(resultContext.Values[0]), 
                          parentIdentifier: [LIFTABLE Constant: Func<QueryContext, DbDataReader, object[]> | Resolver: _ => (queryContext, dataReader) => new object[]{ (object)(Guid?)dataReader.GetGuid(0) }], 
                          outerIdentifier: [LIFTABLE Constant: Func<QueryContext, DbDataReader, object[]> | Resolver: _ => (queryContext, dataReader) => new object[]{ (object)(Guid?)dataReader.GetGuid(0) }], 
                          navigation: [LIFTABLE Constant: Navigation: DefinitionWorkflow.Versions (ICollection<VersionDefinitionWorkflow>) Collection ToDependent VersionDefinitionWorkflow Inverse: DefinitionWorkflow | Resolver: namelessParameter{3} => namelessParameter{3}.Dependencies.Model.FindEntityType("OAM.Domain.Entities.DefinitionWorkflow").FindNavigation("Versions")], 
                          clrCollectionAccessor: [LIFTABLE Constant: ClrCollectionAccessor<DefinitionWorkflow, ICollection<VersionDefinitionWorkflow>, VersionDefinitionWorkflow> | Resolver: namelessParameter{4} => namelessParameter{4}.Dependencies.Model.FindEntityType("OAM.Domain.Entities.DefinitionWorkflow").FindNavigation("Versions").GetCollectionAccessor()], 
                          trackingQuery: True, 
                          setLoaded: True);
                  } : default(void);
                  ShaperProcessingExpressionVisitor.PopulateIncludeCollection<DefinitionWorkflow, VersionDefinitionWorkflow>(
                      collectionId: 0, 
                      queryContext: queryContext, 
                      dbDataReader: dataReader, 
                      resultCoordinator: resultCoordinator, 
                      parentIdentifier: [LIFTABLE Constant: Func<QueryContext, DbDataReader, object[]> | Resolver: _ => (queryContext, dataReader) => new object[]{ (object)(Guid?)dataReader.GetGuid(0) }], 
                      outerIdentifier: [LIFTABLE Constant: Func<QueryContext, DbDataReader, object[]> | Resolver: _ => (queryContext, dataReader) => new object[]{ (object)(Guid?)dataReader.GetGuid(0) }], 
                      selfIdentifier: [LIFTABLE Constant: Func<QueryContext, DbDataReader, object[]> | Resolver: _ => (queryContext, dataReader) => new object[]{ (object)dataReader.IsDBNull(9) ? default(Guid?) : (Guid?)dataReader.GetGuid(9) }], 
                      parentIdentifierValueComparers: [LIFTABLE Constant: Func<object, object, bool>[] { Func<object, object, bool> } | Resolver: _ => new Func<object, object, bool>[]{ (left, right) => left == null ? right == null : right != null && (Guid)left == (Guid)right }], 
                      outerIdentifierValueComparers: [LIFTABLE Constant: Func<object, object, bool>[] { Func<object, object, bool> } | Resolver: _ => new Func<object, object, bool>[]{ (left, right) => left == null ? right == null : right != null && (Guid)left == (Guid)right }], 
                      selfIdentifierValueComparers: [LIFTABLE Constant: Func<object, object, bool>[] { Func<object, object, bool> } | Resolver: _ => new Func<object, object, bool>[]{ (left, right) => left == null ? right == null : right != null && (Guid)left == (Guid)right }], 
                      innerShaper: (queryContext, dataReader, resultContext, resultCoordinator) => 
                      {
                          VersionDefinitionWorkflow entity;
                          entity = 
                          {
                              MaterializationContext materializationContext2;
                              IEntityType entityType2;
                              VersionDefinitionWorkflow instance2;
                              InternalEntityEntry entry2;
                              bool hasNullKey2;
                              materializationContext2 = new MaterializationContext(
                                  [LIFTABLE Constant: ValueBuffer | Resolver: _ => (object)ValueBuffer.Empty], 
                                  queryContext.Context
                              );
                              instance2 = default(VersionDefinitionWorkflow);
                              entry2 = queryContext.TryGetEntry(
                                  key: [LIFTABLE Constant: Key: VersionDefinitionWorkflow.Id PK | Resolver: c => c.Dependencies.Model.FindEntityType("OAM.Domain.Entities.VersionDefinitionWorkflow").FindPrimaryKey()], 
                                  keyValues: new object[]{ dataReader.IsDBNull(9) ? default(object) : (object)dataReader.GetGuid(9) }, 
                                  throwOnNullKey: False, 
                                  hasNullKey: hasNullKey2);
                              !(hasNullKey2) ? entry2 != default(InternalEntityEntry) ? 
                              {
                                  entityType2 = entry2.EntityType;
                                  return instance2 = (VersionDefinitionWorkflow)entry2.Entity;
                              } : 
                              {
                                  ISnapshot shadowSnapshot2;
                                  shadowSnapshot2 = [LIFTABLE Constant: Snapshot | Resolver: _ => Snapshot.Empty];
                                  entityType2 = [LIFTABLE Constant: EntityType: VersionDefinitionWorkflow | Resolver: namelessParameter{5} => namelessParameter{5}.Dependencies.Model.FindEntityType("OAM.Domain.Entities.VersionDefinitionWorkflow")];
                                  instance2 = switch (entityType2)
                                  {
                                      case [LIFTABLE Constant: EntityType: VersionDefinitionWorkflow | Resolver: namelessParameter{6} => namelessParameter{6}.Dependencies.Model.FindEntityType("OAM.Domain.Entities.VersionDefinitionWorkflow")]: 
                                          {
                                              return 
                                              {
                                                  VersionDefinitionWorkflow instance;
                                                  instance = new VersionDefinitionWorkflow();
                                                  instance.<Id>k__BackingField = dataReader.IsDBNull(9) ? default(Guid) : dataReader.GetGuid(9);
                                                  instance.<ContenuYaml>k__BackingField = dataReader.IsDBNull(10) ? default(string) : dataReader.GetString(10);
                                                  instance.<DateChargement>k__BackingField = dataReader.IsDBNull(11) ? default(DateTime) : dataReader.GetDateTime(11);
                                                  instance.<DefinitionWorkflowId>k__BackingField = dataReader.IsDBNull(12) ? default(Guid) : dataReader.GetGuid(12);
                                                  instance.<DeployePar>k__BackingField = dataReader.IsDBNull(13) ? default(string) : dataReader.GetString(13);
                                                  instance.<HashVersion>k__BackingField = dataReader.IsDBNull(14) ? default(string) : dataReader.GetString(14);
                                                  (instance is IInjectableService) ? ((IInjectableService)instance).Injected(
                                                      context: materializationContext2.Context, 
                                                      entity: instance, 
                                                      queryTrackingBehavior: TrackAll, 
                                                      structuralType: [LIFTABLE Constant: EntityType: VersionDefinitionWorkflow | Resolver: namelessParameter{7} => namelessParameter{7}.Dependencies.Model.FindEntityType("OAM.Domain.Entities.VersionDefinitionWorkflow")]) : default(void);
                                                  return instance;
                                              }}
                                      default: 
                                          default(VersionDefinitionWorkflow)
                                  }
                                  ;
                                  entry2 = entityType2 == default(IEntityType) ? default(InternalEntityEntry) : queryContext.StartTracking(
                                      entityType: entityType2, 
                                      entity: instance2, 
                                      snapshot: shadowSnapshot2);
                                  return instance2;
                              } : default(void);
                              return instance2;
                          };
                          return entity;
                      }, 
                      inverseNavigation: [LIFTABLE Constant: Navigation: VersionDefinitionWorkflow.DefinitionWorkflow (DefinitionWorkflow) Required ToPrincipal DefinitionWorkflow Inverse: Versions | Resolver: namelessParameter{8} => namelessParameter{8}.Dependencies.Model.FindEntityType("OAM.Domain.Entities.VersionDefinitionWorkflow").FindNavigation("DefinitionWorkflow")], 
                      fixup: (namelessParameter{9}, namelessParameter{10}) => 
                      {
                          [LIFTABLE Constant: ClrCollectionAccessor<DefinitionWorkflow, ICollection<VersionDefinitionWorkflow>, VersionDefinitionWorkflow> | Resolver: namelessParameter{11} => namelessParameter{11}.Dependencies.Model.FindEntityType("OAM.Domain.Entities.DefinitionWorkflow").FindNavigation("Versions").GetCollectionAccessor()].Add(
                              entity: namelessParameter{9}, 
                              value: namelessParameter{10}, 
                              forMaterialization: True);
                          return namelessParameter{10}.<DefinitionWorkflow>k__BackingField = namelessParameter{9};
                      }, 
                      trackingQuery: True);
                  return IsTrue(resultCoordinator.ResultReady)
                   ? (DefinitionWorkflow)(resultContext.Values[0]) : default(DefinitionWorkflow);
              }, 
              contextType: OAM.Infrastructure.Data.OamDbContext, 
              standAloneStateManager: False, 
              detailedErrorsEnabled: False, 
              threadSafetyChecksEnabled: True), 
          cancellationToken: queryContext.CancellationToken)'
dbug: Microsoft.EntityFrameworkCore.Database.Connection[20005]
      Creating DbConnection.
dbug: Microsoft.EntityFrameworkCore.Database.Connection[20006]
      Created DbConnection. (1ms).
dbug: Microsoft.EntityFrameworkCore.Database.Connection[20000]
      Opening connection to database 'main' on server 'oam_dev.db'.
dbug: Microsoft.EntityFrameworkCore.Database.Connection[20001]
      Opened connection to database 'main' on server 'C:\OAM\src\OAM.Api\oam_dev.db'.
dbug: Microsoft.EntityFrameworkCore.Database.Command[20103]
      Creating DbCommand for 'ExecuteReader'.
dbug: Microsoft.EntityFrameworkCore.Database.Command[20104]
      Created DbCommand for 'ExecuteReader' (1ms).
dbug: Microsoft.EntityFrameworkCore.Database.Command[20106]
      Initialized DbCommand for 'ExecuteReader' (2ms).
dbug: Microsoft.EntityFrameworkCore.Database.Command[20100]
      Executing DbCommand [Parameters=[@id='?' (DbType = Guid)], CommandType='Text', CommandTimeout='30']
      SELECT "d0"."Id", "d0"."Actif", "d0"."ContenuYaml", "d0"."DateCreation", "d0"."DateModification", "d0"."Description", "d0"."Equipe", "d0"."HashVersion", "d0"."Nom", "v1"."Id", "v1"."ContenuYaml", "v1"."DateChargement", "v1"."DefinitionWorkflowId", "v1"."DeployePar", "v1"."HashVersion"
      FROM (
          SELECT "d"."Id", "d"."Actif", "d"."ContenuYaml", "d"."DateCreation", "d"."DateModification", "d"."Description", "d"."Equipe", "d"."HashVersion", "d"."Nom"
          FROM "DefinitionsWorkflow" AS "d"
          WHERE "d"."Id" = @id
          LIMIT 1
      ) AS "d0"
      LEFT JOIN (
          SELECT "v0"."Id", "v0"."ContenuYaml", "v0"."DateChargement", "v0"."DefinitionWorkflowId", "v0"."DeployePar", "v0"."HashVersion"
          FROM (
              SELECT "v"."Id", "v"."ContenuYaml", "v"."DateChargement", "v"."DefinitionWorkflowId", "v"."DeployePar", "v"."HashVersion", ROW_NUMBER() OVER(PARTITION BY "v"."DefinitionWorkflowId" ORDER BY "v"."DateChargement" DESC) AS "row"
              FROM "VersionsDefinitionWorkflow" AS "v"
          ) AS "v0"
          WHERE "v0"."row" <= 5
      ) AS "v1" ON "d0"."Id" = "v1"."DefinitionWorkflowId"
      ORDER BY "d0"."Id", "v1"."DefinitionWorkflowId", "v1"."DateChargement" DESC
info: Microsoft.EntityFrameworkCore.Database.Command[20101]
      Executed DbCommand (2ms) [Parameters=[@id='?' (DbType = Guid)], CommandType='Text', CommandTimeout='30']
      SELECT "d0"."Id", "d0"."Actif", "d0"."ContenuYaml", "d0"."DateCreation", "d0"."DateModification", "d0"."Description", "d0"."Equipe", "d0"."HashVersion", "d0"."Nom", "v1"."Id", "v1"."ContenuYaml", "v1"."DateChargement", "v1"."DefinitionWorkflowId", "v1"."DeployePar", "v1"."HashVersion"
      FROM (
          SELECT "d"."Id", "d"."Actif", "d"."ContenuYaml", "d"."DateCreation", "d"."DateModification", "d"."Description", "d"."Equipe", "d"."HashVersion", "d"."Nom"
          FROM "DefinitionsWorkflow" AS "d"
          WHERE "d"."Id" = @id
          LIMIT 1
      ) AS "d0"
      LEFT JOIN (
          SELECT "v0"."Id", "v0"."ContenuYaml", "v0"."DateChargement", "v0"."DefinitionWorkflowId", "v0"."DeployePar", "v0"."HashVersion"
          FROM (
              SELECT "v"."Id", "v"."ContenuYaml", "v"."DateChargement", "v"."DefinitionWorkflowId", "v"."DeployePar", "v"."HashVersion", ROW_NUMBER() OVER(PARTITION BY "v"."DefinitionWorkflowId" ORDER BY "v"."DateChargement" DESC) AS "row"
              FROM "VersionsDefinitionWorkflow" AS "v"
          ) AS "v0"
          WHERE "v0"."row" <= 5
      ) AS "v1" ON "d0"."Id" = "v1"."DefinitionWorkflowId"
      ORDER BY "d0"."Id", "v1"."DefinitionWorkflowId", "v1"."DateChargement" DESC
dbug: Microsoft.EntityFrameworkCore.ChangeTracking[10806]
      Context 'OamDbContext' started tracking 'DefinitionWorkflow' entity. Consider using 'DbContextOptionsBuilder.EnableSensitiveDataLogging' to see key values.
dbug: Microsoft.EntityFrameworkCore.ChangeTracking[10806]
      Context 'OamDbContext' started tracking 'VersionDefinitionWorkflow' entity. Consider using 'DbContextOptionsBuilder.EnableSensitiveDataLogging' to see key values.
dbug: Microsoft.EntityFrameworkCore.ChangeTracking[10806]
      Context 'OamDbContext' started tracking 'VersionDefinitionWorkflow' entity. Consider using 'DbContextOptionsBuilder.EnableSensitiveDataLogging' to see key values.
dbug: Microsoft.EntityFrameworkCore.ChangeTracking[10806]
      Context 'OamDbContext' started tracking 'VersionDefinitionWorkflow' entity. Consider using 'DbContextOptionsBuilder.EnableSensitiveDataLogging' to see key values.
dbug: Microsoft.EntityFrameworkCore.ChangeTracking[10806]
      Context 'OamDbContext' started tracking 'VersionDefinitionWorkflow' entity. Consider using 'DbContextOptionsBuilder.EnableSensitiveDataLogging' to see key values.
dbug: Microsoft.EntityFrameworkCore.ChangeTracking[10806]
      Context 'OamDbContext' started tracking 'VersionDefinitionWorkflow' entity. Consider using 'DbContextOptionsBuilder.EnableSensitiveDataLogging' to see key values.
dbug: Microsoft.EntityFrameworkCore.Database.Command[20301]
      Closing data reader to 'main' on server 'C:\OAM\src\OAM.Api\oam_dev.db'.
dbug: Microsoft.EntityFrameworkCore.Database.Command[20300]
      A data reader for 'main' on server 'C:\OAM\src\OAM.Api\oam_dev.db' is being disposed after spending 22ms reading results.
dbug: Microsoft.EntityFrameworkCore.Database.Connection[20002]
      Closing connection to database 'main' on server 'C:\OAM\src\OAM.Api\oam_dev.db'.
dbug: Microsoft.EntityFrameworkCore.Database.Connection[20003]
      Closed connection to database 'main' on server 'oam_dev.db' (1ms).
dbug: Microsoft.EntityFrameworkCore.ChangeTracking[10805]
      The navigation 'InstanceWorkflow.DefinitionWorkflow' was detected as changed. Consider using 'DbContextOptionsBuilder.EnableSensitiveDataLogging' to see key values.
dbug: Microsoft.EntityFrameworkCore.ChangeTracking[10806]
      Context 'OamDbContext' started tracking 'InstanceWorkflow' entity. Consider using 'DbContextOptionsBuilder.EnableSensitiveDataLogging' to see key values.
dbug: Microsoft.EntityFrameworkCore.Update[10004]
      SaveChanges starting for 'OamDbContext'.
dbug: Microsoft.EntityFrameworkCore.ChangeTracking[10800]
      DetectChanges starting for 'OamDbContext'.
dbug: Microsoft.EntityFrameworkCore.ChangeTracking[10801]
      DetectChanges completed for 'OamDbContext'.
dbug: Microsoft.EntityFrameworkCore.Database.Connection[20000]
      Opening connection to database 'main' on server 'oam_dev.db'.
dbug: Microsoft.EntityFrameworkCore.Database.Connection[20001]
      Opened connection to database 'main' on server 'C:\OAM\src\OAM.Api\oam_dev.db'.
dbug: Microsoft.EntityFrameworkCore.Database.Command[20103]
      Creating DbCommand for 'ExecuteReader'.
dbug: Microsoft.EntityFrameworkCore.Database.Command[20104]
      Created DbCommand for 'ExecuteReader' (2ms).
dbug: Microsoft.EntityFrameworkCore.Database.Command[20106]
      Initialized DbCommand for 'ExecuteReader' (2ms).
dbug: Microsoft.EntityFrameworkCore.Database.Command[20100]
      Executing DbCommand [Parameters=[@p0='?' (DbType = Guid), @p1='?' (Size = 2), @p2='?' (Size = 32), @p3='?' (DbType = DateTime), @p4='?' (DbType = DateTime), @p5='?' (DbType = DateTime), @p6='?' (DbType = Guid), @p7='?', @p8='?', @p9='?' (Size = 7), @p10='?' (Size = 64)], CommandType='Text', CommandTimeout='30']
      INSERT INTO "InstancesWorkflow" ("Id", "ContexteExecution", "CorrelationId", "DateCreation", "DateDebut", "DateFin", "DefinitionWorkflowId", "DonneesEntree", "Erreur", "Etat", "HashVersionConfig")
      VALUES (@p0, @p1, @p2, @p3, @p4, @p5, @p6, @p7, @p8, @p9, @p10);
info: Microsoft.EntityFrameworkCore.Database.Command[20101]
      Executed DbCommand (5ms) [Parameters=[@p0='?' (DbType = Guid), @p1='?' (Size = 2), @p2='?' (Size = 32), @p3='?' (DbType = DateTime), @p4='?' (DbType = DateTime), @p5='?' (DbType = DateTime), @p6='?' (DbType = Guid), @p7='?', @p8='?', @p9='?' (Size = 7), @p10='?' (Size = 64)], CommandType='Text', CommandTimeout='30']
      INSERT INTO "InstancesWorkflow" ("Id", "ContexteExecution", "CorrelationId", "DateCreation", "DateDebut", "DateFin", "DefinitionWorkflowId", "DonneesEntree", "Erreur", "Etat", "HashVersionConfig")
      VALUES (@p0, @p1, @p2, @p3, @p4, @p5, @p6, @p7, @p8, @p9, @p10);
dbug: Microsoft.EntityFrameworkCore.Database.Command[20301]
      Closing data reader to 'main' on server 'C:\OAM\src\OAM.Api\oam_dev.db'.
dbug: Microsoft.EntityFrameworkCore.Database.Command[20300]
      A data reader for 'main' on server 'C:\OAM\src\OAM.Api\oam_dev.db' is being disposed after spending 2ms reading results.
dbug: Microsoft.EntityFrameworkCore.Database.Connection[20002]
      Closing connection to database 'main' on server 'C:\OAM\src\OAM.Api\oam_dev.db'.
dbug: Microsoft.EntityFrameworkCore.Database.Connection[20003]
      Closed connection to database 'main' on server 'oam_dev.db' (1ms).
dbug: Microsoft.EntityFrameworkCore.ChangeTracking[10807]
      An entity of type 'InstanceWorkflow' tracked by 'OamDbContext' changed state from 'Added' to 'Unchanged'. Consider using 'DbContextOptionsBuilder.EnableSensitiveDataLogging' to see key values.
dbug: Microsoft.EntityFrameworkCore.Update[10005]
      SaveChanges completed for 'OamDbContext' with 1 entities written to the database.
info: OAM.Workflow.Core.Engine.MoteurWorkflow[0]
      Workflow TraitementRendezVous démarré: Instance=4446cfc8-38a5-487d-b9ce-a2b82ab9ada4 [CorrelationId=68fc9a2127464ec6b4508d639e07a698]
dbug: Microsoft.EntityFrameworkCore.ChangeTracking[10805]
      The navigation 'ExecutionTache.InstanceWorkflow' was detected as changed. Consider using 'DbContextOptionsBuilder.EnableSensitiveDataLogging' to see key values.
dbug: Microsoft.EntityFrameworkCore.ChangeTracking[10806]
      Context 'OamDbContext' started tracking 'ExecutionTache' entity. Consider using 'DbContextOptionsBuilder.EnableSensitiveDataLogging' to see key values.
dbug: Microsoft.EntityFrameworkCore.Update[10004]
      SaveChanges starting for 'OamDbContext'.
dbug: Microsoft.EntityFrameworkCore.ChangeTracking[10800]
      DetectChanges starting for 'OamDbContext'.
dbug: Microsoft.EntityFrameworkCore.ChangeTracking[10804]
      1 entities were added and 0 entities were removed from navigation 'InstanceWorkflow.Taches'. Consider using 'DbContextOptionsBuilder.EnableSensitiveDataLogging' to see key values.
dbug: Microsoft.EntityFrameworkCore.ChangeTracking[10801]
      DetectChanges completed for 'OamDbContext'.
dbug: Microsoft.EntityFrameworkCore.Database.Connection[20000]
      Opening connection to database 'main' on server 'oam_dev.db'.
dbug: Microsoft.EntityFrameworkCore.Database.Connection[20001]
      Opened connection to database 'main' on server 'C:\OAM\src\OAM.Api\oam_dev.db'.
dbug: Microsoft.EntityFrameworkCore.Database.Command[20103]
      Creating DbCommand for 'ExecuteReader'.
dbug: Microsoft.EntityFrameworkCore.Database.Command[20104]
      Created DbCommand for 'ExecuteReader' (1ms).
dbug: Microsoft.EntityFrameworkCore.Database.Command[20106]
      Initialized DbCommand for 'ExecuteReader' (2ms).
dbug: Microsoft.EntityFrameworkCore.Database.Command[20100]
      Executing DbCommand [Parameters=[@p0='?' (DbType = Guid), @p1='?' (DbType = DateTime), @p2='?' (DbType = DateTime), @p3='?', @p4='?', @p5='?', @p6='?' (Size = 9), @p7='?' (DbType = Guid), @p8='?' (Size = 20), @p9='?' (DbType = Int32), @p10='?' (DbType = Int32), @p11='?' (Size = 4)], CommandType='Text', CommandTimeout='30']
      INSERT INTO "ExecutionsTache" ("Id", "DateDebut", "DateFin", "DonneesEntree", "DonneesSortie", "Erreur", "Etat", "InstanceWorkflowId", "NomTache", "NombreTentatives", "Ordre", "TypeConnecteur")
      VALUES (@p0, @p1, @p2, @p3, @p4, @p5, @p6, @p7, @p8, @p9, @p10, @p11);
info: Microsoft.EntityFrameworkCore.Database.Command[20101]
      Executed DbCommand (5ms) [Parameters=[@p0='?' (DbType = Guid), @p1='?' (DbType = DateTime), @p2='?' (DbType = DateTime), @p3='?', @p4='?', @p5='?', @p6='?' (Size = 9), @p7='?' (DbType = Guid), @p8='?' (Size = 20), @p9='?' (DbType = Int32), @p10='?' (DbType = Int32), @p11='?' (Size = 4)], CommandType='Text', CommandTimeout='30']
      INSERT INTO "ExecutionsTache" ("Id", "DateDebut", "DateFin", "DonneesEntree", "DonneesSortie", "Erreur", "Etat", "InstanceWorkflowId", "NomTache", "NombreTentatives", "Ordre", "TypeConnecteur")
      VALUES (@p0, @p1, @p2, @p3, @p4, @p5, @p6, @p7, @p8, @p9, @p10, @p11);
dbug: Microsoft.EntityFrameworkCore.Database.Command[20301]
      Closing data reader to 'main' on server 'C:\OAM\src\OAM.Api\oam_dev.db'.
dbug: Microsoft.EntityFrameworkCore.Database.Command[20300]
      A data reader for 'main' on server 'C:\OAM\src\OAM.Api\oam_dev.db' is being disposed after spending 1ms reading results.
dbug: Microsoft.EntityFrameworkCore.Database.Connection[20002]
      Closing connection to database 'main' on server 'C:\OAM\src\OAM.Api\oam_dev.db'.
dbug: Microsoft.EntityFrameworkCore.Database.Connection[20003]
      Closed connection to database 'main' on server 'oam_dev.db' (1ms).
dbug: Microsoft.EntityFrameworkCore.ChangeTracking[10807]
      An entity of type 'ExecutionTache' tracked by 'OamDbContext' changed state from 'Added' to 'Unchanged'. Consider using 'DbContextOptionsBuilder.EnableSensitiveDataLogging' to see key values.
dbug: Microsoft.EntityFrameworkCore.Update[10005]
      SaveChanges completed for 'OamDbContext' with 1 entities written to the database.
dbug: Microsoft.EntityFrameworkCore.ChangeTracking[10807]
      An entity of type 'ExecutionTache' tracked by 'OamDbContext' changed state from 'Unchanged' to 'Modified'. Consider using 'DbContextOptionsBuilder.EnableSensitiveDataLogging' to see key values.
dbug: Microsoft.EntityFrameworkCore.Update[10004]
      SaveChanges starting for 'OamDbContext'.
dbug: Microsoft.EntityFrameworkCore.ChangeTracking[10800]
      DetectChanges starting for 'OamDbContext'.
dbug: Microsoft.EntityFrameworkCore.ChangeTracking[10801]
      DetectChanges completed for 'OamDbContext'.
dbug: Microsoft.EntityFrameworkCore.Database.Connection[20000]
      Opening connection to database 'main' on server 'oam_dev.db'.
dbug: Microsoft.EntityFrameworkCore.Database.Connection[20001]
      Opened connection to database 'main' on server 'C:\OAM\src\OAM.Api\oam_dev.db'.
dbug: Microsoft.EntityFrameworkCore.Database.Command[20103]
      Creating DbCommand for 'ExecuteReader'.
dbug: Microsoft.EntityFrameworkCore.Database.Command[20104]
      Created DbCommand for 'ExecuteReader' (1ms).
dbug: Microsoft.EntityFrameworkCore.Database.Command[20106]
      Initialized DbCommand for 'ExecuteReader' (2ms).
dbug: Microsoft.EntityFrameworkCore.Database.Command[20100]
      Executing DbCommand [Parameters=[@p11='?' (DbType = Guid), @p0='?' (DbType = DateTime), @p1='?' (DbType = DateTime), @p2='?', @p3='?', @p4='?', @p5='?' (Size = 7), @p6='?' (DbType = Guid), @p7='?' (Size = 20), @p8='?' (DbType = Int32), @p9='?' (DbType = Int32), @p10='?' (Size = 4)], CommandType='Text', CommandTimeout='30']
      UPDATE "ExecutionsTache" SET "DateDebut" = @p0, "DateFin" = @p1, "DonneesEntree" = @p2, "DonneesSortie" = @p3, "Erreur" = @p4, "Etat" = @p5, "InstanceWorkflowId" = @p6, "NomTache" = @p7, "NombreTentatives" = @p8, "Ordre" = @p9, "TypeConnecteur" = @p10
      WHERE "Id" = @p11
      RETURNING 1;
info: Microsoft.EntityFrameworkCore.Database.Command[20101]
      Executed DbCommand (1ms) [Parameters=[@p11='?' (DbType = Guid), @p0='?' (DbType = DateTime), @p1='?' (DbType = DateTime), @p2='?', @p3='?', @p4='?', @p5='?' (Size = 7), @p6='?' (DbType = Guid), @p7='?' (Size = 20), @p8='?' (DbType = Int32), @p9='?' (DbType = Int32), @p10='?' (Size = 4)], CommandType='Text', CommandTimeout='30']
      UPDATE "ExecutionsTache" SET "DateDebut" = @p0, "DateFin" = @p1, "DonneesEntree" = @p2, "DonneesSortie" = @p3, "Erreur" = @p4, "Etat" = @p5, "InstanceWorkflowId" = @p6, "NomTache" = @p7, "NombreTentatives" = @p8, "Ordre" = @p9, "TypeConnecteur" = @p10
      WHERE "Id" = @p11
      RETURNING 1;
dbug: Microsoft.EntityFrameworkCore.Database.Command[20301]
      Closing data reader to 'main' on server 'C:\OAM\src\OAM.Api\oam_dev.db'.
dbug: Microsoft.EntityFrameworkCore.Database.Command[20300]
      A data reader for 'main' on server 'C:\OAM\src\OAM.Api\oam_dev.db' is being disposed after spending 4ms reading results.
dbug: Microsoft.EntityFrameworkCore.Database.Connection[20002]
      Closing connection to database 'main' on server 'C:\OAM\src\OAM.Api\oam_dev.db'.
dbug: Microsoft.EntityFrameworkCore.Database.Connection[20003]
      Closed connection to database 'main' on server 'oam_dev.db' (1ms).
dbug: Microsoft.EntityFrameworkCore.ChangeTracking[10807]
      An entity of type 'ExecutionTache' tracked by 'OamDbContext' changed state from 'Modified' to 'Unchanged'. Consider using 'DbContextOptionsBuilder.EnableSensitiveDataLogging' to see key values.
dbug: Microsoft.EntityFrameworkCore.Update[10005]
      SaveChanges completed for 'OamDbContext' with 1 entities written to the database.
info: OAM.Workflow.Core.Connecteurs.MockConnecteur[0]
      Mock rechercherRendezVousMock résolu pour tâche Rechercher le rendez-vous [CorrelationId=68fc9a2127464ec6b4508d639e07a698]
dbug: Microsoft.EntityFrameworkCore.ChangeTracking[10807]
      An entity of type 'ExecutionTache' tracked by 'OamDbContext' changed state from 'Unchanged' to 'Modified'. Consider using 'DbContextOptionsBuilder.EnableSensitiveDataLogging' to see key values.
dbug: Microsoft.EntityFrameworkCore.Update[10004]
      SaveChanges starting for 'OamDbContext'.
dbug: Microsoft.EntityFrameworkCore.ChangeTracking[10800]
      DetectChanges starting for 'OamDbContext'.
dbug: Microsoft.EntityFrameworkCore.ChangeTracking[10801]
      DetectChanges completed for 'OamDbContext'.
dbug: Microsoft.EntityFrameworkCore.Database.Connection[20000]
      Opening connection to database 'main' on server 'oam_dev.db'.
dbug: Microsoft.EntityFrameworkCore.Database.Connection[20001]
      Opened connection to database 'main' on server 'C:\OAM\src\OAM.Api\oam_dev.db'.
dbug: Microsoft.EntityFrameworkCore.Database.Command[20103]
      Creating DbCommand for 'ExecuteReader'.
dbug: Microsoft.EntityFrameworkCore.Database.Command[20104]
      Created DbCommand for 'ExecuteReader' (1ms).
dbug: Microsoft.EntityFrameworkCore.Database.Command[20106]
      Initialized DbCommand for 'ExecuteReader' (2ms).
dbug: Microsoft.EntityFrameworkCore.Database.Command[20100]
      Executing DbCommand [Parameters=[@p11='?' (DbType = Guid), @p0='?' (DbType = DateTime), @p1='?' (DbType = DateTime), @p2='?' (Size = 87), @p3='?' (Size = 129), @p4='?', @p5='?' (Size = 7), @p6='?' (DbType = Guid), @p7='?' (Size = 20), @p8='?' (DbType = Int32), @p9='?' (DbType = Int32), @p10='?' (Size = 4)], CommandType='Text', CommandTimeout='30']
      UPDATE "ExecutionsTache" SET "DateDebut" = @p0, "DateFin" = @p1, "DonneesEntree" = @p2, "DonneesSortie" = @p3, "Erreur" = @p4, "Etat" = @p5, "InstanceWorkflowId" = @p6, "NomTache" = @p7, "NombreTentatives" = @p8, "Ordre" = @p9, "TypeConnecteur" = @p10
      WHERE "Id" = @p11
      RETURNING 1;
info: Microsoft.EntityFrameworkCore.Database.Command[20101]
      Executed DbCommand (1ms) [Parameters=[@p11='?' (DbType = Guid), @p0='?' (DbType = DateTime), @p1='?' (DbType = DateTime), @p2='?' (Size = 87), @p3='?' (Size = 129), @p4='?', @p5='?' (Size = 7), @p6='?' (DbType = Guid), @p7='?' (Size = 20), @p8='?' (DbType = Int32), @p9='?' (DbType = Int32), @p10='?' (Size = 4)], CommandType='Text', CommandTimeout='30']
      UPDATE "ExecutionsTache" SET "DateDebut" = @p0, "DateFin" = @p1, "DonneesEntree" = @p2, "DonneesSortie" = @p3, "Erreur" = @p4, "Etat" = @p5, "InstanceWorkflowId" = @p6, "NomTache" = @p7, "NombreTentatives" = @p8, "Ordre" = @p9, "TypeConnecteur" = @p10
      WHERE "Id" = @p11
      RETURNING 1;
dbug: Microsoft.EntityFrameworkCore.Database.Command[20301]
      Closing data reader to 'main' on server 'C:\OAM\src\OAM.Api\oam_dev.db'.
dbug: Microsoft.EntityFrameworkCore.Database.Command[20300]
      A data reader for 'main' on server 'C:\OAM\src\OAM.Api\oam_dev.db' is being disposed after spending 2ms reading results.
dbug: Microsoft.EntityFrameworkCore.Database.Connection[20002]
      Closing connection to database 'main' on server 'C:\OAM\src\OAM.Api\oam_dev.db'.
dbug: Microsoft.EntityFrameworkCore.Database.Connection[20003]
      Closed connection to database 'main' on server 'oam_dev.db' (1ms).
dbug: Microsoft.EntityFrameworkCore.ChangeTracking[10807]
      An entity of type 'ExecutionTache' tracked by 'OamDbContext' changed state from 'Modified' to 'Unchanged'. Consider using 'DbContextOptionsBuilder.EnableSensitiveDataLogging' to see key values.
dbug: Microsoft.EntityFrameworkCore.Update[10005]
      SaveChanges completed for 'OamDbContext' with 1 entities written to the database.
dbug: Microsoft.EntityFrameworkCore.ChangeTracking[10807]
      An entity of type 'InstanceWorkflow' tracked by 'OamDbContext' changed state from 'Unchanged' to 'Modified'. Consider using 'DbContextOptionsBuilder.EnableSensitiveDataLogging' to see key values.
dbug: Microsoft.EntityFrameworkCore.Update[10004]
      SaveChanges starting for 'OamDbContext'.
dbug: Microsoft.EntityFrameworkCore.ChangeTracking[10800]
      DetectChanges starting for 'OamDbContext'.
dbug: Microsoft.EntityFrameworkCore.ChangeTracking[10801]
      DetectChanges completed for 'OamDbContext'.
dbug: Microsoft.EntityFrameworkCore.Database.Connection[20000]
      Opening connection to database 'main' on server 'oam_dev.db'.
dbug: Microsoft.EntityFrameworkCore.Database.Connection[20001]
      Opened connection to database 'main' on server 'C:\OAM\src\OAM.Api\oam_dev.db'.
dbug: Microsoft.EntityFrameworkCore.Database.Command[20103]
      Creating DbCommand for 'ExecuteReader'.
dbug: Microsoft.EntityFrameworkCore.Database.Command[20104]
      Created DbCommand for 'ExecuteReader' (0ms).
dbug: Microsoft.EntityFrameworkCore.Database.Command[20106]
      Initialized DbCommand for 'ExecuteReader' (2ms).
dbug: Microsoft.EntityFrameworkCore.Database.Command[20100]
      Executing DbCommand [Parameters=[@p10='?' (DbType = Guid), @p0='?' (Size = 243), @p1='?' (Size = 32), @p2='?' (DbType = DateTime), @p3='?' (DbType = DateTime), @p4='?' (DbType = DateTime), @p5='?' (DbType = Guid), @p6='?', @p7='?', @p8='?' (Size = 7), @p9='?' (Size = 64)], CommandType='Text', CommandTimeout='30']
      UPDATE "InstancesWorkflow" SET "ContexteExecution" = @p0, "CorrelationId" = @p1, "DateCreation" = @p2, "DateDebut" = @p3, "DateFin" = @p4, "DefinitionWorkflowId" = @p5, "DonneesEntree" = @p6, "Erreur" = @p7, "Etat" = @p8, "HashVersionConfig" = @p9
      WHERE "Id" = @p10
      RETURNING 1;
info: Microsoft.EntityFrameworkCore.Database.Command[20101]
      Executed DbCommand (1ms) [Parameters=[@p10='?' (DbType = Guid), @p0='?' (Size = 243), @p1='?' (Size = 32), @p2='?' (DbType = DateTime), @p3='?' (DbType = DateTime), @p4='?' (DbType = DateTime), @p5='?' (DbType = Guid), @p6='?', @p7='?', @p8='?' (Size = 7), @p9='?' (Size = 64)], CommandType='Text', CommandTimeout='30']
      UPDATE "InstancesWorkflow" SET "ContexteExecution" = @p0, "CorrelationId" = @p1, "DateCreation" = @p2, "DateDebut" = @p3, "DateFin" = @p4, "DefinitionWorkflowId" = @p5, "DonneesEntree" = @p6, "Erreur" = @p7, "Etat" = @p8, "HashVersionConfig" = @p9
      WHERE "Id" = @p10
      RETURNING 1;
dbug: Microsoft.EntityFrameworkCore.Database.Command[20301]
      Closing data reader to 'main' on server 'C:\OAM\src\OAM.Api\oam_dev.db'.
dbug: Microsoft.EntityFrameworkCore.Database.Command[20300]
      A data reader for 'main' on server 'C:\OAM\src\OAM.Api\oam_dev.db' is being disposed after spending 3ms reading results.
dbug: Microsoft.EntityFrameworkCore.Database.Connection[20002]
      Closing connection to database 'main' on server 'C:\OAM\src\OAM.Api\oam_dev.db'.
dbug: Microsoft.EntityFrameworkCore.Database.Connection[20003]
      Closed connection to database 'main' on server 'oam_dev.db' (1ms).
dbug: Microsoft.EntityFrameworkCore.ChangeTracking[10807]
      An entity of type 'InstanceWorkflow' tracked by 'OamDbContext' changed state from 'Modified' to 'Unchanged'. Consider using 'DbContextOptionsBuilder.EnableSensitiveDataLogging' to see key values.
dbug: Microsoft.EntityFrameworkCore.Update[10005]
      SaveChanges completed for 'OamDbContext' with 1 entities written to the database.
dbug: Microsoft.EntityFrameworkCore.ChangeTracking[10805]
      The navigation 'ExecutionTache.InstanceWorkflow' was detected as changed. Consider using 'DbContextOptionsBuilder.EnableSensitiveDataLogging' to see key values.
dbug: Microsoft.EntityFrameworkCore.ChangeTracking[10806]
      Context 'OamDbContext' started tracking 'ExecutionTache' entity. Consider using 'DbContextOptionsBuilder.EnableSensitiveDataLogging' to see key values.
dbug: Microsoft.EntityFrameworkCore.Update[10004]
      SaveChanges starting for 'OamDbContext'.
dbug: Microsoft.EntityFrameworkCore.ChangeTracking[10800]
      DetectChanges starting for 'OamDbContext'.
dbug: Microsoft.EntityFrameworkCore.ChangeTracking[10804]
      1 entities were added and 0 entities were removed from navigation 'InstanceWorkflow.Taches'. Consider using 'DbContextOptionsBuilder.EnableSensitiveDataLogging' to see key values.
dbug: Microsoft.EntityFrameworkCore.ChangeTracking[10801]
      DetectChanges completed for 'OamDbContext'.
dbug: Microsoft.EntityFrameworkCore.Database.Connection[20000]
      Opening connection to database 'main' on server 'oam_dev.db'.
dbug: Microsoft.EntityFrameworkCore.Database.Connection[20001]
      Opened connection to database 'main' on server 'C:\OAM\src\OAM.Api\oam_dev.db'.
dbug: Microsoft.EntityFrameworkCore.Database.Command[20103]
      Creating DbCommand for 'ExecuteReader'.
dbug: Microsoft.EntityFrameworkCore.Database.Command[20104]
      Created DbCommand for 'ExecuteReader' (1ms).
dbug: Microsoft.EntityFrameworkCore.Database.Command[20106]
      Initialized DbCommand for 'ExecuteReader' (2ms).
dbug: Microsoft.EntityFrameworkCore.Database.Command[20100]
      Executing DbCommand [Parameters=[@p0='?' (DbType = Guid), @p1='?' (DbType = DateTime), @p2='?' (DbType = DateTime), @p3='?', @p4='?', @p5='?', @p6='?' (Size = 9), @p7='?' (DbType = Guid), @p8='?' (Size = 17), @p9='?' (DbType = Int32), @p10='?' (DbType = Int32), @p11='?' (Size = 9)], CommandType='Text', CommandTimeout='30']
      INSERT INTO "ExecutionsTache" ("Id", "DateDebut", "DateFin", "DonneesEntree", "DonneesSortie", "Erreur", "Etat", "InstanceWorkflowId", "NomTache", "NombreTentatives", "Ordre", "TypeConnecteur")
      VALUES (@p0, @p1, @p2, @p3, @p4, @p5, @p6, @p7, @p8, @p9, @p10, @p11);
info: Microsoft.EntityFrameworkCore.Database.Command[20101]
      Executed DbCommand (3ms) [Parameters=[@p0='?' (DbType = Guid), @p1='?' (DbType = DateTime), @p2='?' (DbType = DateTime), @p3='?', @p4='?', @p5='?', @p6='?' (Size = 9), @p7='?' (DbType = Guid), @p8='?' (Size = 17), @p9='?' (DbType = Int32), @p10='?' (DbType = Int32), @p11='?' (Size = 9)], CommandType='Text', CommandTimeout='30']
      INSERT INTO "ExecutionsTache" ("Id", "DateDebut", "DateFin", "DonneesEntree", "DonneesSortie", "Erreur", "Etat", "InstanceWorkflowId", "NomTache", "NombreTentatives", "Ordre", "TypeConnecteur")
      VALUES (@p0, @p1, @p2, @p3, @p4, @p5, @p6, @p7, @p8, @p9, @p10, @p11);
dbug: Microsoft.EntityFrameworkCore.Database.Command[20301]
      Closing data reader to 'main' on server 'C:\OAM\src\OAM.Api\oam_dev.db'.
dbug: Microsoft.EntityFrameworkCore.Database.Command[20300]
      A data reader for 'main' on server 'C:\OAM\src\OAM.Api\oam_dev.db' is being disposed after spending 1ms reading results.
dbug: Microsoft.EntityFrameworkCore.Database.Connection[20002]
      Closing connection to database 'main' on server 'C:\OAM\src\OAM.Api\oam_dev.db'.
dbug: Microsoft.EntityFrameworkCore.Database.Connection[20003]
      Closed connection to database 'main' on server 'oam_dev.db' (1ms).
dbug: Microsoft.EntityFrameworkCore.ChangeTracking[10807]
      An entity of type 'ExecutionTache' tracked by 'OamDbContext' changed state from 'Added' to 'Unchanged'. Consider using 'DbContextOptionsBuilder.EnableSensitiveDataLogging' to see key values.
dbug: Microsoft.EntityFrameworkCore.Update[10005]
      SaveChanges completed for 'OamDbContext' with 1 entities written to the database.
dbug: Microsoft.EntityFrameworkCore.ChangeTracking[10807]
      An entity of type 'ExecutionTache' tracked by 'OamDbContext' changed state from 'Unchanged' to 'Modified'. Consider using 'DbContextOptionsBuilder.EnableSensitiveDataLogging' to see key values.
dbug: Microsoft.EntityFrameworkCore.Update[10004]
      SaveChanges starting for 'OamDbContext'.
dbug: Microsoft.EntityFrameworkCore.ChangeTracking[10800]
      DetectChanges starting for 'OamDbContext'.
dbug: Microsoft.EntityFrameworkCore.ChangeTracking[10801]
      DetectChanges completed for 'OamDbContext'.
dbug: Microsoft.EntityFrameworkCore.Database.Connection[20000]
      Opening connection to database 'main' on server 'oam_dev.db'.
dbug: Microsoft.EntityFrameworkCore.Database.Connection[20001]
      Opened connection to database 'main' on server 'C:\OAM\src\OAM.Api\oam_dev.db'.
dbug: Microsoft.EntityFrameworkCore.Database.Command[20103]
      Creating DbCommand for 'ExecuteReader'.
dbug: Microsoft.EntityFrameworkCore.Database.Command[20104]
      Created DbCommand for 'ExecuteReader' (1ms).
dbug: Microsoft.EntityFrameworkCore.Database.Command[20106]
      Initialized DbCommand for 'ExecuteReader' (2ms).
dbug: Microsoft.EntityFrameworkCore.Database.Command[20100]
      Executing DbCommand [Parameters=[@p11='?' (DbType = Guid), @p0='?' (DbType = DateTime), @p1='?' (DbType = DateTime), @p2='?', @p3='?', @p4='?', @p5='?' (Size = 7), @p6='?' (DbType = Guid), @p7='?' (Size = 17), @p8='?' (DbType = Int32), @p9='?' (DbType = Int32), @p10='?' (Size = 9)], CommandType='Text', CommandTimeout='30']
      UPDATE "ExecutionsTache" SET "DateDebut" = @p0, "DateFin" = @p1, "DonneesEntree" = @p2, "DonneesSortie" = @p3, "Erreur" = @p4, "Etat" = @p5, "InstanceWorkflowId" = @p6, "NomTache" = @p7, "NombreTentatives" = @p8, "Ordre" = @p9, "TypeConnecteur" = @p10
      WHERE "Id" = @p11
      RETURNING 1;
info: Microsoft.EntityFrameworkCore.Database.Command[20101]
      Executed DbCommand (1ms) [Parameters=[@p11='?' (DbType = Guid), @p0='?' (DbType = DateTime), @p1='?' (DbType = DateTime), @p2='?', @p3='?', @p4='?', @p5='?' (Size = 7), @p6='?' (DbType = Guid), @p7='?' (Size = 17), @p8='?' (DbType = Int32), @p9='?' (DbType = Int32), @p10='?' (Size = 9)], CommandType='Text', CommandTimeout='30']
      UPDATE "ExecutionsTache" SET "DateDebut" = @p0, "DateFin" = @p1, "DonneesEntree" = @p2, "DonneesSortie" = @p3, "Erreur" = @p4, "Etat" = @p5, "InstanceWorkflowId" = @p6, "NomTache" = @p7, "NombreTentatives" = @p8, "Ordre" = @p9, "TypeConnecteur" = @p10
      WHERE "Id" = @p11
      RETURNING 1;
dbug: Microsoft.EntityFrameworkCore.Database.Command[20301]
      Closing data reader to 'main' on server 'C:\OAM\src\OAM.Api\oam_dev.db'.
dbug: Microsoft.EntityFrameworkCore.Database.Command[20300]
      A data reader for 'main' on server 'C:\OAM\src\OAM.Api\oam_dev.db' is being disposed after spending 3ms reading results.
dbug: Microsoft.EntityFrameworkCore.Database.Connection[20002]
      Closing connection to database 'main' on server 'C:\OAM\src\OAM.Api\oam_dev.db'.
dbug: Microsoft.EntityFrameworkCore.Database.Connection[20003]
      Closed connection to database 'main' on server 'oam_dev.db' (1ms).
dbug: Microsoft.EntityFrameworkCore.ChangeTracking[10807]
      An entity of type 'ExecutionTache' tracked by 'OamDbContext' changed state from 'Modified' to 'Unchanged'. Consider using 'DbContextOptionsBuilder.EnableSensitiveDataLogging' to see key values.
dbug: Microsoft.EntityFrameworkCore.Update[10005]
      SaveChanges completed for 'OamDbContext' with 1 entities written to the database.
info: OAM.Workflow.Core.Connecteurs.ConditionConnecteur[0]
      Condition évaluée pour Valider les donnees du rendez-vous: RDV-001 = False [CorrelationId=68fc9a2127464ec6b4508d639e07a698]
dbug: Microsoft.EntityFrameworkCore.ChangeTracking[10807]
      An entity of type 'ExecutionTache' tracked by 'OamDbContext' changed state from 'Unchanged' to 'Modified'. Consider using 'DbContextOptionsBuilder.EnableSensitiveDataLogging' to see key values.
dbug: Microsoft.EntityFrameworkCore.Update[10004]
      SaveChanges starting for 'OamDbContext'.
dbug: Microsoft.EntityFrameworkCore.ChangeTracking[10800]
      DetectChanges starting for 'OamDbContext'.
dbug: Microsoft.EntityFrameworkCore.ChangeTracking[10801]
      DetectChanges completed for 'OamDbContext'.
dbug: Microsoft.EntityFrameworkCore.Database.Connection[20000]
      Opening connection to database 'main' on server 'oam_dev.db'.
dbug: Microsoft.EntityFrameworkCore.Database.Connection[20001]
      Opened connection to database 'main' on server 'C:\OAM\src\OAM.Api\oam_dev.db'.
dbug: Microsoft.EntityFrameworkCore.Database.Command[20103]
      Creating DbCommand for 'ExecuteReader'.
dbug: Microsoft.EntityFrameworkCore.Database.Command[20104]
      Created DbCommand for 'ExecuteReader' (1ms).
dbug: Microsoft.EntityFrameworkCore.Database.Command[20106]
      Initialized DbCommand for 'ExecuteReader' (2ms).
dbug: Microsoft.EntityFrameworkCore.Database.Command[20100]
      Executing DbCommand [Parameters=[@p11='?' (DbType = Guid), @p0='?' (DbType = DateTime), @p1='?' (DbType = DateTime), @p2='?' (Size = 24), @p3='?' (Size = 5), @p4='?', @p5='?' (Size = 7), @p6='?' (DbType = Guid), @p7='?' (Size = 17), @p8='?' (DbType = Int32), @p9='?' (DbType = Int32), @p10='?' (Size = 9)], CommandType='Text', CommandTimeout='30']
      UPDATE "ExecutionsTache" SET "DateDebut" = @p0, "DateFin" = @p1, "DonneesEntree" = @p2, "DonneesSortie" = @p3, "Erreur" = @p4, "Etat" = @p5, "InstanceWorkflowId" = @p6, "NomTache" = @p7, "NombreTentatives" = @p8, "Ordre" = @p9, "TypeConnecteur" = @p10
      WHERE "Id" = @p11
      RETURNING 1;
info: Microsoft.EntityFrameworkCore.Database.Command[20101]
      Executed DbCommand (1ms) [Parameters=[@p11='?' (DbType = Guid), @p0='?' (DbType = DateTime), @p1='?' (DbType = DateTime), @p2='?' (Size = 24), @p3='?' (Size = 5), @p4='?', @p5='?' (Size = 7), @p6='?' (DbType = Guid), @p7='?' (Size = 17), @p8='?' (DbType = Int32), @p9='?' (DbType = Int32), @p10='?' (Size = 9)], CommandType='Text', CommandTimeout='30']
      UPDATE "ExecutionsTache" SET "DateDebut" = @p0, "DateFin" = @p1, "DonneesEntree" = @p2, "DonneesSortie" = @p3, "Erreur" = @p4, "Etat" = @p5, "InstanceWorkflowId" = @p6, "NomTache" = @p7, "NombreTentatives" = @p8, "Ordre" = @p9, "TypeConnecteur" = @p10
      WHERE "Id" = @p11
      RETURNING 1;
dbug: Microsoft.EntityFrameworkCore.Database.Command[20301]
      Closing data reader to 'main' on server 'C:\OAM\src\OAM.Api\oam_dev.db'.
dbug: Microsoft.EntityFrameworkCore.Database.Command[20300]
      A data reader for 'main' on server 'C:\OAM\src\OAM.Api\oam_dev.db' is being disposed after spending 2ms reading results.
dbug: Microsoft.EntityFrameworkCore.Database.Connection[20002]
      Closing connection to database 'main' on server 'C:\OAM\src\OAM.Api\oam_dev.db'.
dbug: Microsoft.EntityFrameworkCore.Database.Connection[20003]
      Closed connection to database 'main' on server 'oam_dev.db' (1ms).
dbug: Microsoft.EntityFrameworkCore.ChangeTracking[10807]
      An entity of type 'ExecutionTache' tracked by 'OamDbContext' changed state from 'Modified' to 'Unchanged'. Consider using 'DbContextOptionsBuilder.EnableSensitiveDataLogging' to see key values.
dbug: Microsoft.EntityFrameworkCore.Update[10005]
      SaveChanges completed for 'OamDbContext' with 1 entities written to the database.
dbug: Microsoft.EntityFrameworkCore.ChangeTracking[10807]
      An entity of type 'InstanceWorkflow' tracked by 'OamDbContext' changed state from 'Unchanged' to 'Modified'. Consider using 'DbContextOptionsBuilder.EnableSensitiveDataLogging' to see key values.
dbug: Microsoft.EntityFrameworkCore.Update[10004]
      SaveChanges starting for 'OamDbContext'.
dbug: Microsoft.EntityFrameworkCore.ChangeTracking[10800]
      DetectChanges starting for 'OamDbContext'.
dbug: Microsoft.EntityFrameworkCore.ChangeTracking[10801]
      DetectChanges completed for 'OamDbContext'.
dbug: Microsoft.EntityFrameworkCore.Database.Connection[20000]
      Opening connection to database 'main' on server 'oam_dev.db'.
dbug: Microsoft.EntityFrameworkCore.Database.Connection[20001]
      Opened connection to database 'main' on server 'C:\OAM\src\OAM.Api\oam_dev.db'.
dbug: Microsoft.EntityFrameworkCore.Database.Command[20103]
      Creating DbCommand for 'ExecuteReader'.
dbug: Microsoft.EntityFrameworkCore.Database.Command[20104]
      Created DbCommand for 'ExecuteReader' (1ms).
dbug: Microsoft.EntityFrameworkCore.Database.Command[20106]
      Initialized DbCommand for 'ExecuteReader' (2ms).
dbug: Microsoft.EntityFrameworkCore.Database.Command[20100]
      Executing DbCommand [Parameters=[@p10='?' (DbType = Guid), @p0='?' (Size = 280), @p1='?' (Size = 32), @p2='?' (DbType = DateTime), @p3='?' (DbType = DateTime), @p4='?' (DbType = DateTime), @p5='?' (DbType = Guid), @p6='?', @p7='?', @p8='?' (Size = 7), @p9='?' (Size = 64)], CommandType='Text', CommandTimeout='30']
      UPDATE "InstancesWorkflow" SET "ContexteExecution" = @p0, "CorrelationId" = @p1, "DateCreation" = @p2, "DateDebut" = @p3, "DateFin" = @p4, "DefinitionWorkflowId" = @p5, "DonneesEntree" = @p6, "Erreur" = @p7, "Etat" = @p8, "HashVersionConfig" = @p9
      WHERE "Id" = @p10
      RETURNING 1;
info: Microsoft.EntityFrameworkCore.Database.Command[20101]
      Executed DbCommand (1ms) [Parameters=[@p10='?' (DbType = Guid), @p0='?' (Size = 280), @p1='?' (Size = 32), @p2='?' (DbType = DateTime), @p3='?' (DbType = DateTime), @p4='?' (DbType = DateTime), @p5='?' (DbType = Guid), @p6='?', @p7='?', @p8='?' (Size = 7), @p9='?' (Size = 64)], CommandType='Text', CommandTimeout='30']
      UPDATE "InstancesWorkflow" SET "ContexteExecution" = @p0, "CorrelationId" = @p1, "DateCreation" = @p2, "DateDebut" = @p3, "DateFin" = @p4, "DefinitionWorkflowId" = @p5, "DonneesEntree" = @p6, "Erreur" = @p7, "Etat" = @p8, "HashVersionConfig" = @p9
      WHERE "Id" = @p10
      RETURNING 1;
dbug: Microsoft.EntityFrameworkCore.Database.Command[20301]
      Closing data reader to 'main' on server 'C:\OAM\src\OAM.Api\oam_dev.db'.
dbug: Microsoft.EntityFrameworkCore.Database.Command[20300]
      A data reader for 'main' on server 'C:\OAM\src\OAM.Api\oam_dev.db' is being disposed after spending 3ms reading results.
dbug: Microsoft.EntityFrameworkCore.Database.Connection[20002]
      Closing connection to database 'main' on server 'C:\OAM\src\OAM.Api\oam_dev.db'.
dbug: Microsoft.EntityFrameworkCore.Database.Connection[20003]
      Closed connection to database 'main' on server 'oam_dev.db' (1ms).
dbug: Microsoft.EntityFrameworkCore.ChangeTracking[10807]
      An entity of type 'InstanceWorkflow' tracked by 'OamDbContext' changed state from 'Modified' to 'Unchanged'. Consider using 'DbContextOptionsBuilder.EnableSensitiveDataLogging' to see key values.
dbug: Microsoft.EntityFrameworkCore.Update[10005]
      SaveChanges completed for 'OamDbContext' with 1 entities written to the database.
dbug: Microsoft.EntityFrameworkCore.ChangeTracking[10805]
      The navigation 'ExecutionTache.InstanceWorkflow' was detected as changed. Consider using 'DbContextOptionsBuilder.EnableSensitiveDataLogging' to see key values.
dbug: Microsoft.EntityFrameworkCore.ChangeTracking[10806]
      Context 'OamDbContext' started tracking 'ExecutionTache' entity. Consider using 'DbContextOptionsBuilder.EnableSensitiveDataLogging' to see key values.
dbug: Microsoft.EntityFrameworkCore.Update[10004]
      SaveChanges starting for 'OamDbContext'.
dbug: Microsoft.EntityFrameworkCore.ChangeTracking[10800]
      DetectChanges starting for 'OamDbContext'.
dbug: Microsoft.EntityFrameworkCore.ChangeTracking[10804]
      1 entities were added and 0 entities were removed from navigation 'InstanceWorkflow.Taches'. Consider using 'DbContextOptionsBuilder.EnableSensitiveDataLogging' to see key values.
dbug: Microsoft.EntityFrameworkCore.ChangeTracking[10801]
      DetectChanges completed for 'OamDbContext'.
dbug: Microsoft.EntityFrameworkCore.Database.Connection[20000]
      Opening connection to database 'main' on server 'oam_dev.db'.
dbug: Microsoft.EntityFrameworkCore.Database.Connection[20001]
      Opened connection to database 'main' on server 'C:\OAM\src\OAM.Api\oam_dev.db'.
dbug: Microsoft.EntityFrameworkCore.Database.Command[20103]
      Creating DbCommand for 'ExecuteReader'.
dbug: Microsoft.EntityFrameworkCore.Database.Command[20104]
      Created DbCommand for 'ExecuteReader' (1ms).
dbug: Microsoft.EntityFrameworkCore.Database.Command[20106]
      Initialized DbCommand for 'ExecuteReader' (2ms).
dbug: Microsoft.EntityFrameworkCore.Database.Command[20100]
      Executing DbCommand [Parameters=[@p0='?' (DbType = Guid), @p1='?' (DbType = DateTime), @p2='?' (DbType = DateTime), @p3='?', @p4='?', @p5='?', @p6='?' (Size = 9), @p7='?' (DbType = Guid), @p8='?' (Size = 14), @p9='?' (DbType = Int32), @p10='?' (DbType = Int32), @p11='?' (Size = 4)], CommandType='Text', CommandTimeout='30']
      INSERT INTO "ExecutionsTache" ("Id", "DateDebut", "DateFin", "DonneesEntree", "DonneesSortie", "Erreur", "Etat", "InstanceWorkflowId", "NomTache", "NombreTentatives", "Ordre", "TypeConnecteur")
      VALUES (@p0, @p1, @p2, @p3, @p4, @p5, @p6, @p7, @p8, @p9, @p10, @p11);
info: Microsoft.EntityFrameworkCore.Database.Command[20101]
      Executed DbCommand (3ms) [Parameters=[@p0='?' (DbType = Guid), @p1='?' (DbType = DateTime), @p2='?' (DbType = DateTime), @p3='?', @p4='?', @p5='?', @p6='?' (Size = 9), @p7='?' (DbType = Guid), @p8='?' (Size = 14), @p9='?' (DbType = Int32), @p10='?' (DbType = Int32), @p11='?' (Size = 4)], CommandType='Text', CommandTimeout='30']
      INSERT INTO "ExecutionsTache" ("Id", "DateDebut", "DateFin", "DonneesEntree", "DonneesSortie", "Erreur", "Etat", "InstanceWorkflowId", "NomTache", "NombreTentatives", "Ordre", "TypeConnecteur")
      VALUES (@p0, @p1, @p2, @p3, @p4, @p5, @p6, @p7, @p8, @p9, @p10, @p11);
dbug: Microsoft.EntityFrameworkCore.Database.Command[20301]
      Closing data reader to 'main' on server 'C:\OAM\src\OAM.Api\oam_dev.db'.
dbug: Microsoft.EntityFrameworkCore.Database.Command[20300]
      A data reader for 'main' on server 'C:\OAM\src\OAM.Api\oam_dev.db' is being disposed after spending 1ms reading results.
dbug: Microsoft.EntityFrameworkCore.Database.Connection[20002]
      Closing connection to database 'main' on server 'C:\OAM\src\OAM.Api\oam_dev.db'.
dbug: Microsoft.EntityFrameworkCore.Database.Connection[20003]
      Closed connection to database 'main' on server 'oam_dev.db' (1ms).
dbug: Microsoft.EntityFrameworkCore.ChangeTracking[10807]
      An entity of type 'ExecutionTache' tracked by 'OamDbContext' changed state from 'Added' to 'Unchanged'. Consider using 'DbContextOptionsBuilder.EnableSensitiveDataLogging' to see key values.
dbug: Microsoft.EntityFrameworkCore.Update[10005]
      SaveChanges completed for 'OamDbContext' with 1 entities written to the database.
dbug: Microsoft.EntityFrameworkCore.ChangeTracking[10807]
      An entity of type 'ExecutionTache' tracked by 'OamDbContext' changed state from 'Unchanged' to 'Modified'. Consider using 'DbContextOptionsBuilder.EnableSensitiveDataLogging' to see key values.
dbug: Microsoft.EntityFrameworkCore.Update[10004]
      SaveChanges starting for 'OamDbContext'.
dbug: Microsoft.EntityFrameworkCore.ChangeTracking[10800]
      DetectChanges starting for 'OamDbContext'.
dbug: Microsoft.EntityFrameworkCore.ChangeTracking[10801]
      DetectChanges completed for 'OamDbContext'.
dbug: Microsoft.EntityFrameworkCore.Database.Connection[20000]
      Opening connection to database 'main' on server 'oam_dev.db'.
dbug: Microsoft.EntityFrameworkCore.Database.Connection[20001]
      Opened connection to database 'main' on server 'C:\OAM\src\OAM.Api\oam_dev.db'.
dbug: Microsoft.EntityFrameworkCore.Database.Command[20103]
      Creating DbCommand for 'ExecuteReader'.
dbug: Microsoft.EntityFrameworkCore.Database.Command[20104]
      Created DbCommand for 'ExecuteReader' (1ms).
dbug: Microsoft.EntityFrameworkCore.Database.Command[20106]
      Initialized DbCommand for 'ExecuteReader' (2ms).
dbug: Microsoft.EntityFrameworkCore.Database.Command[20100]
      Executing DbCommand [Parameters=[@p11='?' (DbType = Guid), @p0='?' (DbType = DateTime), @p1='?' (DbType = DateTime), @p2='?', @p3='?', @p4='?', @p5='?' (Size = 7), @p6='?' (DbType = Guid), @p7='?' (Size = 14), @p8='?' (DbType = Int32), @p9='?' (DbType = Int32), @p10='?' (Size = 4)], CommandType='Text', CommandTimeout='30']
      UPDATE "ExecutionsTache" SET "DateDebut" = @p0, "DateFin" = @p1, "DonneesEntree" = @p2, "DonneesSortie" = @p3, "Erreur" = @p4, "Etat" = @p5, "InstanceWorkflowId" = @p6, "NomTache" = @p7, "NombreTentatives" = @p8, "Ordre" = @p9, "TypeConnecteur" = @p10
      WHERE "Id" = @p11
      RETURNING 1;
info: Microsoft.EntityFrameworkCore.Database.Command[20101]
      Executed DbCommand (1ms) [Parameters=[@p11='?' (DbType = Guid), @p0='?' (DbType = DateTime), @p1='?' (DbType = DateTime), @p2='?', @p3='?', @p4='?', @p5='?' (Size = 7), @p6='?' (DbType = Guid), @p7='?' (Size = 14), @p8='?' (DbType = Int32), @p9='?' (DbType = Int32), @p10='?' (Size = 4)], CommandType='Text', CommandTimeout='30']
      UPDATE "ExecutionsTache" SET "DateDebut" = @p0, "DateFin" = @p1, "DonneesEntree" = @p2, "DonneesSortie" = @p3, "Erreur" = @p4, "Etat" = @p5, "InstanceWorkflowId" = @p6, "NomTache" = @p7, "NombreTentatives" = @p8, "Ordre" = @p9, "TypeConnecteur" = @p10
      WHERE "Id" = @p11
      RETURNING 1;
dbug: Microsoft.EntityFrameworkCore.Database.Command[20301]
      Closing data reader to 'main' on server 'C:\OAM\src\OAM.Api\oam_dev.db'.
dbug: Microsoft.EntityFrameworkCore.Database.Command[20300]
      A data reader for 'main' on server 'C:\OAM\src\OAM.Api\oam_dev.db' is being disposed after spending 3ms reading results.
dbug: Microsoft.EntityFrameworkCore.Database.Connection[20002]
      Closing connection to database 'main' on server 'C:\OAM\src\OAM.Api\oam_dev.db'.
dbug: Microsoft.EntityFrameworkCore.Database.Connection[20003]
      Closed connection to database 'main' on server 'oam_dev.db' (1ms).
dbug: Microsoft.EntityFrameworkCore.ChangeTracking[10807]
      An entity of type 'ExecutionTache' tracked by 'OamDbContext' changed state from 'Modified' to 'Unchanged'. Consider using 'DbContextOptionsBuilder.EnableSensitiveDataLogging' to see key values.
dbug: Microsoft.EntityFrameworkCore.Update[10005]
      SaveChanges completed for 'OamDbContext' with 1 entities written to the database.
info: OAM.Workflow.Core.Connecteurs.MockConnecteur[0]
      Mock notifierClientMock résolu pour tâche Notifier le client [CorrelationId=68fc9a2127464ec6b4508d639e07a698]
dbug: Microsoft.EntityFrameworkCore.ChangeTracking[10807]
      An entity of type 'ExecutionTache' tracked by 'OamDbContext' changed state from 'Unchanged' to 'Modified'. Consider using 'DbContextOptionsBuilder.EnableSensitiveDataLogging' to see key values.
dbug: Microsoft.EntityFrameworkCore.Update[10004]
      SaveChanges starting for 'OamDbContext'.
dbug: Microsoft.EntityFrameworkCore.ChangeTracking[10800]
      DetectChanges starting for 'OamDbContext'.
dbug: Microsoft.EntityFrameworkCore.ChangeTracking[10801]
      DetectChanges completed for 'OamDbContext'.
dbug: Microsoft.EntityFrameworkCore.Database.Connection[20000]
      Opening connection to database 'main' on server 'oam_dev.db'.
dbug: Microsoft.EntityFrameworkCore.Database.Connection[20001]
      Opened connection to database 'main' on server 'C:\OAM\src\OAM.Api\oam_dev.db'.
dbug: Microsoft.EntityFrameworkCore.Database.Command[20103]
      Creating DbCommand for 'ExecuteReader'.
dbug: Microsoft.EntityFrameworkCore.Database.Command[20104]
      Created DbCommand for 'ExecuteReader' (1ms).
dbug: Microsoft.EntityFrameworkCore.Database.Command[20106]
      Initialized DbCommand for 'ExecuteReader' (2ms).
dbug: Microsoft.EntityFrameworkCore.Database.Command[20100]
      Executing DbCommand [Parameters=[@p11='?' (DbType = Guid), @p0='?' (DbType = DateTime), @p1='?' (DbType = DateTime), @p2='?' (Size = 126), @p3='?' (Size = 48), @p4='?', @p5='?' (Size = 7), @p6='?' (DbType = Guid), @p7='?' (Size = 14), @p8='?' (DbType = Int32), @p9='?' (DbType = Int32), @p10='?' (Size = 4)], CommandType='Text', CommandTimeout='30']
      UPDATE "ExecutionsTache" SET "DateDebut" = @p0, "DateFin" = @p1, "DonneesEntree" = @p2, "DonneesSortie" = @p3, "Erreur" = @p4, "Etat" = @p5, "InstanceWorkflowId" = @p6, "NomTache" = @p7, "NombreTentatives" = @p8, "Ordre" = @p9, "TypeConnecteur" = @p10
      WHERE "Id" = @p11
      RETURNING 1;
info: Microsoft.EntityFrameworkCore.Database.Command[20101]
      Executed DbCommand (1ms) [Parameters=[@p11='?' (DbType = Guid), @p0='?' (DbType = DateTime), @p1='?' (DbType = DateTime), @p2='?' (Size = 126), @p3='?' (Size = 48), @p4='?', @p5='?' (Size = 7), @p6='?' (DbType = Guid), @p7='?' (Size = 14), @p8='?' (DbType = Int32), @p9='?' (DbType = Int32), @p10='?' (Size = 4)], CommandType='Text', CommandTimeout='30']
      UPDATE "ExecutionsTache" SET "DateDebut" = @p0, "DateFin" = @p1, "DonneesEntree" = @p2, "DonneesSortie" = @p3, "Erreur" = @p4, "Etat" = @p5, "InstanceWorkflowId" = @p6, "NomTache" = @p7, "NombreTentatives" = @p8, "Ordre" = @p9, "TypeConnecteur" = @p10
      WHERE "Id" = @p11
      RETURNING 1;
dbug: Microsoft.EntityFrameworkCore.Database.Command[20301]
      Closing data reader to 'main' on server 'C:\OAM\src\OAM.Api\oam_dev.db'.
dbug: Microsoft.EntityFrameworkCore.Database.Command[20300]
      A data reader for 'main' on server 'C:\OAM\src\OAM.Api\oam_dev.db' is being disposed after spending 2ms reading results.
dbug: Microsoft.EntityFrameworkCore.Database.Connection[20002]
      Closing connection to database 'main' on server 'C:\OAM\src\OAM.Api\oam_dev.db'.
dbug: Microsoft.EntityFrameworkCore.Database.Connection[20003]
      Closed connection to database 'main' on server 'oam_dev.db' (1ms).
dbug: Microsoft.EntityFrameworkCore.ChangeTracking[10807]
      An entity of type 'ExecutionTache' tracked by 'OamDbContext' changed state from 'Modified' to 'Unchanged'. Consider using 'DbContextOptionsBuilder.EnableSensitiveDataLogging' to see key values.
dbug: Microsoft.EntityFrameworkCore.Update[10005]
      SaveChanges completed for 'OamDbContext' with 1 entities written to the database.
dbug: Microsoft.EntityFrameworkCore.ChangeTracking[10807]
      An entity of type 'InstanceWorkflow' tracked by 'OamDbContext' changed state from 'Unchanged' to 'Modified'. Consider using 'DbContextOptionsBuilder.EnableSensitiveDataLogging' to see key values.
dbug: Microsoft.EntityFrameworkCore.Update[10004]
      SaveChanges starting for 'OamDbContext'.
dbug: Microsoft.EntityFrameworkCore.ChangeTracking[10800]
      DetectChanges starting for 'OamDbContext'.
dbug: Microsoft.EntityFrameworkCore.ChangeTracking[10801]
      DetectChanges completed for 'OamDbContext'.
dbug: Microsoft.EntityFrameworkCore.Database.Connection[20000]
      Opening connection to database 'main' on server 'oam_dev.db'.
dbug: Microsoft.EntityFrameworkCore.Database.Connection[20001]
      Opened connection to database 'main' on server 'C:\OAM\src\OAM.Api\oam_dev.db'.
dbug: Microsoft.EntityFrameworkCore.Database.Command[20103]
      Creating DbCommand for 'ExecuteReader'.
dbug: Microsoft.EntityFrameworkCore.Database.Command[20104]
      Created DbCommand for 'ExecuteReader' (1ms).
dbug: Microsoft.EntityFrameworkCore.Database.Command[20106]
      Initialized DbCommand for 'ExecuteReader' (2ms).
dbug: Microsoft.EntityFrameworkCore.Database.Command[20100]
      Executing DbCommand [Parameters=[@p10='?' (DbType = Guid), @p0='?' (Size = 357), @p1='?' (Size = 32), @p2='?' (DbType = DateTime), @p3='?' (DbType = DateTime), @p4='?' (DbType = DateTime), @p5='?' (DbType = Guid), @p6='?', @p7='?', @p8='?' (Size = 7), @p9='?' (Size = 64)], CommandType='Text', CommandTimeout='30']
      UPDATE "InstancesWorkflow" SET "ContexteExecution" = @p0, "CorrelationId" = @p1, "DateCreation" = @p2, "DateDebut" = @p3, "DateFin" = @p4, "DefinitionWorkflowId" = @p5, "DonneesEntree" = @p6, "Erreur" = @p7, "Etat" = @p8, "HashVersionConfig" = @p9
      WHERE "Id" = @p10
      RETURNING 1;
info: Microsoft.EntityFrameworkCore.Database.Command[20101]
      Executed DbCommand (1ms) [Parameters=[@p10='?' (DbType = Guid), @p0='?' (Size = 357), @p1='?' (Size = 32), @p2='?' (DbType = DateTime), @p3='?' (DbType = DateTime), @p4='?' (DbType = DateTime), @p5='?' (DbType = Guid), @p6='?', @p7='?', @p8='?' (Size = 7), @p9='?' (Size = 64)], CommandType='Text', CommandTimeout='30']
      UPDATE "InstancesWorkflow" SET "ContexteExecution" = @p0, "CorrelationId" = @p1, "DateCreation" = @p2, "DateDebut" = @p3, "DateFin" = @p4, "DefinitionWorkflowId" = @p5, "DonneesEntree" = @p6, "Erreur" = @p7, "Etat" = @p8, "HashVersionConfig" = @p9
      WHERE "Id" = @p10
      RETURNING 1;
dbug: Microsoft.EntityFrameworkCore.Database.Command[20301]
      Closing data reader to 'main' on server 'C:\OAM\src\OAM.Api\oam_dev.db'.
dbug: Microsoft.EntityFrameworkCore.Database.Command[20300]
      A data reader for 'main' on server 'C:\OAM\src\OAM.Api\oam_dev.db' is being disposed after spending 3ms reading results.
dbug: Microsoft.EntityFrameworkCore.Database.Connection[20002]
      Closing connection to database 'main' on server 'C:\OAM\src\OAM.Api\oam_dev.db'.
dbug: Microsoft.EntityFrameworkCore.Database.Connection[20003]
      Closed connection to database 'main' on server 'oam_dev.db' (1ms).
dbug: Microsoft.EntityFrameworkCore.ChangeTracking[10807]
      An entity of type 'InstanceWorkflow' tracked by 'OamDbContext' changed state from 'Modified' to 'Unchanged'. Consider using 'DbContextOptionsBuilder.EnableSensitiveDataLogging' to see key values.
dbug: Microsoft.EntityFrameworkCore.Update[10005]
      SaveChanges completed for 'OamDbContext' with 1 entities written to the database.
dbug: Microsoft.EntityFrameworkCore.ChangeTracking[10805]
      The navigation 'ExecutionTache.InstanceWorkflow' was detected as changed. Consider using 'DbContextOptionsBuilder.EnableSensitiveDataLogging' to see key values.
dbug: Microsoft.EntityFrameworkCore.ChangeTracking[10806]
      Context 'OamDbContext' started tracking 'ExecutionTache' entity. Consider using 'DbContextOptionsBuilder.EnableSensitiveDataLogging' to see key values.
dbug: Microsoft.EntityFrameworkCore.Update[10004]
      SaveChanges starting for 'OamDbContext'.
dbug: Microsoft.EntityFrameworkCore.ChangeTracking[10800]
      DetectChanges starting for 'OamDbContext'.
dbug: Microsoft.EntityFrameworkCore.ChangeTracking[10804]
      1 entities were added and 0 entities were removed from navigation 'InstanceWorkflow.Taches'. Consider using 'DbContextOptionsBuilder.EnableSensitiveDataLogging' to see key values.
dbug: Microsoft.EntityFrameworkCore.ChangeTracking[10801]
      DetectChanges completed for 'OamDbContext'.
dbug: Microsoft.EntityFrameworkCore.Database.Connection[20000]
      Opening connection to database 'main' on server 'oam_dev.db'.
dbug: Microsoft.EntityFrameworkCore.Database.Connection[20001]
      Opened connection to database 'main' on server 'C:\OAM\src\OAM.Api\oam_dev.db'.
dbug: Microsoft.EntityFrameworkCore.Database.Command[20103]
      Creating DbCommand for 'ExecuteReader'.
dbug: Microsoft.EntityFrameworkCore.Database.Command[20104]
      Created DbCommand for 'ExecuteReader' (1ms).
dbug: Microsoft.EntityFrameworkCore.Database.Command[20106]
      Initialized DbCommand for 'ExecuteReader' (2ms).
dbug: Microsoft.EntityFrameworkCore.Database.Command[20100]
      Executing DbCommand [Parameters=[@p0='?' (DbType = Guid), @p1='?' (DbType = DateTime), @p2='?' (DbType = DateTime), @p3='?', @p4='?', @p5='?', @p6='?' (Size = 9), @p7='?' (DbType = Guid), @p8='?' (Size = 8), @p9='?' (DbType = Int32), @p10='?' (DbType = Int32), @p11='?' (Size = 9)], CommandType='Text', CommandTimeout='30']
      INSERT INTO "ExecutionsTache" ("Id", "DateDebut", "DateFin", "DonneesEntree", "DonneesSortie", "Erreur", "Etat", "InstanceWorkflowId", "NomTache", "NombreTentatives", "Ordre", "TypeConnecteur")
      VALUES (@p0, @p1, @p2, @p3, @p4, @p5, @p6, @p7, @p8, @p9, @p10, @p11);
info: Microsoft.EntityFrameworkCore.Database.Command[20101]
      Executed DbCommand (3ms) [Parameters=[@p0='?' (DbType = Guid), @p1='?' (DbType = DateTime), @p2='?' (DbType = DateTime), @p3='?', @p4='?', @p5='?', @p6='?' (Size = 9), @p7='?' (DbType = Guid), @p8='?' (Size = 8), @p9='?' (DbType = Int32), @p10='?' (DbType = Int32), @p11='?' (Size = 9)], CommandType='Text', CommandTimeout='30']
      INSERT INTO "ExecutionsTache" ("Id", "DateDebut", "DateFin", "DonneesEntree", "DonneesSortie", "Erreur", "Etat", "InstanceWorkflowId", "NomTache", "NombreTentatives", "Ordre", "TypeConnecteur")
      VALUES (@p0, @p1, @p2, @p3, @p4, @p5, @p6, @p7, @p8, @p9, @p10, @p11);
dbug: Microsoft.EntityFrameworkCore.Database.Command[20301]
      Closing data reader to 'main' on server 'C:\OAM\src\OAM.Api\oam_dev.db'.
dbug: Microsoft.EntityFrameworkCore.Database.Command[20300]
      A data reader for 'main' on server 'C:\OAM\src\OAM.Api\oam_dev.db' is being disposed after spending 1ms reading results.
dbug: Microsoft.EntityFrameworkCore.Database.Connection[20002]
      Closing connection to database 'main' on server 'C:\OAM\src\OAM.Api\oam_dev.db'.
dbug: Microsoft.EntityFrameworkCore.Database.Connection[20003]
      Closed connection to database 'main' on server 'oam_dev.db' (1ms).
dbug: Microsoft.EntityFrameworkCore.ChangeTracking[10807]
      An entity of type 'ExecutionTache' tracked by 'OamDbContext' changed state from 'Added' to 'Unchanged'. Consider using 'DbContextOptionsBuilder.EnableSensitiveDataLogging' to see key values.
dbug: Microsoft.EntityFrameworkCore.Update[10005]
      SaveChanges completed for 'OamDbContext' with 1 entities written to the database.
dbug: Microsoft.EntityFrameworkCore.ChangeTracking[10807]
      An entity of type 'ExecutionTache' tracked by 'OamDbContext' changed state from 'Unchanged' to 'Modified'. Consider using 'DbContextOptionsBuilder.EnableSensitiveDataLogging' to see key values.
dbug: Microsoft.EntityFrameworkCore.Update[10004]
      SaveChanges starting for 'OamDbContext'.
dbug: Microsoft.EntityFrameworkCore.ChangeTracking[10800]
      DetectChanges starting for 'OamDbContext'.
dbug: Microsoft.EntityFrameworkCore.ChangeTracking[10801]
      DetectChanges completed for 'OamDbContext'.
dbug: Microsoft.EntityFrameworkCore.Database.Connection[20000]
      Opening connection to database 'main' on server 'oam_dev.db'.
dbug: Microsoft.EntityFrameworkCore.Database.Connection[20001]
      Opened connection to database 'main' on server 'C:\OAM\src\OAM.Api\oam_dev.db'.
dbug: Microsoft.EntityFrameworkCore.Database.Command[20103]
      Creating DbCommand for 'ExecuteReader'.
dbug: Microsoft.EntityFrameworkCore.Database.Command[20104]
      Created DbCommand for 'ExecuteReader' (1ms).
dbug: Microsoft.EntityFrameworkCore.Database.Command[20106]
      Initialized DbCommand for 'ExecuteReader' (2ms).
dbug: Microsoft.EntityFrameworkCore.Database.Command[20100]
      Executing DbCommand [Parameters=[@p11='?' (DbType = Guid), @p0='?' (DbType = DateTime), @p1='?' (DbType = DateTime), @p2='?', @p3='?', @p4='?', @p5='?' (Size = 7), @p6='?' (DbType = Guid), @p7='?' (Size = 8), @p8='?' (DbType = Int32), @p9='?' (DbType = Int32), @p10='?' (Size = 9)], CommandType='Text', CommandTimeout='30']
      UPDATE "ExecutionsTache" SET "DateDebut" = @p0, "DateFin" = @p1, "DonneesEntree" = @p2, "DonneesSortie" = @p3, "Erreur" = @p4, "Etat" = @p5, "InstanceWorkflowId" = @p6, "NomTache" = @p7, "NombreTentatives" = @p8, "Ordre" = @p9, "TypeConnecteur" = @p10
      WHERE "Id" = @p11
      RETURNING 1;
info: Microsoft.EntityFrameworkCore.Database.Command[20101]
      Executed DbCommand (1ms) [Parameters=[@p11='?' (DbType = Guid), @p0='?' (DbType = DateTime), @p1='?' (DbType = DateTime), @p2='?', @p3='?', @p4='?', @p5='?' (Size = 7), @p6='?' (DbType = Guid), @p7='?' (Size = 8), @p8='?' (DbType = Int32), @p9='?' (DbType = Int32), @p10='?' (Size = 9)], CommandType='Text', CommandTimeout='30']
      UPDATE "ExecutionsTache" SET "DateDebut" = @p0, "DateFin" = @p1, "DonneesEntree" = @p2, "DonneesSortie" = @p3, "Erreur" = @p4, "Etat" = @p5, "InstanceWorkflowId" = @p6, "NomTache" = @p7, "NombreTentatives" = @p8, "Ordre" = @p9, "TypeConnecteur" = @p10
      WHERE "Id" = @p11
      RETURNING 1;
dbug: Microsoft.EntityFrameworkCore.Database.Command[20301]
      Closing data reader to 'main' on server 'C:\OAM\src\OAM.Api\oam_dev.db'.
dbug: Microsoft.EntityFrameworkCore.Database.Command[20300]
      A data reader for 'main' on server 'C:\OAM\src\OAM.Api\oam_dev.db' is being disposed after spending 2ms reading results.
dbug: Microsoft.EntityFrameworkCore.Database.Connection[20002]
      Closing connection to database 'main' on server 'C:\OAM\src\OAM.Api\oam_dev.db'.
dbug: Microsoft.EntityFrameworkCore.Database.Connection[20003]
      Closed connection to database 'main' on server 'oam_dev.db' (1ms).
dbug: Microsoft.EntityFrameworkCore.ChangeTracking[10807]
      An entity of type 'ExecutionTache' tracked by 'OamDbContext' changed state from 'Modified' to 'Unchanged'. Consider using 'DbContextOptionsBuilder.EnableSensitiveDataLogging' to see key values.
dbug: Microsoft.EntityFrameworkCore.Update[10005]
      SaveChanges completed for 'OamDbContext' with 1 entities written to the database.
info: OAM.Workflow.Core.Connecteurs.ConditionConnecteur[0]
      Condition évaluée pour Finaliser le traitement: true = True [CorrelationId=68fc9a2127464ec6b4508d639e07a698]
dbug: Microsoft.EntityFrameworkCore.ChangeTracking[10807]
      An entity of type 'ExecutionTache' tracked by 'OamDbContext' changed state from 'Unchanged' to 'Modified'. Consider using 'DbContextOptionsBuilder.EnableSensitiveDataLogging' to see key values.
dbug: Microsoft.EntityFrameworkCore.Update[10004]
      SaveChanges starting for 'OamDbContext'.
dbug: Microsoft.EntityFrameworkCore.ChangeTracking[10800]
      DetectChanges starting for 'OamDbContext'.
dbug: Microsoft.EntityFrameworkCore.ChangeTracking[10801]
      DetectChanges completed for 'OamDbContext'.
dbug: Microsoft.EntityFrameworkCore.Database.Connection[20000]
      Opening connection to database 'main' on server 'oam_dev.db'.
dbug: Microsoft.EntityFrameworkCore.Database.Connection[20001]
      Opened connection to database 'main' on server 'C:\OAM\src\OAM.Api\oam_dev.db'.
dbug: Microsoft.EntityFrameworkCore.Database.Command[20103]
      Creating DbCommand for 'ExecuteReader'.
dbug: Microsoft.EntityFrameworkCore.Database.Command[20104]
      Created DbCommand for 'ExecuteReader' (1ms).
dbug: Microsoft.EntityFrameworkCore.Database.Command[20106]
      Initialized DbCommand for 'ExecuteReader' (2ms).
dbug: Microsoft.EntityFrameworkCore.Database.Command[20100]
      Executing DbCommand [Parameters=[@p11='?' (DbType = Guid), @p0='?' (DbType = DateTime), @p1='?' (DbType = DateTime), @p2='?' (Size = 21), @p3='?' (Size = 4), @p4='?', @p5='?' (Size = 7), @p6='?' (DbType = Guid), @p7='?' (Size = 8), @p8='?' (DbType = Int32), @p9='?' (DbType = Int32), @p10='?' (Size = 9)], CommandType='Text', CommandTimeout='30']
      UPDATE "ExecutionsTache" SET "DateDebut" = @p0, "DateFin" = @p1, "DonneesEntree" = @p2, "DonneesSortie" = @p3, "Erreur" = @p4, "Etat" = @p5, "InstanceWorkflowId" = @p6, "NomTache" = @p7, "NombreTentatives" = @p8, "Ordre" = @p9, "TypeConnecteur" = @p10
      WHERE "Id" = @p11
      RETURNING 1;
info: Microsoft.EntityFrameworkCore.Database.Command[20101]
      Executed DbCommand (1ms) [Parameters=[@p11='?' (DbType = Guid), @p0='?' (DbType = DateTime), @p1='?' (DbType = DateTime), @p2='?' (Size = 21), @p3='?' (Size = 4), @p4='?', @p5='?' (Size = 7), @p6='?' (DbType = Guid), @p7='?' (Size = 8), @p8='?' (DbType = Int32), @p9='?' (DbType = Int32), @p10='?' (Size = 9)], CommandType='Text', CommandTimeout='30']
      UPDATE "ExecutionsTache" SET "DateDebut" = @p0, "DateFin" = @p1, "DonneesEntree" = @p2, "DonneesSortie" = @p3, "Erreur" = @p4, "Etat" = @p5, "InstanceWorkflowId" = @p6, "NomTache" = @p7, "NombreTentatives" = @p8, "Ordre" = @p9, "TypeConnecteur" = @p10
      WHERE "Id" = @p11
      RETURNING 1;
dbug: Microsoft.EntityFrameworkCore.Database.Command[20301]
      Closing data reader to 'main' on server 'C:\OAM\src\OAM.Api\oam_dev.db'.
dbug: Microsoft.EntityFrameworkCore.Database.Command[20300]
      A data reader for 'main' on server 'C:\OAM\src\OAM.Api\oam_dev.db' is being disposed after spending 2ms reading results.
dbug: Microsoft.EntityFrameworkCore.Database.Connection[20002]
      Closing connection to database 'main' on server 'C:\OAM\src\OAM.Api\oam_dev.db'.
dbug: Microsoft.EntityFrameworkCore.Database.Connection[20003]
      Closed connection to database 'main' on server 'oam_dev.db' (1ms).
dbug: Microsoft.EntityFrameworkCore.ChangeTracking[10807]
      An entity of type 'ExecutionTache' tracked by 'OamDbContext' changed state from 'Modified' to 'Unchanged'. Consider using 'DbContextOptionsBuilder.EnableSensitiveDataLogging' to see key values.
dbug: Microsoft.EntityFrameworkCore.Update[10005]
      SaveChanges completed for 'OamDbContext' with 1 entities written to the database.
dbug: Microsoft.EntityFrameworkCore.ChangeTracking[10807]
      An entity of type 'InstanceWorkflow' tracked by 'OamDbContext' changed state from 'Unchanged' to 'Modified'. Consider using 'DbContextOptionsBuilder.EnableSensitiveDataLogging' to see key values.
dbug: Microsoft.EntityFrameworkCore.Update[10004]
      SaveChanges starting for 'OamDbContext'.
dbug: Microsoft.EntityFrameworkCore.ChangeTracking[10800]
      DetectChanges starting for 'OamDbContext'.
dbug: Microsoft.EntityFrameworkCore.ChangeTracking[10801]
      DetectChanges completed for 'OamDbContext'.
dbug: Microsoft.EntityFrameworkCore.Database.Connection[20000]
      Opening connection to database 'main' on server 'oam_dev.db'.
dbug: Microsoft.EntityFrameworkCore.Database.Connection[20001]
      Opened connection to database 'main' on server 'C:\OAM\src\OAM.Api\oam_dev.db'.
dbug: Microsoft.EntityFrameworkCore.Database.Command[20103]
      Creating DbCommand for 'ExecuteReader'.
dbug: Microsoft.EntityFrameworkCore.Database.Command[20104]
      Created DbCommand for 'ExecuteReader' (1ms).
dbug: Microsoft.EntityFrameworkCore.Database.Command[20106]
      Initialized DbCommand for 'ExecuteReader' (2ms).
dbug: Microsoft.EntityFrameworkCore.Database.Command[20100]
      Executing DbCommand [Parameters=[@p10='?' (DbType = Guid), @p0='?' (Size = 384), @p1='?' (Size = 32), @p2='?' (DbType = DateTime), @p3='?' (DbType = DateTime), @p4='?' (DbType = DateTime), @p5='?' (DbType = Guid), @p6='?', @p7='?', @p8='?' (Size = 7), @p9='?' (Size = 64)], CommandType='Text', CommandTimeout='30']
      UPDATE "InstancesWorkflow" SET "ContexteExecution" = @p0, "CorrelationId" = @p1, "DateCreation" = @p2, "DateDebut" = @p3, "DateFin" = @p4, "DefinitionWorkflowId" = @p5, "DonneesEntree" = @p6, "Erreur" = @p7, "Etat" = @p8, "HashVersionConfig" = @p9
      WHERE "Id" = @p10
      RETURNING 1;
info: Microsoft.EntityFrameworkCore.Database.Command[20101]
      Executed DbCommand (1ms) [Parameters=[@p10='?' (DbType = Guid), @p0='?' (Size = 384), @p1='?' (Size = 32), @p2='?' (DbType = DateTime), @p3='?' (DbType = DateTime), @p4='?' (DbType = DateTime), @p5='?' (DbType = Guid), @p6='?', @p7='?', @p8='?' (Size = 7), @p9='?' (Size = 64)], CommandType='Text', CommandTimeout='30']
      UPDATE "InstancesWorkflow" SET "ContexteExecution" = @p0, "CorrelationId" = @p1, "DateCreation" = @p2, "DateDebut" = @p3, "DateFin" = @p4, "DefinitionWorkflowId" = @p5, "DonneesEntree" = @p6, "Erreur" = @p7, "Etat" = @p8, "HashVersionConfig" = @p9
      WHERE "Id" = @p10
      RETURNING 1;
dbug: Microsoft.EntityFrameworkCore.Database.Command[20301]
      Closing data reader to 'main' on server 'C:\OAM\src\OAM.Api\oam_dev.db'.
dbug: Microsoft.EntityFrameworkCore.Database.Command[20300]
      A data reader for 'main' on server 'C:\OAM\src\OAM.Api\oam_dev.db' is being disposed after spending 3ms reading results.
dbug: Microsoft.EntityFrameworkCore.Database.Connection[20002]
      Closing connection to database 'main' on server 'C:\OAM\src\OAM.Api\oam_dev.db'.
dbug: Microsoft.EntityFrameworkCore.Database.Connection[20003]
      Closed connection to database 'main' on server 'oam_dev.db' (1ms).
dbug: Microsoft.EntityFrameworkCore.ChangeTracking[10807]
      An entity of type 'InstanceWorkflow' tracked by 'OamDbContext' changed state from 'Modified' to 'Unchanged'. Consider using 'DbContextOptionsBuilder.EnableSensitiveDataLogging' to see key values.
dbug: Microsoft.EntityFrameworkCore.Update[10005]
      SaveChanges completed for 'OamDbContext' with 1 entities written to the database.
dbug: Microsoft.EntityFrameworkCore.ChangeTracking[10807]
      An entity of type 'InstanceWorkflow' tracked by 'OamDbContext' changed state from 'Unchanged' to 'Modified'. Consider using 'DbContextOptionsBuilder.EnableSensitiveDataLogging' to see key values.
dbug: Microsoft.EntityFrameworkCore.Update[10004]
      SaveChanges starting for 'OamDbContext'.
dbug: Microsoft.EntityFrameworkCore.ChangeTracking[10800]
      DetectChanges starting for 'OamDbContext'.
dbug: Microsoft.EntityFrameworkCore.ChangeTracking[10801]
      DetectChanges completed for 'OamDbContext'.
dbug: Microsoft.EntityFrameworkCore.Database.Connection[20000]
      Opening connection to database 'main' on server 'oam_dev.db'.
dbug: Microsoft.EntityFrameworkCore.Database.Connection[20001]
      Opened connection to database 'main' on server 'C:\OAM\src\OAM.Api\oam_dev.db'.
dbug: Microsoft.EntityFrameworkCore.Database.Command[20103]
      Creating DbCommand for 'ExecuteReader'.
dbug: Microsoft.EntityFrameworkCore.Database.Command[20104]
      Created DbCommand for 'ExecuteReader' (1ms).
dbug: Microsoft.EntityFrameworkCore.Database.Command[20106]
      Initialized DbCommand for 'ExecuteReader' (2ms).
dbug: Microsoft.EntityFrameworkCore.Database.Command[20100]
      Executing DbCommand [Parameters=[@p10='?' (DbType = Guid), @p0='?' (Size = 384), @p1='?' (Size = 32), @p2='?' (DbType = DateTime), @p3='?' (DbType = DateTime), @p4='?' (DbType = DateTime), @p5='?' (DbType = Guid), @p6='?', @p7='?', @p8='?' (Size = 7), @p9='?' (Size = 64)], CommandType='Text', CommandTimeout='30']
      UPDATE "InstancesWorkflow" SET "ContexteExecution" = @p0, "CorrelationId" = @p1, "DateCreation" = @p2, "DateDebut" = @p3, "DateFin" = @p4, "DefinitionWorkflowId" = @p5, "DonneesEntree" = @p6, "Erreur" = @p7, "Etat" = @p8, "HashVersionConfig" = @p9
      WHERE "Id" = @p10
      RETURNING 1;
info: Microsoft.EntityFrameworkCore.Database.Command[20101]
      Executed DbCommand (1ms) [Parameters=[@p10='?' (DbType = Guid), @p0='?' (Size = 384), @p1='?' (Size = 32), @p2='?' (DbType = DateTime), @p3='?' (DbType = DateTime), @p4='?' (DbType = DateTime), @p5='?' (DbType = Guid), @p6='?', @p7='?', @p8='?' (Size = 7), @p9='?' (Size = 64)], CommandType='Text', CommandTimeout='30']
      UPDATE "InstancesWorkflow" SET "ContexteExecution" = @p0, "CorrelationId" = @p1, "DateCreation" = @p2, "DateDebut" = @p3, "DateFin" = @p4, "DefinitionWorkflowId" = @p5, "DonneesEntree" = @p6, "Erreur" = @p7, "Etat" = @p8, "HashVersionConfig" = @p9
      WHERE "Id" = @p10
      RETURNING 1;
dbug: Microsoft.EntityFrameworkCore.Database.Command[20301]
      Closing data reader to 'main' on server 'C:\OAM\src\OAM.Api\oam_dev.db'.
dbug: Microsoft.EntityFrameworkCore.Database.Command[20300]
      A data reader for 'main' on server 'C:\OAM\src\OAM.Api\oam_dev.db' is being disposed after spending 2ms reading results.
dbug: Microsoft.EntityFrameworkCore.Database.Connection[20002]
      Closing connection to database 'main' on server 'C:\OAM\src\OAM.Api\oam_dev.db'.
dbug: Microsoft.EntityFrameworkCore.Database.Connection[20003]
      Closed connection to database 'main' on server 'oam_dev.db' (1ms).
dbug: Microsoft.EntityFrameworkCore.ChangeTracking[10807]
      An entity of type 'InstanceWorkflow' tracked by 'OamDbContext' changed state from 'Modified' to 'Unchanged'. Consider using 'DbContextOptionsBuilder.EnableSensitiveDataLogging' to see key values.
dbug: Microsoft.EntityFrameworkCore.Update[10005]
      SaveChanges completed for 'OamDbContext' with 1 entities written to the database.
info: Microsoft.AspNetCore.Mvc.Infrastructure.ObjectResultExecutor[1]
      Executing OkObjectResult, writing value of type 'OAM.Api.Dtos.InstanceWorkflowDto'.
info: Microsoft.AspNetCore.Mvc.Infrastructure.ControllerActionInvoker[105]
      Executed action OAM.Api.Controllers.InstancesController.Demarrer (OAM.Api) in 844.4868ms
info: Microsoft.AspNetCore.Routing.EndpointMiddleware[1]
      Executed endpoint 'OAM.Api.Controllers.InstancesController.Demarrer (OAM.Api)'
dbug: Microsoft.EntityFrameworkCore.Infrastructure[10407]
      'OamDbContext' disposed.
dbug: Microsoft.EntityFrameworkCore.Database.Connection[20007]
      Disposing connection to database 'main' on server 'oam_dev.db'.
dbug: Microsoft.EntityFrameworkCore.Database.Connection[20008]
      Disposed connection to database 'main' on server 'oam_dev.db' (1ms).
info: Microsoft.AspNetCore.Hosting.Diagnostics[2]
      Request finished HTTP/1.1 POST http://localhost:5000/api/instances/demarrer - 200 - application/json;+charset=utf-8 862.1672ms
info: Microsoft.AspNetCore.Hosting.Diagnostics[1]
      Request starting HTTP/1.1 GET http://localhost:5000/api/instances/4446cfc8-38a5-487d-b9ce-a2b82ab9ada4 - application/json -
info: Microsoft.AspNetCore.Routing.EndpointMiddleware[0]
      Executing endpoint 'OAM.Api.Controllers.InstancesController.ObtenirParId (OAM.Api)'
info: Microsoft.AspNetCore.Mvc.Infrastructure.ControllerActionInvoker[102]
      Route matched with {action = "ObtenirParId", controller = "Instances"}. Executing controller action with signature System.Threading.Tasks.Task`1[Microsoft.AspNetCore.Mvc.ActionResult`1[OAM.Api.Dtos.InstanceWorkflowDto]] ObtenirParId(System.Guid) on controller OAM.Api.Controllers.InstancesController (OAM.Api).
dbug: Microsoft.EntityFrameworkCore.Infrastructure[10403]
      Entity Framework Core 10.0.5 initialized 'OamDbContext' using provider 'Microsoft.EntityFrameworkCore.Sqlite:10.0.5' with options: None
dbug: Microsoft.EntityFrameworkCore.Database.Connection[20005]
      Creating DbConnection.
dbug: Microsoft.EntityFrameworkCore.Database.Connection[20006]
      Created DbConnection. (1ms).
dbug: Microsoft.EntityFrameworkCore.Database.Connection[20000]
      Opening connection to database 'main' on server 'oam_dev.db'.
dbug: Microsoft.EntityFrameworkCore.Database.Connection[20001]
      Opened connection to database 'main' on server 'C:\OAM\src\OAM.Api\oam_dev.db'.
dbug: Microsoft.EntityFrameworkCore.Database.Command[20103]
      Creating DbCommand for 'ExecuteReader'.
dbug: Microsoft.EntityFrameworkCore.Database.Command[20104]
      Created DbCommand for 'ExecuteReader' (1ms).
dbug: Microsoft.EntityFrameworkCore.Database.Command[20106]
      Initialized DbCommand for 'ExecuteReader' (2ms).
dbug: Microsoft.EntityFrameworkCore.Database.Command[20100]
      Executing DbCommand [Parameters=[@id='?' (DbType = Guid)], CommandType='Text', CommandTimeout='30']
      SELECT "s"."Id", "s"."ContexteExecution", "s"."CorrelationId", "s"."DateCreation", "s"."DateDebut", "s"."DateFin", "s"."DefinitionWorkflowId", "s"."DonneesEntree", "s"."Erreur", "s"."Etat", "s"."HashVersionConfig", "s"."Id0", "e"."Id", "e"."DateDebut", "e"."DateFin", "e"."DonneesEntree", "e"."DonneesSortie", "e"."Erreur", "e"."Etat", "e"."InstanceWorkflowId", "e"."NomTache", "e"."NombreTentatives", "e"."Ordre", "e"."TypeConnecteur", "s"."Actif", "s"."ContenuYaml", "s"."DateCreation0", "s"."DateModification", "s"."Description", "s"."Equipe", "s"."HashVersion", "s"."Nom"
      FROM (
          SELECT "i"."Id", "i"."ContexteExecution", "i"."CorrelationId", "i"."DateCreation", "i"."DateDebut", "i"."DateFin", "i"."DefinitionWorkflowId", "i"."DonneesEntree", "i"."Erreur", "i"."Etat", "i"."HashVersionConfig", "d"."Id" AS "Id0", "d"."Actif", "d"."ContenuYaml", "d"."DateCreation" AS "DateCreation0", "d"."DateModification", "d"."Description", "d"."Equipe", "d"."HashVersion", "d"."Nom"
          FROM "InstancesWorkflow" AS "i"
          INNER JOIN "DefinitionsWorkflow" AS "d" ON "i"."DefinitionWorkflowId" = "d"."Id"
          WHERE "i"."Id" = @id
          LIMIT 1
      ) AS "s"
      LEFT JOIN "ExecutionsTache" AS "e" ON "s"."Id" = "e"."InstanceWorkflowId"
      ORDER BY "s"."Id", "s"."Id0", "e"."Ordre"
info: Microsoft.EntityFrameworkCore.Database.Command[20101]
      Executed DbCommand (1ms) [Parameters=[@id='?' (DbType = Guid)], CommandType='Text', CommandTimeout='30']
      SELECT "s"."Id", "s"."ContexteExecution", "s"."CorrelationId", "s"."DateCreation", "s"."DateDebut", "s"."DateFin", "s"."DefinitionWorkflowId", "s"."DonneesEntree", "s"."Erreur", "s"."Etat", "s"."HashVersionConfig", "s"."Id0", "e"."Id", "e"."DateDebut", "e"."DateFin", "e"."DonneesEntree", "e"."DonneesSortie", "e"."Erreur", "e"."Etat", "e"."InstanceWorkflowId", "e"."NomTache", "e"."NombreTentatives", "e"."Ordre", "e"."TypeConnecteur", "s"."Actif", "s"."ContenuYaml", "s"."DateCreation0", "s"."DateModification", "s"."Description", "s"."Equipe", "s"."HashVersion", "s"."Nom"
      FROM (
          SELECT "i"."Id", "i"."ContexteExecution", "i"."CorrelationId", "i"."DateCreation", "i"."DateDebut", "i"."DateFin", "i"."DefinitionWorkflowId", "i"."DonneesEntree", "i"."Erreur", "i"."Etat", "i"."HashVersionConfig", "d"."Id" AS "Id0", "d"."Actif", "d"."ContenuYaml", "d"."DateCreation" AS "DateCreation0", "d"."DateModification", "d"."Description", "d"."Equipe", "d"."HashVersion", "d"."Nom"
          FROM "InstancesWorkflow" AS "i"
          INNER JOIN "DefinitionsWorkflow" AS "d" ON "i"."DefinitionWorkflowId" = "d"."Id"
          WHERE "i"."Id" = @id
          LIMIT 1
      ) AS "s"
      LEFT JOIN "ExecutionsTache" AS "e" ON "s"."Id" = "e"."InstanceWorkflowId"
      ORDER BY "s"."Id", "s"."Id0", "e"."Ordre"
dbug: Microsoft.EntityFrameworkCore.ChangeTracking[10806]
      Context 'OamDbContext' started tracking 'InstanceWorkflow' entity. Consider using 'DbContextOptionsBuilder.EnableSensitiveDataLogging' to see key values.
dbug: Microsoft.EntityFrameworkCore.ChangeTracking[10805]
      The navigation 'InstanceWorkflow.DefinitionWorkflow' was detected as changed. Consider using 'DbContextOptionsBuilder.EnableSensitiveDataLogging' to see key values.
dbug: Microsoft.EntityFrameworkCore.ChangeTracking[10806]
      Context 'OamDbContext' started tracking 'DefinitionWorkflow' entity. Consider using 'DbContextOptionsBuilder.EnableSensitiveDataLogging' to see key values.
dbug: Microsoft.EntityFrameworkCore.ChangeTracking[10806]
      Context 'OamDbContext' started tracking 'ExecutionTache' entity. Consider using 'DbContextOptionsBuilder.EnableSensitiveDataLogging' to see key values.
dbug: Microsoft.EntityFrameworkCore.ChangeTracking[10806]
      Context 'OamDbContext' started tracking 'ExecutionTache' entity. Consider using 'DbContextOptionsBuilder.EnableSensitiveDataLogging' to see key values.
dbug: Microsoft.EntityFrameworkCore.ChangeTracking[10806]
      Context 'OamDbContext' started tracking 'ExecutionTache' entity. Consider using 'DbContextOptionsBuilder.EnableSensitiveDataLogging' to see key values.
dbug: Microsoft.EntityFrameworkCore.ChangeTracking[10806]
      Context 'OamDbContext' started tracking 'ExecutionTache' entity. Consider using 'DbContextOptionsBuilder.EnableSensitiveDataLogging' to see key values.
dbug: Microsoft.EntityFrameworkCore.Database.Command[20301]
      Closing data reader to 'main' on server 'C:\OAM\src\OAM.Api\oam_dev.db'.
dbug: Microsoft.EntityFrameworkCore.Database.Command[20300]
      A data reader for 'main' on server 'C:\OAM\src\OAM.Api\oam_dev.db' is being disposed after spending 10ms reading results.
dbug: Microsoft.EntityFrameworkCore.Database.Connection[20002]
      Closing connection to database 'main' on server 'C:\OAM\src\OAM.Api\oam_dev.db'.
dbug: Microsoft.EntityFrameworkCore.Database.Connection[20003]
      Closed connection to database 'main' on server 'oam_dev.db' (1ms).
info: Microsoft.AspNetCore.Mvc.Infrastructure.ObjectResultExecutor[1]
      Executing OkObjectResult, writing value of type 'OAM.Api.Dtos.InstanceWorkflowDto'.
info: Microsoft.AspNetCore.Mvc.Infrastructure.ControllerActionInvoker[105]
      Executed action OAM.Api.Controllers.InstancesController.ObtenirParId (OAM.Api) in 30.6056ms
info: Microsoft.AspNetCore.Routing.EndpointMiddleware[1]
      Executed endpoint 'OAM.Api.Controllers.InstancesController.ObtenirParId (OAM.Api)'
dbug: Microsoft.EntityFrameworkCore.Infrastructure[10407]
      'OamDbContext' disposed.
dbug: Microsoft.EntityFrameworkCore.Database.Connection[20007]
      Disposing connection to database 'main' on server 'oam_dev.db'.
dbug: Microsoft.EntityFrameworkCore.Database.Connection[20008]
      Disposed connection to database 'main' on server 'oam_dev.db' (1ms).
info: Microsoft.AspNetCore.Hosting.Diagnostics[2]
      Request finished HTTP/1.1 GET http://localhost:5000/api/instances/4446cfc8-38a5-487d-b9ce-a2b82ab9ada4 - 200 - application/json;+charset=utf-8 63.2604ms
info: Microsoft.AspNetCore.Routing.EndpointMiddleware[1]
      Executed endpoint '/hubs/workflow'
info: Microsoft.AspNetCore.Hosting.Diagnostics[2]
      Request finished HTTP/1.1 GET http://localhost:5173/hubs/workflow?id=T_pvhuCjhWplvbT6GPayGg&access_token=eyJhbGciOiJIUzI1NiIsInR5cCI6IkpXVCJ9.eyJodHRwOi8vc2NoZW1hcy54bWxzb2FwLm9yZy93cy8yMDA1LzA1L2lkZW50aXR5L2NsYWltcy9uYW1lIjoiaW5mb2wiLCJodHRwOi8vc2NoZW1hcy5taWNyb3NvZnQuY29tL3dzLzIwMDgvMDYvaWRlbnRpdHkvY2xhaW1zL2F1dGhlbnRpY2F0aW9ubWV0aG9kIjoiRGV2IiwianRpIjoiMjIzYjEwOTEtYTA5MS00ZTQ4LTgyZTMtMTZlNjZjNDliMzQ1IiwiZXhwIjoxNzc0ODIxNjIxLCJpc3MiOiJPQU0iLCJhdWQiOiJPQU0tRnJvbnRlbmQifQ.hHzaTgOheQaUuqQU1s4TikTVrA_rHTDJX_wwg09al7Y - 101 - - 11787.5916ms
info: Microsoft.AspNetCore.Hosting.Diagnostics[1]
      Request starting HTTP/1.1 POST http://localhost:5173/hubs/workflow/negotiate?negotiateVersion=1 - - 0
info: Microsoft.AspNetCore.Cors.Infrastructure.CorsService[4]
      CORS policy execution successful.
info: Microsoft.AspNetCore.Routing.EndpointMiddleware[0]
      Executing endpoint '/hubs/workflow/negotiate'
info: Microsoft.AspNetCore.Routing.EndpointMiddleware[1]
      Executed endpoint '/hubs/workflow/negotiate'
info: Microsoft.AspNetCore.Hosting.Diagnostics[2]
      Request finished HTTP/1.1 POST http://localhost:5173/hubs/workflow/negotiate?negotiateVersion=1 - 200 316 application/json 7.3814ms
info: Microsoft.AspNetCore.Hosting.Diagnostics[1]
      Request starting HTTP/1.1 GET http://localhost:5000/api/instances/4446cfc8-38a5-487d-b9ce-a2b82ab9ada4 - application/json -
info: Microsoft.AspNetCore.Hosting.Diagnostics[1]
      Request starting HTTP/1.1 GET http://localhost:5173/hubs/workflow?id=-4Q87MKjJy3qfqfwVmRb4w&access_token=eyJhbGciOiJIUzI1NiIsInR5cCI6IkpXVCJ9.eyJodHRwOi8vc2NoZW1hcy54bWxzb2FwLm9yZy93cy8yMDA1LzA1L2lkZW50aXR5L2NsYWltcy9uYW1lIjoiaW5mb2wiLCJodHRwOi8vc2NoZW1hcy5taWNyb3NvZnQuY29tL3dzLzIwMDgvMDYvaWRlbnRpdHkvY2xhaW1zL2F1dGhlbnRpY2F0aW9ubWV0aG9kIjoiRGV2IiwianRpIjoiMjIzYjEwOTEtYTA5MS00ZTQ4LTgyZTMtMTZlNjZjNDliMzQ1IiwiZXhwIjoxNzc0ODIxNjIxLCJpc3MiOiJPQU0iLCJhdWQiOiJPQU0tRnJvbnRlbmQifQ.hHzaTgOheQaUuqQU1s4TikTVrA_rHTDJX_wwg09al7Y - - -
info: Microsoft.AspNetCore.Routing.EndpointMiddleware[0]
      Executing endpoint 'OAM.Api.Controllers.InstancesController.ObtenirParId (OAM.Api)'
info: Microsoft.AspNetCore.Mvc.Infrastructure.ControllerActionInvoker[102]
      Route matched with {action = "ObtenirParId", controller = "Instances"}. Executing controller action with signature System.Threading.Tasks.Task`1[Microsoft.AspNetCore.Mvc.ActionResult`1[OAM.Api.Dtos.InstanceWorkflowDto]] ObtenirParId(System.Guid) on controller OAM.Api.Controllers.InstancesController (OAM.Api).
info: Microsoft.AspNetCore.Cors.Infrastructure.CorsService[4]
      CORS policy execution successful.
info: Microsoft.AspNetCore.Routing.EndpointMiddleware[0]
      Executing endpoint '/hubs/workflow'
dbug: Microsoft.EntityFrameworkCore.Infrastructure[10403]
      Entity Framework Core 10.0.5 initialized 'OamDbContext' using provider 'Microsoft.EntityFrameworkCore.Sqlite:10.0.5' with options: None
dbug: Microsoft.EntityFrameworkCore.Database.Connection[20005]
      Creating DbConnection.
dbug: Microsoft.EntityFrameworkCore.Database.Connection[20006]
      Created DbConnection. (1ms).
dbug: Microsoft.EntityFrameworkCore.Database.Connection[20000]
      Opening connection to database 'main' on server 'oam_dev.db'.
dbug: Microsoft.EntityFrameworkCore.Database.Connection[20001]
      Opened connection to database 'main' on server 'C:\OAM\src\OAM.Api\oam_dev.db'.
dbug: Microsoft.EntityFrameworkCore.Database.Command[20103]
      Creating DbCommand for 'ExecuteReader'.
dbug: Microsoft.EntityFrameworkCore.Database.Command[20104]
      Created DbCommand for 'ExecuteReader' (30ms).
dbug: Microsoft.EntityFrameworkCore.Database.Command[20106]
      Initialized DbCommand for 'ExecuteReader' (32ms).
dbug: Microsoft.EntityFrameworkCore.Database.Command[20100]
      Executing DbCommand [Parameters=[@id='?' (DbType = Guid)], CommandType='Text', CommandTimeout='30']
      SELECT "s"."Id", "s"."ContexteExecution", "s"."CorrelationId", "s"."DateCreation", "s"."DateDebut", "s"."DateFin", "s"."DefinitionWorkflowId", "s"."DonneesEntree", "s"."Erreur", "s"."Etat", "s"."HashVersionConfig", "s"."Id0", "e"."Id", "e"."DateDebut", "e"."DateFin", "e"."DonneesEntree", "e"."DonneesSortie", "e"."Erreur", "e"."Etat", "e"."InstanceWorkflowId", "e"."NomTache", "e"."NombreTentatives", "e"."Ordre", "e"."TypeConnecteur", "s"."Actif", "s"."ContenuYaml", "s"."DateCreation0", "s"."DateModification", "s"."Description", "s"."Equipe", "s"."HashVersion", "s"."Nom"
      FROM (
          SELECT "i"."Id", "i"."ContexteExecution", "i"."CorrelationId", "i"."DateCreation", "i"."DateDebut", "i"."DateFin", "i"."DefinitionWorkflowId", "i"."DonneesEntree", "i"."Erreur", "i"."Etat", "i"."HashVersionConfig", "d"."Id" AS "Id0", "d"."Actif", "d"."ContenuYaml", "d"."DateCreation" AS "DateCreation0", "d"."DateModification", "d"."Description", "d"."Equipe", "d"."HashVersion", "d"."Nom"
          FROM "InstancesWorkflow" AS "i"
          INNER JOIN "DefinitionsWorkflow" AS "d" ON "i"."DefinitionWorkflowId" = "d"."Id"
          WHERE "i"."Id" = @id
          LIMIT 1
      ) AS "s"
      LEFT JOIN "ExecutionsTache" AS "e" ON "s"."Id" = "e"."InstanceWorkflowId"
      ORDER BY "s"."Id", "s"."Id0", "e"."Ordre"
info: Microsoft.EntityFrameworkCore.Database.Command[20101]
      Executed DbCommand (2ms) [Parameters=[@id='?' (DbType = Guid)], CommandType='Text', CommandTimeout='30']
      SELECT "s"."Id", "s"."ContexteExecution", "s"."CorrelationId", "s"."DateCreation", "s"."DateDebut", "s"."DateFin", "s"."DefinitionWorkflowId", "s"."DonneesEntree", "s"."Erreur", "s"."Etat", "s"."HashVersionConfig", "s"."Id0", "e"."Id", "e"."DateDebut", "e"."DateFin", "e"."DonneesEntree", "e"."DonneesSortie", "e"."Erreur", "e"."Etat", "e"."InstanceWorkflowId", "e"."NomTache", "e"."NombreTentatives", "e"."Ordre", "e"."TypeConnecteur", "s"."Actif", "s"."ContenuYaml", "s"."DateCreation0", "s"."DateModification", "s"."Description", "s"."Equipe", "s"."HashVersion", "s"."Nom"
      FROM (
          SELECT "i"."Id", "i"."ContexteExecution", "i"."CorrelationId", "i"."DateCreation", "i"."DateDebut", "i"."DateFin", "i"."DefinitionWorkflowId", "i"."DonneesEntree", "i"."Erreur", "i"."Etat", "i"."HashVersionConfig", "d"."Id" AS "Id0", "d"."Actif", "d"."ContenuYaml", "d"."DateCreation" AS "DateCreation0", "d"."DateModification", "d"."Description", "d"."Equipe", "d"."HashVersion", "d"."Nom"
          FROM "InstancesWorkflow" AS "i"
          INNER JOIN "DefinitionsWorkflow" AS "d" ON "i"."DefinitionWorkflowId" = "d"."Id"
          WHERE "i"."Id" = @id
          LIMIT 1
      ) AS "s"
      LEFT JOIN "ExecutionsTache" AS "e" ON "s"."Id" = "e"."InstanceWorkflowId"
      ORDER BY "s"."Id", "s"."Id0", "e"."Ordre"
dbug: Microsoft.EntityFrameworkCore.ChangeTracking[10806]
      Context 'OamDbContext' started tracking 'InstanceWorkflow' entity. Consider using 'DbContextOptionsBuilder.EnableSensitiveDataLogging' to see key values.
dbug: Microsoft.EntityFrameworkCore.ChangeTracking[10805]
      The navigation 'InstanceWorkflow.DefinitionWorkflow' was detected as changed. Consider using 'DbContextOptionsBuilder.EnableSensitiveDataLogging' to see key values.
dbug: Microsoft.EntityFrameworkCore.ChangeTracking[10806]
      Context 'OamDbContext' started tracking 'DefinitionWorkflow' entity. Consider using 'DbContextOptionsBuilder.EnableSensitiveDataLogging' to see key values.
dbug: Microsoft.EntityFrameworkCore.ChangeTracking[10806]
      Context 'OamDbContext' started tracking 'ExecutionTache' entity. Consider using 'DbContextOptionsBuilder.EnableSensitiveDataLogging' to see key values.
dbug: Microsoft.EntityFrameworkCore.ChangeTracking[10806]
      Context 'OamDbContext' started tracking 'ExecutionTache' entity. Consider using 'DbContextOptionsBuilder.EnableSensitiveDataLogging' to see key values.
dbug: Microsoft.EntityFrameworkCore.ChangeTracking[10806]
      Context 'OamDbContext' started tracking 'ExecutionTache' entity. Consider using 'DbContextOptionsBuilder.EnableSensitiveDataLogging' to see key values.
dbug: Microsoft.EntityFrameworkCore.ChangeTracking[10806]
      Context 'OamDbContext' started tracking 'ExecutionTache' entity. Consider using 'DbContextOptionsBuilder.EnableSensitiveDataLogging' to see key values.
dbug: Microsoft.EntityFrameworkCore.Database.Command[20301]
      Closing data reader to 'main' on server 'C:\OAM\src\OAM.Api\oam_dev.db'.
dbug: Microsoft.EntityFrameworkCore.Database.Command[20300]
      A data reader for 'main' on server 'C:\OAM\src\OAM.Api\oam_dev.db' is being disposed after spending 9ms reading results.
dbug: Microsoft.EntityFrameworkCore.Database.Connection[20002]
      Closing connection to database 'main' on server 'C:\OAM\src\OAM.Api\oam_dev.db'.
dbug: Microsoft.EntityFrameworkCore.Database.Connection[20003]
      Closed connection to database 'main' on server 'oam_dev.db' (1ms).
info: Microsoft.AspNetCore.Mvc.Infrastructure.ObjectResultExecutor[1]
      Executing OkObjectResult, writing value of type 'OAM.Api.Dtos.InstanceWorkflowDto'.
info: Microsoft.AspNetCore.Mvc.Infrastructure.ControllerActionInvoker[105]
      Executed action OAM.Api.Controllers.InstancesController.ObtenirParId (OAM.Api) in 109.7414ms
info: Microsoft.AspNetCore.Routing.EndpointMiddleware[1]
      Executed endpoint 'OAM.Api.Controllers.InstancesController.ObtenirParId (OAM.Api)'
dbug: Microsoft.EntityFrameworkCore.Infrastructure[10407]
      'OamDbContext' disposed.
dbug: Microsoft.EntityFrameworkCore.Database.Connection[20007]
      Disposing connection to database 'main' on server 'oam_dev.db'.
dbug: Microsoft.EntityFrameworkCore.Database.Connection[20008]
      Disposed connection to database 'main' on server 'oam_dev.db' (1ms).
info: Microsoft.AspNetCore.Hosting.Diagnostics[2]
      Request finished HTTP/1.1 GET http://localhost:5000/api/instances/4446cfc8-38a5-487d-b9ce-a2b82ab9ada4 - 200 - application/json;+charset=utf-8 147.3754ms
info: Microsoft.AspNetCore.Hosting.Diagnostics[1]
      Request starting HTTP/1.1 POST http://localhost:5173/hubs/workflow/negotiate?negotiateVersion=1 - - 0
info: Microsoft.AspNetCore.Hosting.Diagnostics[1]
      Request starting HTTP/1.1 POST http://localhost:5173/hubs/workflow/negotiate?negotiateVersion=1 - - 0
info: Microsoft.AspNetCore.Cors.Infrastructure.CorsService[4]
      CORS policy execution successful.
info: Microsoft.AspNetCore.Cors.Infrastructure.CorsService[4]
      CORS policy execution successful.
info: Microsoft.AspNetCore.Hosting.Diagnostics[1]
      Request starting HTTP/1.1 POST http://localhost:5173/hubs/workflow/negotiate?negotiateVersion=1 - - 0
info: Microsoft.AspNetCore.Cors.Infrastructure.CorsService[4]
      CORS policy execution successful.
info: Microsoft.AspNetCore.Routing.EndpointMiddleware[0]
      Executing endpoint '/hubs/workflow/negotiate'
info: Microsoft.AspNetCore.Routing.EndpointMiddleware[0]
      Executing endpoint '/hubs/workflow/negotiate'
info: Microsoft.AspNetCore.Routing.EndpointMiddleware[0]
      Executing endpoint '/hubs/workflow/negotiate'
info: Microsoft.AspNetCore.Routing.EndpointMiddleware[1]
      Executed endpoint '/hubs/workflow/negotiate'
info: Microsoft.AspNetCore.Routing.EndpointMiddleware[1]
      Executed endpoint '/hubs/workflow/negotiate'
info: Microsoft.AspNetCore.Routing.EndpointMiddleware[1]
      Executed endpoint '/hubs/workflow/negotiate'
info: Microsoft.AspNetCore.Hosting.Diagnostics[2]
      Request finished HTTP/1.1 POST http://localhost:5173/hubs/workflow/negotiate?negotiateVersion=1 - 200 316 application/json 180.8975ms
info: Microsoft.AspNetCore.Hosting.Diagnostics[1]
      Request starting HTTP/1.1 GET http://localhost:5173/hubs/workflow?id=a1PA4bkYK5hIo-oMsdkKCA&access_token=eyJhbGciOiJIUzI1NiIsInR5cCI6IkpXVCJ9.eyJodHRwOi8vc2NoZW1hcy54bWxzb2FwLm9yZy93cy8yMDA1LzA1L2lkZW50aXR5L2NsYWltcy9uYW1lIjoiaW5mb2wiLCJodHRwOi8vc2NoZW1hcy5taWNyb3NvZnQuY29tL3dzLzIwMDgvMDYvaWRlbnRpdHkvY2xhaW1zL2F1dGhlbnRpY2F0aW9ubWV0aG9kIjoiRGV2IiwianRpIjoiMjIzYjEwOTEtYTA5MS00ZTQ4LTgyZTMtMTZlNjZjNDliMzQ1IiwiZXhwIjoxNzc0ODIxNjIxLCJpc3MiOiJPQU0iLCJhdWQiOiJPQU0tRnJvbnRlbmQifQ.hHzaTgOheQaUuqQU1s4TikTVrA_rHTDJX_wwg09al7Y - - -
info: Microsoft.AspNetCore.Hosting.Diagnostics[2]
      Request finished HTTP/1.1 POST http://localhost:5173/hubs/workflow/negotiate?negotiateVersion=1 - 200 316 application/json 182.2826ms
info: Microsoft.AspNetCore.Hosting.Diagnostics[2]
      Request finished HTTP/1.1 POST http://localhost:5173/hubs/workflow/negotiate?negotiateVersion=1 - 200 316 application/json 240.2173ms
info: Microsoft.AspNetCore.Cors.Infrastructure.CorsService[4]
      CORS policy execution successful.
info: Microsoft.AspNetCore.Routing.EndpointMiddleware[0]
      Executing endpoint '/hubs/workflow'
info: Microsoft.AspNetCore.Hosting.Diagnostics[1]
      Request starting HTTP/1.1 GET http://localhost:5173/hubs/workflow?id=QFwSAekqBT3knBOx2BV5nQ&access_token=eyJhbGciOiJIUzI1NiIsInR5cCI6IkpXVCJ9.eyJodHRwOi8vc2NoZW1hcy54bWxzb2FwLm9yZy93cy8yMDA1LzA1L2lkZW50aXR5L2NsYWltcy9uYW1lIjoiaW5mb2wiLCJodHRwOi8vc2NoZW1hcy5taWNyb3NvZnQuY29tL3dzLzIwMDgvMDYvaWRlbnRpdHkvY2xhaW1zL2F1dGhlbnRpY2F0aW9ubWV0aG9kIjoiRGV2IiwianRpIjoiMjIzYjEwOTEtYTA5MS00ZTQ4LTgyZTMtMTZlNjZjNDliMzQ1IiwiZXhwIjoxNzc0ODIxNjIxLCJpc3MiOiJPQU0iLCJhdWQiOiJPQU0tRnJvbnRlbmQifQ.hHzaTgOheQaUuqQU1s4TikTVrA_rHTDJX_wwg09al7Y - - -
info: Microsoft.AspNetCore.Cors.Infrastructure.CorsService[4]
      CORS policy execution successful.
info: Microsoft.AspNetCore.Routing.EndpointMiddleware[0]
      Executing endpoint '/hubs/workflow'
info: Microsoft.AspNetCore.Hosting.Diagnostics[1]
      Request starting HTTP/1.1 GET http://localhost:5173/hubs/workflow?id=5S5P33welbv0c1doFe1Omw&access_token=eyJhbGciOiJIUzI1NiIsInR5cCI6IkpXVCJ9.eyJodHRwOi8vc2NoZW1hcy54bWxzb2FwLm9yZy93cy8yMDA1LzA1L2lkZW50aXR5L2NsYWltcy9uYW1lIjoiaW5mb2wiLCJodHRwOi8vc2NoZW1hcy5taWNyb3NvZnQuY29tL3dzLzIwMDgvMDYvaWRlbnRpdHkvY2xhaW1zL2F1dGhlbnRpY2F0aW9ubWV0aG9kIjoiRGV2IiwianRpIjoiMjIzYjEwOTEtYTA5MS00ZTQ4LTgyZTMtMTZlNjZjNDliMzQ1IiwiZXhwIjoxNzc0ODIxNjIxLCJpc3MiOiJPQU0iLCJhdWQiOiJPQU0tRnJvbnRlbmQifQ.hHzaTgOheQaUuqQU1s4TikTVrA_rHTDJX_wwg09