info: OAM.Api[0]
      Clients HTTP chargés depuis C:\OAM\src\OAM.Api\http-clients.Development.yml
dbug: Microsoft.EntityFrameworkCore.Infrastructure[10401]
      An 'IServiceProvider' was created for internal use by Entity Framework.
dbug: Microsoft.EntityFrameworkCore.Model[10601]
      The index {'InstanceWorkflowId'} was not created on entity type 'ExecutionTache' as the properties are already covered by the index {'InstanceWorkflowId', 'NomTache'}.
dbug: Microsoft.EntityFrameworkCore.Infrastructure[10403]
      Entity Framework Core 10.0.5 initialized 'OamDbContext' using provider 'Microsoft.EntityFrameworkCore.Sqlite:10.0.5' with options: None
dbug: Microsoft.EntityFrameworkCore.Database.Connection[20005]
      Creating DbConnection.
dbug: Microsoft.EntityFrameworkCore.Database.Connection[20006]
      Created DbConnection. (7ms).
dbug: Microsoft.EntityFrameworkCore.Database.Connection[20000]
      Opening connection to database 'main' on server 'oam_dev.db'.
dbug: Microsoft.EntityFrameworkCore.Database.Connection[20001]
      Opened connection to database 'main' on server 'C:\OAM\src\OAM.Api\oam_dev.db'.
dbug: Microsoft.EntityFrameworkCore.Database.Connection[20007]
      Disposing connection to database 'main' on server 'oam_dev.db'.
dbug: Microsoft.EntityFrameworkCore.Database.Connection[20008]
      Disposed connection to database 'main' on server 'oam_dev.db' (1ms).
dbug: Microsoft.EntityFrameworkCore.Database.Command[20103]
      Creating DbCommand for 'ExecuteScalar'.
dbug: Microsoft.EntityFrameworkCore.Database.Connection[20005]
      Creating DbConnection.
dbug: Microsoft.EntityFrameworkCore.Database.Connection[20006]
      Created DbConnection. (1ms).
dbug: Microsoft.EntityFrameworkCore.Database.Command[20104]
      Created DbCommand for 'ExecuteScalar' (7ms).
dbug: Microsoft.EntityFrameworkCore.Database.Command[20106]
      Initialized DbCommand for 'ExecuteScalar' (12ms).
dbug: Microsoft.EntityFrameworkCore.Database.Connection[20000]
      Opening connection to database 'main' on server 'oam_dev.db'.
dbug: Microsoft.EntityFrameworkCore.Database.Connection[20001]
      Opened connection to database 'main' on server 'C:\OAM\src\OAM.Api\oam_dev.db'.
dbug: Microsoft.EntityFrameworkCore.Database.Command[20100]
      Executing DbCommand [Parameters=[], CommandType='Text', CommandTimeout='30']
      SELECT COUNT(*) FROM "sqlite_master" WHERE "type" = 'table' AND "rootpage" IS NOT NULL;
info: Microsoft.EntityFrameworkCore.Database.Command[20101]
      Executed DbCommand (25ms) [Parameters=[], CommandType='Text', CommandTimeout='30']
      SELECT COUNT(*) FROM "sqlite_master" WHERE "type" = 'table' AND "rootpage" IS NOT NULL;
dbug: Microsoft.EntityFrameworkCore.Database.Connection[20002]
      Closing connection to database 'main' on server 'C:\OAM\src\OAM.Api\oam_dev.db'.
dbug: Microsoft.EntityFrameworkCore.Database.Connection[20003]
      Closed connection to database 'main' on server 'oam_dev.db' (2ms).
dbug: Microsoft.EntityFrameworkCore.Infrastructure[10407]
      'OamDbContext' disposed.
dbug: Microsoft.EntityFrameworkCore.Database.Connection[20007]
      Disposing connection to database 'main' on server 'oam_dev.db'.
dbug: Microsoft.EntityFrameworkCore.Database.Connection[20008]
      Disposed connection to database 'main' on server 'oam_dev.db' (1ms).
warn: Microsoft.AspNetCore.StaticFiles.StaticFileMiddleware[16]
      The WebRootPath was not found: C:\OAM\src\OAM.Api\wwwroot. Static files may be unavailable.
dbug: Microsoft.Extensions.Hosting.Internal.Host[1]
      Hosting starting
info: Microsoft.AspNetCore.DataProtection.KeyManagement.XmlKeyManager[63]
      User profile is available. Using 'C:\Users\infol\AppData\Local\ASP.NET\DataProtection-Keys' as key repository and Windows DPAPI to encrypt keys at rest.
info: Microsoft.AspNetCore.Authentication.Negotiate.NegotiateHandler[8]
      Deferring to the server's implementation of Windows Authentication.
warn: Microsoft.AspNetCore.StaticFiles.StaticFileMiddleware[16]
      The WebRootPath was not found: C:\OAM\src\OAM.Api\wwwroot. Static files may be unavailable.
info: Microsoft.AspNetCore.Mvc.Infrastructure.DefaultActionDescriptorCollectionProvider[1]
      No action descriptors found. This may indicate an incorrectly configured application or missing application parts. To learn more, visit https://aka.ms/aspnet/mvc/app-parts
info: Microsoft.AspNetCore.Hosting.Diagnostics[1]
      Request starting HTTP/1.1 POST http://localhost:5173/hubs/workflow/negotiate?negotiateVersion=1 - - 0
info: Microsoft.AspNetCore.Hosting.Diagnostics[1]
      Request starting HTTP/1.1 GET http://localhost:5000/api/instances/b95a35ed-188b-49b1-a8f9-54a04e4861eb - application/json -
info: Microsoft.AspNetCore.Cors.Infrastructure.CorsService[4]
      CORS policy execution successful.
info: Microsoft.Hosting.Lifetime[0]
      Application started. Press Ctrl+C to shut down.
info: Microsoft.Hosting.Lifetime[0]
      Hosting environment: Development
info: Microsoft.Hosting.Lifetime[0]
      Content root path: C:\OAM\src\OAM.Api
dbug: Microsoft.Extensions.Hosting.Internal.Host[2]
      Hosting started
info: Microsoft.AspNetCore.Authentication.JwtBearer.JwtBearerHandler[1]
      Failed to validate the token.
      Microsoft.IdentityModel.Tokens.SecurityTokenExpiredException: IDX10223: Lifetime validation failed. The token is expired. ValidTo (UTC): '2026-03-29 22:00:21', Current time (UTC): '2026-03-30 11:30:57'.
         at Microsoft.IdentityModel.Tokens.ValidatorUtilities.ValidateLifetime(Nullable`1 notBefore, Nullable`1 expires, SecurityToken securityToken, TokenValidationParameters validationParameters)
         at Microsoft.IdentityModel.Tokens.Validators.ValidateLifetime(Nullable`1 notBefore, Nullable`1 expires, SecurityToken securityToken, TokenValidationParameters validationParameters)
         at Microsoft.IdentityModel.JsonWebTokens.JsonWebTokenHandler.ValidateTokenPayloadAsync(JsonWebToken jsonWebToken, TokenValidationParameters validationParameters, BaseConfiguration configuration)
         at Microsoft.IdentityModel.JsonWebTokens.JsonWebTokenHandler.ValidateJWSAsync(JsonWebToken jsonWebToken, TokenValidationParameters validationParameters, BaseConfiguration configuration)
info: Microsoft.AspNetCore.Authentication.JwtBearer.JwtBearerHandler[1]
      Failed to validate the token.
      Microsoft.IdentityModel.Tokens.SecurityTokenExpiredException: IDX10223: Lifetime validation failed. The token is expired. ValidTo (UTC): '2026-03-29 22:00:21', Current time (UTC): '2026-03-30 11:30:57'.
         at Microsoft.IdentityModel.Tokens.ValidatorUtilities.ValidateLifetime(Nullable`1 notBefore, Nullable`1 expires, SecurityToken securityToken, TokenValidationParameters validationParameters)
         at Microsoft.IdentityModel.Tokens.Validators.ValidateLifetime(Nullable`1 notBefore, Nullable`1 expires, SecurityToken securityToken, TokenValidationParameters validationParameters)
         at Microsoft.IdentityModel.JsonWebTokens.JsonWebTokenHandler.ValidateTokenPayloadAsync(JsonWebToken jsonWebToken, TokenValidationParameters validationParameters, BaseConfiguration configuration)
         at Microsoft.IdentityModel.JsonWebTokens.JsonWebTokenHandler.ValidateJWSAsync(JsonWebToken jsonWebToken, TokenValidationParameters validationParameters, BaseConfiguration configuration)
info: Microsoft.AspNetCore.Authentication.JwtBearer.JwtBearerHandler[7]
      Bearer was not authenticated. Failure message: IDX10223: Lifetime validation failed. The token is expired. ValidTo (UTC): '2026-03-29 22:00:21', Current time (UTC): '2026-03-30 11:30:57'.
info: Microsoft.AspNetCore.Authentication.JwtBearer.JwtBearerHandler[7]
      Bearer was not authenticated. Failure message: IDX10223: Lifetime validation failed. The token is expired. ValidTo (UTC): '2026-03-29 22:00:21', Current time (UTC): '2026-03-30 11:30:57'.
info: Microsoft.AspNetCore.Authorization.DefaultAuthorizationService[2]
      Authorization failed. These requirements were not met:
      DenyAnonymousAuthorizationRequirement: Requires an authenticated user.
info: Microsoft.AspNetCore.Authorization.DefaultAuthorizationService[2]
      Authorization failed. These requirements were not met:
      DenyAnonymousAuthorizationRequirement: Requires an authenticated user.
info: Microsoft.AspNetCore.Authentication.JwtBearer.JwtBearerHandler[12]
      AuthenticationScheme: Bearer was challenged.
info: Microsoft.AspNetCore.Authentication.JwtBearer.JwtBearerHandler[12]
      AuthenticationScheme: Bearer was challenged.
info: Microsoft.AspNetCore.Hosting.Diagnostics[2]
      Request finished HTTP/1.1 POST http://localhost:5173/hubs/workflow/negotiate?negotiateVersion=1 - 401 - - 250.9613ms
info: Microsoft.AspNetCore.Hosting.Diagnostics[2]
      Request finished HTTP/1.1 GET http://localhost:5000/api/instances/b95a35ed-188b-49b1-a8f9-54a04e4861eb - 401 - - 250.9598ms
info: Microsoft.AspNetCore.Hosting.Diagnostics[1]
      Request starting HTTP/1.1 GET http://localhost:5000/api/instances/erreurs - application/json -
info: Microsoft.AspNetCore.Hosting.Diagnostics[1]
      Request starting HTTP/1.1 GET http://localhost:5000/api/instances - application/json -
info: Microsoft.AspNetCore.Hosting.Diagnostics[1]
      Request starting HTTP/1.1 GET http://localhost:5000/api/definitions - application/json -
info: Microsoft.AspNetCore.Authentication.JwtBearer.JwtBearerHandler[1]
      Failed to validate the token.
      Microsoft.IdentityModel.Tokens.SecurityTokenExpiredException: IDX10223: Lifetime validation failed. The token is expired. ValidTo (UTC): '2026-03-29 22:00:21', Current time (UTC): '2026-03-30 11:31:07'.
         at Microsoft.IdentityModel.Tokens.ValidatorUtilities.ValidateLifetime(Nullable`1 notBefore, Nullable`1 expires, SecurityToken securityToken, TokenValidationParameters validationParameters)
         at Microsoft.IdentityModel.Tokens.Validators.ValidateLifetime(Nullable`1 notBefore, Nullable`1 expires, SecurityToken securityToken, TokenValidationParameters validationParameters)
         at Microsoft.IdentityModel.JsonWebTokens.JsonWebTokenHandler.ValidateTokenPayloadAsync(JsonWebToken jsonWebToken, TokenValidationParameters validationParameters, BaseConfiguration configuration)
         at Microsoft.IdentityModel.JsonWebTokens.JsonWebTokenHandler.ValidateJWSAsync(JsonWebToken jsonWebToken, TokenValidationParameters validationParameters, BaseConfiguration configuration)
info: Microsoft.AspNetCore.Authentication.JwtBearer.JwtBearerHandler[1]
      Failed to validate the token.
      Microsoft.IdentityModel.Tokens.SecurityTokenExpiredException: IDX10223: Lifetime validation failed. The token is expired. ValidTo (UTC): '2026-03-29 22:00:21', Current time (UTC): '2026-03-30 11:31:07'.
         at Microsoft.IdentityModel.Tokens.ValidatorUtilities.ValidateLifetime(Nullable`1 notBefore, Nullable`1 expires, SecurityToken securityToken, TokenValidationParameters validationParameters)
         at Microsoft.IdentityModel.Tokens.Validators.ValidateLifetime(Nullable`1 notBefore, Nullable`1 expires, SecurityToken securityToken, TokenValidationParameters validationParameters)
         at Microsoft.IdentityModel.JsonWebTokens.JsonWebTokenHandler.ValidateTokenPayloadAsync(JsonWebToken jsonWebToken, TokenValidationParameters validationParameters, BaseConfiguration configuration)
         at Microsoft.IdentityModel.JsonWebTokens.JsonWebTokenHandler.ValidateJWSAsync(JsonWebToken jsonWebToken, TokenValidationParameters validationParameters, BaseConfiguration configuration)
info: Microsoft.AspNetCore.Authentication.JwtBearer.JwtBearerHandler[1]
      Failed to validate the token.
      Microsoft.IdentityModel.Tokens.SecurityTokenExpiredException: IDX10223: Lifetime validation failed. The token is expired. ValidTo (UTC): '2026-03-29 22:00:21', Current time (UTC): '2026-03-30 11:31:07'.
         at Microsoft.IdentityModel.Tokens.ValidatorUtilities.ValidateLifetime(Nullable`1 notBefore, Nullable`1 expires, SecurityToken securityToken, TokenValidationParameters validationParameters)
         at Microsoft.IdentityModel.Tokens.Validators.ValidateLifetime(Nullable`1 notBefore, Nullable`1 expires, SecurityToken securityToken, TokenValidationParameters validationParameters)
         at Microsoft.IdentityModel.JsonWebTokens.JsonWebTokenHandler.ValidateTokenPayloadAsync(JsonWebToken jsonWebToken, TokenValidationParameters validationParameters, BaseConfiguration configuration)
         at Microsoft.IdentityModel.JsonWebTokens.JsonWebTokenHandler.ValidateJWSAsync(JsonWebToken jsonWebToken, TokenValidationParameters validationParameters, BaseConfiguration configuration)
info: Microsoft.AspNetCore.Authentication.JwtBearer.JwtBearerHandler[7]
      Bearer was not authenticated. Failure message: IDX10223: Lifetime validation failed. The token is expired. ValidTo (UTC): '2026-03-29 22:00:21', Current time (UTC): '2026-03-30 11:31:07'.
info: Microsoft.AspNetCore.Authentication.JwtBearer.JwtBearerHandler[7]
      Bearer was not authenticated. Failure message: IDX10223: Lifetime validation failed. The token is expired. ValidTo (UTC): '2026-03-29 22:00:21', Current time (UTC): '2026-03-30 11:31:07'.
info: Microsoft.AspNetCore.Authentication.JwtBearer.JwtBearerHandler[7]
      Bearer was not authenticated. Failure message: IDX10223: Lifetime validation failed. The token is expired. ValidTo (UTC): '2026-03-29 22:00:21', Current time (UTC): '2026-03-30 11:31:07'.
info: Microsoft.AspNetCore.Authorization.DefaultAuthorizationService[2]
      Authorization failed. These requirements were not met:
      DenyAnonymousAuthorizationRequirement: Requires an authenticated user.
info: Microsoft.AspNetCore.Authorization.DefaultAuthorizationService[2]
      Authorization failed. These requirements were not met:
      DenyAnonymousAuthorizationRequirement: Requires an authenticated user.
info: Microsoft.AspNetCore.Authorization.DefaultAuthorizationService[2]
      Authorization failed. These requirements were not met:
      DenyAnonymousAuthorizationRequirement: Requires an authenticated user.
info: Microsoft.AspNetCore.Authentication.JwtBearer.JwtBearerHandler[12]
      AuthenticationScheme: Bearer was challenged.
info: Microsoft.AspNetCore.Authentication.JwtBearer.JwtBearerHandler[12]
      AuthenticationScheme: Bearer was challenged.
info: Microsoft.AspNetCore.Authentication.JwtBearer.JwtBearerHandler[12]
      AuthenticationScheme: Bearer was challenged.
info: Microsoft.AspNetCore.Hosting.Diagnostics[2]
      Request finished HTTP/1.1 GET http://localhost:5000/api/instances/erreurs - 401 - - 246.6114ms
info: Microsoft.AspNetCore.Hosting.Diagnostics[2]
      Request finished HTTP/1.1 GET http://localhost:5000/api/instances - 401 - - 246.5420ms
info: Microsoft.AspNetCore.Hosting.Diagnostics[2]
      Request finished HTTP/1.1 GET http://localhost:5000/api/definitions - 401 - - 246.7393ms
info: Microsoft.AspNetCore.Hosting.Diagnostics[1]
      Request starting HTTP/1.1 GET http://localhost:5000/api/definitions - application/json -
info: Microsoft.AspNetCore.Authentication.JwtBearer.JwtBearerHandler[1]
      Failed to validate the token.
      Microsoft.IdentityModel.Tokens.SecurityTokenExpiredException: IDX10223: Lifetime validation failed. The token is expired. ValidTo (UTC): '2026-03-29 22:00:21', Current time (UTC): '2026-03-30 11:31:11'.
         at Microsoft.IdentityModel.Tokens.ValidatorUtilities.ValidateLifetime(Nullable`1 notBefore, Nullable`1 expires, SecurityToken securityToken, TokenValidationParameters validationParameters)
         at Microsoft.IdentityModel.Tokens.Validators.ValidateLifetime(Nullable`1 notBefore, Nullable`1 expires, SecurityToken securityToken, TokenValidationParameters validationParameters)
         at Microsoft.IdentityModel.JsonWebTokens.JsonWebTokenHandler.ValidateTokenPayloadAsync(JsonWebToken jsonWebToken, TokenValidationParameters validationParameters, BaseConfiguration configuration)
         at Microsoft.IdentityModel.JsonWebTokens.JsonWebTokenHandler.ValidateJWSAsync(JsonWebToken jsonWebToken, TokenValidationParameters validationParameters, BaseConfiguration configuration)
info: Microsoft.AspNetCore.Authentication.JwtBearer.JwtBearerHandler[7]
      Bearer was not authenticated. Failure message: IDX10223: Lifetime validation failed. The token is expired. ValidTo (UTC): '2026-03-29 22:00:21', Current time (UTC): '2026-03-30 11:31:11'.
info: Microsoft.AspNetCore.Authorization.DefaultAuthorizationService[2]
      Authorization failed. These requirements were not met:
      DenyAnonymousAuthorizationRequirement: Requires an authenticated user.
info: Microsoft.AspNetCore.Authentication.JwtBearer.JwtBearerHandler[12]
      AuthenticationScheme: Bearer was challenged.
info: Microsoft.AspNetCore.Hosting.Diagnostics[2]
      Request finished HTTP/1.1 GET http://localhost:5000/api/definitions - 401 - - 8.8814ms
info: Microsoft.AspNetCore.Hosting.Diagnostics[1]
      Request starting HTTP/1.1 GET http://localhost:5000/api/instances/erreurs - application/json -
info: Microsoft.AspNetCore.Hosting.Diagnostics[1]
      Request starting HTTP/1.1 GET http://localhost:5000/api/definitions - application/json -
info: Microsoft.AspNetCore.Hosting.Diagnostics[1]
      Request starting HTTP/1.1 GET http://localhost:5000/api/instances - application/json -
info: Microsoft.AspNetCore.Authentication.JwtBearer.JwtBearerHandler[1]
      Failed to validate the token.
      Microsoft.IdentityModel.Tokens.SecurityTokenExpiredException: IDX10223: Lifetime validation failed. The token is expired. ValidTo (UTC): '2026-03-29 22:00:21', Current time (UTC): '2026-03-30 11:31:13'.
         at Microsoft.IdentityModel.Tokens.ValidatorUtilities.ValidateLifetime(Nullable`1 notBefore, Nullable`1 expires, SecurityToken securityToken, TokenValidationParameters validationParameters)
         at Microsoft.IdentityModel.Tokens.Validators.ValidateLifetime(Nullable`1 notBefore, Nullable`1 expires, SecurityToken securityToken, TokenValidationParameters validationParameters)
         at Microsoft.IdentityModel.JsonWebTokens.JsonWebTokenHandler.ValidateTokenPayloadAsync(JsonWebToken jsonWebToken, TokenValidationParameters validationParameters, BaseConfiguration configuration)
         at Microsoft.IdentityModel.JsonWebTokens.JsonWebTokenHandler.ValidateJWSAsync(JsonWebToken jsonWebToken, TokenValidationParameters validationParameters, BaseConfiguration configuration)
info: Microsoft.AspNetCore.Authentication.JwtBearer.JwtBearerHandler[1]
      Failed to validate the token.
      Microsoft.IdentityModel.Tokens.SecurityTokenExpiredException: IDX10223: Lifetime validation failed. The token is expired. ValidTo (UTC): '2026-03-29 22:00:21', Current time (UTC): '2026-03-30 11:31:13'.
         at Microsoft.IdentityModel.Tokens.ValidatorUtilities.ValidateLifetime(Nullable`1 notBefore, Nullable`1 expires, SecurityToken securityToken, TokenValidationParameters validationParameters)
         at Microsoft.IdentityModel.Tokens.Validators.ValidateLifetime(Nullable`1 notBefore, Nullable`1 expires, SecurityToken securityToken, TokenValidationParameters validationParameters)
         at Microsoft.IdentityModel.JsonWebTokens.JsonWebTokenHandler.ValidateTokenPayloadAsync(JsonWebToken jsonWebToken, TokenValidationParameters validationParameters, BaseConfiguration configuration)
         at Microsoft.IdentityModel.JsonWebTokens.JsonWebTokenHandler.ValidateJWSAsync(JsonWebToken jsonWebToken, TokenValidationParameters validationParameters, BaseConfiguration configuration)
info: Microsoft.AspNetCore.Authentication.JwtBearer.JwtBearerHandler[1]
      Failed to validate the token.
      Microsoft.IdentityModel.Tokens.SecurityTokenExpiredException: IDX10223: Lifetime validation failed. The token is expired. ValidTo (UTC): '2026-03-29 22:00:21', Current time (UTC): '2026-03-30 11:31:13'.
         at Microsoft.IdentityModel.Tokens.ValidatorUtilities.ValidateLifetime(Nullable`1 notBefore, Nullable`1 expires, SecurityToken securityToken, TokenValidationParameters validationParameters)
         at Microsoft.IdentityModel.Tokens.Validators.ValidateLifetime(Nullable`1 notBefore, Nullable`1 expires, SecurityToken securityToken, TokenValidationParameters validationParameters)
         at Microsoft.IdentityModel.JsonWebTokens.JsonWebTokenHandler.ValidateTokenPayloadAsync(JsonWebToken jsonWebToken, TokenValidationParameters validationParameters, BaseConfiguration configuration)
         at Microsoft.IdentityModel.JsonWebTokens.JsonWebTokenHandler.ValidateJWSAsync(JsonWebToken jsonWebToken, TokenValidationParameters validationParameters, BaseConfiguration configuration)
info: Microsoft.AspNetCore.Authentication.JwtBearer.JwtBearerHandler[7]
      Bearer was not authenticated. Failure message: IDX10223: Lifetime validation failed. The token is expired. ValidTo (UTC): '2026-03-29 22:00:21', Current time (UTC): '2026-03-30 11:31:13'.
info: Microsoft.AspNetCore.Authentication.JwtBearer.JwtBearerHandler[7]
      Bearer was not authenticated. Failure message: IDX10223: Lifetime validation failed. The token is expired. ValidTo (UTC): '2026-03-29 22:00:21', Current time (UTC): '2026-03-30 11:31:13'.
info: Microsoft.AspNetCore.Authorization.DefaultAuthorizationService[2]
      Authorization failed. These requirements were not met:
      DenyAnonymousAuthorizationRequirement: Requires an authenticated user.
info: Microsoft.AspNetCore.Authorization.DefaultAuthorizationService[2]
      Authorization failed. These requirements were not met:
      DenyAnonymousAuthorizationRequirement: Requires an authenticated user.
info: Microsoft.AspNetCore.Authentication.JwtBearer.JwtBearerHandler[12]
      AuthenticationScheme: Bearer was challenged.
info: Microsoft.AspNetCore.Authentication.JwtBearer.JwtBearerHandler[7]
      Bearer was not authenticated. Failure message: IDX10223: Lifetime validation failed. The token is expired. ValidTo (UTC): '2026-03-29 22:00:21', Current time (UTC): '2026-03-30 11:31:13'.
info: Microsoft.AspNetCore.Authentication.JwtBearer.JwtBearerHandler[12]
      AuthenticationScheme: Bearer was challenged.
info: Microsoft.AspNetCore.Authorization.DefaultAuthorizationService[2]
      Authorization failed. These requirements were not met:
      DenyAnonymousAuthorizationRequirement: Requires an authenticated user.
info: Microsoft.AspNetCore.Authentication.JwtBearer.JwtBearerHandler[12]
      AuthenticationScheme: Bearer was challenged.
info: Microsoft.AspNetCore.Hosting.Diagnostics[2]
      Request finished HTTP/1.1 GET http://localhost:5000/api/definitions - 401 - - 171.8553ms
info: Microsoft.AspNetCore.Hosting.Diagnostics[2]
      Request finished HTTP/1.1 GET http://localhost:5000/api/instances - 401 - - 173.6763ms
info: Microsoft.AspNetCore.Hosting.Diagnostics[2]
      Request finished HTTP/1.1 GET http://localhost:5000/api/instances/erreurs - 401 - - 210.1213ms
info: Microsoft.AspNetCore.Hosting.Diagnostics[1]
      Request starting HTTP/1.1 GET http://localhost:5000/api/instances - application/json -
info: Microsoft.AspNetCore.Authentication.JwtBearer.JwtBearerHandler[1]
      Failed to validate the token.
      Microsoft.IdentityModel.Tokens.SecurityTokenExpiredException: IDX10223: Lifetime validation failed. The token is expired. ValidTo (UTC): '2026-03-29 22:00:21', Current time (UTC): '2026-03-30 11:31:14'.
         at Microsoft.IdentityModel.Tokens.ValidatorUtilities.ValidateLifetime(Nullable`1 notBefore, Nullable`1 expires, SecurityToken securityToken, TokenValidationParameters validationParameters)
         at Microsoft.IdentityModel.Tokens.Validators.ValidateLifetime(Nullable`1 notBefore, Nullable`1 expires, SecurityToken securityToken, TokenValidationParameters validationParameters)
         at Microsoft.IdentityModel.JsonWebTokens.JsonWebTokenHandler.ValidateTokenPayloadAsync(JsonWebToken jsonWebToken, TokenValidationParameters validationParameters, BaseConfiguration configuration)
         at Microsoft.IdentityModel.JsonWebTokens.JsonWebTokenHandler.ValidateJWSAsync(JsonWebToken jsonWebToken, TokenValidationParameters validationParameters, BaseConfiguration configuration)
info: Microsoft.AspNetCore.Authentication.JwtBearer.JwtBearerHandler[7]
      Bearer was not authenticated. Failure message: IDX10223: Lifetime validation failed. The token is expired. ValidTo (UTC): '2026-03-29 22:00:21', Current time (UTC): '2026-03-30 11:31:14'.
info: Microsoft.AspNetCore.Authorization.DefaultAuthorizationService[2]
      Authorization failed. These requirements were not met:
      DenyAnonymousAuthorizationRequirement: Requires an authenticated user.
info: Microsoft.AspNetCore.Authentication.JwtBearer.JwtBearerHandler[12]
      AuthenticationScheme: Bearer was challenged.
info: Microsoft.AspNetCore.Hosting.Diagnostics[2]
      Request finished HTTP/1.1 GET http://localhost:5000/api/instances - 401 - - 9.7634ms
info: Microsoft.AspNetCore.Hosting.Diagnostics[1]
      Request starting HTTP/1.1 GET http://localhost:5000/api/definitions - application/json -
info: Microsoft.AspNetCore.Authentication.JwtBearer.JwtBearerHandler[1]
      Failed to validate the token.
      Microsoft.IdentityModel.Tokens.SecurityTokenExpiredException: IDX10223: Lifetime validation failed. The token is expired. ValidTo (UTC): '2026-03-29 22:00:21', Current time (UTC): '2026-03-30 11:31:25'.
         at Microsoft.IdentityModel.Tokens.ValidatorUtilities.ValidateLifetime(Nullable`1 notBefore, Nullable`1 expires, SecurityToken securityToken, TokenValidationParameters validationParameters)
         at Microsoft.IdentityModel.Tokens.Validators.ValidateLifetime(Nullable`1 notBefore, Nullable`1 expires, SecurityToken securityToken, TokenValidationParameters validationParameters)
         at Microsoft.IdentityModel.JsonWebTokens.JsonWebTokenHandler.ValidateTokenPayloadAsync(JsonWebToken jsonWebToken, TokenValidationParameters validationParameters, BaseConfiguration configuration)
         at Microsoft.IdentityModel.JsonWebTokens.JsonWebTokenHandler.ValidateJWSAsync(JsonWebToken jsonWebToken, TokenValidationParameters validationParameters, BaseConfiguration configuration)
info: Microsoft.AspNetCore.Authentication.JwtBearer.JwtBearerHandler[7]
      Bearer was not authenticated. Failure message: IDX10223: Lifetime validation failed. The token is expired. ValidTo (UTC): '2026-03-29 22:00:21', Current time (UTC): '2026-03-30 11:31:25'.
info: Microsoft.AspNetCore.Authorization.DefaultAuthorizationService[2]
      Authorization failed. These requirements were not met:
      DenyAnonymousAuthorizationRequirement: Requires an authenticated user.
info: Microsoft.AspNetCore.Authentication.JwtBearer.JwtBearerHandler[12]
      AuthenticationScheme: Bearer was challenged.
info: Microsoft.AspNetCore.Hosting.Diagnostics[2]
      Request finished HTTP/1.1 GET http://localhost:5000/api/definitions - 401 - - 11.2984ms
info: Microsoft.AspNetCore.Hosting.Diagnostics[1]
      Request starting HTTP/1.1 POST http://localhost:5173/hubs/workflow/negotiate?negotiateVersion=1 - - 0
info: Microsoft.AspNetCore.Cors.Infrastructure.CorsService[4]
      CORS policy execution successful.
info: Microsoft.AspNetCore.Authentication.JwtBearer.JwtBearerHandler[1]
      Failed to validate the token.
      Microsoft.IdentityModel.Tokens.SecurityTokenExpiredException: IDX10223: Lifetime validation failed. The token is expired. ValidTo (UTC): '2026-03-29 22:00:21', Current time (UTC): '2026-03-30 11:31:34'.
         at Microsoft.IdentityModel.Tokens.ValidatorUtilities.ValidateLifetime(Nullable`1 notBefore, Nullable`1 expires, SecurityToken securityToken, TokenValidationParameters validationParameters)
         at Microsoft.IdentityModel.Tokens.Validators.ValidateLifetime(Nullable`1 notBefore, Nullable`1 expires, SecurityToken securityToken, TokenValidationParameters validationParameters)
         at Microsoft.IdentityModel.JsonWebTokens.JsonWebTokenHandler.ValidateTokenPayloadAsync(JsonWebToken jsonWebToken, TokenValidationParameters validationParameters, BaseConfiguration configuration)
         at Microsoft.IdentityModel.JsonWebTokens.JsonWebTokenHandler.ValidateJWSAsync(JsonWebToken jsonWebToken, TokenValidationParameters validationParameters, BaseConfiguration configuration)
info: Microsoft.AspNetCore.Authentication.JwtBearer.JwtBearerHandler[7]
      Bearer was not authenticated. Failure message: IDX10223: Lifetime validation failed. The token is expired. ValidTo (UTC): '2026-03-29 22:00:21', Current time (UTC): '2026-03-30 11:31:34'.
info: Microsoft.AspNetCore.Authorization.DefaultAuthorizationService[2]
      Authorization failed. These requirements were not met:
      DenyAnonymousAuthorizationRequirement: Requires an authenticated user.
info: Microsoft.AspNetCore.Authentication.JwtBearer.JwtBearerHandler[12]
      AuthenticationScheme: Bearer was challenged.
info: Microsoft.AspNetCore.Hosting.Diagnostics[2]
      Request finished HTTP/1.1 POST http://localhost:5173/hubs/workflow/negotiate?negotiateVersion=1 - 401 - - 13.3677ms
info: Microsoft.AspNetCore.Hosting.Diagnostics[1]
      Request starting HTTP/1.1 GET http://localhost:5000/api/definitions - application/json -
info: Microsoft.AspNetCore.Authentication.JwtBearer.JwtBearerHandler[1]
      Failed to validate the token.
      Microsoft.IdentityModel.Tokens.SecurityTokenExpiredException: IDX10223: Lifetime validation failed. The token is expired. ValidTo (UTC): '2026-03-29 22:00:21', Current time (UTC): '2026-03-30 11:31:34'.
         at Microsoft.IdentityModel.Tokens.ValidatorUtilities.ValidateLifetime(Nullable`1 notBefore, Nullable`1 expires, SecurityToken securityToken, TokenValidationParameters validationParameters)
         at Microsoft.IdentityModel.Tokens.Validators.ValidateLifetime(Nullable`1 notBefore, Nullable`1 expires, SecurityToken securityToken, TokenValidationParameters validationParameters)
         at Microsoft.IdentityModel.JsonWebTokens.JsonWebTokenHandler.ValidateTokenPayloadAsync(JsonWebToken jsonWebToken, TokenValidationParameters validationParameters, BaseConfiguration configuration)
         at Microsoft.IdentityModel.JsonWebTokens.JsonWebTokenHandler.ValidateJWSAsync(JsonWebToken jsonWebToken, TokenValidationParameters validationParameters, BaseConfiguration configuration)
info: Microsoft.AspNetCore.Authentication.JwtBearer.JwtBearerHandler[7]
      Bearer was not authenticated. Failure message: IDX10223: Lifetime validation failed. The token is expired. ValidTo (UTC): '2026-03-29 22:00:21', Current time (UTC): '2026-03-30 11:31:34'.
info: Microsoft.AspNetCore.Authorization.DefaultAuthorizationService[2]
      Authorization failed. These requirements were not met:
      DenyAnonymousAuthorizationRequirement: Requires an authenticated user.
info: Microsoft.AspNetCore.Authentication.JwtBearer.JwtBearerHandler[12]
      AuthenticationScheme: Bearer was challenged.
info: Microsoft.AspNetCore.Hosting.Diagnostics[2]
      Request finished HTTP/1.1 GET http://localhost:5000/api/definitions - 401 - - 9.8456ms
info: Microsoft.AspNetCore.Hosting.Diagnostics[1]
      Request starting HTTP/1.1 GET http://localhost:5000/api/definitions - application/json -
info: Microsoft.AspNetCore.Hosting.Diagnostics[1]
      Request starting HTTP/1.1 GET http://localhost:5000/api/instances - application/json -
info: Microsoft.AspNetCore.Hosting.Diagnostics[1]
      Request starting HTTP/1.1 GET http://localhost:5000/api/instances/erreurs - application/json -
info: Microsoft.AspNetCore.Authentication.JwtBearer.JwtBearerHandler[1]
      Failed to validate the token.
      Microsoft.IdentityModel.Tokens.SecurityTokenExpiredException: IDX10223: Lifetime validation failed. The token is expired. ValidTo (UTC): '2026-03-29 22:00:21', Current time (UTC): '2026-03-30 11:31:37'.
         at Microsoft.IdentityModel.Tokens.ValidatorUtilities.ValidateLifetime(Nullable`1 notBefore, Nullable`1 expires, SecurityToken securityToken, TokenValidationParameters validationParameters)
         at Microsoft.IdentityModel.Tokens.Validators.ValidateLifetime(Nullable`1 notBefore, Nullable`1 expires, SecurityToken securityToken, TokenValidationParameters validationParameters)
         at Microsoft.IdentityModel.JsonWebTokens.JsonWebTokenHandler.ValidateTokenPayloadAsync(JsonWebToken jsonWebToken, TokenValidationParameters validationParameters, BaseConfiguration configuration)
         at Microsoft.IdentityModel.JsonWebTokens.JsonWebTokenHandler.ValidateJWSAsync(JsonWebToken jsonWebToken, TokenValidationParameters validationParameters, BaseConfiguration configuration)
info: Microsoft.AspNetCore.Authentication.JwtBearer.JwtBearerHandler[1]
      Failed to validate the token.
      Microsoft.IdentityModel.Tokens.SecurityTokenExpiredException: IDX10223: Lifetime validation failed. The token is expired. ValidTo (UTC): '2026-03-29 22:00:21', Current time (UTC): '2026-03-30 11:31:37'.
         at Microsoft.IdentityModel.Tokens.ValidatorUtilities.ValidateLifetime(Nullable`1 notBefore, Nullable`1 expires, SecurityToken securityToken, TokenValidationParameters validationParameters)
         at Microsoft.IdentityModel.Tokens.Validators.ValidateLifetime(Nullable`1 notBefore, Nullable`1 expires, SecurityToken securityToken, TokenValidationParameters validationParameters)
         at Microsoft.IdentityModel.JsonWebTokens.JsonWebTokenHandler.ValidateTokenPayloadAsync(JsonWebToken jsonWebToken, TokenValidationParameters validationParameters, BaseConfiguration configuration)
         at Microsoft.IdentityModel.JsonWebTokens.JsonWebTokenHandler.ValidateJWSAsync(JsonWebToken jsonWebToken, TokenValidationParameters validationParameters, BaseConfiguration configuration)
info: Microsoft.AspNetCore.Authentication.JwtBearer.JwtBearerHandler[1]
      Failed to validate the token.
      Microsoft.IdentityModel.Tokens.SecurityTokenExpiredException: IDX10223: Lifetime validation failed. The token is expired. ValidTo (UTC): '2026-03-29 22:00:21', Current time (UTC): '2026-03-30 11:31:37'.
         at Microsoft.IdentityModel.Tokens.ValidatorUtilities.ValidateLifetime(Nullable`1 notBefore, Nullable`1 expires, SecurityToken securityToken, TokenValidationParameters validationParameters)
         at Microsoft.IdentityModel.Tokens.Validators.ValidateLifetime(Nullable`1 notBefore, Nullable`1 expires, SecurityToken securityToken, TokenValidationParameters validationParameters)
         at Microsoft.IdentityModel.JsonWebTokens.JsonWebTokenHandler.ValidateTokenPayloadAsync(JsonWebToken jsonWebToken, TokenValidationParameters validationParameters, BaseConfiguration configuration)
         at Microsoft.IdentityModel.JsonWebTokens.JsonWebTokenHandler.ValidateJWSAsync(JsonWebToken jsonWebToken, TokenValidationParameters validationParameters, BaseConfiguration configuration)
info: Microsoft.AspNetCore.Authentication.JwtBearer.JwtBearerHandler[7]
      Bearer was not authenticated. Failure message: IDX10223: Lifetime validation failed. The token is expired. ValidTo (UTC): '2026-03-29 22:00:21', Current time (UTC): '2026-03-30 11:31:37'.
info: Microsoft.AspNetCore.Authentication.JwtBearer.JwtBearerHandler[7]
      Bearer was not authenticated. Failure message: IDX10223: Lifetime validation failed. The token is expired. ValidTo (UTC): '2026-03-29 22:00:21', Current time (UTC): '2026-03-30 11:31:37'.
info: Microsoft.AspNetCore.Authorization.DefaultAuthorizationService[2]
      Authorization failed. These requirements were not met:
      DenyAnonymousAuthorizationRequirement: Requires an authenticated user.
info: Microsoft.AspNetCore.Authorization.DefaultAuthorizationService[2]
      Authorization failed. These requirements were not met:
      DenyAnonymousAuthorizationRequirement: Requires an authenticated user.
info: Microsoft.AspNetCore.Authentication.JwtBearer.JwtBearerHandler[7]
      Bearer was not authenticated. Failure message: IDX10223: Lifetime validation failed. The token is expired. ValidTo (UTC): '2026-03-29 22:00:21', Current time (UTC): '2026-03-30 11:31:37'.
info: Microsoft.AspNetCore.Authentication.JwtBearer.JwtBearerHandler[12]
      AuthenticationScheme: Bearer was challenged.
info: Microsoft.AspNetCore.Authentication.JwtBearer.JwtBearerHandler[12]
      AuthenticationScheme: Bearer was challenged.
info: Microsoft.AspNetCore.Authorization.DefaultAuthorizationService[2]
      Authorization failed. These requirements were not met:
      DenyAnonymousAuthorizationRequirement: Requires an authenticated user.
info: Microsoft.AspNetCore.Authentication.JwtBearer.JwtBearerHandler[12]
      AuthenticationScheme: Bearer was challenged.
info: Microsoft.AspNetCore.Hosting.Diagnostics[2]
      Request finished HTTP/1.1 GET http://localhost:5000/api/instances - 401 - - 137.3591ms
info: Microsoft.AspNetCore.Hosting.Diagnostics[2]
      Request finished HTTP/1.1 GET http://localhost:5000/api/definitions - 401 - - 138.7288ms
info: Microsoft.AspNetCore.Hosting.Diagnostics[2]
      Request finished HTTP/1.1 GET http://localhost:5000/api/instances/erreurs - 401 - - 140.1702ms
info: Microsoft.AspNetCore.Hosting.Diagnostics[1]
      Request starting HTTP/1.1 POST http://localhost:5173/hubs/workflow/negotiate?negotiateVersion=1 - - 0
info: Microsoft.AspNetCore.Cors.Infrastructure.CorsService[4]
      CORS policy execution successful.
info: Microsoft.AspNetCore.Authentication.JwtBearer.JwtBearerHandler[1]
      Failed to validate the token.
      Microsoft.IdentityModel.Tokens.SecurityTokenExpiredException: IDX10223: Lifetime validation failed. The token is expired. ValidTo (UTC): '2026-03-29 22:00:21', Current time (UTC): '2026-03-30 11:31:40'.
         at Microsoft.IdentityModel.Tokens.ValidatorUtilities.ValidateLifetime(Nullable`1 notBefore, Nullable`1 expires, SecurityToken securityToken, TokenValidationParameters validationParameters)
         at Microsoft.IdentityModel.Tokens.Validators.ValidateLifetime(Nullable`1 notBefore, Nullable`1 expires, SecurityToken securityToken, TokenValidationParameters validationParameters)
         at Microsoft.IdentityModel.JsonWebTokens.JsonWebTokenHandler.ValidateTokenPayloadAsync(JsonWebToken jsonWebToken, TokenValidationParameters validationParameters, BaseConfiguration configuration)
         at Microsoft.IdentityModel.JsonWebTokens.JsonWebTokenHandler.ValidateJWSAsync(JsonWebToken jsonWebToken, TokenValidationParameters validationParameters, BaseConfiguration configuration)
info: Microsoft.AspNetCore.Authentication.JwtBearer.JwtBearerHandler[7]
      Bearer was not authenticated. Failure message: IDX10223: Lifetime validation failed. The token is expired. ValidTo (UTC): '2026-03-29 22:00:21', Current time (UTC): '2026-03-30 11:31:40'.
info: Microsoft.AspNetCore.Authorization.DefaultAuthorizationService[2]
      Authorization failed. These requirements were not met:
      DenyAnonymousAuthorizationRequirement: Requires an authenticated user.
info: Microsoft.AspNetCore.Authentication.JwtBearer.JwtBearerHandler[12]
      AuthenticationScheme: Bearer was challenged.
info: Microsoft.AspNetCore.Hosting.Diagnostics[2]
      Request finished HTTP/1.1 POST http://localhost:5173/hubs/workflow/negotiate?negotiateVersion=1 - 401 - - 13.8407ms
info: Microsoft.AspNetCore.Hosting.Diagnostics[1]
      Request starting HTTP/1.1 GET http://localhost:5000/api/instances - application/json -
info: Microsoft.AspNetCore.Hosting.Diagnostics[1]
      Request starting HTTP/1.1 GET http://localhost:5000/api/instances/erreurs - application/json -
info: Microsoft.AspNetCore.Hosting.Diagnostics[1]
      Request starting HTTP/1.1 GET http://localhost:5000/api/definitions - application/json -
info: Microsoft.AspNetCore.Authentication.JwtBearer.JwtBearerHandler[1]
      Failed to validate the token.
      Microsoft.IdentityModel.Tokens.SecurityTokenExpiredException: IDX10223: Lifetime validation failed. The token is expired. ValidTo (UTC): '2026-03-29 22:00:21', Current time (UTC): '2026-03-30 11:31:40'.
         at Microsoft.IdentityModel.Tokens.ValidatorUtilities.ValidateLifetime(Nullable`1 notBefore, Nullable`1 expires, SecurityToken securityToken, TokenValidationParameters validationParameters)
         at Microsoft.IdentityModel.Tokens.Validators.ValidateLifetime(Nullable`1 notBefore, Nullable`1 expires, SecurityToken securityToken, TokenValidationParameters validationParameters)
         at Microsoft.IdentityModel.JsonWebTokens.JsonWebTokenHandler.ValidateTokenPayloadAsync(JsonWebToken jsonWebToken, TokenValidationParameters validationParameters, BaseConfiguration configuration)
         at Microsoft.IdentityModel.JsonWebTokens.JsonWebTokenHandler.ValidateJWSAsync(JsonWebToken jsonWebToken, TokenValidationParameters validationParameters, BaseConfiguration configuration)
info: Microsoft.AspNetCore.Authentication.JwtBearer.JwtBearerHandler[1]
      Failed to validate the token.
      Microsoft.IdentityModel.Tokens.SecurityTokenExpiredException: IDX10223: Lifetime validation failed. The token is expired. ValidTo (UTC): '2026-03-29 22:00:21', Current time (UTC): '2026-03-30 11:31:40'.
         at Microsoft.IdentityModel.Tokens.ValidatorUtilities.ValidateLifetime(Nullable`1 notBefore, Nullable`1 expires, SecurityToken securityToken, TokenValidationParameters validationParameters)
         at Microsoft.IdentityModel.Tokens.Validators.ValidateLifetime(Nullable`1 notBefore, Nullable`1 expires, SecurityToken securityToken, TokenValidationParameters validationParameters)
         at Microsoft.IdentityModel.JsonWebTokens.JsonWebTokenHandler.ValidateTokenPayloadAsync(JsonWebToken jsonWebToken, TokenValidationParameters validationParameters, BaseConfiguration configuration)
         at Microsoft.IdentityModel.JsonWebTokens.JsonWebTokenHandler.ValidateJWSAsync(JsonWebToken jsonWebToken, TokenValidationParameters validationParameters, BaseConfiguration configuration)
info: Microsoft.AspNetCore.Authentication.JwtBearer.JwtBearerHandler[1]
      Failed to validate the token.
      Microsoft.IdentityModel.Tokens.SecurityTokenExpiredException: IDX10223: Lifetime validation failed. The token is expired. ValidTo (UTC): '2026-03-29 22:00:21', Current time (UTC): '2026-03-30 11:31:40'.
         at Microsoft.IdentityModel.Tokens.ValidatorUtilities.ValidateLifetime(Nullable`1 notBefore, Nullable`1 expires, SecurityToken securityToken, TokenValidationParameters validationParameters)
         at Microsoft.IdentityModel.Tokens.Validators.ValidateLifetime(Nullable`1 notBefore, Nullable`1 expires, SecurityToken securityToken, TokenValidationParameters validationParameters)
         at Microsoft.IdentityModel.JsonWebTokens.JsonWebTokenHandler.ValidateTokenPayloadAsync(JsonWebToken jsonWebToken, TokenValidationParameters validationParameters, BaseConfiguration configuration)
         at Microsoft.IdentityModel.JsonWebTokens.JsonWebTokenHandler.ValidateJWSAsync(JsonWebToken jsonWebToken, TokenValidationParameters validationParameters, BaseConfiguration configuration)
info: Microsoft.AspNetCore.Authentication.JwtBearer.JwtBearerHandler[7]
      Bearer was not authenticated. Failure message: IDX10223: Lifetime validation failed. The token is expired. ValidTo (UTC): '2026-03-29 22:00:21', Current time (UTC): '2026-03-30 11:31:40'.
info: Microsoft.AspNetCore.Authentication.JwtBearer.JwtBearerHandler[7]
      Bearer was not authenticated. Failure message: IDX10223: Lifetime validation failed. The token is expired. ValidTo (UTC): '2026-03-29 22:00:21', Current time (UTC): '2026-03-30 11:31:40'.
info: Microsoft.AspNetCore.Authorization.DefaultAuthorizationService[2]
      Authorization failed. These requirements were not met:
      DenyAnonymousAuthorizationRequirement: Requires an authenticated user.
info: Microsoft.AspNetCore.Authorization.DefaultAuthorizationService[2]
      Authorization failed. These requirements were not met:
      DenyAnonymousAuthorizationRequirement: Requires an authenticated user.
info: Microsoft.AspNetCore.Authentication.JwtBearer.JwtBearerHandler[7]
      Bearer was not authenticated. Failure message: IDX10223: Lifetime validation failed. The token is expired. ValidTo (UTC): '2026-03-29 22:00:21', Current time (UTC): '2026-03-30 11:31:40'.
info: Microsoft.AspNetCore.Authentication.JwtBearer.JwtBearerHandler[12]
      AuthenticationScheme: Bearer was challenged.
info: Microsoft.AspNetCore.Authorization.DefaultAuthorizationService[2]
      Authorization failed. These requirements were not met:
      DenyAnonymousAuthorizationRequirement: Requires an authenticated user.
info: Microsoft.AspNetCore.Authentication.JwtBearer.JwtBearerHandler[12]
      AuthenticationScheme: Bearer was challenged.
info: Microsoft.AspNetCore.Authentication.JwtBearer.JwtBearerHandler[12]
      AuthenticationScheme: Bearer was challenged.
info: Microsoft.AspNetCore.Hosting.Diagnostics[2]
      Request finished HTTP/1.1 GET http://localhost:5000/api/instances - 401 - - 194.0233ms
info: Microsoft.AspNetCore.Hosting.Diagnostics[2]
      Request finished HTTP/1.1 GET http://localhost:5000/api/definitions - 401 - - 223.7929ms
info: Microsoft.AspNetCore.Hosting.Diagnostics[2]
      Request finished HTTP/1.1 GET http://localhost:5000/api/instances/erreurs - 401 - - 223.8209ms
info: Microsoft.AspNetCore.Hosting.Diagnostics[1]
      Request starting HTTP/1.1 POST http://localhost:5173/hubs/workflow/negotiate?negotiateVersion=1 - - 0
info: Microsoft.AspNetCore.Cors.Infrastructure.CorsService[4]
      CORS policy execution successful.
info: Microsoft.AspNetCore.Authentication.JwtBearer.JwtBearerHandler[1]
      Failed to validate the token.
      Microsoft.IdentityModel.Tokens.SecurityTokenExpiredException: IDX10223: Lifetime validation failed. The token is expired. ValidTo (UTC): '2026-03-29 22:00:21', Current time (UTC): '2026-03-30 11:31:42'.
         at Microsoft.IdentityModel.Tokens.ValidatorUtilities.ValidateLifetime(Nullable`1 notBefore, Nullable`1 expires, SecurityToken securityToken, TokenValidationParameters validationParameters)
         at Microsoft.IdentityModel.Tokens.Validators.ValidateLifetime(Nullable`1 notBefore, Nullable`1 expires, SecurityToken securityToken, TokenValidationParameters validationParameters)
         at Microsoft.IdentityModel.JsonWebTokens.JsonWebTokenHandler.ValidateTokenPayloadAsync(JsonWebToken jsonWebToken, TokenValidationParameters validationParameters, BaseConfiguration configuration)
         at Microsoft.IdentityModel.JsonWebTokens.JsonWebTokenHandler.ValidateJWSAsync(JsonWebToken jsonWebToken, TokenValidationParameters validationParameters, BaseConfiguration configuration)
info: Microsoft.AspNetCore.Authentication.JwtBearer.JwtBearerHandler[7]
      Bearer was not authenticated. Failure message: IDX10223: Lifetime validation failed. The token is expired. ValidTo (UTC): '2026-03-29 22:00:21', Current time (UTC): '2026-03-30 11:31:42'.
info: Microsoft.AspNetCore.Authorization.DefaultAuthorizationService[2]
      Authorization failed. These requirements were not met:
      DenyAnonymousAuthorizationRequirement: Requires an authenticated user.
info: Microsoft.AspNetCore.Authentication.JwtBearer.JwtBearerHandler[12]
      AuthenticationScheme: Bearer was challenged.
info: Microsoft.AspNetCore.Hosting.Diagnostics[2]
      Request finished HTTP/1.1 POST http://localhost:5173/hubs/workflow/negotiate?negotiateVersion=1 - 401 - - 13.2309ms
info: Microsoft.AspNetCore.Hosting.Diagnostics[1]
      Request starting HTTP/1.1 GET http://localhost:5000/api/definitions - application/json -
info: Microsoft.AspNetCore.Hosting.Diagnostics[1]
      Request starting HTTP/1.1 GET http://localhost:5000/api/instances - application/json -
info: Microsoft.AspNetCore.Hosting.Diagnostics[1]
      Request starting HTTP/1.1 GET http://localhost:5000/api/instances/erreurs - application/json -
info: Microsoft.AspNetCore.Authentication.JwtBearer.JwtBearerHandler[1]
      Failed to validate the token.
      Microsoft.IdentityModel.Tokens.SecurityTokenExpiredException: IDX10223: Lifetime validation failed. The token is expired. ValidTo (UTC): '2026-03-29 22:00:21', Current time (UTC): '2026-03-30 11:31:42'.
         at Microsoft.IdentityModel.Tokens.ValidatorUtilities.ValidateLifetime(Nullable`1 notBefore, Nullable`1 expires, SecurityToken securityToken, TokenValidationParameters validationParameters)
         at Microsoft.IdentityModel.Tokens.Validators.ValidateLifetime(Nullable`1 notBefore, Nullable`1 expires, SecurityToken securityToken, TokenValidationParameters validationParameters)
         at Microsoft.IdentityModel.JsonWebTokens.JsonWebTokenHandler.ValidateTokenPayloadAsync(JsonWebToken jsonWebToken, TokenValidationParameters validationParameters, BaseConfiguration configuration)
         at Microsoft.IdentityModel.JsonWebTokens.JsonWebTokenHandler.ValidateJWSAsync(JsonWebToken jsonWebToken, TokenValidationParameters validationParameters, BaseConfiguration configuration)
info: Microsoft.AspNetCore.Authentication.JwtBearer.JwtBearerHandler[1]
      Failed to validate the token.
      Microsoft.IdentityModel.Tokens.SecurityTokenExpiredException: IDX10223: Lifetime validation failed. The token is expired. ValidTo (UTC): '2026-03-29 22:00:21', Current time (UTC): '2026-03-30 11:31:42'.
         at Microsoft.IdentityModel.Tokens.ValidatorUtilities.ValidateLifetime(Nullable`1 notBefore, Nullable`1 expires, SecurityToken securityToken, TokenValidationParameters validationParameters)
         at Microsoft.IdentityModel.Tokens.Validators.ValidateLifetime(Nullable`1 notBefore, Nullable`1 expires, SecurityToken securityToken, TokenValidationParameters validationParameters)
         at Microsoft.IdentityModel.JsonWebTokens.JsonWebTokenHandler.ValidateTokenPayloadAsync(JsonWebToken jsonWebToken, TokenValidationParameters validationParameters, BaseConfiguration configuration)
         at Microsoft.IdentityModel.JsonWebTokens.JsonWebTokenHandler.ValidateJWSAsync(JsonWebToken jsonWebToken, TokenValidationParameters validationParameters, BaseConfiguration configuration)
info: Microsoft.AspNetCore.Authentication.JwtBearer.JwtBearerHandler[1]
      Failed to validate the token.
      Microsoft.IdentityModel.Tokens.SecurityTokenExpiredException: IDX10223: Lifetime validation failed. The token is expired. ValidTo (UTC): '2026-03-29 22:00:21', Current time (UTC): '2026-03-30 11:31:42'.
         at Microsoft.IdentityModel.Tokens.ValidatorUtilities.ValidateLifetime(Nullable`1 notBefore, Nullable`1 expires, SecurityToken securityToken, TokenValidationParameters validationParameters)
         at Microsoft.IdentityModel.Tokens.Validators.ValidateLifetime(Nullable`1 notBefore, Nullable`1 expires, SecurityToken securityToken, TokenValidationParameters validationParameters)
         at Microsoft.IdentityModel.JsonWebTokens.JsonWebTokenHandler.ValidateTokenPayloadAsync(JsonWebToken jsonWebToken, TokenValidationParameters validationParameters, BaseConfiguration configuration)
         at Microsoft.IdentityModel.JsonWebTokens.JsonWebTokenHandler.ValidateJWSAsync(JsonWebToken jsonWebToken, TokenValidationParameters validationParameters, BaseConfiguration configuration)
info: Microsoft.AspNetCore.Authentication.JwtBearer.JwtBearerHandler[7]
      Bearer was not authenticated. Failure message: IDX10223: Lifetime validation failed. The token is expired. ValidTo (UTC): '2026-03-29 22:00:21', Current time (UTC): '2026-03-30 11:31:42'.
info: Microsoft.AspNetCore.Authentication.JwtBearer.JwtBearerHandler[7]
      Bearer was not authenticated. Failure message: IDX10223: Lifetime validation failed. The token is expired. ValidTo (UTC): '2026-03-29 22:00:21', Current time (UTC): '2026-03-30 11:31:42'.
info: Microsoft.AspNetCore.Authentication.JwtBearer.JwtBearerHandler[7]
      Bearer was not authenticated. Failure message: IDX10223: Lifetime validation failed. The token is expired. ValidTo (UTC): '2026-03-29 22:00:21', Current time (UTC): '2026-03-30 11:31:42'.
info: Microsoft.AspNetCore.Authorization.DefaultAuthorizationService[2]
      Authorization failed. These requirements were not met:
      DenyAnonymousAuthorizationRequirement: Requires an authenticated user.
info: Microsoft.AspNetCore.Authorization.DefaultAuthorizationService[2]
      Authorization failed. These requirements were not met:
      DenyAnonymousAuthorizationRequirement: Requires an authenticated user.
info: Microsoft.AspNetCore.Authorization.DefaultAuthorizationService[2]
      Authorization failed. These requirements were not met:
      DenyAnonymousAuthorizationRequirement: Requires an authenticated user.
info: Microsoft.AspNetCore.Authentication.JwtBearer.JwtBearerHandler[12]
      AuthenticationScheme: Bearer was challenged.
info: Microsoft.AspNetCore.Authentication.JwtBearer.JwtBearerHandler[12]
      AuthenticationScheme: Bearer was challenged.
info: Microsoft.AspNetCore.Authentication.JwtBearer.JwtBearerHandler[12]
      AuthenticationScheme: Bearer was challenged.
info: Microsoft.AspNetCore.Hosting.Diagnostics[2]
      Request finished HTTP/1.1 GET http://localhost:5000/api/instances - 401 - - 184.6048ms
info: Microsoft.AspNetCore.Hosting.Diagnostics[2]
      Request finished HTTP/1.1 GET http://localhost:5000/api/instances/erreurs - 401 - - 184.8075ms
info: Microsoft.AspNetCore.Hosting.Diagnostics[2]
      Request finished HTTP/1.1 GET http://localhost:5000/api/definitions - 401 - - 187.6939ms
info: Microsoft.AspNetCore.Hosting.Diagnostics[1]
      Request starting HTTP/1.1 POST http://localhost:5173/hubs/workflow/negotiate?negotiateVersion=1 - - 0
info: Microsoft.AspNetCore.Cors.Infrastructure.CorsService[4]
      CORS policy execution successful.
info: Microsoft.AspNetCore.Authentication.JwtBearer.JwtBearerHandler[1]
      Failed to validate the token.
      Microsoft.IdentityModel.Tokens.SecurityTokenExpiredException: IDX10223: Lifetime validation failed. The token is expired. ValidTo (UTC): '2026-03-29 22:00:21', Current time (UTC): '2026-03-30 11:33:16'.
         at Microsoft.IdentityModel.Tokens.ValidatorUtilities.ValidateLifetime(Nullable`1 notBefore, Nullable`1 expires, SecurityToken securityToken, TokenValidationParameters validationParameters)
         at Microsoft.IdentityModel.Tokens.Validators.ValidateLifetime(Nullable`1 notBefore, Nullable`1 expires, SecurityToken securityToken, TokenValidationParameters validationParameters)
         at Microsoft.IdentityModel.JsonWebTokens.JsonWebTokenHandler.ValidateTokenPayloadAsync(JsonWebToken jsonWebToken, TokenValidationParameters validationParameters, BaseConfiguration configuration)
         at Microsoft.IdentityModel.JsonWebTokens.JsonWebTokenHandler.ValidateJWSAsync(JsonWebToken jsonWebToken, TokenValidationParameters validationParameters, BaseConfiguration configuration)
info: Microsoft.AspNetCore.Authentication.JwtBearer.JwtBearerHandler[7]
      Bearer was not authenticated. Failure message: IDX10223: Lifetime validation failed. The token is expired. ValidTo (UTC): '2026-03-29 22:00:21', Current time (UTC): '2026-03-30 11:33:16'.
info: Microsoft.AspNetCore.Authorization.DefaultAuthorizationService[2]
      Authorization failed. These requirements were not met:
      DenyAnonymousAuthorizationRequirement: Requires an authenticated user.
info: Microsoft.AspNetCore.Authentication.JwtBearer.JwtBearerHandler[12]
      AuthenticationScheme: Bearer was challenged.
info: Microsoft.AspNetCore.Hosting.Diagnostics[2]
      Request finished HTTP/1.1 POST http://localhost:5173/hubs/workflow/negotiate?negotiateVersion=1 - 401 - - 17.2023ms
info: Microsoft.AspNetCore.Hosting.Diagnostics[1]
      Request starting HTTP/1.1 GET http://localhost:5000/api/instances - application/json -
info: Microsoft.AspNetCore.Hosting.Diagnostics[1]
      Request starting HTTP/1.1 GET http://localhost:5000/api/definitions - application/json -
info: Microsoft.AspNetCore.Authentication.JwtBearer.JwtBearerHandler[1]
      Failed to validate the token.
      Microsoft.IdentityModel.Tokens.SecurityTokenExpiredException: IDX10223: Lifetime validation failed. The token is expired. ValidTo (UTC): '2026-03-29 22:00:21', Current time (UTC): '2026-03-30 11:33:16'.
         at Microsoft.IdentityModel.Tokens.ValidatorUtilities.ValidateLifetime(Nullable`1 notBefore, Nullable`1 expires, SecurityToken securityToken, TokenValidationParameters validationParameters)
         at Microsoft.IdentityModel.Tokens.Validators.ValidateLifetime(Nullable`1 notBefore, Nullable`1 expires, SecurityToken securityToken, TokenValidationParameters validationParameters)
         at Microsoft.IdentityModel.JsonWebTokens.JsonWebTokenHandler.ValidateTokenPayloadAsync(JsonWebToken jsonWebToken, TokenValidationParameters validationParameters, BaseConfiguration configuration)
         at Microsoft.IdentityModel.JsonWebTokens.JsonWebTokenHandler.ValidateJWSAsync(JsonWebToken jsonWebToken, TokenValidationParameters validationParameters, BaseConfiguration configuration)
info: Microsoft.AspNetCore.Hosting.Diagnostics[1]
      Request starting HTTP/1.1 GET http://localhost:5000/api/instances/erreurs - application/json -
info: Microsoft.AspNetCore.Authentication.JwtBearer.JwtBearerHandler[7]
      Bearer was not authenticated. Failure message: IDX10223: Lifetime validation failed. The token is expired. ValidTo (UTC): '2026-03-29 22:00:21', Current time (UTC): '2026-03-30 11:33:16'.
info: Microsoft.AspNetCore.Authorization.DefaultAuthorizationService[2]
      Authorization failed. These requirements were not met:
      DenyAnonymousAuthorizationRequirement: Requires an authenticated user.
info: Microsoft.AspNetCore.Authentication.JwtBearer.JwtBearerHandler[12]
      AuthenticationScheme: Bearer was challenged.
info: Microsoft.AspNetCore.Authentication.JwtBearer.JwtBearerHandler[1]
      Failed to validate the token.
      Microsoft.IdentityModel.Tokens.SecurityTokenExpiredException: IDX10223: Lifetime validation failed. The token is expired. ValidTo (UTC): '2026-03-29 22:00:21', Current time (UTC): '2026-03-30 11:33:16'.
         at Microsoft.IdentityModel.Tokens.ValidatorUtilities.ValidateLifetime(Nullable`1 notBefore, Nullable`1 expires, SecurityToken securityToken, TokenValidationParameters validationParameters)
         at Microsoft.IdentityModel.Tokens.Validators.ValidateLifetime(Nullable`1 notBefore, Nullable`1 expires, SecurityToken securityToken, TokenValidationParameters validationParameters)
         at Microsoft.IdentityModel.JsonWebTokens.JsonWebTokenHandler.ValidateTokenPayloadAsync(JsonWebToken jsonWebToken, TokenValidationParameters validationParameters, BaseConfiguration configuration)
         at Microsoft.IdentityModel.JsonWebTokens.JsonWebTokenHandler.ValidateJWSAsync(JsonWebToken jsonWebToken, TokenValidationParameters validationParameters, BaseConfiguration configuration)
info: Microsoft.AspNetCore.Authentication.JwtBearer.JwtBearerHandler[7]
      Bearer was not authenticated. Failure message: IDX10223: Lifetime validation failed. The token is expired. ValidTo (UTC): '2026-03-29 22:00:21', Current time (UTC): '2026-03-30 11:33:16'.
info: Microsoft.AspNetCore.Authorization.DefaultAuthorizationService[2]
      Authorization failed. These requirements were not met:
      DenyAnonymousAuthorizationRequirement: Requires an authenticated user.
info: Microsoft.AspNetCore.Authentication.JwtBearer.JwtBearerHandler[1]
      Failed to validate the token.
      Microsoft.IdentityModel.Tokens.SecurityTokenExpiredException: IDX10223: Lifetime validation failed. The token is expired. ValidTo (UTC): '2026-03-29 22:00:21', Current time (UTC): '2026-03-30 11:33:16'.
         at Microsoft.IdentityModel.Tokens.ValidatorUtilities.ValidateLifetime(Nullable`1 notBefore, Nullable`1 expires, SecurityToken securityToken, TokenValidationParameters validationParameters)
         at Microsoft.IdentityModel.Tokens.Validators.ValidateLifetime(Nullable`1 notBefore, Nullable`1 expires, SecurityToken securityToken, TokenValidationParameters validationParameters)
         at Microsoft.IdentityModel.JsonWebTokens.JsonWebTokenHandler.ValidateTokenPayloadAsync(JsonWebToken jsonWebToken, TokenValidationParameters validationParameters, BaseConfiguration configuration)
         at Microsoft.IdentityModel.JsonWebTokens.JsonWebTokenHandler.ValidateJWSAsync(JsonWebToken jsonWebToken, TokenValidationParameters validationParameters, BaseConfiguration configuration)
info: Microsoft.AspNetCore.Authentication.JwtBearer.JwtBearerHandler[12]
      AuthenticationScheme: Bearer was challenged.
info: Microsoft.AspNetCore.Hosting.Diagnostics[2]
      Request finished HTTP/1.1 GET http://localhost:5000/api/instances - 401 - - 133.6740ms
info: Microsoft.AspNetCore.Authentication.JwtBearer.JwtBearerHandler[7]
      Bearer was not authenticated. Failure message: IDX10223: Lifetime validation failed. The token is expired. ValidTo (UTC): '2026-03-29 22:00:21', Current time (UTC): '2026-03-30 11:33:16'.
info: Microsoft.AspNetCore.Authorization.DefaultAuthorizationService[2]
      Authorization failed. These requirements were not met:
      DenyAnonymousAuthorizationRequirement: Requires an authenticated user.
info: Microsoft.AspNetCore.Hosting.Diagnostics[2]
      Request finished HTTP/1.1 GET http://localhost:5000/api/definitions - 401 - - 137.1246ms
info: Microsoft.AspNetCore.Authentication.JwtBearer.JwtBearerHandler[12]
      AuthenticationScheme: Bearer was challenged.
info: Microsoft.AspNetCore.Hosting.Diagnostics[2]
      Request finished HTTP/1.1 GET http://localhost:5000/api/instances/erreurs - 401 - - 155.3030ms
info: Microsoft.AspNetCore.Hosting.Diagnostics[1]
      Request starting HTTP/1.1 POST http://localhost:5173/hubs/workflow/negotiate?negotiateVersion=1 - - 0
info: Microsoft.AspNetCore.Cors.Infrastructure.CorsService[4]
      CORS policy execution successful.
info: Microsoft.AspNetCore.Authentication.JwtBearer.JwtBearerHandler[1]
      Failed to validate the token.
      Microsoft.IdentityModel.Tokens.SecurityTokenExpiredException: IDX10223: Lifetime validation failed. The token is expired. ValidTo (UTC): '2026-03-29 22:00:21', Current time (UTC): '2026-03-30 11:33:33'.
         at Microsoft.IdentityModel.Tokens.ValidatorUtilities.ValidateLifetime(Nullable`1 notBefore, Nullable`1 expires, SecurityToken securityToken, TokenValidationParameters validationParameters)
         at Microsoft.IdentityModel.Tokens.Validators.ValidateLifetime(Nullable`1 notBefore, Nullable`1 expires, SecurityToken securityToken, TokenValidationParameters validationParameters)
         at Microsoft.IdentityModel.JsonWebTokens.JsonWebTokenHandler.ValidateTokenPayloadAsync(JsonWebToken jsonWebToken, TokenValidationParameters validationParameters, BaseConfiguration configuration)
         at Microsoft.IdentityModel.JsonWebTokens.JsonWebTokenHandler.ValidateJWSAsync(JsonWebToken jsonWebToken, TokenValidationParameters validationParameters, BaseConfiguration configuration)
info: Microsoft.AspNetCore.Authentication.JwtBearer.JwtBearerHandler[7]
      Bearer was not authenticated. Failure message: IDX10223: Lifetime validation failed. The token is expired. ValidTo (UTC): '2026-03-29 22:00:21', Current time (UTC): '2026-03-30 11:33:33'.
info: Microsoft.AspNetCore.Authorization.DefaultAuthorizationService[2]
      Authorization failed. These requirements were not met:
      DenyAnonymousAuthorizationRequirement: Requires an authenticated user.
info: Microsoft.AspNetCore.Authentication.JwtBearer.JwtBearerHandler[12]
      AuthenticationScheme: Bearer was challenged.
info: Microsoft.AspNetCore.Hosting.Diagnostics[2]
      Request finished HTTP/1.1 POST http://localhost:5173/hubs/workflow/negotiate?negotiateVersion=1 - 401 - - 15.2935ms
info: Microsoft.AspNetCore.Hosting.Diagnostics[1]
      Request starting HTTP/1.1 GET http://localhost:5000/api/definitions - application/json -
info: Microsoft.AspNetCore.Authentication.JwtBearer.JwtBearerHandler[1]
      Failed to validate the token.
      Microsoft.IdentityModel.Tokens.SecurityTokenExpiredException: IDX10223: Lifetime validation failed. The token is expired. ValidTo (UTC): '2026-03-29 22:00:21', Current time (UTC): '2026-03-30 11:33:33'.
         at Microsoft.IdentityModel.Tokens.ValidatorUtilities.ValidateLifetime(Nullable`1 notBefore, Nullable`1 expires, SecurityToken securityToken, TokenValidationParameters validationParameters)
         at Microsoft.IdentityModel.Tokens.Validators.ValidateLifetime(Nullable`1 notBefore, Nullable`1 expires, SecurityToken securityToken, TokenValidationParameters validationParameters)
         at Microsoft.IdentityModel.JsonWebTokens.JsonWebTokenHandler.ValidateTokenPayloadAsync(JsonWebToken jsonWebToken, TokenValidationParameters validationParameters, BaseConfiguration configuration)
         at Microsoft.IdentityModel.JsonWebTokens.JsonWebTokenHandler.ValidateJWSAsync(JsonWebToken jsonWebToken, TokenValidationParameters validationParameters, BaseConfiguration configuration)
info: Microsoft.AspNetCore.Authentication.JwtBearer.JwtBearerHandler[7]
      Bearer was not authenticated. Failure message: IDX10223: Lifetime validation failed. The token is expired. ValidTo (UTC): '2026-03-29 22:00:21', Current time (UTC): '2026-03-30 11:33:33'.
info: Microsoft.AspNetCore.Hosting.Diagnostics[1]
      Request starting HTTP/1.1 GET http://localhost:5000/api/instances - application/json -
info: Microsoft.AspNetCore.Authorization.DefaultAuthorizationService[2]
      Authorization failed. These requirements were not met:
      DenyAnonymousAuthorizationRequirement: Requires an authenticated user.
info: Microsoft.AspNetCore.Hosting.Diagnostics[1]
      Request starting HTTP/1.1 GET http://localhost:5000/api/instances/erreurs - application/json -
info: Microsoft.AspNetCore.Authentication.JwtBearer.JwtBearerHandler[12]
      AuthenticationScheme: Bearer was challenged.
info: Microsoft.AspNetCore.Authentication.JwtBearer.JwtBearerHandler[1]
      Failed to validate the token.
      Microsoft.IdentityModel.Tokens.SecurityTokenExpiredException: IDX10223: Lifetime validation failed. The token is expired. ValidTo (UTC): '2026-03-29 22:00:21', Current time (UTC): '2026-03-30 11:33:33'.
         at Microsoft.IdentityModel.Tokens.ValidatorUtilities.ValidateLifetime(Nullable`1 notBefore, Nullable`1 expires, SecurityToken securityToken, TokenValidationParameters validationParameters)
         at Microsoft.IdentityModel.Tokens.Validators.ValidateLifetime(Nullable`1 notBefore, Nullable`1 expires, SecurityToken securityToken, TokenValidationParameters validationParameters)
         at Microsoft.IdentityModel.JsonWebTokens.JsonWebTokenHandler.ValidateTokenPayloadAsync(JsonWebToken jsonWebToken, TokenValidationParameters validationParameters, BaseConfiguration configuration)
         at Microsoft.IdentityModel.JsonWebTokens.JsonWebTokenHandler.ValidateJWSAsync(JsonWebToken jsonWebToken, TokenValidationParameters validationParameters, BaseConfiguration configuration)
info: Microsoft.AspNetCore.Authentication.JwtBearer.JwtBearerHandler[7]
      Bearer was not authenticated. Failure message: IDX10223: Lifetime validation failed. The token is expired. ValidTo (UTC): '2026-03-29 22:00:21', Current time (UTC): '2026-03-30 11:33:33'.
info: Microsoft.AspNetCore.Authentication.JwtBearer.JwtBearerHandler[1]
      Failed to validate the token.
      Microsoft.IdentityModel.Tokens.SecurityTokenExpiredException: IDX10223: Lifetime validation failed. The token is expired. ValidTo (UTC): '2026-03-29 22:00:21', Current time (UTC): '2026-03-30 11:33:33'.
         at Microsoft.IdentityModel.Tokens.ValidatorUtilities.ValidateLifetime(Nullable`1 notBefore, Nullable`1 expires, SecurityToken securityToken, TokenValidationParameters validationParameters)
         at Microsoft.IdentityModel.Tokens.Validators.ValidateLifetime(Nullable`1 notBefore, Nullable`1 expires, SecurityToken securityToken, TokenValidationParameters validationParameters)
         at Microsoft.IdentityModel.JsonWebTokens.JsonWebTokenHandler.ValidateTokenPayloadAsync(JsonWebToken jsonWebToken, TokenValidationParameters validationParameters, BaseConfiguration configuration)
         at Microsoft.IdentityModel.JsonWebTokens.JsonWebTokenHandler.ValidateJWSAsync(JsonWebToken jsonWebToken, TokenValidationParameters validationParameters, BaseConfiguration configuration)
info: Microsoft.AspNetCore.Authorization.DefaultAuthorizationService[2]
      Authorization failed. These requirements were not met:
      DenyAnonymousAuthorizationRequirement: Requires an authenticated user.
info: Microsoft.AspNetCore.Hosting.Diagnostics[2]
      Request finished HTTP/1.1 GET http://localhost:5000/api/definitions - 401 - - 65.3453ms
info: Microsoft.AspNetCore.Authentication.JwtBearer.JwtBearerHandler[12]
      AuthenticationScheme: Bearer was challenged.
info: Microsoft.AspNetCore.Authentication.JwtBearer.JwtBearerHandler[7]
      Bearer was not authenticated. Failure message: IDX10223: Lifetime validation failed. The token is expired. ValidTo (UTC): '2026-03-29 22:00:21', Current time (UTC): '2026-03-30 11:33:33'.
info: Microsoft.AspNetCore.Authorization.DefaultAuthorizationService[2]
      Authorization failed. These requirements were not met:
      DenyAnonymousAuthorizationRequirement: Requires an authenticated user.
info: Microsoft.AspNetCore.Authentication.JwtBearer.JwtBearerHandler[12]
      AuthenticationScheme: Bearer was challenged.
info: Microsoft.AspNetCore.Hosting.Diagnostics[2]
      Request finished HTTP/1.1 GET http://localhost:5000/api/instances - 401 - - 152.9415ms
info: Microsoft.AspNetCore.Hosting.Diagnostics[2]
      Request finished HTTP/1.1 GET http://localhost:5000/api/instances/erreurs - 401 - - 126.0362ms
info: Microsoft.AspNetCore.Hosting.Diagnostics[1]
      Request starting HTTP/1.1 GET http://localhost:5000/api/definitions - application/json -
info: Microsoft.AspNetCore.Hosting.Diagnostics[1]
      Request starting HTTP/1.1 GET http://localhost:5000/api/instances - application/json -
info: Microsoft.AspNetCore.Authentication.JwtBearer.JwtBearerHandler[1]
      Failed to validate the token.
      Microsoft.IdentityModel.Tokens.SecurityTokenExpiredException: IDX10223: Lifetime validation failed. The token is expired. ValidTo (UTC): '2026-03-29 22:00:21', Current time (UTC): '2026-03-30 11:34:31'.
         at Microsoft.IdentityModel.Tokens.ValidatorUtilities.ValidateLifetime(Nullable`1 notBefore, Nullable`1 expires, SecurityToken securityToken, TokenValidationParameters validationParameters)
         at Microsoft.IdentityModel.Tokens.Validators.ValidateLifetime(Nullable`1 notBefore, Nullable`1 expires, SecurityToken securityToken, TokenValidationParameters validationParameters)
         at Microsoft.IdentityModel.JsonWebTokens.JsonWebTokenHandler.ValidateTokenPayloadAsync(JsonWebToken jsonWebToken, TokenValidationParameters validationParameters, BaseConfiguration configuration)
         at Microsoft.IdentityModel.JsonWebTokens.JsonWebTokenHandler.ValidateJWSAsync(JsonWebToken jsonWebToken, TokenValidationParameters validationParameters, BaseConfiguration configuration)
info: Microsoft.AspNetCore.Hosting.Diagnostics[1]
      Request starting HTTP/1.1 GET http://localhost:5000/api/instances/erreurs - application/json -
info: Microsoft.AspNetCore.Authentication.JwtBearer.JwtBearerHandler[7]
      Bearer was not authenticated. Failure message: IDX10223: Lifetime validation failed. The token is expired. ValidTo (UTC): '2026-03-29 22:00:21', Current time (UTC): '2026-03-30 11:34:31'.
info: Microsoft.AspNetCore.Authentication.JwtBearer.JwtBearerHandler[1]
      Failed to validate the token.
      Microsoft.IdentityModel.Tokens.SecurityTokenExpiredException: IDX10223: Lifetime validation failed. The token is expired. ValidTo (UTC): '2026-03-29 22:00:21', Current time (UTC): '2026-03-30 11:34:31'.
         at Microsoft.IdentityModel.Tokens.ValidatorUtilities.ValidateLifetime(Nullable`1 notBefore, Nullable`1 expires, SecurityToken securityToken, TokenValidationParameters validationParameters)
         at Microsoft.IdentityModel.Tokens.Validators.ValidateLifetime(Nullable`1 notBefore, Nullable`1 expires, SecurityToken securityToken, TokenValidationParameters validationParameters)
         at Microsoft.IdentityModel.JsonWebTokens.JsonWebTokenHandler.ValidateTokenPayloadAsync(JsonWebToken jsonWebToken, TokenValidationParameters validationParameters, BaseConfiguration configuration)
         at Microsoft.IdentityModel.JsonWebTokens.JsonWebTokenHandler.ValidateJWSAsync(JsonWebToken jsonWebToken, TokenValidationParameters validationParameters, BaseConfiguration configuration)
info: Microsoft.AspNetCore.Hosting.Diagnostics[1]
      Request starting HTTP/1.1 GET http://localhost:5000/api/instances - application/json -
info: Microsoft.AspNetCore.Authentication.JwtBearer.JwtBearerHandler[7]
      Bearer was not authenticated. Failure message: IDX10223: Lifetime validation failed. The token is expired. ValidTo (UTC): '2026-03-29 22:00:21', Current time (UTC): '2026-03-30 11:34:31'.
info: Microsoft.AspNetCore.Hosting.Diagnostics[1]
      Request starting HTTP/1.1 GET http://localhost:5000/api/instances/erreurs - application/json -
info: Microsoft.AspNetCore.Authorization.DefaultAuthorizationService[2]
      Authorization failed. These requirements were not met:
      DenyAnonymousAuthorizationRequirement: Requires an authenticated user.
info: Microsoft.AspNetCore.Authorization.DefaultAuthorizationService[2]
      Authorization failed. These requirements were not met:
      DenyAnonymousAuthorizationRequirement: Requires an authenticated user.
info: Microsoft.AspNetCore.Authentication.JwtBearer.JwtBearerHandler[1]
      Failed to validate the token.
      Microsoft.IdentityModel.Tokens.SecurityTokenExpiredException: IDX10223: Lifetime validation failed. The token is expired. ValidTo (UTC): '2026-03-29 22:00:21', Current time (UTC): '2026-03-30 11:34:31'.
         at Microsoft.IdentityModel.Tokens.ValidatorUtilities.ValidateLifetime(Nullable`1 notBefore, Nullable`1 expires, SecurityToken securityToken, TokenValidationParameters validationParameters)
         at Microsoft.IdentityModel.Tokens.Validators.ValidateLifetime(Nullable`1 notBefore, Nullable`1 expires, SecurityToken securityToken, TokenValidationParameters validationParameters)
         at Microsoft.IdentityModel.JsonWebTokens.JsonWebTokenHandler.ValidateTokenPayloadAsync(JsonWebToken jsonWebToken, TokenValidationParameters validationParameters, BaseConfiguration configuration)
         at Microsoft.IdentityModel.JsonWebTokens.JsonWebTokenHandler.ValidateJWSAsync(JsonWebToken jsonWebToken, TokenValidationParameters validationParameters, BaseConfiguration configuration)
info: Microsoft.AspNetCore.Authentication.JwtBearer.JwtBearerHandler[12]
      AuthenticationScheme: Bearer was challenged.
info: Microsoft.AspNetCore.Authentication.JwtBearer.JwtBearerHandler[12]
      AuthenticationScheme: Bearer was challenged.
info: Microsoft.AspNetCore.Authentication.JwtBearer.JwtBearerHandler[7]
      Bearer was not authenticated. Failure message: IDX10223: Lifetime validation failed. The token is expired. ValidTo (UTC): '2026-03-29 22:00:21', Current time (UTC): '2026-03-30 11:34:31'.
info: Microsoft.AspNetCore.Hosting.Diagnostics[1]
      Request starting HTTP/1.1 GET http://localhost:5000/api/definitions - application/json -
info: Microsoft.AspNetCore.Authorization.DefaultAuthorizationService[2]
      Authorization failed. These requirements were not met:
      DenyAnonymousAuthorizationRequirement: Requires an authenticated user.
info: Microsoft.AspNetCore.Authentication.JwtBearer.JwtBearerHandler[1]
      Failed to validate the token.
      Microsoft.IdentityModel.Tokens.SecurityTokenExpiredException: IDX10223: Lifetime validation failed. The token is expired. ValidTo (UTC): '2026-03-29 22:00:21', Current time (UTC): '2026-03-30 11:34:31'.
         at Microsoft.IdentityModel.Tokens.ValidatorUtilities.ValidateLifetime(Nullable`1 notBefore, Nullable`1 expires, SecurityToken securityToken, TokenValidationParameters validationParameters)
         at Microsoft.IdentityModel.Tokens.Validators.ValidateLifetime(Nullable`1 notBefore, Nullable`1 expires, SecurityToken securityToken, TokenValidationParameters validationParameters)
         at Microsoft.IdentityModel.JsonWebTokens.JsonWebTokenHandler.ValidateTokenPayloadAsync(JsonWebToken jsonWebToken, TokenValidationParameters validationParameters, BaseConfiguration configuration)
         at Microsoft.IdentityModel.JsonWebTokens.JsonWebTokenHandler.ValidateJWSAsync(JsonWebToken jsonWebToken, TokenValidationParameters validationParameters, BaseConfiguration configuration)
info: Microsoft.AspNetCore.Authentication.JwtBearer.JwtBearerHandler[12]
      AuthenticationScheme: Bearer was challenged.
info: Microsoft.AspNetCore.Hosting.Diagnostics[2]
      Request finished HTTP/1.1 GET http://localhost:5000/api/definitions - 401 - - 289.4358ms
info: Microsoft.AspNetCore.Hosting.Diagnostics[2]
      Request finished HTTP/1.1 GET http://localhost:5000/api/instances - 401 - - 286.3936ms
info: Microsoft.AspNetCore.Hosting.Diagnostics[1]
      Request starting HTTP/1.1 GET http://localhost:5000/api/instances/46fc1d72-ad4f-4e7d-88eb-9cf291812391 - application/json -
info: Microsoft.AspNetCore.Authentication.JwtBearer.JwtBearerHandler[7]
      Bearer was not authenticated. Failure message: IDX10223: Lifetime validation failed. The token is expired. ValidTo (UTC): '2026-03-29 22:00:21', Current time (UTC): '2026-03-30 11:34:31'.
info: Microsoft.AspNetCore.Hosting.Diagnostics[1]
      Request starting HTTP/1.1 POST http://localhost:5173/hubs/workflow/negotiate?negotiateVersion=1 - - 0
info: Microsoft.AspNetCore.Authentication.JwtBearer.JwtBearerHandler[1]
      Failed to validate the token.
      Microsoft.IdentityModel.Tokens.SecurityTokenExpiredException: IDX10223: Lifetime validation failed. The token is expired. ValidTo (UTC): '2026-03-29 22:00:21', Current time (UTC): '2026-03-30 11:34:31'.
         at Microsoft.IdentityModel.Tokens.ValidatorUtilities.ValidateLifetime(Nullable`1 notBefore, Nullable`1 expires, SecurityToken securityToken, TokenValidationParameters validationParameters)
         at Microsoft.IdentityModel.Tokens.Validators.ValidateLifetime(Nullable`1 notBefore, Nullable`1 expires, SecurityToken securityToken, TokenValidationParameters validationParameters)
         at Microsoft.IdentityModel.JsonWebTokens.JsonWebTokenHandler.ValidateTokenPayloadAsync(JsonWebToken jsonWebToken, TokenValidationParameters validationParameters, BaseConfiguration configuration)
         at Microsoft.IdentityModel.JsonWebTokens.JsonWebTokenHandler.ValidateJWSAsync(JsonWebToken jsonWebToken, TokenValidationParameters validationParameters, BaseConfiguration configuration)
info: Microsoft.AspNetCore.Hosting.Diagnostics[2]
      Request finished HTTP/1.1 GET http://localhost:5000/api/instances/erreurs - 401 - - 341.0827ms
info: Microsoft.AspNetCore.Hosting.Diagnostics[1]
      Request starting HTTP/1.1 GET http://localhost:5000/api/instances/46fc1d72-ad4f-4e7d-88eb-9cf291812391 - application/json -
info: Microsoft.AspNetCore.Cors.Infrastructure.CorsService[4]
      CORS policy execution successful.
info: Microsoft.AspNetCore.Authorization.DefaultAuthorizationService[2]
      Authorization failed. These requirements were not met:
      DenyAnonymousAuthorizationRequirement: Requires an authenticated user.
info: Microsoft.AspNetCore.Authentication.JwtBearer.JwtBearerHandler[12]
      AuthenticationScheme: Bearer was challenged.
info: Microsoft.AspNetCore.Authentication.JwtBearer.JwtBearerHandler[1]
      Failed to validate the token.
      Microsoft.IdentityModel.Tokens.SecurityTokenExpiredException: IDX10223: Lifetime validation failed. The token is expired. ValidTo (UTC): '2026-03-29 22:00:21', Current time (UTC): '2026-03-30 11:34:31'.
         at Microsoft.IdentityModel.Tokens.ValidatorUtilities.ValidateLifetime(Nullable`1 notBefore, Nullable`1 expires, SecurityToken securityToken, TokenValidationParameters validationParameters)
         at Microsoft.IdentityModel.Tokens.Validators.ValidateLifetime(Nullable`1 notBefore, Nullable`1 expires, SecurityToken securityToken, TokenValidationParameters validationParameters)
         at Microsoft.IdentityModel.JsonWebTokens.JsonWebTokenHandler.ValidateTokenPayloadAsync(JsonWebToken jsonWebToken, TokenValidationParameters validationParameters, BaseConfiguration configuration)
         at Microsoft.IdentityModel.JsonWebTokens.JsonWebTokenHandler.ValidateJWSAsync(JsonWebToken jsonWebToken, TokenValidationParameters validationParameters, BaseConfiguration configuration)
info: Microsoft.AspNetCore.Authentication.JwtBearer.JwtBearerHandler[7]
      Bearer was not authenticated. Failure message: IDX10223: Lifetime validation failed. The token is expired. ValidTo (UTC): '2026-03-29 22:00:21', Current time (UTC): '2026-03-30 11:34:31'.
info: Microsoft.AspNetCore.Authentication.JwtBearer.JwtBearerHandler[1]
      Failed to validate the token.
      Microsoft.IdentityModel.Tokens.SecurityTokenExpiredException: IDX10223: Lifetime validation failed. The token is expired. ValidTo (UTC): '2026-03-29 22:00:21', Current time (UTC): '2026-03-30 11:34:31'.
         at Microsoft.IdentityModel.Tokens.ValidatorUtilities.ValidateLifetime(Nullable`1 notBefore, Nullable`1 expires, SecurityToken securityToken, TokenValidationParameters validationParameters)
         at Microsoft.IdentityModel.Tokens.Validators.ValidateLifetime(Nullable`1 notBefore, Nullable`1 expires, SecurityToken securityToken, TokenValidationParameters validationParameters)
         at Microsoft.IdentityModel.JsonWebTokens.JsonWebTokenHandler.ValidateTokenPayloadAsync(JsonWebToken jsonWebToken, TokenValidationParameters validationParameters, BaseConfiguration configuration)
         at Microsoft.IdentityModel.JsonWebTokens.JsonWebTokenHandler.ValidateJWSAsync(JsonWebToken jsonWebToken, TokenValidationParameters validationParameters, BaseConfiguration configuration)
info: Microsoft.AspNetCore.Authentication.JwtBearer.JwtBearerHandler[7]
      Bearer was not authenticated. Failure message: IDX10223: Lifetime validation failed. The token is expired. ValidTo (UTC): '2026-03-29 22:00:21', Current time (UTC): '2026-03-30 11:34:31'.
info: Microsoft.AspNetCore.Authorization.DefaultAuthorizationService[2]
      Authorization failed. These requirements were not met:
      DenyAnonymousAuthorizationRequirement: Requires an authenticated user.
info: Microsoft.AspNetCore.Authorization.DefaultAuthorizationService[2]
      Authorization failed. These requirements were not met:
      DenyAnonymousAuthorizationRequirement: Requires an authenticated user.
info: Microsoft.AspNetCore.Authentication.JwtBearer.JwtBearerHandler[1]
      Failed to validate the token.
      Microsoft.IdentityModel.Tokens.SecurityTokenExpiredException: IDX10223: Lifetime validation failed. The token is expired. ValidTo (UTC): '2026-03-29 22:00:21', Current time (UTC): '2026-03-30 11:34:31'.
         at Microsoft.IdentityModel.Tokens.ValidatorUtilities.ValidateLifetime(Nullable`1 notBefore, Nullable`1 expires, SecurityToken securityToken, TokenValidationParameters validationParameters)
         at Microsoft.IdentityModel.Tokens.Validators.ValidateLifetime(Nullable`1 notBefore, Nullable`1 expires, SecurityToken securityToken, TokenValidationParameters validationParameters)
         at Microsoft.IdentityModel.JsonWebTokens.JsonWebTokenHandler.ValidateTokenPayloadAsync(JsonWebToken jsonWebToken, TokenValidationParameters validationParameters, BaseConfiguration configuration)
         at Microsoft.IdentityModel.JsonWebTokens.JsonWebTokenHandler.ValidateJWSAsync(JsonWebToken jsonWebToken, TokenValidationParameters validationParameters, BaseConfiguration configuration)
info: Microsoft.AspNetCore.Authentication.JwtBearer.JwtBearerHandler[12]
      AuthenticationScheme: Bearer was challenged.
info: Microsoft.AspNetCore.Authentication.JwtBearer.JwtBearerHandler[1]
      Failed to validate the token.
      Microsoft.IdentityModel.Tokens.SecurityTokenExpiredException: IDX10223: Lifetime validation failed. The token is expired. ValidTo (UTC): '2026-03-29 22:00:21', Current time (UTC): '2026-03-30 11:34:31'.
         at Microsoft.IdentityModel.Tokens.ValidatorUtilities.ValidateLifetime(Nullable`1 notBefore, Nullable`1 expires, SecurityToken securityToken, TokenValidationParameters validationParameters)
         at Microsoft.IdentityModel.Tokens.Validators.ValidateLifetime(Nullable`1 notBefore, Nullable`1 expires, SecurityToken securityToken, TokenValidationParameters validationParameters)
         at Microsoft.IdentityModel.JsonWebTokens.JsonWebTokenHandler.ValidateTokenPayloadAsync(JsonWebToken jsonWebToken, TokenValidationParameters validationParameters, BaseConfiguration configuration)
         at Microsoft.IdentityModel.JsonWebTokens.JsonWebTokenHandler.ValidateJWSAsync(JsonWebToken jsonWebToken, TokenValidationParameters validationParameters, BaseConfiguration configuration)
info: Microsoft.AspNetCore.Authentication.JwtBearer.JwtBearerHandler[12]
      AuthenticationScheme: Bearer was challenged.
info: Microsoft.AspNetCore.Hosting.Diagnostics[2]
      Request finished HTTP/1.1 GET http://localhost:5000/api/instances - 401 - - 587.7659ms
info: Microsoft.AspNetCore.Authentication.JwtBearer.JwtBearerHandler[7]
      Bearer was not authenticated. Failure message: IDX10223: Lifetime validation failed. The token is expired. ValidTo (UTC): '2026-03-29 22:00:21', Current time (UTC): '2026-03-30 11:34:31'.
info: Microsoft.AspNetCore.Authentication.JwtBearer.JwtBearerHandler[7]
      Bearer was not authenticated. Failure message: IDX10223: Lifetime validation failed. The token is expired. ValidTo (UTC): '2026-03-29 22:00:21', Current time (UTC): '2026-03-30 11:34:31'.
info: Microsoft.AspNetCore.Hosting.Diagnostics[2]
      Request finished HTTP/1.1 GET http://localhost:5000/api/instances/erreurs - 401 - - 534.6374ms
info: Microsoft.AspNetCore.Authentication.JwtBearer.JwtBearerHandler[7]
      Bearer was not authenticated. Failure message: IDX10223: Lifetime validation failed. The token is expired. ValidTo (UTC): '2026-03-29 22:00:21', Current time (UTC): '2026-03-30 11:34:31'.
info: Microsoft.AspNetCore.Hosting.Diagnostics[2]
      Request finished HTTP/1.1 GET http://localhost:5000/api/instances/46fc1d72-ad4f-4e7d-88eb-9cf291812391 - 401 - - 346.2285ms
info: Microsoft.AspNetCore.Authorization.DefaultAuthorizationService[2]
      Authorization failed. These requirements were not met:
      DenyAnonymousAuthorizationRequirement: Requires an authenticated user.
info: Microsoft.AspNetCore.Hosting.Diagnostics[1]
      Request starting HTTP/1.1 POST http://localhost:5173/hubs/workflow/negotiate?negotiateVersion=1 - - 0
info: Microsoft.AspNetCore.Authorization.DefaultAuthorizationService[2]
      Authorization failed. These requirements were not met:
      DenyAnonymousAuthorizationRequirement: Requires an authenticated user.
info: Microsoft.AspNetCore.Authentication.JwtBearer.JwtBearerHandler[12]
      AuthenticationScheme: Bearer was challenged.
info: Microsoft.AspNetCore.Authentication.JwtBearer.JwtBearerHandler[12]
      AuthenticationScheme: Bearer was challenged.
info: Microsoft.AspNetCore.Authorization.DefaultAuthorizationService[2]
      Authorization failed. These requirements were not met:
      DenyAnonymousAuthorizationRequirement: Requires an authenticated user.
info: Microsoft.AspNetCore.Authentication.JwtBearer.JwtBearerHandler[12]
      AuthenticationScheme: Bearer was challenged.
info: Microsoft.AspNetCore.Cors.Infrastructure.CorsService[4]
      CORS policy execution successful.
info: Microsoft.AspNetCore.Hosting.Diagnostics[2]
      Request finished HTTP/1.1 GET http://localhost:5000/api/instances/46fc1d72-ad4f-4e7d-88eb-9cf291812391 - 401 - - 348.6862ms
info: Microsoft.AspNetCore.Hosting.Diagnostics[2]
      Request finished HTTP/1.1 POST http://localhost:5173/hubs/workflow/negotiate?negotiateVersion=1 - 401 - - 466.0257ms
info: Microsoft.AspNetCore.Hosting.Diagnostics[2]
      Request finished HTTP/1.1 GET http://localhost:5000/api/definitions - 401 - - 683.5684ms
info: Microsoft.AspNetCore.Authentication.JwtBearer.JwtBearerHandler[1]
      Failed to validate the token.
      Microsoft.IdentityModel.Tokens.SecurityTokenExpiredException: IDX10223: Lifetime validation failed. The token is expired. ValidTo (UTC): '2026-03-29 22:00:21', Current time (UTC): '2026-03-30 11:34:31'.
         at Microsoft.IdentityModel.Tokens.ValidatorUtilities.ValidateLifetime(Nullable`1 notBefore, Nullable`1 expires, SecurityToken securityToken, TokenValidationParameters validationParameters)
         at Microsoft.IdentityModel.Tokens.Validators.ValidateLifetime(Nullable`1 notBefore, Nullable`1 expires, SecurityToken securityToken, TokenValidationParameters validationParameters)
         at Microsoft.IdentityModel.JsonWebTokens.JsonWebTokenHandler.ValidateTokenPayloadAsync(JsonWebToken jsonWebToken, TokenValidationParameters validationParameters, BaseConfiguration configuration)
         at Microsoft.IdentityModel.JsonWebTokens.JsonWebTokenHandler.ValidateJWSAsync(JsonWebToken jsonWebToken, TokenValidationParameters validationParameters, BaseConfiguration configuration)
info: Microsoft.AspNetCore.Authentication.JwtBearer.JwtBearerHandler[7]
      Bearer was not authenticated. Failure message: IDX10223: Lifetime validation failed. The token is expired. ValidTo (UTC): '2026-03-29 22:00:21', Current time (UTC): '2026-03-30 11:34:31'.
info: Microsoft.AspNetCore.Authorization.DefaultAuthorizationService[2]
      Authorization failed. These requirements were not met:
      DenyAnonymousAuthorizationRequirement: Requires an authenticated user.
info: Microsoft.AspNetCore.Authentication.JwtBearer.JwtBearerHandler[12]
      AuthenticationScheme: Bearer was challenged.
info: Microsoft.AspNetCore.Hosting.Diagnostics[2]
      Request finished HTTP/1.1 POST http://localhost:5173/hubs/workflow/negotiate?negotiateVersion=1 - 401 - - 162.9603ms
info: Microsoft.AspNetCore.Hosting.Diagnostics[1]
      Request starting HTTP/1.1 GET http://localhost:5000/api/definitions - application/json -
info: Microsoft.AspNetCore.Hosting.Diagnostics[1]
      Request starting HTTP/1.1 GET http://localhost:5000/api/instances/erreurs - application/json -
info: Microsoft.AspNetCore.Hosting.Diagnostics[1]
      Request starting HTTP/1.1 GET http://localhost:5000/api/instances - application/json -
info: Microsoft.AspNetCore.Hosting.Diagnostics[1]
      Request starting HTTP/1.1 GET http://localhost:5000/api/instances/46fc1d72-ad4f-4e7d-88eb-9cf291812391 - application/json -
info: Microsoft.AspNetCore.Authentication.JwtBearer.JwtBearerHandler[1]
      Failed to validate the token.
      Microsoft.IdentityModel.Tokens.SecurityTokenExpiredException: IDX10223: Lifetime validation failed. The token is expired. ValidTo (UTC): '2026-03-29 22:00:21', Current time (UTC): '2026-03-30 11:34:46'.
         at Microsoft.IdentityModel.Tokens.ValidatorUtilities.ValidateLifetime(Nullable`1 notBefore, Nullable`1 expires, SecurityToken securityToken, TokenValidationParameters validationParameters)
         at Microsoft.IdentityModel.Tokens.Validators.ValidateLifetime(Nullable`1 notBefore, Nullable`1 expires, SecurityToken securityToken, TokenValidationParameters validationParameters)
         at Microsoft.IdentityModel.JsonWebTokens.JsonWebTokenHandler.ValidateTokenPayloadAsync(JsonWebToken jsonWebToken, TokenValidationParameters validationParameters, BaseConfiguration configuration)
         at Microsoft.IdentityModel.JsonWebTokens.JsonWebTokenHandler.ValidateJWSAsync(JsonWebToken jsonWebToken, TokenValidationParameters validationParameters, BaseConfiguration configuration)
info: Microsoft.AspNetCore.Authentication.JwtBearer.JwtBearerHandler[1]
      Failed to validate the token.
      Microsoft.IdentityModel.Tokens.SecurityTokenExpiredException: IDX10223: Lifetime validation failed. The token is expired. ValidTo (UTC): '2026-03-29 22:00:21', Current time (UTC): '2026-03-30 11:34:46'.
         at Microsoft.IdentityModel.Tokens.ValidatorUtilities.ValidateLifetime(Nullable`1 notBefore, Nullable`1 expires, SecurityToken securityToken, TokenValidationParameters validationParameters)
         at Microsoft.IdentityModel.Tokens.Validators.ValidateLifetime(Nullable`1 notBefore, Nullable`1 expires, SecurityToken securityToken, TokenValidationParameters validationParameters)
         at Microsoft.IdentityModel.JsonWebTokens.JsonWebTokenHandler.ValidateTokenPayloadAsync(JsonWebToken jsonWebToken, TokenValidationParameters validationParameters, BaseConfiguration configuration)
         at Microsoft.IdentityModel.JsonWebTokens.JsonWebTokenHandler.ValidateJWSAsync(JsonWebToken jsonWebToken, TokenValidationParameters validationParameters, BaseConfiguration configuration)
info: Microsoft.AspNetCore.Authentication.JwtBearer.JwtBearerHandler[1]
      Failed to validate the token.
      Microsoft.IdentityModel.Tokens.SecurityTokenExpiredException: IDX10223: Lifetime validation failed. The token is expired. ValidTo (UTC): '2026-03-29 22:00:21', Current time (UTC): '2026-03-30 11:34:46'.
         at Microsoft.IdentityModel.Tokens.ValidatorUtilities.ValidateLifetime(Nullable`1 notBefore, Nullable`1 expires, SecurityToken securityToken, TokenValidationParameters validationParameters)
         at Microsoft.IdentityModel.Tokens.Validators.ValidateLifetime(Nullable`1 notBefore, Nullable`1 expires, SecurityToken securityToken, TokenValidationParameters validationParameters)
         at Microsoft.IdentityModel.JsonWebTokens.JsonWebTokenHandler.ValidateTokenPayloadAsync(JsonWebToken jsonWebToken, TokenValidationParameters validationParameters, BaseConfiguration configuration)
         at Microsoft.IdentityModel.JsonWebTokens.JsonWebTokenHandler.ValidateJWSAsync(JsonWebToken jsonWebToken, TokenValidationParameters validationParameters, BaseConfiguration configuration)
info: Microsoft.AspNetCore.Authentication.JwtBearer.JwtBearerHandler[1]
      Failed to validate the token.
      Microsoft.IdentityModel.Tokens.SecurityTokenExpiredException: IDX10223: Lifetime validation failed. The token is expired. ValidTo (UTC): '2026-03-29 22:00:21', Current time (UTC): '2026-03-30 11:34:46'.
         at Microsoft.IdentityModel.Tokens.ValidatorUtilities.ValidateLifetime(Nullable`1 notBefore, Nullable`1 expires, SecurityToken securityToken, TokenValidationParameters validationParameters)
         at Microsoft.IdentityModel.Tokens.Validators.ValidateLifetime(Nullable`1 notBefore, Nullable`1 expires, SecurityToken securityToken, TokenValidationParameters validationParameters)
         at Microsoft.IdentityModel.JsonWebTokens.JsonWebTokenHandler.ValidateTokenPayloadAsync(JsonWebToken jsonWebToken, TokenValidationParameters validationParameters, BaseConfiguration configuration)
         at Microsoft.IdentityModel.JsonWebTokens.JsonWebTokenHandler.ValidateJWSAsync(JsonWebToken jsonWebToken, TokenValidationParameters validationParameters, BaseConfiguration configuration)
info: Microsoft.AspNetCore.Authentication.JwtBearer.JwtBearerHandler[7]
      Bearer was not authenticated. Failure message: IDX10223: Lifetime validation failed. The token is expired. ValidTo (UTC): '2026-03-29 22:00:21', Current time (UTC): '2026-03-30 11:34:46'.
info: Microsoft.AspNetCore.Authentication.JwtBearer.JwtBearerHandler[7]
      Bearer was not authenticated. Failure message: IDX10223: Lifetime validation failed. The token is expired. ValidTo (UTC): '2026-03-29 22:00:21', Current time (UTC): '2026-03-30 11:34:46'.
info: Microsoft.AspNetCore.Authentication.JwtBearer.JwtBearerHandler[7]
      Bearer was not authenticated. Failure message: IDX10223: Lifetime validation failed. The token is expired. ValidTo (UTC): '2026-03-29 22:00:21', Current time (UTC): '2026-03-30 11:34:46'.
info: Microsoft.AspNetCore.Authorization.DefaultAuthorizationService[2]
      Authorization failed. These requirements were not met:
      DenyAnonymousAuthorizationRequirement: Requires an authenticated user.
info: Microsoft.AspNetCore.Authorization.DefaultAuthorizationService[2]
      Authorization failed. These requirements were not met:
      DenyAnonymousAuthorizationRequirement: Requires an authenticated user.
info: Microsoft.AspNetCore.Authorization.DefaultAuthorizationService[2]
      Authorization failed. These requirements were not met:
      DenyAnonymousAuthorizationRequirement: Requires an authenticated user.
info: Microsoft.AspNetCore.Authentication.JwtBearer.JwtBearerHandler[12]
      AuthenticationScheme: Bearer was challenged.
info: Microsoft.AspNetCore.Authentication.JwtBearer.JwtBearerHandler[12]
      AuthenticationScheme: Bearer was challenged.
info: Microsoft.AspNetCore.Authentication.JwtBearer.JwtBearerHandler[12]
      AuthenticationScheme: Bearer was challenged.
info: Microsoft.AspNetCore.Authentication.JwtBearer.JwtBearerHandler[7]
      Bearer was not authenticated. Failure message: IDX10223: Lifetime validation failed. The token is expired. ValidTo (UTC): '2026-03-29 22:00:21', Current time (UTC): '2026-03-30 11:34:46'.
info: Microsoft.AspNetCore.Hosting.Diagnostics[2]
      Request finished HTTP/1.1 GET http://localhost:5000/api/definitions - 401 - - 153.5640ms
info: Microsoft.AspNetCore.Authorization.DefaultAuthorizationService[2]
      Authorization failed. These requirements were not met:
      DenyAnonymousAuthorizationRequirement: Requires an authenticated user.
info: Microsoft.AspNetCore.Hosting.Diagnostics[2]
      Request finished HTTP/1.1 GET http://localhost:5000/api/instances/46fc1d72-ad4f-4e7d-88eb-9cf291812391 - 401 - - 126.9221ms
info: Microsoft.AspNetCore.Hosting.Diagnostics[2]
      Request finished HTTP/1.1 GET http://localhost:5000/api/instances/erreurs - 401 - - 154.7235ms
info: Microsoft.AspNetCore.Authentication.JwtBearer.JwtBearerHandler[12]
      AuthenticationScheme: Bearer was challenged.
info: Microsoft.AspNetCore.Hosting.Diagnostics[2]
      Request finished HTTP/1.1 GET http://localhost:5000/api/instances - 401 - - 161.7575ms
info: Microsoft.AspNetCore.Hosting.Diagnostics[1]
      Request starting HTTP/1.1 GET http://localhost:5000/api/auth/dev-token - - -
info: Microsoft.AspNetCore.Routing.EndpointMiddleware[0]
      Executing endpoint 'HTTP: GET /api/auth/dev-token'
info: Microsoft.AspNetCore.Http.Result.OkObjectResult[1]
      Setting HTTP status code 200.
info: Microsoft.AspNetCore.Http.Result.OkObjectResult[3]
      Writing value of type '<>f__AnonymousType0`3' as Json.
info: Microsoft.AspNetCore.Routing.EndpointMiddleware[1]
      Executed endpoint 'HTTP: GET /api/auth/dev-token'
info: Microsoft.AspNetCore.Hosting.Diagnostics[2]
      Request finished HTTP/1.1 GET http://localhost:5000/api/auth/dev-token - 200 - application/json;+charset=utf-8 37.4325ms
info: Microsoft.AspNetCore.Hosting.Diagnostics[1]
      Request starting HTTP/1.1 POST http://localhost:5173/hubs/workflow/negotiate?negotiateVersion=1 - - 0
info: Microsoft.AspNetCore.Cors.Infrastructure.CorsService[4]
      CORS policy execution successful.
info: Microsoft.AspNetCore.Routing.EndpointMiddleware[0]
      Executing endpoint '/hubs/workflow/negotiate'
info: Microsoft.AspNetCore.Routing.EndpointMiddleware[1]
      Executed endpoint '/hubs/workflow/negotiate'
info: Microsoft.AspNetCore.Hosting.Diagnostics[2]
      Request finished HTTP/1.1 POST http://localhost:5173/hubs/workflow/negotiate?negotiateVersion=1 - 200 316 application/json 25.7260ms
info: Microsoft.AspNetCore.Hosting.Diagnostics[1]
      Request starting HTTP/1.1 GET http://localhost:5000/api/definitions - application/json -
info: Microsoft.AspNetCore.Hosting.Diagnostics[1]
      Request starting HTTP/1.1 GET http://localhost:5000/api/instances - application/json -
info: Microsoft.AspNetCore.Hosting.Diagnostics[1]
      Request starting HTTP/1.1 GET http://localhost:5000/api/instances/erreurs - application/json -
info: Microsoft.AspNetCore.Hosting.Diagnostics[1]
      Request starting HTTP/1.1 GET http://localhost:5173/hubs/workflow?id=0KJTfXr0EA4uvUNMK3XEUQ&access_token=eyJhbGciOiJIUzI1NiIsInR5cCI6IkpXVCJ9.eyJodHRwOi8vc2NoZW1hcy54bWxzb2FwLm9yZy93cy8yMDA1LzA1L2lkZW50aXR5L2NsYWltcy9uYW1lIjoiaW5mb2wiLCJodHRwOi8vc2NoZW1hcy5taWNyb3NvZnQuY29tL3dzLzIwMDgvMDYvaWRlbnRpdHkvY2xhaW1zL2F1dGhlbnRpY2F0aW9ubWV0aG9kIjoiRGV2IiwianRpIjoiYzczMjI1ZTUtZTg0Ni00YWQ4LWJjNDMtY2MxOTRkZDllZmVjIiwiZXhwIjoxNzc0ODk5MzE4LCJpc3MiOiJPQU0iLCJhdWQiOiJPQU0tRnJvbnRlbmQifQ.piK5RkB-4_ujagsH4LEo53eyWR9M6xqujCNSdvLx-bg - - -
info: Microsoft.AspNetCore.Cors.Infrastructure.CorsService[4]
      CORS policy execution successful.
info: Microsoft.AspNetCore.Routing.EndpointMiddleware[0]
      Executing endpoint 'HTTP: GET /api/instances/'
info: Microsoft.AspNetCore.Routing.EndpointMiddleware[0]
      Executing endpoint 'HTTP: GET /api/definitions/'
info: Microsoft.AspNetCore.Routing.EndpointMiddleware[0]
      Executing endpoint 'HTTP: GET /api/instances/erreurs'
info: Microsoft.AspNetCore.Routing.EndpointMiddleware[0]
      Executing endpoint '/hubs/workflow'
dbug: Microsoft.EntityFrameworkCore.Infrastructure[10403]
      Entity Framework Core 10.0.5 initialized 'OamDbContext' using provider 'Microsoft.EntityFrameworkCore.Sqlite:10.0.5' with options: None
dbug: Microsoft.EntityFrameworkCore.Infrastructure[10403]
      Entity Framework Core 10.0.5 initialized 'OamDbContext' using provider 'Microsoft.EntityFrameworkCore.Sqlite:10.0.5' with options: None
dbug: Microsoft.EntityFrameworkCore.Infrastructure[10403]
      Entity Framework Core 10.0.5 initialized 'OamDbContext' using provider 'Microsoft.EntityFrameworkCore.Sqlite:10.0.5' with options: None
dbug: Microsoft.EntityFrameworkCore.Query[10111]
      Compiling query expression: 
      'DbSet<InstanceWorkflow>()
          .Include(i => i.DefinitionWorkflow)
          .OrderByDescending(i => i.DateCreation)'
dbug: Microsoft.EntityFrameworkCore.Query[10111]
      Compiling query expression: 
      'DbSet<DefinitionWorkflow>()
          .Where(d => d.Actif)
          .OrderBy(d => d.Nom)'
dbug: Microsoft.EntityFrameworkCore.Query[10111]
      Compiling query expression: 
      'DbSet<InstanceWorkflow>()
          .Include(i => i.Taches
              .Where(t => (int)t.Etat == 3))
          .Include(i => i.DefinitionWorkflow)
          .Where(i => (int)i.Etat == 3)
          .OrderByDescending(i => i.DateCreation)'
dbug: Microsoft.EntityFrameworkCore.Query[10112]
      Including navigation: 'InstanceWorkflow.Taches'.
dbug: Microsoft.EntityFrameworkCore.Query[10112]
      Including navigation: 'InstanceWorkflow.DefinitionWorkflow'.
dbug: Microsoft.EntityFrameworkCore.Query[10112]
      Including navigation: 'InstanceWorkflow.DefinitionWorkflow'.
dbug: Microsoft.EntityFrameworkCore.Query[10107]
      Generated query execution expression: 
      'queryContext => SingleQueryingEnumerable.Create<DefinitionWorkflow>(
          relationalQueryContext: (RelationalQueryContext)queryContext, 
          relationalCommandResolver: parameters => [LIFTABLE Constant: RelationalCommandCache.QueryExpression(
              Projection Mapping:
                  EmptyProjectionMember -> Dictionary<IPropertyBase, int> { [Property: DefinitionWorkflow.Id (Guid) Required PK AfterSave:Throw ValueGenerated.OnAdd, 0], [Property: DefinitionWorkflow.Actif (bool) Required, 1], [Property: DefinitionWorkflow.ContenuYaml (string) Required, 2], [Property: DefinitionWorkflow.DateCreation (DateTime) Required, 3], [Property: DefinitionWorkflow.DateModification (DateTime) Required, 4], [Property: DefinitionWorkflow.Description (string), 5], [Property: DefinitionWorkflow.Equipe (string) MaxLength(100), 6], [Property: DefinitionWorkflow.HashVersion (string) Required Index MaxLength(64), 7], [Property: DefinitionWorkflow.Nom (string) Required Index MaxLength(200), 8] }
              SELECT d.Id, d.Actif, d.ContenuYaml, d.DateCreation, d.DateModification, d.Description, d.Equipe, d.HashVersion, d.Nom
              FROM DefinitionsWorkflow AS d
              WHERE d.Actif
              ORDER BY d.Nom ASC) | Resolver: c => new RelationalCommandCache(
              c.Dependencies.MemoryCache, 
              c.RelationalDependencies.QuerySqlGeneratorFactory, 
              c.RelationalDependencies.RelationalParameterBasedSqlProcessorFactory, 
              Projection Mapping:
                  EmptyProjectionMember -> Dictionary<IPropertyBase, int> { [Property: DefinitionWorkflow.Id (Guid) Required PK AfterSave:Throw ValueGenerated.OnAdd, 0], [Property: DefinitionWorkflow.Actif (bool) Required, 1], [Property: DefinitionWorkflow.ContenuYaml (string) Required, 2], [Property: DefinitionWorkflow.DateCreation (DateTime) Required, 3], [Property: DefinitionWorkflow.DateModification (DateTime) Required, 4], [Property: DefinitionWorkflow.Description (string), 5], [Property: DefinitionWorkflow.Equipe (string) MaxLength(100), 6], [Property: DefinitionWorkflow.HashVersion (string) Required Index MaxLength(64), 7], [Property: DefinitionWorkflow.Nom (string) Required Index MaxLength(200), 8] }
              SELECT d.Id, d.Actif, d.ContenuYaml, d.DateCreation, d.DateModification, d.Description, d.Equipe, d.HashVersion, d.Nom
              FROM DefinitionsWorkflow AS d
              WHERE d.Actif
              ORDER BY d.Nom ASC, 
              False, 
              MultipleParameters
          )].GetRelationalCommandTemplate(parameters), 
          readerColumns: null, 
          shaper: (queryContext, dataReader, resultContext, resultCoordinator) => 
          {
              DefinitionWorkflow entity;
              entity = 
              {
                  MaterializationContext materializationContext1;
                  IEntityType entityType1;
                  DefinitionWorkflow instance1;
                  InternalEntityEntry entry1;
                  bool hasNullKey1;
                  materializationContext1 = new MaterializationContext(
                      [LIFTABLE Constant: ValueBuffer | Resolver: _ => (object)ValueBuffer.Empty], 
                      queryContext.Context
                  );
                  instance1 = default(DefinitionWorkflow);
                  entry1 = queryContext.TryGetEntry(
                      key: [LIFTABLE Constant: Key: DefinitionWorkflow.Id PK | Resolver: c => c.Dependencies.Model.FindEntityType("OAM.Domain.Entities.DefinitionWorkflow").FindPrimaryKey()], 
                      keyValues: new object[]{ (object)dataReader.GetGuid(0) }, 
                      throwOnNullKey: True, 
                      hasNullKey: hasNullKey1);
                  !(hasNullKey1) ? entry1 != default(InternalEntityEntry) ? 
                  {
                      entityType1 = entry1.EntityType;
                      return instance1 = (DefinitionWorkflow)entry1.Entity;
                  } : 
                  {
                      ISnapshot shadowSnapshot1;
                      shadowSnapshot1 = [LIFTABLE Constant: Snapshot | Resolver: _ => Snapshot.Empty];
                      entityType1 = [LIFTABLE Constant: EntityType: DefinitionWorkflow | Resolver: namelessParameter{0} => namelessParameter{0}.Dependencies.Model.FindEntityType("OAM.Domain.Entities.DefinitionWorkflow")];
                      instance1 = switch (entityType1)
                      {
                          case [LIFTABLE Constant: EntityType: DefinitionWorkflow | Resolver: namelessParameter{1} => namelessParameter{1}.Dependencies.Model.FindEntityType("OAM.Domain.Entities.DefinitionWorkflow")]: 
                              {
                                  return 
                                  {
                                      DefinitionWorkflow instance;
                                      instance = new DefinitionWorkflow();
                                      instance.<Id>k__BackingField = dataReader.GetGuid(0);
                                      instance.<Actif>k__BackingField = dataReader.GetBoolean(1);
                                      instance.<ContenuYaml>k__BackingField = dataReader.GetString(2);
                                      instance.<DateCreation>k__BackingField = dataReader.GetDateTime(3);
                                      instance.<DateModification>k__BackingField = dataReader.GetDateTime(4);
                                      instance.<Description>k__BackingField = dataReader.IsDBNull(5) ? default(string) : dataReader.GetString(5);
                                      instance.<Equipe>k__BackingField = dataReader.IsDBNull(6) ? default(string) : dataReader.GetString(6);
                                      instance.<HashVersion>k__BackingField = dataReader.GetString(7);
                                      instance.<Nom>k__BackingField = dataReader.GetString(8);
                                      (instance is IInjectableService) ? ((IInjectableService)instance).Injected(
                                          context: materializationContext1.Context, 
                                          entity: instance, 
                                          queryTrackingBehavior: TrackAll, 
                                          structuralType: [LIFTABLE Constant: EntityType: DefinitionWorkflow | Resolver: namelessParameter{2} => namelessParameter{2}.Dependencies.Model.FindEntityType("OAM.Domain.Entities.DefinitionWorkflow")]) : default(void);
                                      return instance;
                                  }}
                          default: 
                              default(DefinitionWorkflow)
                      }
                      ;
                      entry1 = entityType1 == default(IEntityType) ? default(InternalEntityEntry) : queryContext.StartTracking(
                          entityType: entityType1, 
                          entity: instance1, 
                          snapshot: shadowSnapshot1);
                      return instance1;
                  } : default(void);
                  return instance1;
              };
              return entity;
          }, 
          contextType: OAM.Infrastructure.Data.OamDbContext, 
          standAloneStateManager: False, 
          detailedErrorsEnabled: False, 
          threadSafetyChecksEnabled: True)'
dbug: Microsoft.EntityFrameworkCore.Query[10107]
      Generated query execution expression: 
      'queryContext => SingleQueryingEnumerable.Create<InstanceWorkflow>(
          relationalQueryContext: (RelationalQueryContext)queryContext, 
          relationalCommandResolver: parameters => [LIFTABLE Constant: RelationalCommandCache.QueryExpression(
              Client Projections:
                  0 -> Dictionary<IPropertyBase, int> { [Property: InstanceWorkflow.Id (Guid) Required PK AfterSave:Throw ValueGenerated.OnAdd, 0], [Property: InstanceWorkflow.ContexteExecution (string), 1], [Property: InstanceWorkflow.CorrelationId (string) Required Index MaxLength(100), 2], [Property: InstanceWorkflow.DateCreation (DateTime) Required, 3], [Property: InstanceWorkflow.DateDebut (DateTime?), 4], [Property: InstanceWorkflow.DateFin (DateTime?), 5], [Property: InstanceWorkflow.DefinitionWorkflowId (Guid) Required FK Index, 6], [Property: InstanceWorkflow.DonneesEntree (string), 7], [Property: InstanceWorkflow.Erreur (string), 8], [Property: InstanceWorkflow.Etat (EtatWorkflow) Required Index MaxLength(20), 9], [Property: InstanceWorkflow.HashVersionConfig (string) Required MaxLength(64), 10] }
                  1 -> Dictionary<IPropertyBase, int> { [Property: DefinitionWorkflow.Id (Guid) Required PK AfterSave:Throw ValueGenerated.OnAdd, 11], [Property: DefinitionWorkflow.Actif (bool) Required, 12], [Property: DefinitionWorkflow.ContenuYaml (string) Required, 13], [Property: DefinitionWorkflow.DateCreation (DateTime) Required, 14], [Property: DefinitionWorkflow.DateModification (DateTime) Required, 15], [Property: DefinitionWorkflow.Description (string), 16], [Property: DefinitionWorkflow.Equipe (string) MaxLength(100), 17], [Property: DefinitionWorkflow.HashVersion (string) Required Index MaxLength(64), 18], [Property: DefinitionWorkflow.Nom (string) Required Index MaxLength(200), 19] }
              SELECT i.Id, i.ContexteExecution, i.CorrelationId, i.DateCreation, i.DateDebut, i.DateFin, i.DefinitionWorkflowId, i.DonneesEntree, i.Erreur, i.Etat, i.HashVersionConfig, d.Id, d.Actif, d.ContenuYaml, d.DateCreation, d.DateModification, d.Description, d.Equipe, d.HashVersion, d.Nom
              FROM InstancesWorkflow AS i
              INNER JOIN DefinitionsWorkflow AS d ON i.DefinitionWorkflowId == d.Id
              ORDER BY i.DateCreation DESC) | Resolver: c => new RelationalCommandCache(
              c.Dependencies.MemoryCache, 
              c.RelationalDependencies.QuerySqlGeneratorFactory, 
              c.RelationalDependencies.RelationalParameterBasedSqlProcessorFactory, 
              Client Projections:
                  0 -> Dictionary<IPropertyBase, int> { [Property: InstanceWorkflow.Id (Guid) Required PK AfterSave:Throw ValueGenerated.OnAdd, 0], [Property: InstanceWorkflow.ContexteExecution (string), 1], [Property: InstanceWorkflow.CorrelationId (string) Required Index MaxLength(100), 2], [Property: InstanceWorkflow.DateCreation (DateTime) Required, 3], [Property: InstanceWorkflow.DateDebut (DateTime?), 4], [Property: InstanceWorkflow.DateFin (DateTime?), 5], [Property: InstanceWorkflow.DefinitionWorkflowId (Guid) Required FK Index, 6], [Property: InstanceWorkflow.DonneesEntree (string), 7], [Property: InstanceWorkflow.Erreur (string), 8], [Property: InstanceWorkflow.Etat (EtatWorkflow) Required Index MaxLength(20), 9], [Property: InstanceWorkflow.HashVersionConfig (string) Required MaxLength(64), 10] }
                  1 -> Dictionary<IPropertyBase, int> { [Property: DefinitionWorkflow.Id (Guid) Required PK AfterSave:Throw ValueGenerated.OnAdd, 11], [Property: DefinitionWorkflow.Actif (bool) Required, 12], [Property: DefinitionWorkflow.ContenuYaml (string) Required, 13], [Property: DefinitionWorkflow.DateCreation (DateTime) Required, 14], [Property: DefinitionWorkflow.DateModification (DateTime) Required, 15], [Property: DefinitionWorkflow.Description (string), 16], [Property: DefinitionWorkflow.Equipe (string) MaxLength(100), 17], [Property: DefinitionWorkflow.HashVersion (string) Required Index MaxLength(64), 18], [Property: DefinitionWorkflow.Nom (string) Required Index MaxLength(200), 19] }
              SELECT i.Id, i.ContexteExecution, i.CorrelationId, i.DateCreation, i.DateDebut, i.DateFin, i.DefinitionWorkflowId, i.DonneesEntree, i.Erreur, i.Etat, i.HashVersionConfig, d.Id, d.Actif, d.ContenuYaml, d.DateCreation, d.DateModification, d.Description, d.Equipe, d.HashVersion, d.Nom
              FROM InstancesWorkflow AS i
              INNER JOIN DefinitionsWorkflow AS d ON i.DefinitionWorkflowId == d.Id
              ORDER BY i.DateCreation DESC, 
              False, 
              MultipleParameters
          )].GetRelationalCommandTemplate(parameters), 
          readerColumns: null, 
          shaper: (queryContext, dataReader, resultContext, resultCoordinator) => 
          {
              InstanceWorkflow entity;
              DefinitionWorkflow entity;
              entity = 
              {
                  MaterializationContext materializationContext1;
                  IEntityType entityType1;
                  InstanceWorkflow instance1;
                  InternalEntityEntry entry1;
                  bool hasNullKey1;
                  materializationContext1 = new MaterializationContext(
                      [LIFTABLE Constant: ValueBuffer | Resolver: _ => (object)ValueBuffer.Empty], 
                      queryContext.Context
                  );
                  instance1 = default(InstanceWorkflow);
                  entry1 = queryContext.TryGetEntry(
                      key: [LIFTABLE Constant: Key: InstanceWorkflow.Id PK | Resolver: c => c.Dependencies.Model.FindEntityType("OAM.Domain.Entities.InstanceWorkflow").FindPrimaryKey()], 
                      keyValues: new object[]{ (object)dataReader.GetGuid(0) }, 
                      throwOnNullKey: True, 
                      hasNullKey: hasNullKey1);
                  !(hasNullKey1) ? entry1 != default(InternalEntityEntry) ? 
                  {
                      entityType1 = entry1.EntityType;
                      return instance1 = (InstanceWorkflow)entry1.Entity;
                  } : 
                  {
                      ISnapshot shadowSnapshot1;
                      shadowSnapshot1 = [LIFTABLE Constant: Snapshot | Resolver: _ => Snapshot.Empty];
                      entityType1 = [LIFTABLE Constant: EntityType: InstanceWorkflow | Resolver: namelessParameter{0} => namelessParameter{0}.Dependencies.Model.FindEntityType("OAM.Domain.Entities.InstanceWorkflow")];
                      instance1 = switch (entityType1)
                      {
                          case [LIFTABLE Constant: EntityType: InstanceWorkflow | Resolver: namelessParameter{1} => namelessParameter{1}.Dependencies.Model.FindEntityType("OAM.Domain.Entities.InstanceWorkflow")]: 
                              {
                                  return 
                                  {
                                      InstanceWorkflow instance;
                                      instance = new InstanceWorkflow();
                                      instance.<Id>k__BackingField = dataReader.GetGuid(0);
                                      instance.<ContexteExecution>k__BackingField = dataReader.IsDBNull(1) ? default(string) : dataReader.GetString(1);
                                      instance.<CorrelationId>k__BackingField = dataReader.GetString(2);
                                      instance.<DateCreation>k__BackingField = dataReader.GetDateTime(3);
                                      instance.<DateDebut>k__BackingField = dataReader.IsDBNull(4) ? default(DateTime?) : (DateTime?)dataReader.GetDateTime(4);
                                      instance.<DateFin>k__BackingField = dataReader.IsDBNull(5) ? default(DateTime?) : (DateTime?)dataReader.GetDateTime(5);
                                      instance.<DefinitionWorkflowId>k__BackingField = dataReader.GetGuid(6);
                                      instance.<DonneesEntree>k__BackingField = dataReader.IsDBNull(7) ? default(string) : dataReader.GetString(7);
                                      instance.<Erreur>k__BackingField = dataReader.IsDBNull(8) ? default(string) : dataReader.GetString(8);
                                      instance.<Etat>k__BackingField = Invoke(((EnumToStringConverter<EtatWorkflow>)((IReadOnlyProperty)[LIFTABLE Constant: Property: InstanceWorkflow.Etat (EtatWorkflow) Required Index MaxLength(20) | Resolver: namelessParameter{2} => namelessParameter{2}.Dependencies.Model.FindEntityType("OAM.Domain.Entities.InstanceWorkflow").FindProperty("Etat")]).GetTypeMapping().Converter).ConvertFromProviderTyped, dataReader.GetString(9));
                                      instance.<HashVersionConfig>k__BackingField = dataReader.GetString(10);
                                      (instance is IInjectableService) ? ((IInjectableService)instance).Injected(
                                          context: materializationContext1.Context, 
                                          entity: instance, 
                                          queryTrackingBehavior: TrackAll, 
                                          structuralType: [LIFTABLE Constant: EntityType: InstanceWorkflow | Resolver: namelessParameter{3} => namelessParameter{3}.Dependencies.Model.FindEntityType("OAM.Domain.Entities.InstanceWorkflow")]) : default(void);
                                      return instance;
                                  }}
                          default: 
                              default(InstanceWorkflow)
                      }
                      ;
                      entry1 = entityType1 == default(IEntityType) ? default(InternalEntityEntry) : queryContext.StartTracking(
                          entityType: entityType1, 
                          entity: instance1, 
                          snapshot: shadowSnapshot1);
                      return instance1;
                  } : default(void);
                  return instance1;
              };
              entity = 
              {
                  MaterializationContext materializationContext2;
                  IEntityType entityType2;
                  DefinitionWorkflow instance2;
                  InternalEntityEntry entry2;
                  bool hasNullKey2;
                  materializationContext2 = new MaterializationContext(
                      [LIFTABLE Constant: ValueBuffer | Resolver: _ => (object)ValueBuffer.Empty], 
                      queryContext.Context
                  );
                  instance2 = default(DefinitionWorkflow);
                  entry2 = queryContext.TryGetEntry(
                      key: [LIFTABLE Constant: Key: DefinitionWorkflow.Id PK | Resolver: c => c.Dependencies.Model.FindEntityType("OAM.Domain.Entities.DefinitionWorkflow").FindPrimaryKey()], 
                      keyValues: new object[]{ (object)dataReader.GetGuid(11) }, 
                      throwOnNullKey: True, 
                      hasNullKey: hasNullKey2);
                  !(hasNullKey2) ? entry2 != default(InternalEntityEntry) ? 
                  {
                      entityType2 = entry2.EntityType;
                      return instance2 = (DefinitionWorkflow)entry2.Entity;
                  } : 
                  {
                      ISnapshot shadowSnapshot2;
                      shadowSnapshot2 = [LIFTABLE Constant: Snapshot | Resolver: _ => Snapshot.Empty];
                      entityType2 = [LIFTABLE Constant: EntityType: DefinitionWorkflow | Resolver: namelessParameter{4} => namelessParameter{4}.Dependencies.Model.FindEntityType("OAM.Domain.Entities.DefinitionWorkflow")];
                      instance2 = switch (entityType2)
                      {
                          case [LIFTABLE Constant: EntityType: DefinitionWorkflow | Resolver: namelessParameter{5} => namelessParameter{5}.Dependencies.Model.FindEntityType("OAM.Domain.Entities.DefinitionWorkflow")]: 
                              {
                                  return 
                                  {
                                      DefinitionWorkflow instance;
                                      instance = new DefinitionWorkflow();
                                      instance.<Id>k__BackingField = dataReader.GetGuid(11);
                                      instance.<Actif>k__BackingField = dataReader.GetBoolean(12);
                                      instance.<ContenuYaml>k__BackingField = dataReader.GetString(13);
                                      instance.<DateCreation>k__BackingField = dataReader.GetDateTime(14);
                                      instance.<DateModification>k__BackingField = dataReader.GetDateTime(15);
                                      instance.<Description>k__BackingField = dataReader.IsDBNull(16) ? default(string) : dataReader.GetString(16);
                                      instance.<Equipe>k__BackingField = dataReader.IsDBNull(17) ? default(string) : dataReader.GetString(17);
                                      instance.<HashVersion>k__BackingField = dataReader.GetString(18);
                                      instance.<Nom>k__BackingField = dataReader.GetString(19);
                                      (instance is IInjectableService) ? ((IInjectableService)instance).Injected(
                                          context: materializationContext2.Context, 
                                          entity: instance, 
                                          queryTrackingBehavior: TrackAll, 
                                          structuralType: [LIFTABLE Constant: EntityType: DefinitionWorkflow | Resolver: namelessParameter{6} => namelessParameter{6}.Dependencies.Model.FindEntityType("OAM.Domain.Entities.DefinitionWorkflow")]) : default(void);
                                      return instance;
                                  }}
                          default: 
                              default(DefinitionWorkflow)
                      }
                      ;
                      entry2 = entityType2 == default(IEntityType) ? default(InternalEntityEntry) : queryContext.StartTracking(
                          entityType: entityType2, 
                          entity: instance2, 
                          snapshot: shadowSnapshot2);
                      return instance2;
                  } : default(void);
                  return instance2;
              };
              ShaperProcessingExpressionVisitor.IncludeReference<InstanceWorkflow, InstanceWorkflow, DefinitionWorkflow>(
                  queryContext: queryContext, 
                  entity: entity, 
                  relatedEntity: entity, 
                  navigation: [LIFTABLE Constant: Navigation: InstanceWorkflow.DefinitionWorkflow (DefinitionWorkflow) Required ToPrincipal DefinitionWorkflow Inverse: Instances | Resolver: namelessParameter{7} => namelessParameter{7}.Dependencies.Model.FindEntityType("OAM.Domain.Entities.InstanceWorkflow").FindNavigation("DefinitionWorkflow")], 
                  inverseNavigation: [LIFTABLE Constant: Navigation: DefinitionWorkflow.Instances (ICollection<InstanceWorkflow>) Collection ToDependent InstanceWorkflow Inverse: DefinitionWorkflow | Resolver: namelessParameter{8} => namelessParameter{8}.Dependencies.Model.FindEntityType("OAM.Domain.Entities.DefinitionWorkflow").FindNavigation("Instances")], 
                  fixup: (namelessParameter{9}, namelessParameter{10}) => 
                  {
                      namelessParameter{9}.<DefinitionWorkflow>k__BackingField = namelessParameter{10};
                      return [LIFTABLE Constant: ClrCollectionAccessor<DefinitionWorkflow, ICollection<InstanceWorkflow>, InstanceWorkflow> | Resolver: namelessParameter{11} => namelessParameter{11}.Dependencies.Model.FindEntityType("OAM.Domain.Entities.DefinitionWorkflow").FindNavigation("Instances").GetCollectionAccessor()].Add(
                          entity: namelessParameter{10}, 
                          value: namelessParameter{9}, 
                          forMaterialization: True);
                  }, 
                  trackingQuery: True);
              return entity;
          }, 
          contextType: OAM.Infrastructure.Data.OamDbContext, 
          standAloneStateManager: False, 
          detailedErrorsEnabled: False, 
          threadSafetyChecksEnabled: True)'
dbug: Microsoft.EntityFrameworkCore.Query[10107]
      Generated query execution expression: 
      'queryContext => SingleQueryingEnumerable.Create<InstanceWorkflow>(
          relationalQueryContext: (RelationalQueryContext)queryContext, 
          relationalCommandResolver: parameters => [LIFTABLE Constant: RelationalCommandCache.QueryExpression(
              Client Projections:
                  0 -> Dictionary<IPropertyBase, int> { [Property: InstanceWorkflow.Id (Guid) Required PK AfterSave:Throw ValueGenerated.OnAdd, 0], [Property: InstanceWorkflow.ContexteExecution (string), 1], [Property: InstanceWorkflow.CorrelationId (string) Required Index MaxLength(100), 2], [Property: InstanceWorkflow.DateCreation (DateTime) Required, 3], [Property: InstanceWorkflow.DateDebut (DateTime?), 4], [Property: InstanceWorkflow.DateFin (DateTime?), 5], [Property: InstanceWorkflow.DefinitionWorkflowId (Guid) Required FK Index, 6], [Property: InstanceWorkflow.DonneesEntree (string), 7], [Property: InstanceWorkflow.Erreur (string), 8], [Property: InstanceWorkflow.Etat (EtatWorkflow) Required Index MaxLength(20), 9], [Property: InstanceWorkflow.HashVersionConfig (string) Required MaxLength(64), 10] }
                  1 -> 0
                  2 -> 11
                  3 -> Dictionary<IPropertyBase, int> { [Property: ExecutionTache.Id (Guid) Required PK AfterSave:Throw ValueGenerated.OnAdd, 12], [Property: ExecutionTache.DateDebut (DateTime?), 13], [Property: ExecutionTache.DateFin (DateTime?), 14], [Property: ExecutionTache.DonneesEntree (string), 15], [Property: ExecutionTache.DonneesSortie (string), 16], [Property: ExecutionTache.Erreur (string), 17], [Property: ExecutionTache.Etat (EtatTache) Required MaxLength(20), 18], [Property: ExecutionTache.InstanceWorkflowId (Guid) Required FK Index, 19], [Property: ExecutionTache.NomTache (string) Required Index MaxLength(200), 20], [Property: ExecutionTache.NombreTentatives (int) Required, 21], [Property: ExecutionTache.Ordre (int) Required, 22], [Property: ExecutionTache.TypeConnecteur (string) Required MaxLength(50), 23] }
                  4 -> 12
                  5 -> Dictionary<IPropertyBase, int> { [Property: DefinitionWorkflow.Id (Guid) Required PK AfterSave:Throw ValueGenerated.OnAdd, 11], [Property: DefinitionWorkflow.Actif (bool) Required, 24], [Property: DefinitionWorkflow.ContenuYaml (string) Required, 25], [Property: DefinitionWorkflow.DateCreation (DateTime) Required, 26], [Property: DefinitionWorkflow.DateModification (DateTime) Required, 27], [Property: DefinitionWorkflow.Description (string), 28], [Property: DefinitionWorkflow.Equipe (string) MaxLength(100), 29], [Property: DefinitionWorkflow.HashVersion (string) Required Index MaxLength(64), 30], [Property: DefinitionWorkflow.Nom (string) Required Index MaxLength(200), 31] }
              SELECT i.Id, i.ContexteExecution, i.CorrelationId, i.DateCreation, i.DateDebut, i.DateFin, i.DefinitionWorkflowId, i.DonneesEntree, i.Erreur, i.Etat, i.HashVersionConfig, d.Id, e0.Id, e0.DateDebut, e0.DateFin, e0.DonneesEntree, e0.DonneesSortie, e0.Erreur, e0.Etat, e0.InstanceWorkflowId, e0.NomTache, e0.NombreTentatives, e0.Ordre, e0.TypeConnecteur, d.Actif, d.ContenuYaml, d.DateCreation, d.DateModification, d.Description, d.Equipe, d.HashVersion, d.Nom
              FROM InstancesWorkflow AS i
              INNER JOIN DefinitionsWorkflow AS d ON i.DefinitionWorkflowId == d.Id
              LEFT JOIN 
              (
                  SELECT e.Id, e.DateDebut, e.DateFin, e.DonneesEntree, e.DonneesSortie, e.Erreur, e.Etat, e.InstanceWorkflowId, e.NomTache, e.NombreTentatives, e.Ordre, e.TypeConnecteur
                  FROM ExecutionsTache AS e
                  WHERE e.Etat == 'EnErreur'
              ) AS e0 ON i.Id == e0.InstanceWorkflowId
              WHERE i.Etat == 'EnErreur'
              ORDER BY i.DateCreation DESC, i.Id ASC, d.Id ASC) | Resolver: c => new RelationalCommandCache(
              c.Dependencies.MemoryCache, 
              c.RelationalDependencies.QuerySqlGeneratorFactory, 
              c.RelationalDependencies.RelationalParameterBasedSqlProcessorFactory, 
              Client Projections:
                  0 -> Dictionary<IPropertyBase, int> { [Property: InstanceWorkflow.Id (Guid) Required PK AfterSave:Throw ValueGenerated.OnAdd, 0], [Property: InstanceWorkflow.ContexteExecution (string), 1], [Property: InstanceWorkflow.CorrelationId (string) Required Index MaxLength(100), 2], [Property: InstanceWorkflow.DateCreation (DateTime) Required, 3], [Property: InstanceWorkflow.DateDebut (DateTime?), 4], [Property: InstanceWorkflow.DateFin (DateTime?), 5], [Property: InstanceWorkflow.DefinitionWorkflowId (Guid) Required FK Index, 6], [Property: InstanceWorkflow.DonneesEntree (string), 7], [Property: InstanceWorkflow.Erreur (string), 8], [Property: InstanceWorkflow.Etat (EtatWorkflow) Required Index MaxLength(20), 9], [Property: InstanceWorkflow.HashVersionConfig (string) Required MaxLength(64), 10] }
                  1 -> 0
                  2 -> 11
                  3 -> Dictionary<IPropertyBase, int> { [Property: ExecutionTache.Id (Guid) Required PK AfterSave:Throw ValueGenerated.OnAdd, 12], [Property: ExecutionTache.DateDebut (DateTime?), 13], [Property: ExecutionTache.DateFin (DateTime?), 14], [Property: ExecutionTache.DonneesEntree (string), 15], [Property: ExecutionTache.DonneesSortie (string), 16], [Property: ExecutionTache.Erreur (string), 17], [Property: ExecutionTache.Etat (EtatTache) Required MaxLength(20), 18], [Property: ExecutionTache.InstanceWorkflowId (Guid) Required FK Index, 19], [Property: ExecutionTache.NomTache (string) Required Index MaxLength(200), 20], [Property: ExecutionTache.NombreTentatives (int) Required, 21], [Property: ExecutionTache.Ordre (int) Required, 22], [Property: ExecutionTache.TypeConnecteur (string) Required MaxLength(50), 23] }
                  4 -> 12
                  5 -> Dictionary<IPropertyBase, int> { [Property: DefinitionWorkflow.Id (Guid) Required PK AfterSave:Throw ValueGenerated.OnAdd, 11], [Property: DefinitionWorkflow.Actif (bool) Required, 24], [Property: DefinitionWorkflow.ContenuYaml (string) Required, 25], [Property: DefinitionWorkflow.DateCreation (DateTime) Required, 26], [Property: DefinitionWorkflow.DateModification (DateTime) Required, 27], [Property: DefinitionWorkflow.Description (string), 28], [Property: DefinitionWorkflow.Equipe (string) MaxLength(100), 29], [Property: DefinitionWorkflow.HashVersion (string) Required Index MaxLength(64), 30], [Property: DefinitionWorkflow.Nom (string) Required Index MaxLength(200), 31] }
              SELECT i.Id, i.ContexteExecution, i.CorrelationId, i.DateCreation, i.DateDebut, i.DateFin, i.DefinitionWorkflowId, i.DonneesEntree, i.Erreur, i.Etat, i.HashVersionConfig, d.Id, e0.Id, e0.DateDebut, e0.DateFin, e0.DonneesEntree, e0.DonneesSortie, e0.Erreur, e0.Etat, e0.InstanceWorkflowId, e0.NomTache, e0.NombreTentatives, e0.Ordre, e0.TypeConnecteur, d.Actif, d.ContenuYaml, d.DateCreation, d.DateModification, d.Description, d.Equipe, d.HashVersion, d.Nom
              FROM InstancesWorkflow AS i
              INNER JOIN DefinitionsWorkflow AS d ON i.DefinitionWorkflowId == d.Id
              LEFT JOIN 
              (
                  SELECT e.Id, e.DateDebut, e.DateFin, e.DonneesEntree, e.DonneesSortie, e.Erreur, e.Etat, e.InstanceWorkflowId, e.NomTache, e.NombreTentatives, e.Ordre, e.TypeConnecteur
                  FROM ExecutionsTache AS e
                  WHERE e.Etat == 'EnErreur'
              ) AS e0 ON i.Id == e0.InstanceWorkflowId
              WHERE i.Etat == 'EnErreur'
              ORDER BY i.DateCreation DESC, i.Id ASC, d.Id ASC, 
              False, 
              MultipleParameters
          )].GetRelationalCommandTemplate(parameters), 
          readerColumns: null, 
          shaper: (queryContext, dataReader, resultContext, resultCoordinator) => 
          {
              resultContext.Values == null ? 
              {
                  InstanceWorkflow entity;
                  DefinitionWorkflow entity;
                  entity = 
                  {
                      MaterializationContext materializationContext1;
                      IEntityType entityType1;
                      InstanceWorkflow instance1;
                      InternalEntityEntry entry1;
                      bool hasNullKey1;
                      materializationContext1 = new MaterializationContext(
                          [LIFTABLE Constant: ValueBuffer | Resolver: _ => (object)ValueBuffer.Empty], 
                          queryContext.Context
                      );
                      instance1 = default(InstanceWorkflow);
                      entry1 = queryContext.TryGetEntry(
                          key: [LIFTABLE Constant: Key: InstanceWorkflow.Id PK | Resolver: c => c.Dependencies.Model.FindEntityType("OAM.Domain.Entities.InstanceWorkflow").FindPrimaryKey()], 
                          keyValues: new object[]{ (object)dataReader.GetGuid(0) }, 
                          throwOnNullKey: True, 
                          hasNullKey: hasNullKey1);
                      !(hasNullKey1) ? entry1 != default(InternalEntityEntry) ? 
                      {
                          entityType1 = entry1.EntityType;
                          return instance1 = (InstanceWorkflow)entry1.Entity;
                      } : 
                      {
                          ISnapshot shadowSnapshot1;
                          shadowSnapshot1 = [LIFTABLE Constant: Snapshot | Resolver: _ => Snapshot.Empty];
                          entityType1 = [LIFTABLE Constant: EntityType: InstanceWorkflow | Resolver: namelessParameter{0} => namelessParameter{0}.Dependencies.Model.FindEntityType("OAM.Domain.Entities.InstanceWorkflow")];
                          instance1 = switch (entityType1)
                          {
                              case [LIFTABLE Constant: EntityType: InstanceWorkflow | Resolver: namelessParameter{1} => namelessParameter{1}.Dependencies.Model.FindEntityType("OAM.Domain.Entities.InstanceWorkflow")]: 
                                  {
                                      return 
                                      {
                                          InstanceWorkflow instance;
                                          instance = new InstanceWorkflow();
                                          instance.<Id>k__BackingField = dataReader.GetGuid(0);
                                          instance.<ContexteExecution>k__BackingField = dataReader.IsDBNull(1) ? default(string) : dataReader.GetString(1);
                                          instance.<CorrelationId>k__BackingField = dataReader.GetString(2);
                                          instance.<DateCreation>k__BackingField = dataReader.GetDateTime(3);
                                          instance.<DateDebut>k__BackingField = dataReader.IsDBNull(4) ? default(DateTime?) : (DateTime?)dataReader.GetDateTime(4);
                                          instance.<DateFin>k__BackingField = dataReader.IsDBNull(5) ? default(DateTime?) : (DateTime?)dataReader.GetDateTime(5);
                                          instance.<DefinitionWorkflowId>k__BackingField = dataReader.GetGuid(6);
                                          instance.<DonneesEntree>k__BackingField = dataReader.IsDBNull(7) ? default(string) : dataReader.GetString(7);
                                          instance.<Erreur>k__BackingField = dataReader.IsDBNull(8) ? default(string) : dataReader.GetString(8);
                                          instance.<Etat>k__BackingField = Invoke(((EnumToStringConverter<EtatWorkflow>)((IReadOnlyProperty)[LIFTABLE Constant: Property: InstanceWorkflow.Etat (EtatWorkflow) Required Index MaxLength(20) | Resolver: namelessParameter{2} => namelessParameter{2}.Dependencies.Model.FindEntityType("OAM.Domain.Entities.InstanceWorkflow").FindProperty("Etat")]).GetTypeMapping().Converter).ConvertFromProviderTyped, dataReader.GetString(9));
                                          instance.<HashVersionConfig>k__BackingField = dataReader.GetString(10);
                                          (instance is IInjectableService) ? ((IInjectableService)instance).Injected(
                                              context: materializationContext1.Context, 
                                              entity: instance, 
                                              queryTrackingBehavior: TrackAll, 
                                              structuralType: [LIFTABLE Constant: EntityType: InstanceWorkflow | Resolver: namelessParameter{3} => namelessParameter{3}.Dependencies.Model.FindEntityType("OAM.Domain.Entities.InstanceWorkflow")]) : default(void);
                                          return instance;
                                      }}
                              default: 
                                  default(InstanceWorkflow)
                          }
                          ;
                          entry1 = entityType1 == default(IEntityType) ? default(InternalEntityEntry) : queryContext.StartTracking(
                              entityType: entityType1, 
                              entity: instance1, 
                              snapshot: shadowSnapshot1);
                          return instance1;
                      } : default(void);
                      return instance1;
                  };
                  entity = 
                  {
                      MaterializationContext materializationContext3;
                      IEntityType entityType3;
                      DefinitionWorkflow instance3;
                      InternalEntityEntry entry3;
                      bool hasNullKey3;
                      materializationContext3 = new MaterializationContext(
                          [LIFTABLE Constant: ValueBuffer | Resolver: _ => (object)ValueBuffer.Empty], 
                          queryContext.Context
                      );
                      instance3 = default(DefinitionWorkflow);
                      entry3 = queryContext.TryGetEntry(
                          key: [LIFTABLE Constant: Key: DefinitionWorkflow.Id PK | Resolver: c => c.Dependencies.Model.FindEntityType("OAM.Domain.Entities.DefinitionWorkflow").FindPrimaryKey()], 
                          keyValues: new object[]{ (object)dataReader.GetGuid(11) }, 
                          throwOnNullKey: True, 
                          hasNullKey: hasNullKey3);
                      !(hasNullKey3) ? entry3 != default(InternalEntityEntry) ? 
                      {
                          entityType3 = entry3.EntityType;
                          return instance3 = (DefinitionWorkflow)entry3.Entity;
                      } : 
                      {
                          ISnapshot shadowSnapshot3;
                          shadowSnapshot3 = [LIFTABLE Constant: Snapshot | Resolver: _ => Snapshot.Empty];
                          entityType3 = [LIFTABLE Constant: EntityType: DefinitionWorkflow | Resolver: namelessParameter{4} => namelessParameter{4}.Dependencies.Model.FindEntityType("OAM.Domain.Entities.DefinitionWorkflow")];
                          instance3 = switch (entityType3)
                          {
                              case [LIFTABLE Constant: EntityType: DefinitionWorkflow | Resolver: namelessParameter{5} => namelessParameter{5}.Dependencies.Model.FindEntityType("OAM.Domain.Entities.DefinitionWorkflow")]: 
                                  {
                                      return 
                                      {
                                          DefinitionWorkflow instance;
                                          instance = new DefinitionWorkflow();
                                          instance.<Id>k__BackingField = dataReader.GetGuid(11);
                                          instance.<Actif>k__BackingField = dataReader.GetBoolean(24);
                                          instance.<ContenuYaml>k__BackingField = dataReader.GetString(25);
                                          instance.<DateCreation>k__BackingField = dataReader.GetDateTime(26);
                                          instance.<DateModification>k__BackingField = dataReader.GetDateTime(27);
                                          instance.<Description>k__BackingField = dataReader.IsDBNull(28) ? default(string) : dataReader.GetString(28);
                                          instance.<Equipe>k__BackingField = dataReader.IsDBNull(29) ? default(string) : dataReader.GetString(29);
                                          instance.<HashVersion>k__BackingField = dataReader.GetString(30);
                                          instance.<Nom>k__BackingField = dataReader.GetString(31);
                                          (instance is IInjectableService) ? ((IInjectableService)instance).Injected(
                                              context: materializationContext3.Context, 
                                              entity: instance, 
                                              queryTrackingBehavior: TrackAll, 
                                              structuralType: [LIFTABLE Constant: EntityType: DefinitionWorkflow | Resolver: namelessParameter{6} => namelessParameter{6}.Dependencies.Model.FindEntityType("OAM.Domain.Entities.DefinitionWorkflow")]) : default(void);
                                          return instance;
                                      }}
                              default: 
                                  default(DefinitionWorkflow)
                          }
                          ;
                          entry3 = entityType3 == default(IEntityType) ? default(InternalEntityEntry) : queryContext.StartTracking(
                              entityType: entityType3, 
                              entity: instance3, 
                              snapshot: shadowSnapshot3);
                          return instance3;
                      } : default(void);
                      return instance3;
                  };
                  resultContext.Values = new object[]
                  { 
                      entity, 
                      entity 
                  };
                  ShaperProcessingExpressionVisitor.InitializeIncludeCollection<InstanceWorkflow, InstanceWorkflow>(
                      collectionId: 0, 
                      queryContext: queryContext, 
                      dbDataReader: dataReader, 
                      resultCoordinator: resultCoordinator, 
                      entity: (InstanceWorkflow)(resultContext.Values[0]), 
                      parentIdentifier: [LIFTABLE Constant: Func<QueryContext, DbDataReader, object[]> | Resolver: _ => (queryContext, dataReader) => new object[]
                      { 
                          (object)(Guid?)dataReader.GetGuid(0), 
                          (object)(Guid?)dataReader.GetGuid(11) 
                      }], 
                      outerIdentifier: [LIFTABLE Constant: Func<QueryContext, DbDataReader, object[]> | Resolver: _ => (queryContext, dataReader) => new object[]
                      { 
                          (object)(Guid?)dataReader.GetGuid(0), 
                          (object)(Guid?)dataReader.GetGuid(11) 
                      }], 
                      navigation: [LIFTABLE Constant: Navigation: InstanceWorkflow.Taches (ICollection<ExecutionTache>) Collection ToDependent ExecutionTache Inverse: InstanceWorkflow | Resolver: namelessParameter{7} => namelessParameter{7}.Dependencies.Model.FindEntityType("OAM.Domain.Entities.InstanceWorkflow").FindNavigation("Taches")], 
                      clrCollectionAccessor: [LIFTABLE Constant: ClrCollectionAccessor<InstanceWorkflow, ICollection<ExecutionTache>, ExecutionTache> | Resolver: namelessParameter{8} => namelessParameter{8}.Dependencies.Model.FindEntityType("OAM.Domain.Entities.InstanceWorkflow").FindNavigation("Taches").GetCollectionAccessor()], 
                      trackingQuery: True, 
                      setLoaded: True);
                  ShaperProcessingExpressionVisitor.IncludeReference<InstanceWorkflow, InstanceWorkflow, DefinitionWorkflow>(
                      queryContext: queryContext, 
                      entity: (InstanceWorkflow)(resultContext.Values[0]), 
                      relatedEntity: (DefinitionWorkflow)(resultContext.Values[1]), 
                      navigation: [LIFTABLE Constant: Navigation: InstanceWorkflow.DefinitionWorkflow (DefinitionWorkflow) Required ToPrincipal DefinitionWorkflow Inverse: Instances | Resolver: namelessParameter{9} => namelessParameter{9}.Dependencies.Model.FindEntityType("OAM.Domain.Entities.InstanceWorkflow").FindNavigation("DefinitionWorkflow")], 
                      inverseNavigation: [LIFTABLE Constant: Navigation: DefinitionWorkflow.Instances (ICollection<InstanceWorkflow>) Collection ToDependent InstanceWorkflow Inverse: DefinitionWorkflow | Resolver: namelessParameter{10} => namelessParameter{10}.Dependencies.Model.FindEntityType("OAM.Domain.Entities.DefinitionWorkflow").FindNavigation("Instances")], 
                      fixup: (namelessParameter{11}, namelessParameter{12}) => 
                      {
                          namelessParameter{11}.<DefinitionWorkflow>k__BackingField = namelessParameter{12};
                          return [LIFTABLE Constant: ClrCollectionAccessor<DefinitionWorkflow, ICollection<InstanceWorkflow>, InstanceWorkflow> | Resolver: namelessParameter{13} => namelessParameter{13}.Dependencies.Model.FindEntityType("OAM.Domain.Entities.DefinitionWorkflow").FindNavigation("Instances").GetCollectionAccessor()].Add(
                              entity: namelessParameter{12}, 
                              value: namelessParameter{11}, 
                              forMaterialization: True);
                      }, 
                      trackingQuery: True);
              } : default(void);
              ShaperProcessingExpressionVisitor.PopulateIncludeCollection<InstanceWorkflow, ExecutionTache>(
                  collectionId: 0, 
                  queryContext: queryContext, 
                  dbDataReader: dataReader, 
                  resultCoordinator: resultCoordinator, 
                  parentIdentifier: [LIFTABLE Constant: Func<QueryContext, DbDataReader, object[]> | Resolver: _ => (queryContext, dataReader) => new object[]
                  { 
                      (object)(Guid?)dataReader.GetGuid(0), 
                      (object)(Guid?)dataReader.GetGuid(11) 
                  }], 
                  outerIdentifier: [LIFTABLE Constant: Func<QueryContext, DbDataReader, object[]> | Resolver: _ => (queryContext, dataReader) => new object[]
                  { 
                      (object)(Guid?)dataReader.GetGuid(0), 
                      (object)(Guid?)dataReader.GetGuid(11) 
                  }], 
                  selfIdentifier: [LIFTABLE Constant: Func<QueryContext, DbDataReader, object[]> | Resolver: _ => (queryContext, dataReader) => new object[]{ (object)dataReader.IsDBNull(12) ? default(Guid?) : (Guid?)dataReader.GetGuid(12) }], 
                  parentIdentifierValueComparers: [LIFTABLE Constant: Func<object, object, bool>[] { Func<object, object, bool>, Func<object, object, bool> } | Resolver: _ => new Func<object, object, bool>[]
                  { 
                      (left, right) => left == null ? right == null : right != null && (Guid)left == (Guid)right, 
                      (left, right) => left == null ? right == null : right != null && (Guid)left == (Guid)right 
                  }], 
                  outerIdentifierValueComparers: [LIFTABLE Constant: Func<object, object, bool>[] { Func<object, object, bool>, Func<object, object, bool> } | Resolver: _ => new Func<object, object, bool>[]
                  { 
                      (left, right) => left == null ? right == null : right != null && (Guid)left == (Guid)right, 
                      (left, right) => left == null ? right == null : right != null && (Guid)left == (Guid)right 
                  }], 
                  selfIdentifierValueComparers: [LIFTABLE Constant: Func<object, object, bool>[] { Func<object, object, bool> } | Resolver: _ => new Func<object, object, bool>[]{ (left, right) => left == null ? right == null : right != null && (Guid)left == (Guid)right }], 
                  innerShaper: (queryContext, dataReader, resultContext, resultCoordinator) => 
                  {
                      ExecutionTache entity;
                      entity = 
                      {
                          MaterializationContext materializationContext2;
                          IEntityType entityType2;
                          ExecutionTache instance2;
                          InternalEntityEntry entry2;
                          bool hasNullKey2;
                          materializationContext2 = new MaterializationContext(
                              [LIFTABLE Constant: ValueBuffer | Resolver: _ => (object)ValueBuffer.Empty], 
                              queryContext.Context
                          );
                          instance2 = default(ExecutionTache);
                          entry2 = queryContext.TryGetEntry(
                              key: [LIFTABLE Constant: Key: ExecutionTache.Id PK | Resolver: c => c.Dependencies.Model.FindEntityType("OAM.Domain.Entities.ExecutionTache").FindPrimaryKey()], 
                              keyValues: new object[]{ dataReader.IsDBNull(12) ? default(object) : (object)dataReader.GetGuid(12) }, 
                              throwOnNullKey: False, 
                              hasNullKey: hasNullKey2);
                          !(hasNullKey2) ? entry2 != default(InternalEntityEntry) ? 
                          {
                              entityType2 = entry2.EntityType;
                              return instance2 = (ExecutionTache)entry2.Entity;
                          } : 
                          {
                              ISnapshot shadowSnapshot2;
                              shadowSnapshot2 = [LIFTABLE Constant: Snapshot | Resolver: _ => Snapshot.Empty];
                              entityType2 = [LIFTABLE Constant: EntityType: ExecutionTache | Resolver: namelessParameter{14} => namelessParameter{14}.Dependencies.Model.FindEntityType("OAM.Domain.Entities.ExecutionTache")];
                              instance2 = switch (entityType2)
                              {
                                  case [LIFTABLE Constant: EntityType: ExecutionTache | Resolver: namelessParameter{15} => namelessParameter{15}.Dependencies.Model.FindEntityType("OAM.Domain.Entities.ExecutionTache")]: 
                                      {
                                          return 
                                          {
                                              ExecutionTache instance;
                                              instance = new ExecutionTache();
                                              instance.<Id>k__BackingField = dataReader.IsDBNull(12) ? default(Guid) : dataReader.GetGuid(12);
                                              instance.<DateDebut>k__BackingField = dataReader.IsDBNull(13) ? default(DateTime?) : (DateTime?)dataReader.GetDateTime(13);
                                              instance.<DateFin>k__BackingField = dataReader.IsDBNull(14) ? default(DateTime?) : (DateTime?)dataReader.GetDateTime(14);
                                              instance.<DonneesEntree>k__BackingField = dataReader.IsDBNull(15) ? default(string) : dataReader.GetString(15);
                                              instance.<DonneesSortie>k__BackingField = dataReader.IsDBNull(16) ? default(string) : dataReader.GetString(16);
                                              instance.<Erreur>k__BackingField = dataReader.IsDBNull(17) ? default(string) : dataReader.GetString(17);
                                              instance.<Etat>k__BackingField = dataReader.IsDBNull(18) ? default(EtatTache) : Invoke(((EnumToStringConverter<EtatTache>)((IReadOnlyProperty)[LIFTABLE Constant: Property: ExecutionTache.Etat (EtatTache) Required MaxLength(20) | Resolver: namelessParameter{16} => namelessParameter{16}.Dependencies.Model.FindEntityType("OAM.Domain.Entities.ExecutionTache").FindProperty("Etat")]).GetTypeMapping().Converter).ConvertFromProviderTyped, dataReader.GetString(18));
                                              instance.<InstanceWorkflowId>k__BackingField = dataReader.IsDBNull(19) ? default(Guid) : dataReader.GetGuid(19);
                                              instance.<NomTache>k__BackingField = dataReader.IsDBNull(20) ? default(string) : dataReader.GetString(20);
                                              instance.<NombreTentatives>k__BackingField = dataReader.IsDBNull(21) ? default(int) : dataReader.GetInt32(21);
                                              instance.<Ordre>k__BackingField = dataReader.IsDBNull(22) ? default(int) : dataReader.GetInt32(22);
                                              instance.<TypeConnecteur>k__BackingField = dataReader.IsDBNull(23) ? default(string) : dataReader.GetString(23);
                                              (instance is IInjectableService) ? ((IInjectableService)instance).Injected(
                                                  context: materializationContext2.Context, 
                                                  entity: instance, 
                                                  queryTrackingBehavior: TrackAll, 
                                                  structuralType: [LIFTABLE Constant: EntityType: ExecutionTache | Resolver: namelessParameter{17} => namelessParameter{17}.Dependencies.Model.FindEntityType("OAM.Domain.Entities.ExecutionTache")]) : default(void);
                                              return instance;
                                          }}
                                  default: 
                                      default(ExecutionTache)
                              }
                              ;
                              entry2 = entityType2 == default(IEntityType) ? default(InternalEntityEntry) : queryContext.StartTracking(
                                  entityType: entityType2, 
                                  entity: instance2, 
                                  snapshot: shadowSnapshot2);
                              return instance2;
                          } : default(void);
                          return instance2;
                      };
                      return entity;
                  }, 
                  inverseNavigation: [LIFTABLE Constant: Navigation: ExecutionTache.InstanceWorkflow (InstanceWorkflow) Required ToPrincipal InstanceWorkflow Inverse: Taches | Resolver: namelessParameter{18} => namelessParameter{18}.Dependencies.Model.FindEntityType("OAM.Domain.Entities.ExecutionTache").FindNavigation("InstanceWorkflow")], 
                  fixup: (namelessParameter{19}, namelessParameter{20}) => 
                  {
                      [LIFTABLE Constant: ClrCollectionAccessor<InstanceWorkflow, ICollection<ExecutionTache>, ExecutionTache> | Resolver: namelessParameter{21} => namelessParameter{21}.Dependencies.Model.FindEntityType("OAM.Domain.Entities.InstanceWorkflow").FindNavigation("Taches").GetCollectionAccessor()].Add(
                          entity: namelessParameter{19}, 
                          value: namelessParameter{20}, 
                          forMaterialization: True);
                      return namelessParameter{20}.<InstanceWorkflow>k__BackingField = namelessParameter{19};
                  }, 
                  trackingQuery: True);
              return IsTrue(resultCoordinator.ResultReady)
               ? (InstanceWorkflow)(resultContext.Values[0]) : default(InstanceWorkflow);
          }, 
          contextType: OAM.Infrastructure.Data.OamDbContext, 
          standAloneStateManager: False, 
          detailedErrorsEnabled: False, 
          threadSafetyChecksEnabled: True)'
dbug: Microsoft.EntityFrameworkCore.Database.Connection[20005]
      Creating DbConnection.
dbug: Microsoft.EntityFrameworkCore.Database.Connection[20005]
      Creating DbConnection.
dbug: Microsoft.EntityFrameworkCore.Database.Connection[20005]
      Creating DbConnection.
dbug: Microsoft.EntityFrameworkCore.Database.Connection[20006]
      Created DbConnection. (3ms).
dbug: Microsoft.EntityFrameworkCore.Database.Connection[20006]
      Created DbConnection. (3ms).
dbug: Microsoft.EntityFrameworkCore.Database.Connection[20006]
      Created DbConnection. (4ms).
dbug: Microsoft.EntityFrameworkCore.Database.Connection[20000]
      Opening connection to database 'main' on server 'oam_dev.db'.
dbug: Microsoft.EntityFrameworkCore.Database.Connection[20000]
      Opening connection to database 'main' on server 'oam_dev.db'.
dbug: Microsoft.EntityFrameworkCore.Database.Connection[20000]
      Opening connection to database 'main' on server 'oam_dev.db'.
dbug: Microsoft.EntityFrameworkCore.Database.Connection[20001]
      Opened connection to database 'main' on server 'C:\OAM\src\OAM.Api\oam_dev.db'.
dbug: Microsoft.EntityFrameworkCore.Database.Connection[20001]
      Opened connection to database 'main' on server 'C:\OAM\src\OAM.Api\oam_dev.db'.
dbug: Microsoft.EntityFrameworkCore.Database.Command[20103]
      Creating DbCommand for 'ExecuteReader'.
dbug: Microsoft.EntityFrameworkCore.Database.Command[20103]
      Creating DbCommand for 'ExecuteReader'.
dbug: Microsoft.EntityFrameworkCore.Database.Command[20104]
      Created DbCommand for 'ExecuteReader' (2ms).
dbug: Microsoft.EntityFrameworkCore.Database.Command[20104]
      Created DbCommand for 'ExecuteReader' (2ms).
dbug: Microsoft.EntityFrameworkCore.Database.Command[20106]
      Initialized DbCommand for 'ExecuteReader' (31ms).
dbug: Microsoft.EntityFrameworkCore.Database.Command[20106]
      Initialized DbCommand for 'ExecuteReader' (33ms).
dbug: Microsoft.EntityFrameworkCore.Database.Connection[20001]
      Opened connection to database 'main' on server 'C:\OAM\src\OAM.Api\oam_dev.db'.
dbug: Microsoft.EntityFrameworkCore.Database.Command[20103]
      Creating DbCommand for 'ExecuteReader'.
dbug: Microsoft.EntityFrameworkCore.Database.Command[20104]
      Created DbCommand for 'ExecuteReader' (2ms).
dbug: Microsoft.EntityFrameworkCore.Database.Command[20106]
      Initialized DbCommand for 'ExecuteReader' (4ms).
dbug: Microsoft.EntityFrameworkCore.Database.Command[20100]
      Executing DbCommand [Parameters=[], CommandType='Text', CommandTimeout='30']
      SELECT "i"."Id", "i"."ContexteExecution", "i"."CorrelationId", "i"."DateCreation", "i"."DateDebut", "i"."DateFin", "i"."DefinitionWorkflowId", "i"."DonneesEntree", "i"."Erreur", "i"."Etat", "i"."HashVersionConfig", "d"."Id", "d"."Actif", "d"."ContenuYaml", "d"."DateCreation", "d"."DateModification", "d"."Description", "d"."Equipe", "d"."HashVersion", "d"."Nom"
      FROM "InstancesWorkflow" AS "i"
      INNER JOIN "DefinitionsWorkflow" AS "d" ON "i"."DefinitionWorkflowId" = "d"."Id"
      ORDER BY "i"."DateCreation" DESC
dbug: Microsoft.EntityFrameworkCore.Database.Command[20100]
      Executing DbCommand [Parameters=[], CommandType='Text', CommandTimeout='30']
      SELECT "i"."Id", "i"."ContexteExecution", "i"."CorrelationId", "i"."DateCreation", "i"."DateDebut", "i"."DateFin", "i"."DefinitionWorkflowId", "i"."DonneesEntree", "i"."Erreur", "i"."Etat", "i"."HashVersionConfig", "d"."Id", "e0"."Id", "e0"."DateDebut", "e0"."DateFin", "e0"."DonneesEntree", "e0"."DonneesSortie", "e0"."Erreur", "e0"."Etat", "e0"."InstanceWorkflowId", "e0"."NomTache", "e0"."NombreTentatives", "e0"."Ordre", "e0"."TypeConnecteur", "d"."Actif", "d"."ContenuYaml", "d"."DateCreation", "d"."DateModification", "d"."Description", "d"."Equipe", "d"."HashVersion", "d"."Nom"
      FROM "InstancesWorkflow" AS "i"
      INNER JOIN "DefinitionsWorkflow" AS "d" ON "i"."DefinitionWorkflowId" = "d"."Id"
      LEFT JOIN (
          SELECT "e"."Id", "e"."DateDebut", "e"."DateFin", "e"."DonneesEntree", "e"."DonneesSortie", "e"."Erreur", "e"."Etat", "e"."InstanceWorkflowId", "e"."NomTache", "e"."NombreTentatives", "e"."Ordre", "e"."TypeConnecteur"
          FROM "ExecutionsTache" AS "e"
          WHERE "e"."Etat" = 'EnErreur'
      ) AS "e0" ON "i"."Id" = "e0"."InstanceWorkflowId"
      WHERE "i"."Etat" = 'EnErreur'
      ORDER BY "i"."DateCreation" DESC, "i"."Id", "d"."Id"
dbug: Microsoft.EntityFrameworkCore.Database.Command[20100]
      Executing DbCommand [Parameters=[], CommandType='Text', CommandTimeout='30']
      SELECT "d"."Id", "d"."Actif", "d"."ContenuYaml", "d"."DateCreation", "d"."DateModification", "d"."Description", "d"."Equipe", "d"."HashVersion", "d"."Nom"
      FROM "DefinitionsWorkflow" AS "d"
      WHERE "d"."Actif"
      ORDER BY "d"."Nom"
info: Microsoft.EntityFrameworkCore.Database.Command[20101]
      Executed DbCommand (34ms) [Parameters=[], CommandType='Text', CommandTimeout='30']
      SELECT "i"."Id", "i"."ContexteExecution", "i"."CorrelationId", "i"."DateCreation", "i"."DateDebut", "i"."DateFin", "i"."DefinitionWorkflowId", "i"."DonneesEntree", "i"."Erreur", "i"."Etat", "i"."HashVersionConfig", "d"."Id", "e0"."Id", "e0"."DateDebut", "e0"."DateFin", "e0"."DonneesEntree", "e0"."DonneesSortie", "e0"."Erreur", "e0"."Etat", "e0"."InstanceWorkflowId", "e0"."NomTache", "e0"."NombreTentatives", "e0"."Ordre", "e0"."TypeConnecteur", "d"."Actif", "d"."ContenuYaml", "d"."DateCreation", "d"."DateModification", "d"."Description", "d"."Equipe", "d"."HashVersion", "d"."Nom"
      FROM "InstancesWorkflow" AS "i"
      INNER JOIN "DefinitionsWorkflow" AS "d" ON "i"."DefinitionWorkflowId" = "d"."Id"
      LEFT JOIN (
          SELECT "e"."Id", "e"."DateDebut", "e"."DateFin", "e"."DonneesEntree", "e"."DonneesSortie", "e"."Erreur", "e"."Etat", "e"."InstanceWorkflowId", "e"."NomTache", "e"."NombreTentatives", "e"."Ordre", "e"."TypeConnecteur"
          FROM "ExecutionsTache" AS "e"
          WHERE "e"."Etat" = 'EnErreur'
      ) AS "e0" ON "i"."Id" = "e0"."InstanceWorkflowId"
      WHERE "i"."Etat" = 'EnErreur'
      ORDER BY "i"."DateCreation" DESC, "i"."Id", "d"."Id"
info: Microsoft.EntityFrameworkCore.Database.Command[20101]
      Executed DbCommand (39ms) [Parameters=[], CommandType='Text', CommandTimeout='30']
      SELECT "i"."Id", "i"."ContexteExecution", "i"."CorrelationId", "i"."DateCreation", "i"."DateDebut", "i"."DateFin", "i"."DefinitionWorkflowId", "i"."DonneesEntree", "i"."Erreur", "i"."Etat", "i"."HashVersionConfig", "d"."Id", "d"."Actif", "d"."ContenuYaml", "d"."DateCreation", "d"."DateModification", "d"."Description", "d"."Equipe", "d"."HashVersion", "d"."Nom"
      FROM "InstancesWorkflow" AS "i"
      INNER JOIN "DefinitionsWorkflow" AS "d" ON "i"."DefinitionWorkflowId" = "d"."Id"
      ORDER BY "i"."DateCreation" DESC
info: Microsoft.EntityFrameworkCore.Database.Command[20101]
      Executed DbCommand (11ms) [Parameters=[], CommandType='Text', CommandTimeout='30']
      SELECT "d"."Id", "d"."Actif", "d"."ContenuYaml", "d"."DateCreation", "d"."DateModification", "d"."Description", "d"."Equipe", "d"."HashVersion", "d"."Nom"
      FROM "DefinitionsWorkflow" AS "d"
      WHERE "d"."Actif"
      ORDER BY "d"."Nom"
dbug: Microsoft.EntityFrameworkCore.ChangeTracking[10806]
      Context 'OamDbContext' started tracking 'DefinitionWorkflow' entity. Consider using 'DbContextOptionsBuilder.EnableSensitiveDataLogging' to see key values.
dbug: Microsoft.EntityFrameworkCore.ChangeTracking[10806]
      Context 'OamDbContext' started tracking 'InstanceWorkflow' entity. Consider using 'DbContextOptionsBuilder.EnableSensitiveDataLogging' to see key values.
dbug: Microsoft.EntityFrameworkCore.ChangeTracking[10806]
      Context 'OamDbContext' started tracking 'InstanceWorkflow' entity. Consider using 'DbContextOptionsBuilder.EnableSensitiveDataLogging' to see key values.
dbug: Microsoft.EntityFrameworkCore.Database.Command[20301]
      Closing data reader to 'main' on server 'C:\OAM\src\OAM.Api\oam_dev.db'.
dbug: Microsoft.EntityFrameworkCore.Database.Command[20300]
      A data reader for 'main' on server 'C:\OAM\src\OAM.Api\oam_dev.db' is being disposed after spending 101ms reading results.
dbug: Microsoft.EntityFrameworkCore.Database.Connection[20002]
      Closing connection to database 'main' on server 'C:\OAM\src\OAM.Api\oam_dev.db'.
dbug: Microsoft.EntityFrameworkCore.Database.Connection[20003]
      Closed connection to database 'main' on server 'oam_dev.db' (2ms).
info: Microsoft.AspNetCore.Http.Result.OkObjectResult[1]
      Setting HTTP status code 200.
info: Microsoft.AspNetCore.Http.Result.OkObjectResult[3]
      Writing value of type 'ListSelectIterator`2' as Json.
dbug: Microsoft.EntityFrameworkCore.ChangeTracking[10805]
      The navigation 'InstanceWorkflow.DefinitionWorkflow' was detected as changed. Consider using 'DbContextOptionsBuilder.EnableSensitiveDataLogging' to see key values.
dbug: Microsoft.EntityFrameworkCore.ChangeTracking[10805]
      The navigation 'InstanceWorkflow.DefinitionWorkflow' was detected as changed. Consider using 'DbContextOptionsBuilder.EnableSensitiveDataLogging' to see key values.
dbug: Microsoft.EntityFrameworkCore.ChangeTracking[10806]
      Context 'OamDbContext' started tracking 'DefinitionWorkflow' entity. Consider using 'DbContextOptionsBuilder.EnableSensitiveDataLogging' to see key values.
dbug: Microsoft.EntityFrameworkCore.ChangeTracking[10806]
      Context 'OamDbContext' started tracking 'DefinitionWorkflow' entity. Consider using 'DbContextOptionsBuilder.EnableSensitiveDataLogging' to see key values.
dbug: Microsoft.EntityFrameworkCore.ChangeTracking[10806]
      Context 'OamDbContext' started tracking 'InstanceWorkflow' entity. Consider using 'DbContextOptionsBuilder.EnableSensitiveDataLogging' to see key values.
dbug: Microsoft.EntityFrameworkCore.ChangeTracking[10806]
      Context 'OamDbContext' started tracking 'InstanceWorkflow' entity. Consider using 'DbContextOptionsBuilder.EnableSensitiveDataLogging' to see key values.
dbug: Microsoft.EntityFrameworkCore.ChangeTracking[10806]
      Context 'OamDbContext' started tracking 'InstanceWorkflow' entity. Consider using 'DbContextOptionsBuilder.EnableSensitiveDataLogging' to see key values.
dbug: Microsoft.EntityFrameworkCore.ChangeTracking[10806]
      Context 'OamDbContext' started tracking 'InstanceWorkflow' entity. Consider using 'DbContextOptionsBuilder.EnableSensitiveDataLogging' to see key values.
dbug: Microsoft.EntityFrameworkCore.ChangeTracking[10806]
      Context 'OamDbContext' started tracking 'InstanceWorkflow' entity. Consider using 'DbContextOptionsBuilder.EnableSensitiveDataLogging' to see key values.
dbug: Microsoft.EntityFrameworkCore.ChangeTracking[10806]
      Context 'OamDbContext' started tracking 'InstanceWorkflow' entity. Consider using 'DbContextOptionsBuilder.EnableSensitiveDataLogging' to see key values.
dbug: Microsoft.EntityFrameworkCore.ChangeTracking[10806]
      Context 'OamDbContext' started tracking 'InstanceWorkflow' entity. Consider using 'DbContextOptionsBuilder.EnableSensitiveDataLogging' to see key values.
dbug: Microsoft.EntityFrameworkCore.ChangeTracking[10806]
      Context 'OamDbContext' started tracking 'InstanceWorkflow' entity. Consider using 'DbContextOptionsBuilder.EnableSensitiveDataLogging' to see key values.
dbug: Microsoft.EntityFrameworkCore.ChangeTracking[10806]
      Context 'OamDbContext' started tracking 'InstanceWorkflow' entity. Consider using 'DbContextOptionsBuilder.EnableSensitiveDataLogging' to see key values.
dbug: Microsoft.EntityFrameworkCore.ChangeTracking[10806]
      Context 'OamDbContext' started tracking 'InstanceWorkflow' entity. Consider using 'DbContextOptionsBuilder.EnableSensitiveDataLogging' to see key values.
dbug: Microsoft.EntityFrameworkCore.ChangeTracking[10806]
      Context 'OamDbContext' started tracking 'InstanceWorkflow' entity. Consider using 'DbContextOptionsBuilder.EnableSensitiveDataLogging' to see key values.
dbug: Microsoft.EntityFrameworkCore.ChangeTracking[10806]
      Context 'OamDbContext' started tracking 'InstanceWorkflow' entity. Consider using 'DbContextOptionsBuilder.EnableSensitiveDataLogging' to see key values.
dbug: Microsoft.EntityFrameworkCore.ChangeTracking[10806]
      Context 'OamDbContext' started tracking 'InstanceWorkflow' entity. Consider using 'DbContextOptionsBuilder.EnableSensitiveDataLogging' to see key values.
info: Microsoft.AspNetCore.Routing.EndpointMiddleware[1]
      Executed endpoint 'HTTP: GET /api/definitions/'
dbug: Microsoft.EntityFrameworkCore.ChangeTracking[10806]
      Context 'OamDbContext' started tracking 'InstanceWorkflow' entity. Consider using 'DbContextOptionsBuilder.EnableSensitiveDataLogging' to see key values.
dbug: Microsoft.EntityFrameworkCore.ChangeTracking[10806]
      Context 'OamDbContext' started tracking 'InstanceWorkflow' entity. Consider using 'DbContextOptionsBuilder.EnableSensitiveDataLogging' to see key values.
dbug: Microsoft.EntityFrameworkCore.ChangeTracking[10806]
      Context 'OamDbContext' started tracking 'InstanceWorkflow' entity. Consider using 'DbContextOptionsBuilder.EnableSensitiveDataLogging' to see key values.
dbug: Microsoft.EntityFrameworkCore.ChangeTracking[10806]
      Context 'OamDbContext' started tracking 'InstanceWorkflow' entity. Consider using 'DbContextOptionsBuilder.EnableSensitiveDataLogging' to see key values.
dbug: Microsoft.EntityFrameworkCore.Infrastructure[10407]
      'OamDbContext' disposed.
dbug: Microsoft.EntityFrameworkCore.Database.Command[20301]
      Closing data reader to 'main' on server 'C:\OAM\src\OAM.Api\oam_dev.db'.
dbug: Microsoft.EntityFrameworkCore.Database.Command[20300]
      A data reader for 'main' on server 'C:\OAM\src\OAM.Api\oam_dev.db' is being disposed after spending 227ms reading results.
dbug: Microsoft.EntityFrameworkCore.Database.Connection[20002]
      Closing connection to database 'main' on server 'C:\OAM\src\OAM.Api\oam_dev.db'.
dbug: Microsoft.EntityFrameworkCore.Database.Connection[20003]
      Closed connection to database 'main' on server 'oam_dev.db' (1ms).
info: Microsoft.AspNetCore.Http.Result.OkObjectResult[1]
      Setting HTTP status code 200.
dbug: Microsoft.EntityFrameworkCore.Database.Connection[20007]
      Disposing connection to database 'main' on server 'oam_dev.db'.
dbug: Microsoft.EntityFrameworkCore.Database.Connection[20008]
      Disposed connection to database 'main' on server 'oam_dev.db' (1ms).
info: Microsoft.AspNetCore.Hosting.Diagnostics[2]
      Request finished HTTP/1.1 GET http://localhost:5000/api/definitions - 200 - application/json;+charset=utf-8 999.7350ms
dbug: Microsoft.EntityFrameworkCore.ChangeTracking[10806]
      Context 'OamDbContext' started tracking 'ExecutionTache' entity. Consider using 'DbContextOptionsBuilder.EnableSensitiveDataLogging' to see key values.
info: Microsoft.AspNetCore.Http.Result.OkObjectResult[3]
      Writing value of type 'ListSelectIterator`2' as Json.
dbug: Microsoft.EntityFrameworkCore.ChangeTracking[10806]
      Context 'OamDbContext' started tracking 'InstanceWorkflow' entity. Consider using 'DbContextOptionsBuilder.EnableSensitiveDataLogging' to see key values.
dbug: Microsoft.EntityFrameworkCore.ChangeTracking[10806]
      Context 'OamDbContext' started tracking 'ExecutionTache' entity. Consider using 'DbContextOptionsBuilder.EnableSensitiveDataLogging' to see key values.
dbug: Microsoft.EntityFrameworkCore.ChangeTracking[10806]
      Context 'OamDbContext' started tracking 'InstanceWorkflow' entity. Consider using 'DbContextOptionsBuilder.EnableSensitiveDataLogging' to see key values.
dbug: Microsoft.EntityFrameworkCore.ChangeTracking[10806]
      Context 'OamDbContext' started tracking 'ExecutionTache' entity. Consider using 'DbContextOptionsBuilder.EnableSensitiveDataLogging' to see key values.
dbug: Microsoft.EntityFrameworkCore.ChangeTracking[10806]
      Context 'OamDbContext' started tracking 'InstanceWorkflow' entity. Consider using 'DbContextOptionsBuilder.EnableSensitiveDataLogging' to see key values.
dbug: Microsoft.EntityFrameworkCore.ChangeTracking[10806]
      Context 'OamDbContext' started tracking 'ExecutionTache' entity. Consider using 'DbContextOptionsBuilder.EnableSensitiveDataLogging' to see key values.
dbug: Microsoft.EntityFrameworkCore.ChangeTracking[10806]
      Context 'OamDbContext' started tracking 'InstanceWorkflow' entity. Consider using 'DbContextOptionsBuilder.EnableSensitiveDataLogging' to see key values.
info: Microsoft.AspNetCore.Routing.EndpointMiddleware[1]
      Executed endpoint 'HTTP: GET /api/instances/'
dbug: Microsoft.EntityFrameworkCore.ChangeTracking[10806]
      Context 'OamDbContext' started tracking 'ExecutionTache' entity. Consider using 'DbContextOptionsBuilder.EnableSensitiveDataLogging' to see key values.
dbug: Microsoft.EntityFrameworkCore.Infrastructure[10407]
      'OamDbContext' disposed.
dbug: Microsoft.EntityFrameworkCore.Database.Connection[20007]
      Disposing connection to database 'main' on server 'oam_dev.db'.
dbug: Microsoft.EntityFrameworkCore.Database.Connection[20008]
      Disposed connection to database 'main' on server 'oam_dev.db' (30ms).
dbug: Microsoft.EntityFrameworkCore.ChangeTracking[10806]
      Context 'OamDbContext' started tracking 'InstanceWorkflow' entity. Consider using 'DbContextOptionsBuilder.EnableSensitiveDataLogging' to see key values.
info: Microsoft.AspNetCore.Hosting.Diagnostics[2]
      Request finished HTTP/1.1 GET http://localhost:5000/api/instances - 200 - application/json;+charset=utf-8 1101.1964ms
dbug: Microsoft.EntityFrameworkCore.ChangeTracking[10806]
      Context 'OamDbContext' started tracking 'ExecutionTache' entity. Consider using 'DbContextOptionsBuilder.EnableSensitiveDataLogging' to see key values.
dbug: Microsoft.EntityFrameworkCore.Database.Command[20301]
      Closing data reader to 'main' on server 'C:\OAM\src\OAM.Api\oam_dev.db'.
dbug: Microsoft.EntityFrameworkCore.Database.Command[20300]
      A data reader for 'main' on server 'C:\OAM\src\OAM.Api\oam_dev.db' is being disposed after spending 408ms reading results.
dbug: Microsoft.EntityFrameworkCore.Database.Connection[20002]
      Closing connection to database 'main' on server 'C:\OAM\src\OAM.Api\oam_dev.db'.
dbug: Microsoft.EntityFrameworkCore.Database.Connection[20003]
      Closed connection to database 'main' on server 'oam_dev.db' (1ms).
info: Microsoft.AspNetCore.Http.Result.OkObjectResult[1]
      Setting HTTP status code 200.
info: Microsoft.AspNetCore.Http.Result.OkObjectResult[3]
      Writing value of type 'ListSelectIterator`2' as Json.
info: Microsoft.AspNetCore.Routing.EndpointMiddleware[1]
      Executed endpoint 'HTTP: GET /api/instances/erreurs'
dbug: Microsoft.EntityFrameworkCore.Infrastructure[10407]
      'OamDbContext' disposed.
dbug: Microsoft.EntityFrameworkCore.Database.Connection[20007]
      Disposing connection to database 'main' on server 'oam_dev.db'.
dbug: Microsoft.EntityFrameworkCore.Database.Connection[20008]
      Disposed connection to database 'main' on server 'oam_dev.db' (1ms).
info: Microsoft.AspNetCore.Hosting.Diagnostics[2]
      Request finished HTTP/1.1 GET http://localhost:5000/api/instances/erreurs - 200 - application/json;+charset=utf-8 1152.1186ms
info: Microsoft.AspNetCore.Hosting.Diagnostics[1]
      Request starting HTTP/1.1 GET http://localhost:5000/api/instances - application/json -
info: Microsoft.AspNetCore.Routing.EndpointMiddleware[0]
      Executing endpoint 'HTTP: GET /api/instances/'
dbug: Microsoft.EntityFrameworkCore.Infrastructure[10403]
      Entity Framework Core 10.0.5 initialized 'OamDbContext' using provider 'Microsoft.EntityFrameworkCore.Sqlite:10.0.5' with options: None
dbug: Microsoft.EntityFrameworkCore.Database.Connection[20005]
      Creating DbConnection.
dbug: Microsoft.EntityFrameworkCore.Database.Connection[20006]
      Created DbConnection. (1ms).
dbug: Microsoft.EntityFrameworkCore.Database.Connection[20000]
      Opening connection to database 'main' on server 'oam_dev.db'.
dbug: Microsoft.EntityFrameworkCore.Database.Connection[20001]
      Opened connection to database 'main' on server 'C:\OAM\src\OAM.Api\oam_dev.db'.
dbug: Microsoft.EntityFrameworkCore.Database.Command[20103]
      Creating DbCommand for 'ExecuteReader'.
dbug: Microsoft.EntityFrameworkCore.Database.Command[20104]
      Created DbCommand for 'ExecuteReader' (1ms).
dbug: Microsoft.EntityFrameworkCore.Database.Command[20106]
      Initialized DbCommand for 'ExecuteReader' (1ms).
dbug: Microsoft.EntityFrameworkCore.Database.Command[20100]
      Executing DbCommand [Parameters=[], CommandType='Text', CommandTimeout='30']
      SELECT "i"."Id", "i"."ContexteExecution", "i"."CorrelationId", "i"."DateCreation", "i"."DateDebut", "i"."DateFin", "i"."DefinitionWorkflowId", "i"."DonneesEntree", "i"."Erreur", "i"."Etat", "i"."HashVersionConfig", "d"."Id", "d"."Actif", "d"."ContenuYaml", "d"."DateCreation", "d"."DateModification", "d"."Description", "d"."Equipe", "d"."HashVersion", "d"."Nom"
      FROM "InstancesWorkflow" AS "i"
      INNER JOIN "DefinitionsWorkflow" AS "d" ON "i"."DefinitionWorkflowId" = "d"."Id"
      ORDER BY "i"."DateCreation" DESC
info: Microsoft.EntityFrameworkCore.Database.Command[20101]
      Executed DbCommand (1ms) [Parameters=[], CommandType='Text', CommandTimeout='30']
      SELECT "i"."Id", "i"."ContexteExecution", "i"."CorrelationId", "i"."DateCreation", "i"."DateDebut", "i"."DateFin", "i"."DefinitionWorkflowId", "i"."DonneesEntree", "i"."Erreur", "i"."Etat", "i"."HashVersionConfig", "d"."Id", "d"."Actif", "d"."ContenuYaml", "d"."DateCreation", "d"."DateModification", "d"."Description", "d"."Equipe", "d"."HashVersion", "d"."Nom"
      FROM "InstancesWorkflow" AS "i"
      INNER JOIN "DefinitionsWorkflow" AS "d" ON "i"."DefinitionWorkflowId" = "d"."Id"
      ORDER BY "i"."DateCreation" DESC
dbug: Microsoft.EntityFrameworkCore.ChangeTracking[10806]
      Context 'OamDbContext' started tracking 'InstanceWorkflow' entity. Consider using 'DbContextOptionsBuilder.EnableSensitiveDataLogging' to see key values.
dbug: Microsoft.EntityFrameworkCore.ChangeTracking[10805]
      The navigation 'InstanceWorkflow.DefinitionWorkflow' was detected as changed. Consider using 'DbContextOptionsBuilder.EnableSensitiveDataLogging' to see key values.
dbug: Microsoft.EntityFrameworkCore.ChangeTracking[10806]
      Context 'OamDbContext' started tracking 'DefinitionWorkflow' entity. Consider using 'DbContextOptionsBuilder.EnableSensitiveDataLogging' to see key values.
dbug: Microsoft.EntityFrameworkCore.ChangeTracking[10806]
      Context 'OamDbContext' started tracking 'InstanceWorkflow' entity. Consider using 'DbContextOptionsBuilder.EnableSensitiveDataLogging' to see key values.
dbug: Microsoft.EntityFrameworkCore.ChangeTracking[10806]
      Context 'OamDbContext' started tracking 'InstanceWorkflow' entity. Consider using 'DbContextOptionsBuilder.EnableSensitiveDataLogging' to see key values.
dbug: Microsoft.EntityFrameworkCore.ChangeTracking[10806]
      Context 'OamDbContext' started tracking 'InstanceWorkflow' entity. Consider using 'DbContextOptionsBuilder.EnableSensitiveDataLogging' to see key values.
dbug: Microsoft.EntityFrameworkCore.ChangeTracking[10806]
      Context 'OamDbContext' started tracking 'InstanceWorkflow' entity. Consider using 'DbContextOptionsBuilder.EnableSensitiveDataLogging' to see key values.
dbug: Microsoft.EntityFrameworkCore.ChangeTracking[10806]
      Context 'OamDbContext' started tracking 'InstanceWorkflow' entity. Consider using 'DbContextOptionsBuilder.EnableSensitiveDataLogging' to see key values.
dbug: Microsoft.EntityFrameworkCore.ChangeTracking[10806]
      Context 'OamDbContext' started tracking 'InstanceWorkflow' entity. Consider using 'DbContextOptionsBuilder.EnableSensitiveDataLogging' to see key values.
dbug: Microsoft.EntityFrameworkCore.ChangeTracking[10806]
      Context 'OamDbContext' started tracking 'InstanceWorkflow' entity. Consider using 'DbContextOptionsBuilder.EnableSensitiveDataLogging' to see key values.
dbug: Microsoft.EntityFrameworkCore.ChangeTracking[10806]
      Context 'OamDbContext' started tracking 'InstanceWorkflow' entity. Consider using 'DbContextOptionsBuilder.EnableSensitiveDataLogging' to see key values.
dbug: Microsoft.EntityFrameworkCore.ChangeTracking[10806]
      Context 'OamDbContext' started tracking 'InstanceWorkflow' entity. Consider using 'DbContextOptionsBuilder.EnableSensitiveDataLogging' to see key values.
dbug: Microsoft.EntityFrameworkCore.ChangeTracking[10806]
      Context 'OamDbContext' started tracking 'InstanceWorkflow' entity. Consider using 'DbContextOptionsBuilder.EnableSensitiveDataLogging' to see key values.
dbug: Microsoft.EntityFrameworkCore.ChangeTracking[10806]
      Context 'OamDbContext' started tracking 'InstanceWorkflow' entity. Consider using 'DbContextOptionsBuilder.EnableSensitiveDataLogging' to see key values.
dbug: Microsoft.EntityFrameworkCore.ChangeTracking[10806]
      Context 'OamDbContext' started tracking 'InstanceWorkflow' entity. Consider using 'DbContextOptionsBuilder.EnableSensitiveDataLogging' to see key values.
dbug: Microsoft.EntityFrameworkCore.ChangeTracking[10806]
      Context 'OamDbContext' started tracking 'InstanceWorkflow' entity. Consider using 'DbContextOptionsBuilder.EnableSensitiveDataLogging' to see key values.
dbug: Microsoft.EntityFrameworkCore.ChangeTracking[10806]
      Context 'OamDbContext' started tracking 'InstanceWorkflow' entity. Consider using 'DbContextOptionsBuilder.EnableSensitiveDataLogging' to see key values.
dbug: Microsoft.EntityFrameworkCore.ChangeTracking[10806]
      Context 'OamDbContext' started tracking 'InstanceWorkflow' entity. Consider using 'DbContextOptionsBuilder.EnableSensitiveDataLogging' to see key values.
dbug: Microsoft.EntityFrameworkCore.ChangeTracking[10806]
      Context 'OamDbContext' started tracking 'InstanceWorkflow' entity. Consider using 'DbContextOptionsBuilder.EnableSensitiveDataLogging' to see key values.
dbug: Microsoft.EntityFrameworkCore.ChangeTracking[10806]
      Context 'OamDbContext' started tracking 'InstanceWorkflow' entity. Consider using 'DbContextOptionsBuilder.EnableSensitiveDataLogging' to see key values.
dbug: Microsoft.EntityFrameworkCore.Database.Command[20301]
      Closing data reader to 'main' on server 'C:\OAM\src\OAM.Api\oam_dev.db'.
dbug: Microsoft.EntityFrameworkCore.Database.Command[20300]
      A data reader for 'main' on server 'C:\OAM\src\OAM.Api\oam_dev.db' is being disposed after spending 24ms reading results.
dbug: Microsoft.EntityFrameworkCore.Database.Connection[20002]
      Closing connection to database 'main' on server 'C:\OAM\src\OAM.Api\oam_dev.db'.
dbug: Microsoft.EntityFrameworkCore.Database.Connection[20003]
      Closed connection to database 'main' on server 'oam_dev.db' (1ms).
info: Microsoft.AspNetCore.Http.Result.OkObjectResult[1]
      Setting HTTP status code 200.
info: Microsoft.AspNetCore.Http.Result.OkObjectResult[3]
      Writing value of type 'ListSelectIterator`2' as Json.
info: Microsoft.AspNetCore.Routing.EndpointMiddleware[1]
      Executed endpoint 'HTTP: GET /api/instances/'
dbug: Microsoft.EntityFrameworkCore.Infrastructure[10407]
      'OamDbContext' disposed.
dbug: Microsoft.EntityFrameworkCore.Database.Connection[20007]
      Disposing connection to database 'main' on server 'oam_dev.db'.
dbug: Microsoft.EntityFrameworkCore.Database.Connection[20008]
      Disposed connection to database 'main' on server 'oam_dev.db' (0ms).
info: Microsoft.AspNetCore.Hosting.Diagnostics[2]
      Request finished HTTP/1.1 GET http://localhost:5000/api/instances - 200 - application/json;+charset=utf-8 136.1666ms
info: Microsoft.AspNetCore.Hosting.Diagnostics[1]
      Request starting HTTP/1.1 GET http://localhost:5000/api/definitions - application/json -
info: Microsoft.AspNetCore.Hosting.Diagnostics[1]
      Request starting HTTP/1.1 GET http://localhost:5000/api/instances - application/json -
info: Microsoft.AspNetCore.Routing.EndpointMiddleware[0]
      Executing endpoint 'HTTP: GET /api/definitions/'
info: Microsoft.AspNetCore.Routing.EndpointMiddleware[0]
      Executing endpoint 'HTTP: GET /api/instances/'
info: Microsoft.AspNetCore.Hosting.Diagnostics[1]
      Request starting HTTP/1.1 GET http://localhost:5000/api/instances/erreurs - application/json -
info: Microsoft.AspNetCore.Routing.EndpointMiddleware[0]
      Executing endpoint 'HTTP: GET /api/instances/erreurs'
dbug: Microsoft.EntityFrameworkCore.Infrastructure[10403]
      Entity Framework Core 10.0.5 initialized 'OamDbContext' using provider 'Microsoft.EntityFrameworkCore.Sqlite:10.0.5' with options: None
dbug: Microsoft.EntityFrameworkCore.Infrastructure[10403]
      Entity Framework Core 10.0.5 initialized 'OamDbContext' using provider 'Microsoft.EntityFrameworkCore.Sqlite:10.0.5' with options: None
dbug: Microsoft.EntityFrameworkCore.Database.Connection[20005]
      Creating DbConnection.
dbug: Microsoft.EntityFrameworkCore.Infrastructure[10403]
      Entity Framework Core 10.0.5 initialized 'OamDbContext' using provider 'Microsoft.EntityFrameworkCore.Sqlite:10.0.5' with options: None
dbug: Microsoft.EntityFrameworkCore.Database.Connection[20006]
      Created DbConnection. (31ms).
dbug: Microsoft.EntityFrameworkCore.Database.Connection[20000]
      Opening connection to database 'main' on server 'oam_dev.db'.
dbug: Microsoft.EntityFrameworkCore.Database.Connection[20001]
      Opened connection to database 'main' on server 'C:\OAM\src\OAM.Api\oam_dev.db'.
dbug: Microsoft.EntityFrameworkCore.Database.Command[20103]
      Creating DbCommand for 'ExecuteReader'.
dbug: Microsoft.EntityFrameworkCore.Database.Command[20104]
      Created DbCommand for 'ExecuteReader' (1ms).
dbug: Microsoft.EntityFrameworkCore.Database.Command[20106]
      Initialized DbCommand for 'ExecuteReader' (2ms).
dbug: Microsoft.EntityFrameworkCore.Database.Connection[20005]
      Creating DbConnection.
dbug: Microsoft.EntityFrameworkCore.Database.Command[20100]
      Executing DbCommand [Parameters=[], CommandType='Text', CommandTimeout='30']
      SELECT "i"."Id", "i"."ContexteExecution", "i"."CorrelationId", "i"."DateCreation", "i"."DateDebut", "i"."DateFin", "i"."DefinitionWorkflowId", "i"."DonneesEntree", "i"."Erreur", "i"."Etat", "i"."HashVersionConfig", "d"."Id", "d"."Actif", "d"."ContenuYaml", "d"."DateCreation", "d"."DateModification", "d"."Description", "d"."Equipe", "d"."HashVersion", "d"."Nom"
      FROM "InstancesWorkflow" AS "i"
      INNER JOIN "DefinitionsWorkflow" AS "d" ON "i"."DefinitionWorkflowId" = "d"."Id"
      ORDER BY "i"."DateCreation" DESC
dbug: Microsoft.EntityFrameworkCore.Database.Connection[20006]
      Created DbConnection. (2ms).
dbug: Microsoft.EntityFrameworkCore.Database.Connection[20000]
      Opening connection to database 'main' on server 'oam_dev.db'.
dbug: Microsoft.EntityFrameworkCore.Database.Connection[20005]
      Creating DbConnection.
info: Microsoft.EntityFrameworkCore.Database.Command[20101]
      Executed DbCommand (4ms) [Parameters=[], CommandType='Text', CommandTimeout='30']
      SELECT "i"."Id", "i"."ContexteExecution", "i"."CorrelationId", "i"."DateCreation", "i"."DateDebut", "i"."DateFin", "i"."DefinitionWorkflowId", "i"."DonneesEntree", "i"."Erreur", "i"."Etat", "i"."HashVersionConfig", "d"."Id", "d"."Actif", "d"."ContenuYaml", "d"."DateCreation", "d"."DateModification", "d"."Description", "d"."Equipe", "d"."HashVersion", "d"."Nom"
      FROM "InstancesWorkflow" AS "i"
      INNER JOIN "DefinitionsWorkflow" AS "d" ON "i"."DefinitionWorkflowId" = "d"."Id"
      ORDER BY "i"."DateCreation" DESC
dbug: Microsoft.EntityFrameworkCore.Database.Connection[20001]
      Opened connection to database 'main' on server 'C:\OAM\src\OAM.Api\oam_dev.db'.
dbug: Microsoft.EntityFrameworkCore.Database.Connection[20006]
      Created DbConnection. (2ms).
dbug: Microsoft.EntityFrameworkCore.Database.Connection[20000]
      Opening connection to database 'main' on server 'oam_dev.db'.
dbug: Microsoft.EntityFrameworkCore.Database.Command[20103]
      Creating DbCommand for 'ExecuteReader'.
dbug: Microsoft.EntityFrameworkCore.Database.Command[20104]
      Created DbCommand for 'ExecuteReader' (0ms).
dbug: Microsoft.EntityFrameworkCore.Database.Connection[20001]
      Opened connection to database 'main' on server 'C:\OAM\src\OAM.Api\oam_dev.db'.
dbug: Microsoft.EntityFrameworkCore.ChangeTracking[10806]
      Context 'OamDbContext' started tracking 'InstanceWorkflow' entity. Consider using 'DbContextOptionsBuilder.EnableSensitiveDataLogging' to see key values.
dbug: Microsoft.EntityFrameworkCore.Database.Command[20103]
      Creating DbCommand for 'ExecuteReader'.
dbug: Microsoft.EntityFrameworkCore.Database.Command[20106]
      Initialized DbCommand for 'ExecuteReader' (3ms).
dbug: Microsoft.EntityFrameworkCore.Database.Command[20104]
      Created DbCommand for 'ExecuteReader' (27ms).
dbug: Microsoft.EntityFrameworkCore.Database.Command[20100]
      Executing DbCommand [Parameters=[], CommandType='Text', CommandTimeout='30']
      SELECT "d"."Id", "d"."Actif", "d"."ContenuYaml", "d"."DateCreation", "d"."DateModification", "d"."Description", "d"."Equipe", "d"."HashVersion", "d"."Nom"
      FROM "DefinitionsWorkflow" AS "d"
      WHERE "d"."Actif"
      ORDER BY "d"."Nom"
dbug: Microsoft.EntityFrameworkCore.Database.Command[20106]
      Initialized DbCommand for 'ExecuteReader' (29ms).
dbug: Microsoft.EntityFrameworkCore.ChangeTracking[10805]
      The navigation 'InstanceWorkflow.DefinitionWorkflow' was detected as changed. Consider using 'DbContextOptionsBuilder.EnableSensitiveDataLogging' to see key values.
dbug: Microsoft.EntityFrameworkCore.Database.Command[20100]
      Executing DbCommand [Parameters=[], CommandType='Text', CommandTimeout='30']
      SELECT "i"."Id", "i"."ContexteExecution", "i"."CorrelationId", "i"."DateCreation", "i"."DateDebut", "i"."DateFin", "i"."DefinitionWorkflowId", "i"."DonneesEntree", "i"."Erreur", "i"."Etat", "i"."HashVersionConfig", "d"."Id", "e0"."Id", "e0"."DateDebut", "e0"."DateFin", "e0"."DonneesEntree", "e0"."DonneesSortie", "e0"."Erreur", "e0"."Etat", "e0"."InstanceWorkflowId", "e0"."NomTache", "e0"."NombreTentatives", "e0"."Ordre", "e0"."TypeConnecteur", "d"."Actif", "d"."ContenuYaml", "d"."DateCreation", "d"."DateModification", "d"."Description", "d"."Equipe", "d"."HashVersion", "d"."Nom"
      FROM "InstancesWorkflow" AS "i"
      INNER JOIN "DefinitionsWorkflow" AS "d" ON "i"."DefinitionWorkflowId" = "d"."Id"
      LEFT JOIN (
          SELECT "e"."Id", "e"."DateDebut", "e"."DateFin", "e"."DonneesEntree", "e"."DonneesSortie", "e"."Erreur", "e"."Etat", "e"."InstanceWorkflowId", "e"."NomTache", "e"."NombreTentatives", "e"."Ordre", "e"."TypeConnecteur"
          FROM "ExecutionsTache" AS "e"
          WHERE "e"."Etat" = 'EnErreur'
      ) AS "e0" ON "i"."Id" = "e0"."InstanceWorkflowId"
      WHERE "i"."Etat" = 'EnErreur'
      ORDER BY "i"."DateCreation" DESC, "i"."Id", "d"."Id"
dbug: Microsoft.EntityFrameworkCore.ChangeTracking[10806]
      Context 'OamDbContext' started tracking 'DefinitionWorkflow' entity. Consider using 'DbContextOptionsBuilder.EnableSensitiveDataLogging' to see key values.
info: Microsoft.EntityFrameworkCore.Database.Command[20101]
      Executed DbCommand (122ms) [Parameters=[], CommandType='Text', CommandTimeout='30']
      SELECT "d"."Id", "d"."Actif", "d"."ContenuYaml", "d"."DateCreation", "d"."DateModification", "d"."Description", "d"."Equipe", "d"."HashVersion", "d"."Nom"
      FROM "DefinitionsWorkflow" AS "d"
      WHERE "d"."Actif"
      ORDER BY "d"."Nom"
info: Microsoft.EntityFrameworkCore.Database.Command[20101]
      Executed DbCommand (123ms) [Parameters=[], CommandType='Text', CommandTimeout='30']
      SELECT "i"."Id", "i"."ContexteExecution", "i"."CorrelationId", "i"."DateCreation", "i"."DateDebut", "i"."DateFin", "i"."DefinitionWorkflowId", "i"."DonneesEntree", "i"."Erreur", "i"."Etat", "i"."HashVersionConfig", "d"."Id", "e0"."Id", "e0"."DateDebut", "e0"."DateFin", "e0"."DonneesEntree", "e0"."DonneesSortie", "e0"."Erreur", "e0"."Etat", "e0"."InstanceWorkflowId", "e0"."NomTache", "e0"."NombreTentatives", "e0"."Ordre", "e0"."TypeConnecteur", "d"."Actif", "d"."ContenuYaml", "d"."DateCreation", "d"."DateModification", "d"."Description", "d"."Equipe", "d"."HashVersion", "d"."Nom"
      FROM "InstancesWorkflow" AS "i"
      INNER JOIN "DefinitionsWorkflow" AS "d" ON "i"."DefinitionWorkflowId" = "d"."Id"
      LEFT JOIN (
          SELECT "e"."Id", "e"."DateDebut", "e"."DateFin", "e"."DonneesEntree", "e"."DonneesSortie", "e"."Erreur", "e"."Etat", "e"."InstanceWorkflowId", "e"."NomTache", "e"."NombreTentatives", "e"."Ordre", "e"."TypeConnecteur"
          FROM "ExecutionsTache" AS "e"
          WHERE "e"."Etat" = 'EnErreur'
      ) AS "e0" ON "i"."Id" = "e0"."InstanceWorkflowId"
      WHERE "i"."Etat" = 'EnErreur'
      ORDER BY "i"."DateCreation" DESC, "i"."Id", "d"."Id"
dbug: Microsoft.EntityFrameworkCore.ChangeTracking[10806]
      Context 'OamDbContext' started tracking 'DefinitionWorkflow' entity. Consider using 'DbContextOptionsBuilder.EnableSensitiveDataLogging' to see key values.
dbug: Microsoft.EntityFrameworkCore.ChangeTracking[10806]
      Context 'OamDbContext' started tracking 'InstanceWorkflow' entity. Consider using 'DbContextOptionsBuilder.EnableSensitiveDataLogging' to see key values.
dbug: Microsoft.EntityFrameworkCore.ChangeTracking[10806]
      Context 'OamDbContext' started tracking 'InstanceWorkflow' entity. Consider using 'DbContextOptionsBuilder.EnableSensitiveDataLogging' to see key values.
dbug: Microsoft.EntityFrameworkCore.Database.Command[20301]
      Closing data reader to 'main' on server 'C:\OAM\src\OAM.Api\oam_dev.db'.
dbug: Microsoft.EntityFrameworkCore.Database.Command[20300]
      A data reader for 'main' on server 'C:\OAM\src\OAM.Api\oam_dev.db' is being disposed after spending 33ms reading results.
dbug: Microsoft.EntityFrameworkCore.ChangeTracking[10805]
      The navigation 'InstanceWorkflow.DefinitionWorkflow' was detected as changed. Consider using 'DbContextOptionsBuilder.EnableSensitiveDataLogging' to see key values.
dbug: Microsoft.EntityFrameworkCore.ChangeTracking[10806]
      Context 'OamDbContext' started tracking 'InstanceWorkflow' entity. Consider using 'DbContextOptionsBuilder.EnableSensitiveDataLogging' to see key values.
dbug: Microsoft.EntityFrameworkCore.Database.Connection[20002]
      Closing connection to database 'main' on server 'C:\OAM\src\OAM.Api\oam_dev.db'.
dbug: Microsoft.EntityFrameworkCore.ChangeTracking[10806]
      Context 'OamDbContext' started tracking 'DefinitionWorkflow' entity. Consider using 'DbContextOptionsBuilder.EnableSensitiveDataLogging' to see key values.
dbug: Microsoft.EntityFrameworkCore.Database.Connection[20003]
      Closed connection to database 'main' on server 'oam_dev.db' (4ms).
dbug: Microsoft.EntityFrameworkCore.ChangeTracking[10806]
      Context 'OamDbContext' started tracking 'InstanceWorkflow' entity. Consider using 'DbContextOptionsBuilder.EnableSensitiveDataLogging' to see key values.
dbug: Microsoft.EntityFrameworkCore.ChangeTracking[10806]
      Context 'OamDbContext' started tracking 'ExecutionTache' entity. Consider using 'DbContextOptionsBuilder.EnableSensitiveDataLogging' to see key values.
info: Microsoft.AspNetCore.Http.Result.OkObjectResult[1]
      Setting HTTP status code 200.
info: Microsoft.AspNetCore.Http.Result.OkObjectResult[3]
      Writing value of type 'ListSelectIterator`2' as Json.
dbug: Microsoft.EntityFrameworkCore.ChangeTracking[10806]
      Context 'OamDbContext' started tracking 'InstanceWorkflow' entity. Consider using 'DbContextOptionsBuilder.EnableSensitiveDataLogging' to see key values.
dbug: Microsoft.EntityFrameworkCore.ChangeTracking[10806]
      Context 'OamDbContext' started tracking 'InstanceWorkflow' entity. Consider using 'DbContextOptionsBuilder.EnableSensitiveDataLogging' to see key values.
info: Microsoft.AspNetCore.Routing.EndpointMiddleware[1]
      Executed endpoint 'HTTP: GET /api/definitions/'
dbug: Microsoft.EntityFrameworkCore.ChangeTracking[10806]
      Context 'OamDbContext' started tracking 'InstanceWorkflow' entity. Consider using 'DbContextOptionsBuilder.EnableSensitiveDataLogging' to see key values.
dbug: Microsoft.EntityFrameworkCore.ChangeTracking[10806]
      Context 'OamDbContext' started tracking 'ExecutionTache' entity. Consider using 'DbContextOptionsBuilder.EnableSensitiveDataLogging' to see key values.
dbug: Microsoft.EntityFrameworkCore.Infrastructure[10407]
      'OamDbContext' disposed.
dbug: Microsoft.EntityFrameworkCore.Database.Connection[20007]
      Disposing connection to database 'main' on server 'oam_dev.db'.
dbug: Microsoft.EntityFrameworkCore.ChangeTracking[10806]
      Context 'OamDbContext' started tracking 'InstanceWorkflow' entity. Consider using 'DbContextOptionsBuilder.EnableSensitiveDataLogging' to see key values.
dbug: Microsoft.EntityFrameworkCore.Database.Connection[20008]
      Disposed connection to database 'main' on server 'oam_dev.db' (1ms).
info: Microsoft.AspNetCore.Hosting.Diagnostics[2]
      Request finished HTTP/1.1 GET http://localhost:5000/api/definitions - 200 - application/json;+charset=utf-8 617.0280ms
dbug: Microsoft.EntityFrameworkCore.ChangeTracking[10806]
      Context 'OamDbContext' started tracking 'InstanceWorkflow' entity. Consider using 'DbContextOptionsBuilder.EnableSensitiveDataLogging' to see key values.
dbug: Microsoft.EntityFrameworkCore.ChangeTracking[10806]
      Context 'OamDbContext' started tracking 'InstanceWorkflow' entity. Consider using 'DbContextOptionsBuilder.EnableSensitiveDataLogging' to see key values.
dbug: Microsoft.EntityFrameworkCore.ChangeTracking[10806]
      Context 'OamDbContext' started tracking 'ExecutionTache' entity. Consider using 'DbContextOptionsBuilder.EnableSensitiveDataLogging' to see key values.
dbug: Microsoft.EntityFrameworkCore.ChangeTracking[10806]
      Context 'OamDbContext' started tracking 'InstanceWorkflow' entity. Consider using 'DbContextOptionsBuilder.EnableSensitiveDataLogging' to see key values.
dbug: Microsoft.EntityFrameworkCore.ChangeTracking[10806]
      Context 'OamDbContext' started tracking 'InstanceWorkflow' entity. Consider using 'DbContextOptionsBuilder.EnableSensitiveDataLogging' to see key values.
dbug: Microsoft.EntityFrameworkCore.ChangeTracking[10806]
      Context 'OamDbContext' started tracking 'InstanceWorkflow' entity. Consider using 'DbContextOptionsBuilder.EnableSensitiveDataLogging' to see key values.
dbug: Microsoft.EntityFrameworkCore.ChangeTracking[10806]
      Context 'OamDbContext' started tracking 'InstanceWorkflow' entity. Consider using 'DbContextOptionsBuilder.EnableSensitiveDataLogging' to see key values.
dbug: Microsoft.EntityFrameworkCore.ChangeTracking[10806]
      Context 'OamDbContext' started tracking 'ExecutionTache' entity. Consider using 'DbContextOptionsBuilder.EnableSensitiveDataLogging' to see key values.
dbug: Microsoft.EntityFrameworkCore.ChangeTracking[10806]
      Context 'OamDbContext' started tracking 'InstanceWorkflow' entity. Consider using 'DbContextOptionsBuilder.EnableSensitiveDataLogging' to see key values.
dbug: Microsoft.EntityFrameworkCore.ChangeTracking[10806]
      Context 'OamDbContext' started tracking 'InstanceWorkflow' entity. Consider using 'DbContextOptionsBuilder.EnableSensitiveDataLogging' to see key values.
dbug: Microsoft.EntityFrameworkCore.ChangeTracking[10806]
      Context 'OamDbContext' started tracking 'InstanceWorkflow' entity. Consider using 'DbContextOptionsBuilder.EnableSensitiveDataLogging' to see key values.
dbug: Microsoft.EntityFrameworkCore.ChangeTracking[10806]
      Context 'OamDbContext' started tracking 'ExecutionTache' entity. Consider using 'DbContextOptionsBuilder.EnableSensitiveDataLogging' to see key values.
dbug: Microsoft.EntityFrameworkCore.ChangeTracking[10806]
      Context 'OamDbContext' started tracking 'InstanceWorkflow' entity. Consider using 'DbContextOptionsBuilder.EnableSensitiveDataLogging' to see key values.
dbug: Microsoft.EntityFrameworkCore.ChangeTracking[10806]
      Context 'OamDbContext' started tracking 'InstanceWorkflow' entity. Consider using 'DbContextOptionsBuilder.EnableSensitiveDataLogging' to see key values.
dbug: Microsoft.EntityFrameworkCore.ChangeTracking[10806]
      Context 'OamDbContext' started tracking 'InstanceWorkflow' entity. Consider using 'DbContextOptionsBuilder.EnableSensitiveDataLogging' to see key values.
dbug: Microsoft.EntityFrameworkCore.ChangeTracking[10806]
      Context 'OamDbContext' started tracking 'ExecutionTache' entity. Consider using 'DbContextOptionsBuilder.EnableSensitiveDataLogging' to see key values.
dbug: Microsoft.EntityFrameworkCore.ChangeTracking[10806]
      Context 'OamDbContext' started tracking 'InstanceWorkflow' entity. Consider using 'DbContextOptionsBuilder.EnableSensitiveDataLogging' to see key values.
dbug: Microsoft.EntityFrameworkCore.Database.Command[20301]
      Closing data reader to 'main' on server 'C:\OAM\src\OAM.Api\oam_dev.db'.
dbug: Microsoft.EntityFrameworkCore.Database.Command[20300]
      A data reader for 'main' on server 'C:\OAM\src\OAM.Api\oam_dev.db' is being disposed after spending 326ms reading results.
dbug: Microsoft.EntityFrameworkCore.Database.Connection[20002]
      Closing connection to database 'main' on server 'C:\OAM\src\OAM.Api\oam_dev.db'.
dbug: Microsoft.EntityFrameworkCore.ChangeTracking[10806]
      Context 'OamDbContext' started tracking 'InstanceWorkflow' entity. Consider using 'DbContextOptionsBuilder.EnableSensitiveDataLogging' to see key values.
dbug: Microsoft.EntityFrameworkCore.Database.Connection[20003]
      Closed connection to database 'main' on server 'oam_dev.db' (2ms).
info: Microsoft.AspNetCore.Http.Result.OkObjectResult[1]
      Setting HTTP status code 200.
info: Microsoft.AspNetCore.Http.Result.OkObjectResult[3]
      Writing value of type 'ListSelectIterator`2' as Json.
dbug: Microsoft.EntityFrameworkCore.ChangeTracking[10806]
      Context 'OamDbContext' started tracking 'InstanceWorkflow' entity. Consider using 'DbContextOptionsBuilder.EnableSensitiveDataLogging' to see key values.
dbug: Microsoft.EntityFrameworkCore.Database.Command[20301]
      Closing data reader to 'main' on server 'C:\OAM\src\OAM.Api\oam_dev.db'.
dbug: Microsoft.EntityFrameworkCore.Database.Command[20300]
      A data reader for 'main' on server 'C:\OAM\src\OAM.Api\oam_dev.db' is being disposed after spending 637ms reading results.
dbug: Microsoft.EntityFrameworkCore.Database.Connection[20002]
      Closing connection to database 'main' on server 'C:\OAM\src\OAM.Api\oam_dev.db'.
dbug: Microsoft.EntityFrameworkCore.Database.Connection[20003]
      Closed connection to database 'main' on server 'oam_dev.db' (1ms).
info: Microsoft.AspNetCore.Http.Result.OkObjectResult[1]
      Setting HTTP status code 200.
info: Microsoft.AspNetCore.Http.Result.OkObjectResult[3]
      Writing value of type 'ListSelectIterator`2' as Json.
info: Microsoft.AspNetCore.Routing.EndpointMiddleware[1]
      Executed endpoint 'HTTP: GET /api/instances/erreurs'
dbug: Microsoft.EntityFrameworkCore.Infrastructure[10407]
      'OamDbContext' disposed.
dbug: Microsoft.EntityFrameworkCore.Database.Connection[20007]
      Disposing connection to database 'main' on server 'oam_dev.db'.
dbug: Microsoft.EntityFrameworkCore.Database.Connection[20008]
      Disposed connection to database 'main' on server 'oam_dev.db' (2ms).
info: Microsoft.AspNetCore.Routing.EndpointMiddleware[1]
      Executed endpoint 'HTTP: GET /api/instances/'
info: Microsoft.AspNetCore.Hosting.Diagnostics[2]
      Request finished HTTP/1.1 GET http://localhost:5000/api/instances/erreurs - 200 - application/json;+charset=utf-8 904.0234ms
dbug: Microsoft.EntityFrameworkCore.Infrastructure[10407]
      'OamDbContext' disposed.
dbug: Microsoft.EntityFrameworkCore.Database.Connection[20007]
      Disposing connection to database 'main' on server 'oam_dev.db'.
dbug: Microsoft.EntityFrameworkCore.Database.Connection[20008]
      Disposed connection to database 'main' on server 'oam_dev.db' (36ms).
info: Microsoft.AspNetCore.Hosting.Diagnostics[2]
      Request finished HTTP/1.1 GET http://localhost:5000/api/instances - 200 - application/json;+charset=utf-8 971.5058ms
info: Microsoft.AspNetCore.Hosting.Diagnostics[1]
      Request starting HTTP/1.1 GET http://localhost:5000/api/definitions - application/json -
info: Microsoft.AspNetCore.Routing.EndpointMiddleware[0]
      Executing endpoint 'HTTP: GET /api/definitions/'
dbug: Microsoft.EntityFrameworkCore.Infrastructure[10403]
      Entity Framework Core 10.0.5 initialized 'OamDbContext' using provider 'Microsoft.EntityFrameworkCore.Sqlite:10.0.5' with options: None
dbug: Microsoft.EntityFrameworkCore.Database.Connection[20005]
      Creating DbConnection.
dbug: Microsoft.EntityFrameworkCore.Database.Connection[20006]
      Created DbConnection. (1ms).
dbug: Microsoft.EntityFrameworkCore.Database.Connection[20000]
      Opening connection to database 'main' on server 'oam_dev.db'.
dbug: Microsoft.EntityFrameworkCore.Database.Connection[20001]
      Opened connection to database 'main' on server 'C:\OAM\src\OAM.Api\oam_dev.db'.
dbug: Microsoft.EntityFrameworkCore.Database.Command[20103]
      Creating DbCommand for 'ExecuteReader'.
dbug: Microsoft.EntityFrameworkCore.Database.Command[20104]
      Created DbCommand for 'ExecuteReader' (1ms).
dbug: Microsoft.EntityFrameworkCore.Database.Command[20106]
      Initialized DbCommand for 'ExecuteReader' (2ms).
dbug: Microsoft.EntityFrameworkCore.Database.Command[20100]
      Executing DbCommand [Parameters=[], CommandType='Text', CommandTimeout='30']
      SELECT "d"."Id", "d"."Actif", "d"."ContenuYaml", "d"."DateCreation", "d"."DateModification", "d"."Description", "d"."Equipe", "d"."HashVersion", "d"."Nom"
      FROM "DefinitionsWorkflow" AS "d"
      WHERE "d"."Actif"
      ORDER BY "d"."Nom"
info: Microsoft.EntityFrameworkCore.Database.Command[20101]
      Executed DbCommand (1ms) [Parameters=[], CommandType='Text', CommandTimeout='30']
      SELECT "d"."Id", "d"."Actif", "d"."ContenuYaml", "d"."DateCreation", "d"."DateModification", "d"."Description", "d"."Equipe", "d"."HashVersion", "d"."Nom"
      FROM "DefinitionsWorkflow" AS "d"
      WHERE "d"."Actif"
      ORDER BY "d"."Nom"
dbug: Microsoft.EntityFrameworkCore.ChangeTracking[10806]
      Context 'OamDbContext' started tracking 'DefinitionWorkflow' entity. Consider using 'DbContextOptionsBuilder.EnableSensitiveDataLogging' to see key values.
dbug: Microsoft.EntityFrameworkCore.Database.Command[20301]
      Closing data reader to 'main' on server 'C:\OAM\src\OAM.Api\oam_dev.db'.
dbug: Microsoft.EntityFrameworkCore.Database.Command[20300]
      A data reader for 'main' on server 'C:\OAM\src\OAM.Api\oam_dev.db' is being disposed after spending 2ms reading results.
dbug: Microsoft.EntityFrameworkCore.Database.Connection[20002]
      Closing connection to database 'main' on server 'C:\OAM\src\OAM.Api\oam_dev.db'.
dbug: Microsoft.EntityFrameworkCore.Database.Connection[20003]
      Closed connection to database 'main' on server 'oam_dev.db' (1ms).
info: Microsoft.AspNetCore.Http.Result.OkObjectResult[1]
      Setting HTTP status code 200.
info: Microsoft.AspNetCore.Http.Result.OkObjectResult[3]
      Writing value of type 'ListSelectIterator`2' as Json.
info: Microsoft.AspNetCore.Routing.EndpointMiddleware[1]
      Executed endpoint 'HTTP: GET /api/definitions/'
dbug: Microsoft.EntityFrameworkCore.Infrastructure[10407]
      'OamDbContext' disposed.
dbug: Microsoft.EntityFrameworkCore.Database.Connection[20007]
      Disposing connection to database 'main' on server 'oam_dev.db'.
dbug: Microsoft.EntityFrameworkCore.Database.Connection[20008]
      Disposed connection to database 'main' on server 'oam_dev.db' (1ms).
info: Microsoft.AspNetCore.Hosting.Diagnostics[2]
      Request finished HTTP/1.1 GET http://localhost:5000/api/definitions - 200 - application/json;+charset=utf-8 33.0554ms
info: Microsoft.AspNetCore.Hosting.Diagnostics[1]
      Request starting HTTP/1.1 GET http://localhost:5000/api/definitions/f64b5467-7b1c-4f92-95c9-db6a00032af1/yaml - - -
info: Microsoft.AspNetCore.Hosting.Diagnostics[1]
      Request starting HTTP/1.1 GET http://localhost:5000/api/definitions/f64b5467-7b1c-4f92-95c9-db6a00032af1 - application/json -
info: Microsoft.AspNetCore.Hosting.Diagnostics[1]
      Request starting HTTP/1.1 GET http://localhost:5000/api/definitions/f64b5467-7b1c-4f92-95c9-db6a00032af1/versions - application/json -
info: Microsoft.AspNetCore.Routing.EndpointMiddleware[0]
      Executing endpoint 'HTTP: GET /api/definitions/{id:guid}/yaml'
info: Microsoft.AspNetCore.Routing.EndpointMiddleware[0]
      Executing endpoint 'HTTP: GET /api/definitions/{id:guid}'
info: Microsoft.AspNetCore.Routing.EndpointMiddleware[0]
      Executing endpoint 'HTTP: GET /api/definitions/{id:guid}/versions'
dbug: Microsoft.EntityFrameworkCore.Infrastructure[10403]
      Entity Framework Core 10.0.5 initialized 'OamDbContext' using provider 'Microsoft.EntityFrameworkCore.Sqlite:10.0.5' with options: None
dbug: Microsoft.EntityFrameworkCore.Infrastructure[10403]
      Entity Framework Core 10.0.5 initialized 'OamDbContext' using provider 'Microsoft.EntityFrameworkCore.Sqlite:10.0.5' with options: None
dbug: Microsoft.EntityFrameworkCore.Infrastructure[10403]
      Entity Framework Core 10.0.5 initialized 'OamDbContext' using provider 'Microsoft.EntityFrameworkCore.Sqlite:10.0.5' with options: None
dbug: Microsoft.EntityFrameworkCore.Query[10111]
      Compiling query expression: 
      'DbSet<DefinitionWorkflow>()
          .Include(d => d.Versions
              .OrderByDescending(v => v.DateChargement)
              .Take(5))
          .FirstOrDefault(d => d.Id == @id)'
dbug: Microsoft.EntityFrameworkCore.Query[10111]
      Compiling query expression: 
      'DbSet<VersionDefinitionWorkflow>()
          .Where(v => v.DefinitionWorkflowId == @definitionId)
          .OrderByDescending(v => v.DateChargement)'
dbug: Microsoft.EntityFrameworkCore.Query[10112]
      Including navigation: 'DefinitionWorkflow.Versions'.
dbug: Microsoft.EntityFrameworkCore.Query[10107]
      Generated query execution expression: 
      'queryContext => SingleQueryingEnumerable.Create<VersionDefinitionWorkflow>(
          relationalQueryContext: (RelationalQueryContext)queryContext, 
          relationalCommandResolver: parameters => [LIFTABLE Constant: RelationalCommandCache.QueryExpression(
              Projection Mapping:
                  EmptyProjectionMember -> Dictionary<IPropertyBase, int> { [Property: VersionDefinitionWorkflow.Id (Guid) Required PK AfterSave:Throw ValueGenerated.OnAdd, 0], [Property: VersionDefinitionWorkflow.ContenuYaml (string) Required, 1], [Property: VersionDefinitionWorkflow.DateChargement (DateTime) Required, 2], [Property: VersionDefinitionWorkflow.DefinitionWorkflowId (Guid) Required FK Index, 3], [Property: VersionDefinitionWorkflow.DeployePar (string) MaxLength(200), 4], [Property: VersionDefinitionWorkflow.HashVersion (string) Required Index MaxLength(64), 5] }
              SELECT v.Id, v.ContenuYaml, v.DateChargement, v.DefinitionWorkflowId, v.DeployePar, v.HashVersion
              FROM VersionsDefinitionWorkflow AS v
              WHERE v.DefinitionWorkflowId == @definitionId
              ORDER BY v.DateChargement DESC) | Resolver: c => new RelationalCommandCache(
              c.Dependencies.MemoryCache, 
              c.RelationalDependencies.QuerySqlGeneratorFactory, 
              c.RelationalDependencies.RelationalParameterBasedSqlProcessorFactory, 
              Projection Mapping:
                  EmptyProjectionMember -> Dictionary<IPropertyBase, int> { [Property: VersionDefinitionWorkflow.Id (Guid) Required PK AfterSave:Throw ValueGenerated.OnAdd, 0], [Property: VersionDefinitionWorkflow.ContenuYaml (string) Required, 1], [Property: VersionDefinitionWorkflow.DateChargement (DateTime) Required, 2], [Property: VersionDefinitionWorkflow.DefinitionWorkflowId (Guid) Required FK Index, 3], [Property: VersionDefinitionWorkflow.DeployePar (string) MaxLength(200), 4], [Property: VersionDefinitionWorkflow.HashVersion (string) Required Index MaxLength(64), 5] }
              SELECT v.Id, v.ContenuYaml, v.DateChargement, v.DefinitionWorkflowId, v.DeployePar, v.HashVersion
              FROM VersionsDefinitionWorkflow AS v
              WHERE v.DefinitionWorkflowId == @definitionId
              ORDER BY v.DateChargement DESC, 
              False, 
              MultipleParameters
          )].GetRelationalCommandTemplate(parameters), 
          readerColumns: null, 
          shaper: (queryContext, dataReader, resultContext, resultCoordinator) => 
          {
              VersionDefinitionWorkflow entity;
              entity = 
              {
                  MaterializationContext materializationContext1;
                  IEntityType entityType1;
                  VersionDefinitionWorkflow instance1;
                  InternalEntityEntry entry1;
                  bool hasNullKey1;
                  materializationContext1 = new MaterializationContext(
                      [LIFTABLE Constant: ValueBuffer | Resolver: _ => (object)ValueBuffer.Empty], 
                      queryContext.Context
                  );
                  instance1 = default(VersionDefinitionWorkflow);
                  entry1 = queryContext.TryGetEntry(
                      key: [LIFTABLE Constant: Key: VersionDefinitionWorkflow.Id PK | Resolver: c => c.Dependencies.Model.FindEntityType("OAM.Domain.Entities.VersionDefinitionWorkflow").FindPrimaryKey()], 
                      keyValues: new object[]{ (object)dataReader.GetGuid(0) }, 
                      throwOnNullKey: True, 
                      hasNullKey: hasNullKey1);
                  !(hasNullKey1) ? entry1 != default(InternalEntityEntry) ? 
                  {
                      entityType1 = entry1.EntityType;
                      return instance1 = (VersionDefinitionWorkflow)entry1.Entity;
                  } : 
                  {
                      ISnapshot shadowSnapshot1;
                      shadowSnapshot1 = [LIFTABLE Constant: Snapshot | Resolver: _ => Snapshot.Empty];
                      entityType1 = [LIFTABLE Constant: EntityType: VersionDefinitionWorkflow | Resolver: namelessParameter{0} => namelessParameter{0}.Dependencies.Model.FindEntityType("OAM.Domain.Entities.VersionDefinitionWorkflow")];
                      instance1 = switch (entityType1)
                      {
                          case [LIFTABLE Constant: EntityType: VersionDefinitionWorkflow | Resolver: namelessParameter{1} => namelessParameter{1}.Dependencies.Model.FindEntityType("OAM.Domain.Entities.VersionDefinitionWorkflow")]: 
                              {
                                  return 
                                  {
                                      VersionDefinitionWorkflow instance;
                                      instance = new VersionDefinitionWorkflow();
                                      instance.<Id>k__BackingField = dataReader.GetGuid(0);
                                      instance.<ContenuYaml>k__BackingField = dataReader.GetString(1);
                                      instance.<DateChargement>k__BackingField = dataReader.GetDateTime(2);
                                      instance.<DefinitionWorkflowId>k__BackingField = dataReader.GetGuid(3);
                                      instance.<DeployePar>k__BackingField = dataReader.IsDBNull(4) ? default(string) : dataReader.GetString(4);
                                      instance.<HashVersion>k__BackingField = dataReader.GetString(5);
                                      (instance is IInjectableService) ? ((IInjectableService)instance).Injected(
                                          context: materializationContext1.Context, 
                                          entity: instance, 
                                          queryTrackingBehavior: TrackAll, 
                                          structuralType: [LIFTABLE Constant: EntityType: VersionDefinitionWorkflow | Resolver: namelessParameter{2} => namelessParameter{2}.Dependencies.Model.FindEntityType("OAM.Domain.Entities.VersionDefinitionWorkflow")]) : default(void);
                                      return instance;
                                  }}
                          default: 
                              default(VersionDefinitionWorkflow)
                      }
                      ;
                      entry1 = entityType1 == default(IEntityType) ? default(InternalEntityEntry) : queryContext.StartTracking(
                          entityType: entityType1, 
                          entity: instance1, 
                          snapshot: shadowSnapshot1);
                      return instance1;
                  } : default(void);
                  return instance1;
              };
              return entity;
          }, 
          contextType: OAM.Infrastructure.Data.OamDbContext, 
          standAloneStateManager: False, 
          detailedErrorsEnabled: False, 
          threadSafetyChecksEnabled: True)'
dbug: Microsoft.EntityFrameworkCore.Database.Connection[20005]
      Creating DbConnection.
dbug: Microsoft.EntityFrameworkCore.Database.Connection[20006]
      Created DbConnection. (1ms).
dbug: Microsoft.EntityFrameworkCore.Database.Connection[20000]
      Opening connection to database 'main' on server 'oam_dev.db'.
dbug: Microsoft.EntityFrameworkCore.Database.Connection[20001]
      Opened connection to database 'main' on server 'C:\OAM\src\OAM.Api\oam_dev.db'.
dbug: Microsoft.EntityFrameworkCore.Database.Command[20103]
      Creating DbCommand for 'ExecuteReader'.
dbug: Microsoft.EntityFrameworkCore.Database.Command[20104]
      Created DbCommand for 'ExecuteReader' (1ms).
dbug: Microsoft.EntityFrameworkCore.Database.Command[20106]
      Initialized DbCommand for 'ExecuteReader' (27ms).
dbug: Microsoft.EntityFrameworkCore.Database.Command[20100]
      Executing DbCommand [Parameters=[@definitionId='?' (DbType = Guid)], CommandType='Text', CommandTimeout='30']
      SELECT "v"."Id", "v"."ContenuYaml", "v"."DateChargement", "v"."DefinitionWorkflowId", "v"."DeployePar", "v"."HashVersion"
      FROM "VersionsDefinitionWorkflow" AS "v"
      WHERE "v"."DefinitionWorkflowId" = @definitionId
      ORDER BY "v"."DateChargement" DESC
info: Microsoft.EntityFrameworkCore.Database.Command[20101]
      Executed DbCommand (9ms) [Parameters=[@definitionId='?' (DbType = Guid)], CommandType='Text', CommandTimeout='30']
      SELECT "v"."Id", "v"."ContenuYaml", "v"."DateChargement", "v"."DefinitionWorkflowId", "v"."DeployePar", "v"."HashVersion"
      FROM "VersionsDefinitionWorkflow" AS "v"
      WHERE "v"."DefinitionWorkflowId" = @definitionId
      ORDER BY "v"."DateChargement" DESC
dbug: Microsoft.EntityFrameworkCore.Query[10107]
      Generated query execution expression: 
      'queryContext => ShapedQueryCompilingExpressionVisitor.SingleOrDefaultAsync<DefinitionWorkflow>(
          asyncEnumerable: SingleQueryingEnumerable.Create<DefinitionWorkflow>(
              relationalQueryContext: (RelationalQueryContext)queryContext, 
              relationalCommandResolver: parameters => [LIFTABLE Constant: RelationalCommandCache.QueryExpression(
                  Client Projections:
                      0 -> Dictionary<IPropertyBase, int> { [Property: DefinitionWorkflow.Id (Guid) Required PK AfterSave:Throw ValueGenerated.OnAdd, 0], [Property: DefinitionWorkflow.Actif (bool) Required, 1], [Property: DefinitionWorkflow.ContenuYaml (string) Required, 2], [Property: DefinitionWorkflow.DateCreation (DateTime) Required, 3], [Property: DefinitionWorkflow.DateModification (DateTime) Required, 4], [Property: DefinitionWorkflow.Description (string), 5], [Property: DefinitionWorkflow.Equipe (string) MaxLength(100), 6], [Property: DefinitionWorkflow.HashVersion (string) Required Index MaxLength(64), 7], [Property: DefinitionWorkflow.Nom (string) Required Index MaxLength(200), 8] }
                      1 -> 0
                      2 -> Dictionary<IPropertyBase, int> { [Property: VersionDefinitionWorkflow.Id (Guid) Required PK AfterSave:Throw ValueGenerated.OnAdd, 9], [Property: VersionDefinitionWorkflow.ContenuYaml (string) Required, 10], [Property: VersionDefinitionWorkflow.DateChargement (DateTime) Required, 11], [Property: VersionDefinitionWorkflow.DefinitionWorkflowId (Guid) Required FK Index, 12], [Property: VersionDefinitionWorkflow.DeployePar (string) MaxLength(200), 13], [Property: VersionDefinitionWorkflow.HashVersion (string) Required Index MaxLength(64), 14] }
                      3 -> 9
                  SELECT d0.Id, d0.Actif, d0.ContenuYaml, d0.DateCreation, d0.DateModification, d0.Description, d0.Equipe, d0.HashVersion, d0.Nom, v1.Id, v1.ContenuYaml, v1.DateChargement, v1.DefinitionWorkflowId, v1.DeployePar, v1.HashVersion
                  FROM 
                  (
                      SELECT TOP(1) d.Id, d.Actif, d.ContenuYaml, d.DateCreation, d.DateModification, d.Description, d.Equipe, d.HashVersion, d.Nom
                      FROM DefinitionsWorkflow AS d
                      WHERE d.Id == @id
                  ) AS d0
                  LEFT JOIN 
                  (
                      SELECT v0.Id, v0.ContenuYaml, v0.DateChargement, v0.DefinitionWorkflowId, v0.DeployePar, v0.HashVersion
                      FROM 
                      (
                          SELECT v.Id, v.ContenuYaml, v.DateChargement, v.DefinitionWorkflowId, v.DeployePar, v.HashVersion, ROW_NUMBER() OVER(PARTITION BY v.DefinitionWorkflowId ORDER BY v.DateChargement DESC) AS row
                          FROM VersionsDefinitionWorkflow AS v
                      ) AS v0
                      WHERE v0.row <= 5
                  ) AS v1 ON d0.Id == v1.DefinitionWorkflowId
                  ORDER BY d0.Id ASC, v1.DefinitionWorkflowId ASC, v1.DateChargement DESC) | Resolver: c => new RelationalCommandCache(
                  c.Dependencies.MemoryCache, 
                  c.RelationalDependencies.QuerySqlGeneratorFactory, 
                  c.RelationalDependencies.RelationalParameterBasedSqlProcessorFactory, 
                  Client Projections:
                      0 -> Dictionary<IPropertyBase, int> { [Property: DefinitionWorkflow.Id (Guid) Required PK AfterSave:Throw ValueGenerated.OnAdd, 0], [Property: DefinitionWorkflow.Actif (bool) Required, 1], [Property: DefinitionWorkflow.ContenuYaml (string) Required, 2], [Property: DefinitionWorkflow.DateCreation (DateTime) Required, 3], [Property: DefinitionWorkflow.DateModification (DateTime) Required, 4], [Property: DefinitionWorkflow.Description (string), 5], [Property: DefinitionWorkflow.Equipe (string) MaxLength(100), 6], [Property: DefinitionWorkflow.HashVersion (string) Required Index MaxLength(64), 7], [Property: DefinitionWorkflow.Nom (string) Required Index MaxLength(200), 8] }
                      1 -> 0
                      2 -> Dictionary<IPropertyBase, int> { [Property: VersionDefinitionWorkflow.Id (Guid) Required PK AfterSave:Throw ValueGenerated.OnAdd, 9], [Property: VersionDefinitionWorkflow.ContenuYaml (string) Required, 10], [Property: VersionDefinitionWorkflow.DateChargement (DateTime) Required, 11], [Property: VersionDefinitionWorkflow.DefinitionWorkflowId (Guid) Required FK Index, 12], [Property: VersionDefinitionWorkflow.DeployePar (string) MaxLength(200), 13], [Property: VersionDefinitionWorkflow.HashVersion (string) Required Index MaxLength(64), 14] }
                      3 -> 9
                  SELECT d0.Id, d0.Actif, d0.ContenuYaml, d0.DateCreation, d0.DateModification, d0.Description, d0.Equipe, d0.HashVersion, d0.Nom, v1.Id, v1.ContenuYaml, v1.DateChargement, v1.DefinitionWorkflowId, v1.DeployePar, v1.HashVersion
                  FROM 
                  (
                      SELECT TOP(1) d.Id, d.Actif, d.ContenuYaml, d.DateCreation, d.DateModification, d.Description, d.Equipe, d.HashVersion, d.Nom
                      FROM DefinitionsWorkflow AS d
                      WHERE d.Id == @id
                  ) AS d0
                  LEFT JOIN 
                  (
                      SELECT v0.Id, v0.ContenuYaml, v0.DateChargement, v0.DefinitionWorkflowId, v0.DeployePar, v0.HashVersion
                      FROM 
                      (
                          SELECT v.Id, v.ContenuYaml, v.DateChargement, v.DefinitionWorkflowId, v.DeployePar, v.HashVersion, ROW_NUMBER() OVER(PARTITION BY v.DefinitionWorkflowId ORDER BY v.DateChargement DESC) AS row
                          FROM VersionsDefinitionWorkflow AS v
                      ) AS v0
                      WHERE v0.row <= 5
                  ) AS v1 ON d0.Id == v1.DefinitionWorkflowId
                  ORDER BY d0.Id ASC, v1.DefinitionWorkflowId ASC, v1.DateChargement DESC, 
                  False, 
                  MultipleParameters
              )].GetRelationalCommandTemplate(parameters), 
              readerColumns: null, 
              shaper: (queryContext, dataReader, resultContext, resultCoordinator) => 
              {
                  resultContext.Values == null ? 
                  {
                      DefinitionWorkflow entity;
                      entity = 
                      {
                          MaterializationContext materializationContext1;
                          IEntityType entityType1;
                          DefinitionWorkflow instance1;
                          InternalEntityEntry entry1;
                          bool hasNullKey1;
                          materializationContext1 = new MaterializationContext(
                              [LIFTABLE Constant: ValueBuffer | Resolver: _ => (object)ValueBuffer.Empty], 
                              queryContext.Context
                          );
                          instance1 = default(DefinitionWorkflow);
                          entry1 = queryContext.TryGetEntry(
                              key: [LIFTABLE Constant: Key: DefinitionWorkflow.Id PK | Resolver: c => c.Dependencies.Model.FindEntityType("OAM.Domain.Entities.DefinitionWorkflow").FindPrimaryKey()], 
                              keyValues: new object[]{ (object)dataReader.GetGuid(0) }, 
                              throwOnNullKey: True, 
                              hasNullKey: hasNullKey1);
                          !(hasNullKey1) ? entry1 != default(InternalEntityEntry) ? 
                          {
                              entityType1 = entry1.EntityType;
                              return instance1 = (DefinitionWorkflow)entry1.Entity;
                          } : 
                          {
                              ISnapshot shadowSnapshot1;
                              shadowSnapshot1 = [LIFTABLE Constant: Snapshot | Resolver: _ => Snapshot.Empty];
                              entityType1 = [LIFTABLE Constant: EntityType: DefinitionWorkflow | Resolver: namelessParameter{0} => namelessParameter{0}.Dependencies.Model.FindEntityType("OAM.Domain.Entities.DefinitionWorkflow")];
                              instance1 = switch (entityType1)
                              {
                                  case [LIFTABLE Constant: EntityType: DefinitionWorkflow | Resolver: namelessParameter{1} => namelessParameter{1}.Dependencies.Model.FindEntityType("OAM.Domain.Entities.DefinitionWorkflow")]: 
                                      {
                                          return 
                                          {
                                              DefinitionWorkflow instance;
                                              instance = new DefinitionWorkflow();
                                              instance.<Id>k__BackingField = dataReader.GetGuid(0);
                                              instance.<Actif>k__BackingField = dataReader.GetBoolean(1);
                                              instance.<ContenuYaml>k__BackingField = dataReader.GetString(2);
                                              instance.<DateCreation>k__BackingField = dataReader.GetDateTime(3);
                                              instance.<DateModification>k__BackingField = dataReader.GetDateTime(4);
                                              instance.<Description>k__BackingField = dataReader.IsDBNull(5) ? default(string) : dataReader.GetString(5);
                                              instance.<Equipe>k__BackingField = dataReader.IsDBNull(6) ? default(string) : dataReader.GetString(6);
                                              instance.<HashVersion>k__BackingField = dataReader.GetString(7);
                                              instance.<Nom>k__BackingField = dataReader.GetString(8);
                                              (instance is IInjectableService) ? ((IInjectableService)instance).Injected(
                                                  context: materializationContext1.Context, 
                                                  entity: instance, 
                                                  queryTrackingBehavior: TrackAll, 
                                                  structuralType: [LIFTABLE Constant: EntityType: DefinitionWorkflow | Resolver: namelessParameter{2} => namelessParameter{2}.Dependencies.Model.FindEntityType("OAM.Domain.Entities.DefinitionWorkflow")]) : default(void);
                                              return instance;
                                          }}
                                  default: 
                                      default(DefinitionWorkflow)
                              }
                              ;
                              entry1 = entityType1 == default(IEntityType) ? default(InternalEntityEntry) : queryContext.StartTracking(
                                  entityType: entityType1, 
                                  entity: instance1, 
                                  snapshot: shadowSnapshot1);
                              return instance1;
                          } : default(void);
                          return instance1;
                      };
                      resultContext.Values = new object[]{ entity };
                      ShaperProcessingExpressionVisitor.InitializeIncludeCollection<DefinitionWorkflow, DefinitionWorkflow>(
                          collectionId: 0, 
                          queryContext: queryContext, 
                          dbDataReader: dataReader, 
                          resultCoordinator: resultCoordinator, 
                          entity: (DefinitionWorkflow)(resultContext.Values[0]), 
                          parentIdentifier: [LIFTABLE Constant: Func<QueryContext, DbDataReader, object[]> | Resolver: _ => (queryContext, dataReader) => new object[]{ (object)(Guid?)dataReader.GetGuid(0) }], 
                          outerIdentifier: [LIFTABLE Constant: Func<QueryContext, DbDataReader, object[]> | Resolver: _ => (queryContext, dataReader) => new object[]{ (object)(Guid?)dataReader.GetGuid(0) }], 
                          navigation: [LIFTABLE Constant: Navigation: DefinitionWorkflow.Versions (ICollection<VersionDefinitionWorkflow>) Collection ToDependent VersionDefinitionWorkflow Inverse: DefinitionWorkflow | Resolver: namelessParameter{3} => namelessParameter{3}.Dependencies.Model.FindEntityType("OAM.Domain.Entities.DefinitionWorkflow").FindNavigation("Versions")], 
                          clrCollectionAccessor: [LIFTABLE Constant: ClrCollectionAccessor<DefinitionWorkflow, ICollection<VersionDefinitionWorkflow>, VersionDefinitionWorkflow> | Resolver: namelessParameter{4} => namelessParameter{4}.Dependencies.Model.FindEntityType("OAM.Domain.Entities.DefinitionWorkflow").FindNavigation("Versions").GetCollectionAccessor()], 
                          trackingQuery: True, 
                          setLoaded: True);
                  } : default(void);
                  ShaperProcessingExpressionVisitor.PopulateIncludeCollection<DefinitionWorkflow, VersionDefinitionWorkflow>(
                      collectionId: 0, 
                      queryContext: queryContext, 
                      dbDataReader: dataReader, 
                      resultCoordinator: resultCoordinator, 
                      parentIdentifier: [LIFTABLE Constant: Func<QueryContext, DbDataReader, object[]> | Resolver: _ => (queryContext, dataReader) => new object[]{ (object)(Guid?)dataReader.GetGuid(0) }], 
                      outerIdentifier: [LIFTABLE Constant: Func<QueryContext, DbDataReader, object[]> | Resolver: _ => (queryContext, dataReader) => new object[]{ (object)(Guid?)dataReader.GetGuid(0) }], 
                      selfIdentifier: [LIFTABLE Constant: Func<QueryContext, DbDataReader, object[]> | Resolver: _ => (queryContext, dataReader) => new object[]{ (object)dataReader.IsDBNull(9) ? default(Guid?) : (Guid?)dataReader.GetGuid(9) }], 
                      parentIdentifierValueComparers: [LIFTABLE Constant: Func<object, object, bool>[] { Func<object, object, bool> } | Resolver: _ => new Func<object, object, bool>[]{ (left, right) => left == null ? right == null : right != null && (Guid)left == (Guid)right }], 
                      outerIdentifierValueComparers: [LIFTABLE Constant: Func<object, object, bool>[] { Func<object, object, bool> } | Resolver: _ => new Func<object, object, bool>[]{ (left, right) => left == null ? right == null : right != null && (Guid)left == (Guid)right }], 
                      selfIdentifierValueComparers: [LIFTABLE Constant: Func<object, object, bool>[] { Func<object, object, bool> } | Resolver: _ => new Func<object, object, bool>[]{ (left, right) => left == null ? right == null : right != null && (Guid)left == (Guid)right }], 
                      innerShaper: (queryContext, dataReader, resultContext, resultCoordinator) => 
                      {
                          VersionDefinitionWorkflow entity;
                          entity = 
                          {
                              MaterializationContext materializationContext2;
                              IEntityType entityType2;
                              VersionDefinitionWorkflow instance2;
                              InternalEntityEntry entry2;
                              bool hasNullKey2;
                              materializationContext2 = new MaterializationContext(
                                  [LIFTABLE Constant: ValueBuffer | Resolver: _ => (object)ValueBuffer.Empty], 
                                  queryContext.Context
                              );
                              instance2 = default(VersionDefinitionWorkflow);
                              entry2 = queryContext.TryGetEntry(
                                  key: [LIFTABLE Constant: Key: VersionDefinitionWorkflow.Id PK | Resolver: c => c.Dependencies.Model.FindEntityType("OAM.Domain.Entities.VersionDefinitionWorkflow").FindPrimaryKey()], 
                                  keyValues: new object[]{ dataReader.IsDBNull(9) ? default(object) : (object)dataReader.GetGuid(9) }, 
                                  throwOnNullKey: False, 
                                  hasNullKey: hasNullKey2);
                              !(hasNullKey2) ? entry2 != default(InternalEntityEntry) ? 
                              {
                                  entityType2 = entry2.EntityType;
                                  return instance2 = (VersionDefinitionWorkflow)entry2.Entity;
                              } : 
                              {
                                  ISnapshot shadowSnapshot2;
                                  shadowSnapshot2 = [LIFTABLE Constant: Snapshot | Resolver: _ => Snapshot.Empty];
                                  entityType2 = [LIFTABLE Constant: EntityType: VersionDefinitionWorkflow | Resolver: namelessParameter{5} => namelessParameter{5}.Dependencies.Model.FindEntityType("OAM.Domain.Entities.VersionDefinitionWorkflow")];
                                  instance2 = switch (entityType2)
                                  {
                                      case [LIFTABLE Constant: EntityType: VersionDefinitionWorkflow | Resolver: namelessParameter{6} => namelessParameter{6}.Dependencies.Model.FindEntityType("OAM.Domain.Entities.VersionDefinitionWorkflow")]: 
                                          {
                                              return 
                                              {
                                                  VersionDefinitionWorkflow instance;
                                                  instance = new VersionDefinitionWorkflow();
                                                  instance.<Id>k__BackingField = dataReader.IsDBNull(9) ? default(Guid) : dataReader.GetGuid(9);
                                                  instance.<ContenuYaml>k__BackingField = dataReader.IsDBNull(10) ? default(string) : dataReader.GetString(10);
                                                  instance.<DateChargement>k__BackingField = dataReader.IsDBNull(11) ? default(DateTime) : dataReader.GetDateTime(11);
                                                  instance.<DefinitionWorkflowId>k__BackingField = dataReader.IsDBNull(12) ? default(Guid) : dataReader.GetGuid(12);
                                                  instance.<DeployePar>k__BackingField = dataReader.IsDBNull(13) ? default(string) : dataReader.GetString(13);
                                                  instance.<HashVersion>k__BackingField = dataReader.IsDBNull(14) ? default(string) : dataReader.GetString(14);
                                                  (instance is IInjectableService) ? ((IInjectableService)instance).Injected(
                                                      context: materializationContext2.Context, 
                                                      entity: instance, 
                                                      queryTrackingBehavior: TrackAll, 
                                                      structuralType: [LIFTABLE Constant: EntityType: VersionDefinitionWorkflow | Resolver: namelessParameter{7} => namelessParameter{7}.Dependencies.Model.FindEntityType("OAM.Domain.Entities.VersionDefinitionWorkflow")]) : default(void);
                                                  return instance;
                                              }}
                                      default: 
                                          default(VersionDefinitionWorkflow)
                                  }
                                  ;
                                  entry2 = entityType2 == default(IEntityType) ? default(InternalEntityEntry) : queryContext.StartTracking(
                                      entityType: entityType2, 
                                      entity: instance2, 
                                      snapshot: shadowSnapshot2);
                                  return instance2;
                              } : default(void);
                              return instance2;
                          };
                          return entity;
                      }, 
                      inverseNavigation: [LIFTABLE Constant: Navigation: VersionDefinitionWorkflow.DefinitionWorkflow (DefinitionWorkflow) Required ToPrincipal DefinitionWorkflow Inverse: Versions | Resolver: namelessParameter{8} => namelessParameter{8}.Dependencies.Model.FindEntityType("OAM.Domain.Entities.VersionDefinitionWorkflow").FindNavigation("DefinitionWorkflow")], 
                      fixup: (namelessParameter{9}, namelessParameter{10}) => 
                      {
                          [LIFTABLE Constant: ClrCollectionAccessor<DefinitionWorkflow, ICollection<VersionDefinitionWorkflow>, VersionDefinitionWorkflow> | Resolver: namelessParameter{11} => namelessParameter{11}.Dependencies.Model.FindEntityType("OAM.Domain.Entities.DefinitionWorkflow").FindNavigation("Versions").GetCollectionAccessor()].Add(
                              entity: namelessParameter{9}, 
                              value: namelessParameter{10}, 
                              forMaterialization: True);
                          return namelessParameter{10}.<DefinitionWorkflow>k__BackingField = namelessParameter{9};
                      }, 
                      trackingQuery: True);
                  return IsTrue(resultCoordinator.ResultReady)
                   ? (DefinitionWorkflow)(resultContext.Values[0]) : default(DefinitionWorkflow);
              }, 
              contextType: OAM.Infrastructure.Data.OamDbContext, 
              standAloneStateManager: False, 
              detailedErrorsEnabled: False, 
              threadSafetyChecksEnabled: True), 
          cancellationToken: queryContext.CancellationToken)'
dbug: Microsoft.EntityFrameworkCore.ChangeTracking[10806]
      Context 'OamDbContext' started tracking 'VersionDefinitionWorkflow' entity. Consider using 'DbContextOptionsBuilder.EnableSensitiveDataLogging' to see key values.
dbug: Microsoft.EntityFrameworkCore.Database.Connection[20005]
      Creating DbConnection.
dbug: Microsoft.EntityFrameworkCore.Database.Connection[20005]
      Creating DbConnection.
dbug: Microsoft.EntityFrameworkCore.Database.Connection[20006]
      Created DbConnection. (1ms).
dbug: Microsoft.EntityFrameworkCore.Database.Connection[20006]
      Created DbConnection. (2ms).
dbug: Microsoft.EntityFrameworkCore.Database.Connection[20000]
      Opening connection to database 'main' on server 'oam_dev.db'.
dbug: Microsoft.EntityFrameworkCore.Database.Connection[20000]
      Opening connection to database 'main' on server 'oam_dev.db'.
dbug: Microsoft.EntityFrameworkCore.Database.Connection[20001]
      Opened connection to database 'main' on server 'C:\OAM\src\OAM.Api\oam_dev.db'.
dbug: Microsoft.EntityFrameworkCore.Database.Connection[20001]
      Opened connection to database 'main' on server 'C:\OAM\src\OAM.Api\oam_dev.db'.
dbug: Microsoft.EntityFrameworkCore.Database.Command[20103]
      Creating DbCommand for 'ExecuteReader'.
dbug: Microsoft.EntityFrameworkCore.Database.Command[20103]
      Creating DbCommand for 'ExecuteReader'.
dbug: Microsoft.EntityFrameworkCore.Database.Command[20104]
      Created DbCommand for 'ExecuteReader' (1ms).
dbug: Microsoft.EntityFrameworkCore.Database.Command[20104]
      Created DbCommand for 'ExecuteReader' (30ms).
dbug: Microsoft.EntityFrameworkCore.Database.Command[20106]
      Initialized DbCommand for 'ExecuteReader' (32ms).
dbug: Microsoft.EntityFrameworkCore.Database.Command[20106]
      Initialized DbCommand for 'ExecuteReader' (33ms).
dbug: Microsoft.EntityFrameworkCore.Database.Command[20100]
      Executing DbCommand [Parameters=[@id='?' (DbType = Guid)], CommandType='Text', CommandTimeout='30']
      SELECT "d0"."Id", "d0"."Actif", "d0"."ContenuYaml", "d0"."DateCreation", "d0"."DateModification", "d0"."Description", "d0"."Equipe", "d0"."HashVersion", "d0"."Nom", "v1"."Id", "v1"."ContenuYaml", "v1"."DateChargement", "v1"."DefinitionWorkflowId", "v1"."DeployePar", "v1"."HashVersion"
      FROM (
          SELECT "d"."Id", "d"."Actif", "d"."ContenuYaml", "d"."DateCreation", "d"."DateModification", "d"."Description", "d"."Equipe", "d"."HashVersion", "d"."Nom"
          FROM "DefinitionsWorkflow" AS "d"
          WHERE "d"."Id" = @id
          LIMIT 1
      ) AS "d0"
      LEFT JOIN (
          SELECT "v0"."Id", "v0"."ContenuYaml", "v0"."DateChargement", "v0"."DefinitionWorkflowId", "v0"."DeployePar", "v0"."HashVersion"
          FROM (
              SELECT "v"."Id", "v"."ContenuYaml", "v"."DateChargement", "v"."DefinitionWorkflowId", "v"."DeployePar", "v"."HashVersion", ROW_NUMBER() OVER(PARTITION BY "v"."DefinitionWorkflowId" ORDER BY "v"."DateChargement" DESC) AS "row"
              FROM "VersionsDefinitionWorkflow" AS "v"
          ) AS "v0"
          WHERE "v0"."row" <= 5
      ) AS "v1" ON "d0"."Id" = "v1"."DefinitionWorkflowId"
      ORDER BY "d0"."Id", "v1"."DefinitionWorkflowId", "v1"."DateChargement" DESC
dbug: Microsoft.EntityFrameworkCore.Database.Command[20100]
      Executing DbCommand [Parameters=[@id='?' (DbType = Guid)], CommandType='Text', CommandTimeout='30']
      SELECT "d0"."Id", "d0"."Actif", "d0"."ContenuYaml", "d0"."DateCreation", "d0"."DateModification", "d0"."Description", "d0"."Equipe", "d0"."HashVersion", "d0"."Nom", "v1"."Id", "v1"."ContenuYaml", "v1"."DateChargement", "v1"."DefinitionWorkflowId", "v1"."DeployePar", "v1"."HashVersion"
      FROM (
          SELECT "d"."Id", "d"."Actif", "d"."ContenuYaml", "d"."DateCreation", "d"."DateModification", "d"."Description", "d"."Equipe", "d"."HashVersion", "d"."Nom"
          FROM "DefinitionsWorkflow" AS "d"
          WHERE "d"."Id" = @id
          LIMIT 1
      ) AS "d0"
      LEFT JOIN (
          SELECT "v0"."Id", "v0"."ContenuYaml", "v0"."DateChargement", "v0"."DefinitionWorkflowId", "v0"."DeployePar", "v0"."HashVersion"
          FROM (
              SELECT "v"."Id", "v"."ContenuYaml", "v"."DateChargement", "v"."DefinitionWorkflowId", "v"."DeployePar", "v"."HashVersion", ROW_NUMBER() OVER(PARTITION BY "v"."DefinitionWorkflowId" ORDER BY "v"."DateChargement" DESC) AS "row"
              FROM "VersionsDefinitionWorkflow" AS "v"
          ) AS "v0"
          WHERE "v0"."row" <= 5
      ) AS "v1" ON "d0"."Id" = "v1"."DefinitionWorkflowId"
      ORDER BY "d0"."Id", "v1"."DefinitionWorkflowId", "v1"."DateChargement" DESC
info: Microsoft.EntityFrameworkCore.Database.Command[20101]
      Executed DbCommand (28ms) [Parameters=[@id='?' (DbType = Guid)], CommandType='Text', CommandTimeout='30']
      SELECT "d0"."Id", "d0"."Actif", "d0"."ContenuYaml", "d0"."DateCreation", "d0"."DateModification", "d0"."Description", "d0"."Equipe", "d0"."HashVersion", "d0"."Nom", "v1"."Id", "v1"."ContenuYaml", "v1"."DateChargement", "v1"."DefinitionWorkflowId", "v1"."DeployePar", "v1"."HashVersion"
      FROM (
          SELECT "d"."Id", "d"."Actif", "d"."ContenuYaml", "d"."DateCreation", "d"."DateModification", "d"."Description", "d"."Equipe", "d"."HashVersion", "d"."Nom"
          FROM "DefinitionsWorkflow" AS "d"
          WHERE "d"."Id" = @id
          LIMIT 1
      ) AS "d0"
      LEFT JOIN (
          SELECT "v0"."Id", "v0"."ContenuYaml", "v0"."DateChargement", "v0"."DefinitionWorkflowId", "v0"."DeployePar", "v0"."HashVersion"
          FROM (
              SELECT "v"."Id", "v"."ContenuYaml", "v"."DateChargement", "v"."DefinitionWorkflowId", "v"."DeployePar", "v"."HashVersion", ROW_NUMBER() OVER(PARTITION BY "v"."DefinitionWorkflowId" ORDER BY "v"."DateChargement" DESC) AS "row"
              FROM "VersionsDefinitionWorkflow" AS "v"
          ) AS "v0"
          WHERE "v0"."row" <= 5
      ) AS "v1" ON "d0"."Id" = "v1"."DefinitionWorkflowId"
      ORDER BY "d0"."Id", "v1"."DefinitionWorkflowId", "v1"."DateChargement" DESC
info: Microsoft.EntityFrameworkCore.Database.Command[20101]
      Executed DbCommand (26ms) [Parameters=[@id='?' (DbType = Guid)], CommandType='Text', CommandTimeout='30']
      SELECT "d0"."Id", "d0"."Actif", "d0"."ContenuYaml", "d0"."DateCreation", "d0"."DateModification", "d0"."Description", "d0"."Equipe", "d0"."HashVersion", "d0"."Nom", "v1"."Id", "v1"."ContenuYaml", "v1"."DateChargement", "v1"."DefinitionWorkflowId", "v1"."DeployePar", "v1"."HashVersion"
      FROM (
          SELECT "d"."Id", "d"."Actif", "d"."ContenuYaml", "d"."DateCreation", "d"."DateModification", "d"."Description", "d"."Equipe", "d"."HashVersion", "d"."Nom"
          FROM "DefinitionsWorkflow" AS "d"
          WHERE "d"."Id" = @id
          LIMIT 1
      ) AS "d0"
      LEFT JOIN (
          SELECT "v0"."Id", "v0"."ContenuYaml", "v0"."DateChargement", "v0"."DefinitionWorkflowId", "v0"."DeployePar", "v0"."HashVersion"
          FROM (
              SELECT "v"."Id", "v"."ContenuYaml", "v"."DateChargement", "v"."DefinitionWorkflowId", "v"."DeployePar", "v"."HashVersion", ROW_NUMBER() OVER(PARTITION BY "v"."DefinitionWorkflowId" ORDER BY "v"."DateChargement" DESC) AS "row"
              FROM "VersionsDefinitionWorkflow" AS "v"
          ) AS "v0"
          WHERE "v0"."row" <= 5
      ) AS "v1" ON "d0"."Id" = "v1"."DefinitionWorkflowId"
      ORDER BY "d0"."Id", "v1"."DefinitionWorkflowId", "v1"."DateChargement" DESC
dbug: Microsoft.EntityFrameworkCore.ChangeTracking[10806]
      Context 'OamDbContext' started tracking 'DefinitionWorkflow' entity. Consider using 'DbContextOptionsBuilder.EnableSensitiveDataLogging' to see key values.
dbug: Microsoft.EntityFrameworkCore.ChangeTracking[10806]
      Context 'OamDbContext' started tracking 'DefinitionWorkflow' entity. Consider using 'DbContextOptionsBuilder.EnableSensitiveDataLogging' to see key values.
dbug: Microsoft.EntityFrameworkCore.ChangeTracking[10806]
      Context 'OamDbContext' started tracking 'VersionDefinitionWorkflow' entity. Consider using 'DbContextOptionsBuilder.EnableSensitiveDataLogging' to see key values.
dbug: Microsoft.EntityFrameworkCore.ChangeTracking[10806]
      Context 'OamDbContext' started tracking 'VersionDefinitionWorkflow' entity. Consider using 'DbContextOptionsBuilder.EnableSensitiveDataLogging' to see key values.
dbug: Microsoft.EntityFrameworkCore.ChangeTracking[10806]
      Context 'OamDbContext' started tracking 'VersionDefinitionWorkflow' entity. Consider using 'DbContextOptionsBuilder.EnableSensitiveDataLogging' to see key values.
dbug: Microsoft.EntityFrameworkCore.ChangeTracking[10806]
      Context 'OamDbContext' started tracking 'VersionDefinitionWorkflow' entity. Consider using 'DbContextOptionsBuilder.EnableSensitiveDataLogging' to see key values.
dbug: Microsoft.EntityFrameworkCore.Database.Command[20301]
      Closing data reader to 'main' on server 'C:\OAM\src\OAM.Api\oam_dev.db'.
dbug: Microsoft.EntityFrameworkCore.Database.Command[20300]
      A data reader for 'main' on server 'C:\OAM\src\OAM.Api\oam_dev.db' is being disposed after spending 158ms reading results.
dbug: Microsoft.EntityFrameworkCore.Database.Connection[20002]
      Closing connection to database 'main' on server 'C:\OAM\src\OAM.Api\oam_dev.db'.
dbug: Microsoft.EntityFrameworkCore.ChangeTracking[10806]
      Context 'OamDbContext' started tracking 'VersionDefinitionWorkflow' entity. Consider using 'DbContextOptionsBuilder.EnableSensitiveDataLogging' to see key values.
dbug: Microsoft.EntityFrameworkCore.Database.Connection[20003]
      Closed connection to database 'main' on server 'oam_dev.db' (26ms).
dbug: Microsoft.EntityFrameworkCore.ChangeTracking[10806]
      Context 'OamDbContext' started tracking 'VersionDefinitionWorkflow' entity. Consider using 'DbContextOptionsBuilder.EnableSensitiveDataLogging' to see key values.
info: Microsoft.AspNetCore.Http.Result.OkObjectResult[1]
      Setting HTTP status code 200.
dbug: Microsoft.EntityFrameworkCore.ChangeTracking[10806]
      Context 'OamDbContext' started tracking 'VersionDefinitionWorkflow' entity. Consider using 'DbContextOptionsBuilder.EnableSensitiveDataLogging' to see key values.
dbug: Microsoft.EntityFrameworkCore.ChangeTracking[10806]
      Context 'OamDbContext' started tracking 'VersionDefinitionWorkflow' entity. Consider using 'DbContextOptionsBuilder.EnableSensitiveDataLogging' to see key values.
dbug: Microsoft.EntityFrameworkCore.ChangeTracking[10806]
      Context 'OamDbContext' started tracking 'VersionDefinitionWorkflow' entity. Consider using 'DbContextOptionsBuilder.EnableSensitiveDataLogging' to see key values.
dbug: Microsoft.EntityFrameworkCore.ChangeTracking[10806]
      Context 'OamDbContext' started tracking 'VersionDefinitionWorkflow' entity. Consider using 'DbContextOptionsBuilder.EnableSensitiveDataLogging' to see key values.
dbug: Microsoft.EntityFrameworkCore.ChangeTracking[10806]
      Context 'OamDbContext' started tracking 'VersionDefinitionWorkflow' entity. Consider using 'DbContextOptionsBuilder.EnableSensitiveDataLogging' to see key values.
dbug: Microsoft.EntityFrameworkCore.Database.Command[20301]
      Closing data reader to 'main' on server 'C:\OAM\src\OAM.Api\oam_dev.db'.
dbug: Microsoft.EntityFrameworkCore.ChangeTracking[10806]
      Context 'OamDbContext' started tracking 'VersionDefinitionWorkflow' entity. Consider using 'DbContextOptionsBuilder.EnableSensitiveDataLogging' to see key values.
dbug: Microsoft.EntityFrameworkCore.Database.Command[20300]
      A data reader for 'main' on server 'C:\OAM\src\OAM.Api\oam_dev.db' is being disposed after spending 72ms reading results.
dbug: Microsoft.EntityFrameworkCore.Database.Connection[20002]
      Closing connection to database 'main' on server 'C:\OAM\src\OAM.Api\oam_dev.db'.
dbug: Microsoft.EntityFrameworkCore.ChangeTracking[10806]
      Context 'OamDbContext' started tracking 'VersionDefinitionWorkflow' entity. Consider using 'DbContextOptionsBuilder.EnableSensitiveDataLogging' to see key values.
dbug: Microsoft.EntityFrameworkCore.Database.Connection[20003]
      Closed connection to database 'main' on server 'oam_dev.db' (1ms).
dbug: Microsoft.EntityFrameworkCore.ChangeTracking[10806]
      Context 'OamDbContext' started tracking 'VersionDefinitionWorkflow' entity. Consider using 'DbContextOptionsBuilder.EnableSensitiveDataLogging' to see key values.
info: Microsoft.AspNetCore.Http.Result.OkObjectResult[1]
      Setting HTTP status code 200.
dbug: Microsoft.EntityFrameworkCore.Database.Command[20301]
      Closing data reader to 'main' on server 'C:\OAM\src\OAM.Api\oam_dev.db'.
info: Microsoft.AspNetCore.Http.Result.OkObjectResult[3]
      Writing value of type 'DefinitionWorkflowDto' as Json.
dbug: Microsoft.EntityFrameworkCore.Database.Command[20300]
      A data reader for 'main' on server 'C:\OAM\src\OAM.Api\oam_dev.db' is being disposed after spending 170ms reading results.
dbug: Microsoft.EntityFrameworkCore.Database.Connection[20002]
      Closing connection to database 'main' on server 'C:\OAM\src\OAM.Api\oam_dev.db'.
dbug: Microsoft.EntityFrameworkCore.Database.Connection[20003]
      Closed connection to database 'main' on server 'oam_dev.db' (31ms).
info: Microsoft.AspNetCore.Http.Result.OkObjectResult[1]
      Setting HTTP status code 200.
info: Microsoft.AspNetCore.Http.Result.OkObjectResult[3]
      Writing value of type 'String' as Json.
info: Microsoft.AspNetCore.Routing.EndpointMiddleware[1]
      Executed endpoint 'HTTP: GET /api/definitions/{id:guid}'
dbug: Microsoft.EntityFrameworkCore.Infrastructure[10407]
      'OamDbContext' disposed.
dbug: Microsoft.EntityFrameworkCore.Database.Connection[20007]
      Disposing connection to database 'main' on server 'oam_dev.db'.
dbug: Microsoft.EntityFrameworkCore.Database.Connection[20008]
      Disposed connection to database 'main' on server 'oam_dev.db' (1ms).
info: Microsoft.AspNetCore.Routing.EndpointMiddleware[1]
      Executed endpoint 'HTTP: GET /api/definitions/{id:guid}/yaml'
info: Microsoft.AspNetCore.Hosting.Diagnostics[2]
      Request finished HTTP/1.1 GET http://localhost:5000/api/definitions/f64b5467-7b1c-4f92-95c9